InvoiceNo,StockCode,Description,Quantity,InvoiceDate,UnitPrice,CustomerID,Country,revenue
,D,Discount,-1,2010-12-01 09:41:00,27.5,14527.0,United Kingdom,-27.5
,35004C,SET OF 3 COLOURED  FLYING DUCKS,-1,2010-12-01 09:49:00,4.65,15311.0,United Kingdom,-4.65
,22556,PLASTERS IN TIN CIRCUS PARADE ,-12,2010-12-01 10:24:00,1.65,17548.0,United Kingdom,-19.8
,21984,PACK OF 12 PINK PAISLEY TISSUES ,-24,2010-12-01 10:24:00,0.29,17548.0,United Kingdom,-6.96
,21983,PACK OF 12 BLUE PAISLEY TISSUES ,-24,2010-12-01 10:24:00,0.29,17548.0,United Kingdom,-6.96
,21980,PACK OF 12 RED RETROSPOT TISSUES ,-24,2010-12-01 10:24:00,0.29,17548.0,United Kingdom,-6.96
,21484,CHICK GREY HOT WATER BOTTLE,-12,2010-12-01 10:24:00,3.45,17548.0,United Kingdom,-41.4
,22557,PLASTERS IN TIN VINTAGE PAISLEY ,-12,2010-12-01 10:24:00,1.65,17548.0,United Kingdom,-19.8
,22553,PLASTERS IN TIN SKULLS,-24,2010-12-01 10:24:00,1.65,17548.0,United Kingdom,-39.6
,22960,JAM MAKING SET WITH JARS,-6,2010-12-01 12:38:00,4.25,17897.0,United Kingdom,-25.5
,22632,HAND WARMER RED RETROSPOT,-1,2010-12-01 14:30:00,2.1,17841.0,United Kingdom,-2.1
,22355,CHARLOTTE BAG SUKI DESIGN,-2,2010-12-01 14:30:00,0.85,17841.0,United Kingdom,-1.7
,22244,3 HOOK HANGER MAGIC GARDEN,-4,2010-12-01 14:33:00,1.95,12472.0,Germany,-7.8
,22242,5 HOOK HANGER MAGIC TOADSTOOL,-5,2010-12-01 14:33:00,1.65,12472.0,Germany,-8.25
,20914,SET/5 RED RETROSPOT LID GLASS BOWLS,-1,2010-12-01 14:33:00,2.95,12472.0,Germany,-2.95
,22892,SET OF SALT AND PEPPER TOADSTOOLS,-7,2010-12-01 14:33:00,1.25,12472.0,Germany,-8.75
,22654,DELUXE SEWING KIT ,-1,2010-12-01 14:33:00,5.95,12472.0,Germany,-5.95
,22767,TRIPLE PHOTO FRAME CORNICE ,-2,2010-12-01 14:33:00,9.95,12472.0,Germany,-19.9
,22333,RETROSPOT PARTY BAG + STICKER SET,-1,2010-12-01 14:33:00,1.65,12472.0,Germany,-1.65
,22245,"HOOK, 1 HANGER ,MAGIC GARDEN",-2,2010-12-01 14:33:00,0.85,12472.0,Germany,-1.7
,22077,6 RIBBONS RUSTIC CHARM,-6,2010-12-01 14:33:00,1.65,12472.0,Germany,-9.9
,22631,CIRCUS PARADE LUNCH BOX ,-1,2010-12-01 14:33:00,1.95,12472.0,Germany,-1.95
,22168,ORGANISER WOOD ANTIQUE WHITE ,-2,2010-12-01 14:33:00,8.5,12472.0,Germany,-17.0
,21218,RED SPOTTY BISCUIT TIN,-3,2010-12-01 14:33:00,3.75,12472.0,Germany,-11.25
,20957,PORCELAIN HANGING BELL SMALL,-1,2010-12-01 14:33:00,1.45,12472.0,Germany,-1.45
,22580,ADVENT CALENDAR GINGHAM SACK,-4,2010-12-01 14:33:00,5.95,12472.0,Germany,-23.8
536589,21777,,-10,2010-12-01 16:50:00,0.0,,United Kingdom,-0.0
,20914,SET/5 RED RETROSPOT LID GLASS BOWLS,-2,2010-12-02 09:10:00,2.95,14092.0,United Kingdom,-5.9
,22752,SET 7 BABUSHKA NESTING BOXES,-2,2010-12-02 10:37:00,8.5,12471.0,Germany,-17.0
,22839,3 TIER CAKE TIN GREEN AND CREAM,-2,2010-12-02 10:46:00,14.95,14766.0,United Kingdom,-29.9
,21463,MIRRORED DISCO BALL ,-1,2010-12-02 11:56:00,5.95,14390.0,United Kingdom,-5.95
,22780,LIGHT GARLAND BUTTERFILES PINK,-4,2010-12-02 12:50:00,4.25,16042.0,United Kingdom,-17.0
,85048,15CM CHRISTMAS GLASS BALL 20 LIGHTS,-1,2010-12-02 12:50:00,7.95,16042.0,United Kingdom,-7.95
,22798,ANTIQUE GLASS DRESSING TABLE POT,-2,2010-12-02 13:05:00,2.95,15922.0,United Kingdom,-5.9
,84347,ROTATING SILVER ANGELS T-LIGHT HLDR,-9360,2010-12-02 14:23:00,0.03,15838.0,United Kingdom,-280.8
,21314,SMALL GLASS HEART TRINKET POT,-1,2010-12-02 14:25:00,2.1,13767.0,United Kingdom,-2.1
,22175,PINK OWL SOFT TOY,-1,2010-12-02 14:29:00,2.95,17547.0,United Kingdom,-2.95
,22273,FELTCRAFT DOLL MOLLY,-3,2010-12-02 14:29:00,2.95,17547.0,United Kingdom,-8.85
536764,84952C,,-38,2010-12-02 14:42:00,0.0,,United Kingdom,-0.0
,22501,PICNIC BASKET WICKER LARGE,-2,2010-12-02 16:45:00,9.95,15834.0,United Kingdom,-19.9
,22778,GLASS CLOCHE SMALL,-1,2010-12-02 16:45:00,3.95,15834.0,United Kingdom,-3.95
,22578,WOODEN STAR CHRISTMAS SCANDINAVIAN,-36,2010-12-02 16:58:00,0.85,16546.0,United Kingdom,-30.6
,22574,HEART WOODEN CHRISTMAS DECORATION,-192,2010-12-02 16:58:00,0.72,16546.0,United Kingdom,-138.24
,22593,CHRISTMAS GINGHAM STAR,-144,2010-12-02 16:58:00,0.72,16546.0,United Kingdom,-103.68
,22595,CHRISTMAS GINGHAM HEART,-144,2010-12-02 16:58:00,0.72,16546.0,United Kingdom,-103.68
,22588,CARD HOLDER GINGHAM HEART,-192,2010-12-02 16:58:00,2.1,16546.0,United Kingdom,-403.2
,22130,PARTY CONE CHRISTMAS DECORATION ,-144,2010-12-02 16:58:00,0.72,16546.0,United Kingdom,-103.68
,21527,RED RETROSPOT TRADITIONAL TEAPOT ,-2,2010-12-02 17:03:00,7.95,13958.0,United Kingdom,-15.9
,72799E,IVORY PILLAR CANDLE SILVER FLOCK,-6,2010-12-02 17:03:00,2.95,13958.0,United Kingdom,-17.7
,85066,CREAM SWEETHEART MINI CHEST,-2,2010-12-02 17:03:00,12.75,13958.0,United Kingdom,-25.5
,21586,KINGS CHOICE GIANT TUBE MATCHES,-12,2010-12-02 17:03:00,2.55,13958.0,United Kingdom,-30.6
,21258,VICTORIAN SEWING BOX LARGE,-1,2010-12-02 17:03:00,12.75,13958.0,United Kingdom,-12.75
,85175,CACTI T-LIGHT CANDLES,-1,2010-12-02 17:05:00,0.42,14443.0,United Kingdom,-0.42
,22178,VICTORIAN GLASS HANGING T-LIGHT,-1,2010-12-02 17:05:00,1.25,14443.0,United Kingdom,-1.25
,21129,SILVER FISHING GNOME ,-2,2010-12-02 17:06:00,6.95,14443.0,United Kingdom,-13.9
,22187,GREEN CHRISTMAS TREE CARD HOLDER,-1,2010-12-02 17:08:00,4.25,14156.0,EIRE,-4.25
,71477,COLOUR GLASS. STAR T-LIGHT HOLDER,-1,2010-12-02 17:08:00,3.25,14156.0,EIRE,-3.25
,84947,ANTIQUE SILVER TEA GLASS ENGRAVED,-1,2010-12-02 17:09:00,1.25,16995.0,United Kingdom,-1.25
,22877,NUMBER TILE COTTAGE GARDEN 9,-1,2010-12-02 17:14:00,1.95,18168.0,United Kingdom,-1.95
,22869,NUMBER TILE COTTAGE GARDEN 1,-1,2010-12-02 17:14:00,1.95,18168.0,United Kingdom,-1.95
,22878,NUMBER TILE COTTAGE GARDEN No,-1,2010-12-02 17:14:00,2.1,18168.0,United Kingdom,-2.1
,21843,RED RETROSPOT CAKE STAND,-1,2010-12-02 17:14:00,10.95,18168.0,United Kingdom,-10.95
,22847,BREAD BIN DINER STYLE IVORY,-2,2010-12-02 17:19:00,16.95,14625.0,United Kingdom,-33.9
,21430,SET/3 RED GINGHAM ROSE STORAGE BOX,-1,2010-12-02 17:19:00,3.75,14625.0,United Kingdom,-3.75
,22617,BAKING SET SPACEBOY DESIGN,-1,2010-12-02 17:27:00,4.95,15384.0,United Kingdom,-4.95
,22197,SMALL POPCORN HOLDER,-2,2010-12-02 17:27:00,0.85,15384.0,United Kingdom,-1.7
,35004B,SET OF 3 BLACK FLYING DUCKS,-2,2010-12-02 17:30:00,4.65,17924.0,United Kingdom,-9.3
,35004B,SET OF 3 BLACK FLYING DUCKS,-3,2010-12-02 17:30:00,4.65,17924.0,United Kingdom,-13.95
,21527,RED RETROSPOT TRADITIONAL TEAPOT ,-3,2010-12-02 17:31:00,6.95,13408.0,United Kingdom,-20.85
,22832,BROCANTE SHELF WITH HOOKS,-1,2010-12-02 17:35:00,10.75,14264.0,United Kingdom,-10.75
,84946,ANTIQUE SILVER TEA GLASS ETCHED,-3,2010-12-02 17:35:00,1.25,14264.0,United Kingdom,-3.75
,71477,COLOUR GLASS. STAR T-LIGHT HOLDER,-1,2010-12-02 17:36:00,3.25,13295.0,United Kingdom,-3.25
,22942,CHRISTMAS LIGHTS 10 SANTAS ,-48,2010-12-03 09:47:00,7.65,14213.0,United Kingdom,-367.2
,22689,DOORMAT MERRY CHRISTMAS RED ,-50,2010-12-03 09:47:00,6.75,14213.0,United Kingdom,-337.5
,22591,CARDHOLDER GINGHAM CHRISTMAS TREE,-50,2010-12-03 09:47:00,2.55,14213.0,United Kingdom,-127.5
,22580,ADVENT CALENDAR GINGHAM SACK,-48,2010-12-03 09:47:00,4.95,14213.0,United Kingdom,-237.6
,22186,RED STAR CARD HOLDER,-48,2010-12-03 09:47:00,2.55,14213.0,United Kingdom,-122.4
,84678,CLASSICAL ROSE SMALL VASE,-1,2010-12-03 10:07:00,2.55,14679.0,United Kingdom,-2.55
,22158,3 HEARTS HANGING DECORATION RUSTIC,-1,2010-12-03 10:09:00,2.95,15240.0,United Kingdom,-2.95
,22944,CHRISTMAS METAL POSTCARD WITH BELLS,-1,2010-12-03 10:09:00,1.25,15240.0,United Kingdom,-1.25
,21871,SAVE THE PLANET MUG,-1,2010-12-03 10:09:00,1.25,15240.0,United Kingdom,-1.25
,21527,RED RETROSPOT TRADITIONAL TEAPOT ,-4,2010-12-03 10:11:00,7.95,18225.0,United Kingdom,-31.8
,22776,SWEETHEART CAKESTAND 3 TIER,-1,2010-12-03 14:19:00,9.95,17954.0,United Kingdom,-9.95
,84685,BEACH HUT KEY CABINET,-1,2010-12-03 14:23:00,3.75,17841.0,United Kingdom,-3.75
,22630,DOLLY GIRL LUNCH BOX,-1,2010-12-03 14:23:00,1.95,17841.0,United Kingdom,-1.95
536996,22712,,-20,2010-12-03 15:30:00,0.0,,United Kingdom,-0.0
536997,22028,,-20,2010-12-03 15:30:00,0.0,,United Kingdom,-0.0
536998,85067,,-6,2010-12-03 15:30:00,0.0,,United Kingdom,-0.0
537000,21414,,-22,2010-12-03 15:32:00,0.0,,United Kingdom,-0.0
537001,21653,,-6,2010-12-03 15:33:00,0.0,,United Kingdom,-0.0
537003,85126,,-2,2010-12-03 15:33:00,0.0,,United Kingdom,-0.0
537004,21814,,-30,2010-12-03 15:34:00,0.0,,United Kingdom,-0.0
537005,21692,,-70,2010-12-03 15:35:00,0.0,,United Kingdom,-0.0
537006,21648,,-130,2010-12-03 15:36:00,0.0,,United Kingdom,-0.0
537007,21172,,-80,2010-12-03 15:36:00,0.0,,United Kingdom,-0.0
537008,21161,,-120,2010-12-03 15:37:00,0.0,,United Kingdom,-0.0
537009,84534B,,-80,2010-12-03 15:38:00,0.0,,United Kingdom,-0.0
537010,22162,,-40,2010-12-03 15:38:00,0.0,,United Kingdom,-0.0
537011,22139,,-5,2010-12-03 15:38:00,0.0,,United Kingdom,-0.0
537012,21535,,-12,2010-12-03 15:39:00,0.0,,United Kingdom,-0.0
537013,35965,,-25,2010-12-03 15:40:00,0.0,,United Kingdom,-0.0
537014,21040,,-20,2010-12-03 15:40:00,0.0,,United Kingdom,-0.0
537015,37464,,-14,2010-12-03 15:41:00,0.0,,United Kingdom,-0.0
537016,21836,,-15,2010-12-03 15:41:00,0.0,,United Kingdom,-0.0
537017,47556B,,-69,2010-12-03 15:41:00,0.0,,United Kingdom,-0.0
537018,84562A,,-3,2010-12-03 15:42:00,0.0,,United Kingdom,-0.0
537019,37474,,-15,2010-12-03 15:43:00,0.0,,United Kingdom,-0.0
537020,21807,,-30,2010-12-03 15:43:00,0.0,,United Kingdom,-0.0
537021,21011,,-20,2010-12-03 15:43:00,0.0,,United Kingdom,-0.0
,20893,HANGING BAUBLE T-LIGHT HOLDER SMALL,-36,2010-12-03 16:21:00,2.1,13941.0,United Kingdom,-75.6
537027,18098C,,-140,2010-12-03 16:36:00,0.0,,United Kingdom,-0.0
537028,21696,,-320,2010-12-03 16:36:00,0.0,,United Kingdom,-0.0
537029,37476,,-6,2010-12-03 16:37:00,0.0,,United Kingdom,-0.0
537032,21275,?,-30,2010-12-03 16:50:00,0.0,,United Kingdom,-0.0
,22854,CREAM SWEETHEART EGG HOLDER,-1,2010-12-05 10:25:00,4.95,15708.0,United Kingdom,-4.95
,20936,FORKED CACTUS CANDLE,-1,2010-12-05 10:25:00,2.95,15708.0,United Kingdom,-2.95
,85175,CACTI T-LIGHT CANDLES,-1,2010-12-05 10:25:00,0.42,15708.0,United Kingdom,-0.42
,22575,METAL MERRY CHRISTMAS WREATH,-6,2010-12-05 10:48:00,1.95,15351.0,United Kingdom,-11.7
,11001,ASSTD DESIGN RACING CAR PEN,-1,2010-12-05 10:48:00,1.69,15351.0,United Kingdom,-1.69
,22788,BROCANTE COAT RACK,-2,2010-12-05 12:29:00,8.5,15221.0,United Kingdom,-17.0
,22184,CAKE STAND VICTORIAN FILIGREE LARGE,-1,2010-12-05 12:29:00,8.5,15221.0,United Kingdom,-8.5
,71279,PINK GLASS CANDLEHOLDER,-2,2010-12-05 12:29:00,2.95,15221.0,United Kingdom,-5.9
,22761,CHEST 7 DRAWER MA CAMPAGNE,-2,2010-12-05 12:29:00,21.95,15221.0,United Kingdom,-43.9
,22769,CHALKBOARD KITCHEN ORGANISER,-8,2010-12-05 12:29:00,21.95,15221.0,United Kingdom,-175.6
,22762,CUPBOARD 3 DRAWER MA CAMPAGNE,-3,2010-12-05 12:29:00,12.75,15221.0,United Kingdom,-38.25
,20685,DOORMAT RED RETROSPOT,-1,2010-12-05 12:58:00,7.95,12748.0,United Kingdom,-7.95
,35953,FOLKART STAR CHRISTMAS DECORATIONS,-24,2010-12-05 13:09:00,1.25,15880.0,United Kingdom,-30.0
,D,Discount,-1,2010-12-05 13:21:00,29.29,14527.0,United Kingdom,-29.29
,37449,CERAMIC CAKE STAND + HANGING CAKES,-1,2010-12-05 14:44:00,9.95,14606.0,United Kingdom,-9.95
,21424,WOODLAND STORAGE BOX LARGE ,-1,2010-12-05 14:44:00,2.95,14606.0,United Kingdom,-2.95
,84840,SWEETHEART CARRY-ALL BASKET,-2,2010-12-06 09:31:00,8.5,12586.0,Italy,-17.0
,22653,BUTTON BOX ,-20,2010-12-06 09:40:00,1.95,16161.0,United Kingdom,-39.0
,22429,ENAMEL MEASURING JUG CREAM,-2,2010-12-06 10:45:00,4.25,,United Kingdom,-8.5
,22620,4 TRADITIONAL SPINNING TOPS,-8,2010-12-06 10:45:00,1.25,,United Kingdom,-10.0
,21890,S/6 WOODEN SKITTLES IN COTTON BAG,-2,2010-12-06 10:45:00,2.95,,United Kingdom,-5.9
,22564,ALPHABET STENCIL CRAFT,-5,2010-12-06 10:45:00,1.25,,United Kingdom,-6.25
,21891,TRADITIONAL WOODEN SKIPPING ROPE,-3,2010-12-06 10:45:00,1.25,,United Kingdom,-3.75
,22747,POPPY'S PLAYHOUSE BATHROOM,-6,2010-12-06 10:45:00,2.1,,United Kingdom,-12.6
,22454,MEASURING TAPE BABUSHKA RED,-8,2010-12-06 10:45:00,2.95,,United Kingdom,-23.6
,22327,ROUND SNACK BOXES SET OF 4 SKULLS,-4,2010-12-06 10:45:00,2.95,,United Kingdom,-11.8
,21915,RED  HARMONICA IN BOX ,-4,2010-12-06 10:45:00,1.25,,United Kingdom,-5.0
,84347,ROTATING SILVER ANGELS T-LIGHT HLDR,-9,2010-12-06 10:45:00,2.55,,United Kingdom,-22.95
,22748,POPPY'S PLAYHOUSE KITCHEN,-4,2010-12-06 10:45:00,2.1,,United Kingdom,-8.4
,22943,CHRISTMAS LIGHTS 10 VINTAGE BAUBLES,-6,2010-12-06 10:45:00,4.95,,United Kingdom,-29.7
,22418,10 COLOUR SPACEBOY PEN,-7,2010-12-06 10:45:00,0.85,,United Kingdom,-5.95
,22911,PAPER CHAIN KIT LONDON,-2,2010-12-06 10:45:00,2.95,,United Kingdom,-5.9
,22940,FELTCRAFT CHRISTMAS FAIRY,-5,2010-12-06 10:45:00,4.25,,United Kingdom,-21.25
,22141,CHRISTMAS CRAFT TREE TOP ANGEL,-8,2010-12-06 10:45:00,2.1,,United Kingdom,-16.8
,22328,ROUND SNACK BOXES SET OF 4 FRUITS ,-2,2010-12-06 10:45:00,2.95,,United Kingdom,-5.9
,22536,MAGIC DRAWING SLATE PURDEY,-11,2010-12-06 10:45:00,0.42,,United Kingdom,-4.62
,21826,EIGHT PIECE DINOSAUR SET,-4,2010-12-06 10:45:00,1.25,,United Kingdom,-5.0
,22466,FAIRY TALE COTTAGE NIGHTLIGHT,-3,2010-12-06 10:45:00,1.95,,United Kingdom,-5.85
,21349,IVY HEART WREATH,-4,2010-12-06 11:42:00,6.75,13497.0,United Kingdom,-27.0
,35400,WOODEN BOX ADVENT CALENDAR ,-1,2010-12-06 11:47:00,8.95,14867.0,United Kingdom,-8.95
,22636,CHILDS BREAKFAST SET CIRCUS PARADE,-4,2010-12-06 12:00:00,8.5,12474.0,Germany,-34.0
537363,84569B,,-20,2010-12-06 12:35:00,0.0,,United Kingdom,-0.0
537364,21027,,-70,2010-12-06 12:36:00,0.0,,United Kingdom,-0.0
,22423,REGENCY CAKESTAND 3 TIER,-1,2010-12-06 12:55:00,12.75,14487.0,United Kingdom,-12.75
,22865,HAND WARMER OWL DESIGN,-10,2010-12-06 13:12:00,2.1,15882.0,United Kingdom,-21.0
,21658,GLASS  BEURRE DISH,-1,2010-12-06 13:17:00,3.95,16550.0,United Kingdom,-3.95
,22197,SMALL POPCORN HOLDER,-1,2010-12-06 13:17:00,0.85,16550.0,United Kingdom,-0.85
,22371,AIRLINE BAG VINTAGE TOKYO 78,-1,2010-12-06 13:17:00,4.25,16550.0,United Kingdom,-4.25
,22430,ENAMEL WATERING CAN CREAM,-1,2010-12-06 14:22:00,4.95,15426.0,United Kingdom,-4.95
537401,84898F,,-24,2010-12-06 14:37:00,0.0,,United Kingdom,-0.0
,22926,IVORY GIANT GARDEN THERMOMETER,-4,2010-12-06 14:43:00,5.95,15502.0,United Kingdom,-23.8
,22927,GREEN GIANT GARDEN THERMOMETER,-4,2010-12-06 14:43:00,5.95,15502.0,United Kingdom,-23.8
,22849,BREAD BIN DINER STYLE MINT,-4,2010-12-06 14:43:00,14.95,15502.0,United Kingdom,-59.8
,22847,BREAD BIN DINER STYLE IVORY,-4,2010-12-06 14:43:00,14.95,15502.0,United Kingdom,-59.8
,47580,TEA TIME DES TEA COSY,-6,2010-12-06 14:43:00,2.55,15502.0,United Kingdom,-15.3
,22196,SMALL HEART MEASURING SPOONS,-12,2010-12-06 14:43:00,0.85,15502.0,United Kingdom,-10.2
,22926,IVORY GIANT GARDEN THERMOMETER,-4,2010-12-06 14:53:00,5.95,15502.0,United Kingdom,-23.8
,22927,GREEN GIANT GARDEN THERMOMETER,-4,2010-12-06 14:53:00,5.95,15502.0,United Kingdom,-23.8
,22847,BREAD BIN DINER STYLE IVORY,-4,2010-12-06 14:53:00,14.95,15502.0,United Kingdom,-59.8
,22849,BREAD BIN DINER STYLE MINT,-4,2010-12-06 14:53:00,14.95,15502.0,United Kingdom,-59.8
,47580,TEA TIME DES TEA COSY,-6,2010-12-06 14:55:00,2.55,15502.0,United Kingdom,-15.3
,22196,SMALL HEART MEASURING SPOONS,-12,2010-12-06 14:55:00,0.85,15502.0,United Kingdom,-10.2
,22834,HAND WARMER BABUSHKA DESIGN,-72,2010-12-06 15:07:00,2.1,14409.0,United Kingdom,-151.2
,POST,POSTAGE,-1,2010-12-06 15:09:00,4.41,16861.0,United Kingdom,-4.41
,22086,PAPER CHAIN KIT 50'S CHRISTMAS ,-6,2010-12-06 15:09:00,2.95,16861.0,United Kingdom,-17.7
,22840,ROUND CAKE TIN VINTAGE RED,-1,2010-12-06 15:10:00,7.95,16138.0,United Kingdom,-7.95
,22960,JAM MAKING SET WITH JARS,-1,2010-12-06 15:12:00,4.25,13481.0,United Kingdom,-4.25
537425,84968F,check,-20,2010-12-06 15:35:00,0.0,,United Kingdom,-0.0
537426,84968E,check,-35,2010-12-06 15:36:00,0.0,,United Kingdom,-0.0
537427,84968B,,-21,2010-12-06 15:37:00,0.0,,United Kingdom,-0.0
537432,35833G,damages,-43,2010-12-06 16:10:00,0.0,,United Kingdom,-0.0
,21755,LOVE BUILDING BLOCK WORD,-1,2010-12-06 16:10:00,5.95,16782.0,United Kingdom,-5.95
,22580,ADVENT CALENDAR GINGHAM SACK,-8,2010-12-07 08:42:00,5.95,14850.0,United Kingdom,-47.6
,22418,10 COLOUR SPACEBOY PEN,-11,2010-12-07 08:57:00,0.85,15021.0,United Kingdom,-9.35
537449,21054,,-30,2010-12-07 09:26:00,0.0,,United Kingdom,-0.0
537450,20684,,-19,2010-12-07 09:26:00,0.0,,United Kingdom,-0.0
537451,84881,,-11,2010-12-07 09:27:00,0.0,,United Kingdom,-0.0
537452,20941,,-24,2010-12-07 09:28:00,0.0,,United Kingdom,-0.0
537453,21248,,-18,2010-12-07 09:28:00,0.0,,United Kingdom,-0.0
537454,21349,,-44,2010-12-07 09:30:00,0.0,,United Kingdom,-0.0
537455,22155,,-70,2010-12-07 09:31:00,0.0,,United Kingdom,-0.0
537466,21488,,-50,2010-12-07 10:33:00,0.0,,United Kingdom,-0.0
,21527,RED RETROSPOT TRADITIONAL TEAPOT ,-1,2010-12-07 11:47:00,7.95,13319.0,United Kingdom,-7.95
,85047,WHITE BEADED GARLAND STRING 20LIGHT,-2,2010-12-07 11:47:00,6.35,13319.0,United Kingdom,-12.7
,22726,ALARM CLOCK BAKELIKE GREEN,-2,2010-12-07 11:47:00,3.75,13319.0,United Kingdom,-7.5
,BANK CHARGES,Bank Charges,-1,2010-12-07 12:00:00,95.38,,United Kingdom,-95.38
,S,SAMPLES,-1,2010-12-07 12:03:00,12.95,,United Kingdom,-12.95
,S,SAMPLES,-1,2010-12-07 12:03:00,52.0,,United Kingdom,-52.0
,22968,ROSE COTTAGE KEEPSAKE BOX ,-2,2010-12-07 12:31:00,9.95,17954.0,United Kingdom,-19.9
,D,Discount,-1,2010-12-07 12:34:00,281.0,15498.0,United Kingdom,-281.0
,AMAZONFEE,AMAZON FEE,-1,2010-12-07 12:41:00,1.0,,United Kingdom,-1.0
,85099B,JUMBO BAG RED RETROSPOT,-1,2010-12-07 12:45:00,1.65,17511.0,United Kingdom,-1.65
,21622,VINTAGE UNION JACK CUSHION COVER,-1,2010-12-07 12:45:00,4.95,17511.0,United Kingdom,-4.95
,22065,CHRISTMAS PUDDING TRINKET POT ,-1,2010-12-07 12:45:00,1.25,17511.0,United Kingdom,-1.25
,22061,LARGE CAKE STAND  HANGING STRAWBERY,-1,2010-12-07 12:45:00,8.5,17511.0,United Kingdom,-8.5
,22654,DELUXE SEWING KIT ,-1,2010-12-07 12:45:00,4.95,17511.0,United Kingdom,-4.95
,85123A,WHITE HANGING HEART T-LIGHT HOLDER,-1,2010-12-07 12:45:00,2.55,17511.0,United Kingdom,-2.55
,22665,RECIPE BOX BLUE SKETCHBOOK DESIGN,-1,2010-12-07 12:45:00,2.95,17511.0,United Kingdom,-2.95
,22197,SMALL POPCORN HOLDER,-1,2010-12-07 12:45:00,0.72,17511.0,United Kingdom,-0.72
,22659,LUNCH BOX I LOVE LONDON,-4,2010-12-07 12:45:00,1.65,17511.0,United Kingdom,-6.6
,22169,FAMILY ALBUM WHITE PICTURE FRAME,-1,2010-12-07 12:45:00,7.65,17511.0,United Kingdom,-7.65
,21843,RED RETROSPOT CAKE STAND,-1,2010-12-07 12:45:00,9.95,17511.0,United Kingdom,-9.95
,22423,REGENCY CAKESTAND 3 TIER,-2,2010-12-07 12:45:00,10.95,17511.0,United Kingdom,-21.9
,84050,PINK HEART SHAPE EGG FRYING PAN,-1,2010-12-07 12:45:00,1.25,17511.0,United Kingdom,-1.25
,22198,LARGE POPCORN HOLDER ,-1,2010-12-07 12:45:00,1.45,17511.0,United Kingdom,-1.45
,M,Manual,-1,2010-12-07 13:23:00,631.31,,United Kingdom,-631.31
,22865,HAND WARMER OWL DESIGN,-36,2010-12-07 13:25:00,2.1,17675.0,United Kingdom,-75.6
,M,Manual,-1,2010-12-07 13:28:00,313.78,,United Kingdom,-313.78
,AMAZONFEE,AMAZON FEE,-1,2010-12-07 15:04:00,13541.33,,United Kingdom,-13541.33
,AMAZONFEE,AMAZON FEE,-1,2010-12-07 15:34:00,13474.79,,United Kingdom,-13474.79
,AMAZONFEE,AMAZON FEE,-1,2010-12-07 15:41:00,5519.25,,United Kingdom,-5519.25
,AMAZONFEE,AMAZON FEE,-1,2010-12-07 15:49:00,13541.33,,United Kingdom,-13541.33
,AMAZONFEE,AMAZON FEE,-1,2010-12-07 15:51:00,6706.71,,United Kingdom,-6706.71
,21258,VICTORIAN SEWING BOX LARGE,-12,2010-12-07 16:21:00,10.95,15100.0,United Kingdom,-131.4
,21166,COOK WITH WINE METAL SIGN ,-1,2010-12-08 09:55:00,1.95,14796.0,United Kingdom,-1.95
,22301,COFFEE MUG CAT + BIRD DESIGN,-1,2010-12-08 10:18:00,2.55,14901.0,United Kingdom,-2.55
,22730,ALARM CLOCK BAKELIKE IVORY,-1,2010-12-08 10:18:00,3.75,14901.0,United Kingdom,-3.75
537687,84840,,-9,2010-12-08 10:26:00,0.0,,United Kingdom,-0.0
,22156,HEART DECORATION WITH PEARLS ,-1,2010-12-08 11:03:00,0.85,15021.0,United Kingdom,-0.85
,21558,SKULL LUNCH BOX WITH CUTLERY ,-1,2010-12-08 11:03:00,2.55,15021.0,United Kingdom,-2.55
,71477,COLOUR GLASS. STAR T-LIGHT HOLDER,-1,2010-12-08 11:03:00,3.25,15021.0,United Kingdom,-3.25
,21914,BLUE HARMONICA IN BOX ,-24,2010-12-08 11:33:00,1.25,14952.0,United Kingdom,-30.0
,84949,SILVER HANGING T-LIGHT HOLDER,-8,2010-12-08 11:33:00,1.65,14952.0,United Kingdom,-13.2
,21275,ZINC TOP  2 DOOR WOODEN SHELF ,-4,2010-12-08 11:33:00,14.95,14952.0,United Kingdom,-59.8
,85068,CREAM SWEETHEART SHELF + HOOKS,-1,2010-12-08 12:03:00,7.95,16713.0,United Kingdom,-7.95
,90062,CARNIVAL BRACELET,-1,2010-12-08 12:49:00,12.75,15916.0,United Kingdom,-12.75
,16202E,BLACK PHOTO ALBUM ,-1,2010-12-08 12:49:00,5.55,15916.0,United Kingdom,-5.55
,22501,PICNIC BASKET WICKER LARGE,-1,2010-12-08 13:07:00,8.5,13113.0,United Kingdom,-8.5
,22423,REGENCY CAKESTAND 3 TIER,-2,2010-12-08 13:07:00,10.95,13113.0,United Kingdom,-21.9
,22469,HEART OF WICKER SMALL,-1,2010-12-08 13:07:00,1.45,13113.0,United Kingdom,-1.45
,22357,KINGS CHOICE BISCUIT TIN,-1,2010-12-08 13:07:00,4.25,16553.0,United Kingdom,-4.25
,35004C,SET OF 3 COLOURED  FLYING DUCKS,-1,2010-12-08 13:18:00,4.65,15311.0,United Kingdom,-4.65
,40001,WHITE BAMBOO RIBS LAMPSHADE,-2,2010-12-08 13:18:00,0.64,15311.0,United Kingdom,-1.28
,85047,WHITE BEADED GARLAND STRING 20LIGHT,-1,2010-12-08 13:18:00,5.55,15311.0,United Kingdom,-5.55
,22719,GUMBALL MONOCHROME COAT RACK,-3,2010-12-08 13:18:00,1.06,15311.0,United Kingdom,-3.18
,20798,CLEAR MILKSHAKE GLASS,-4,2010-12-08 13:18:00,1.65,15311.0,United Kingdom,-6.6
,22198,LARGE POPCORN HOLDER ,-1,2010-12-08 13:18:00,1.45,15311.0,United Kingdom,-1.45
,22197,SMALL POPCORN HOLDER,-1,2010-12-08 13:18:00,0.72,15311.0,United Kingdom,-0.72
,20829,GLITTER HANGING BUTTERFLY STRING,-1,2010-12-08 13:18:00,2.1,15311.0,United Kingdom,-2.1
,22571,ROCKING HORSE RED CHRISTMAS ,-1,2010-12-08 13:18:00,0.85,15311.0,United Kingdom,-0.85
,84949,SILVER HANGING T-LIGHT HOLDER,-5,2010-12-08 13:23:00,1.65,13495.0,United Kingdom,-8.25
,21730,GLASS STAR FROSTED T-LIGHT HOLDER,-3,2010-12-08 13:23:00,4.95,13495.0,United Kingdom,-14.85
,21143,ANTIQUE GLASS HEART DECORATION ,-1,2010-12-08 13:23:00,1.95,13495.0,United Kingdom,-1.95
,21812,GARLAND WITH HEARTS AND BELLS,-6,2010-12-08 13:23:00,4.95,13495.0,United Kingdom,-29.7
,21843,RED RETROSPOT CAKE STAND,-10,2010-12-08 13:33:00,9.95,14299.0,United Kingdom,-99.5
,22423,REGENCY CAKESTAND 3 TIER,-10,2010-12-08 13:33:00,10.95,14299.0,United Kingdom,-109.5
,20703,BLUE PADDED SOFT MOBILE,-3,2010-12-08 13:43:00,4.25,12712.0,Germany,-12.75
,22627,MINT KITCHEN SCALES,-1,2010-12-08 14:10:00,8.5,16016.0,United Kingdom,-8.5
,85048,15CM CHRISTMAS GLASS BALL 20 LIGHTS,-3,2010-12-08 14:20:00,6.95,18193.0,United Kingdom,-20.85
,22220,CAKE STAND LOVEBIRD 2 TIER WHITE,-1,2010-12-08 14:27:00,9.95,12870.0,United Kingdom,-9.95
,22784,LANTERN CREAM GAZEBO ,-1,2010-12-08 14:27:00,4.95,12870.0,United Kingdom,-4.95
,22073,RED RETROSPOT STORAGE JAR,-2,2010-12-08 14:52:00,3.75,16858.0,United Kingdom,-7.5
,21531,RED RETROSPOT SUGAR JAM BOWL,-4,2010-12-08 14:52:00,2.1,16858.0,United Kingdom,-8.4
,21527,RED RETROSPOT TRADITIONAL TEAPOT ,-2,2010-12-08 14:52:00,6.95,16858.0,United Kingdom,-13.9
,22697,GREEN REGENCY TEACUP AND SAUCER,-1,2010-12-08 14:54:00,2.95,13267.0,United Kingdom,-2.95
,21314,SMALL GLASS HEART TRINKET POT,-1,2010-12-08 14:54:00,2.1,13267.0,United Kingdom,-2.1
,22798,ANTIQUE GLASS DRESSING TABLE POT,-3,2010-12-08 14:54:00,2.95,13267.0,United Kingdom,-8.85
,22138,BAKING SET 9 PIECE RETROSPOT ,-3,2010-12-08 14:57:00,4.95,14618.0,United Kingdom,-14.85
,22299,PIG KEYRING WITH LIGHT & SOUND ,-4,2010-12-08 15:01:00,1.25,13115.0,United Kingdom,-5.0
,79000,MOROCCAN TEA GLASS,-1,2010-12-08 15:57:00,0.85,13370.0,United Kingdom,-0.85
,22940,FELTCRAFT CHRISTMAS FAIRY,-1,2010-12-08 15:57:00,4.25,13370.0,United Kingdom,-4.25
,22169,FAMILY ALBUM WHITE PICTURE FRAME,-2,2010-12-08 15:57:00,8.5,13370.0,United Kingdom,-17.0
,22697,GREEN REGENCY TEACUP AND SAUCER,-1,2010-12-08 15:57:00,2.95,13370.0,United Kingdom,-2.95
,22960,JAM MAKING SET WITH JARS,-2,2010-12-08 15:57:00,4.25,13370.0,United Kingdom,-8.5
,37370,RETRO COFFEE MUGS ASSORTED,-2,2010-12-08 15:59:00,1.25,14388.0,United Kingdom,-2.5
,21843,RED RETROSPOT CAKE STAND,-1,2010-12-08 15:59:00,10.95,14388.0,United Kingdom,-10.95
,D,Discount,-1,2010-12-08 16:00:00,267.12,17340.0,United Kingdom,-267.12
,84406B,CREAM CUPID HEARTS COAT HANGER,-8,2010-12-08 16:15:00,3.25,16252.0,United Kingdom,-26.0
,22295,HEART FILIGREE DOVE LARGE,-12,2010-12-08 16:15:00,1.65,16252.0,United Kingdom,-19.8
,22193,RED DINER WALL CLOCK,-2,2010-12-08 16:15:00,8.5,16252.0,United Kingdom,-17.0
,22180,RETROSPOT LAMP,-1,2010-12-08 16:15:00,9.95,16252.0,United Kingdom,-9.95
,21624,VINTAGE UNION JACK DOORSTOP,-3,2010-12-08 16:15:00,5.95,16252.0,United Kingdom,-17.85
,21485,RETROSPOT HEART HOT WATER BOTTLE,-3,2010-12-08 16:15:00,4.95,16252.0,United Kingdom,-14.85
,20897,VINTAGE NOTEBOOK PARIS DAYS,-6,2010-12-08 16:15:00,2.95,16252.0,United Kingdom,-17.7
,37370,RETRO COFFEE MUGS ASSORTED,-12,2010-12-08 16:15:00,1.25,16252.0,United Kingdom,-15.0
,22049,WRAP CHRISTMAS SCREEN PRINT,-25,2010-12-08 16:15:00,0.42,16252.0,United Kingdom,-10.5
,21888,BINGO SET,-4,2010-12-08 16:15:00,3.75,16252.0,United Kingdom,-15.0
,21240,BLUE POLKADOT CUP,-8,2010-12-08 16:15:00,0.85,16252.0,United Kingdom,-6.8
,21066,VINTAGE RED MUG,-12,2010-12-08 16:15:00,1.25,16252.0,United Kingdom,-15.0
,20675,BLUE POLKADOT BOWL,-8,2010-12-08 16:15:00,1.25,16252.0,United Kingdom,-10.0
,22192,BLUE DINER WALL CLOCK,-2,2010-12-08 16:15:00,8.5,16252.0,United Kingdom,-17.0
,21244,BLUE POLKADOT PLATE ,-8,2010-12-08 16:15:00,1.69,16252.0,United Kingdom,-13.52
,21242,RED RETROSPOT PLATE ,-8,2010-12-08 16:15:00,1.69,16252.0,United Kingdom,-13.52
,20676,RED RETROSPOT BOWL,-8,2010-12-08 16:15:00,1.25,16252.0,United Kingdom,-10.0
,79066K,RETRO MOD TRAY,-10,2010-12-08 16:15:00,0.85,16252.0,United Kingdom,-8.5
,22637,PIGGY BANK RETROSPOT ,-6,2010-12-08 16:15:00,2.55,16252.0,United Kingdom,-15.3
,22508,DOORSTOP RETROSPOT HEART,-4,2010-12-08 16:15:00,3.75,16252.0,United Kingdom,-15.0
,21238,RED RETROSPOT CUP,-8,2010-12-08 16:15:00,0.85,16252.0,United Kingdom,-6.8
537870,21486,,-77,2010-12-08 17:08:00,0.0,,United Kingdom,-0.0
,22450,SILK PURSE BABUSHKA BLUE,-1,2010-12-09 10:14:00,3.35,12721.0,France,-3.35
,22634,CHILDS BREAKFAST SET SPACEBOY ,-2,2010-12-09 10:14:00,9.95,12721.0,France,-19.9
,22630,DOLLY GIRL LUNCH BOX,-2,2010-12-09 10:14:00,1.95,12721.0,France,-3.9
,22727,ALARM CLOCK BAKELIKE RED ,-4,2010-12-09 11:42:00,3.75,17411.0,United Kingdom,-15.0
,22725,ALARM CLOCK BAKELIKE CHOCOLATE,-4,2010-12-09 11:42:00,3.75,17411.0,United Kingdom,-15.0
537999,22034,,-223,2010-12-09 11:44:00,0.0,,United Kingdom,-0.0
538042,21763,,-4,2010-12-09 13:10:00,0.0,,United Kingdom,-0.0
538043,22833,,-1,2010-12-09 13:10:00,0.0,,United Kingdom,-0.0
538046,85008,,-15,2010-12-09 13:12:00,0.0,,United Kingdom,-0.0
538047,21429,,-70,2010-12-09 13:13:00,0.0,,United Kingdom,-0.0
,22138,BAKING SET 9 PIECE RETROSPOT ,-1,2010-12-09 13:28:00,4.95,15181.0,United Kingdom,-4.95
538054,85167B,,-24,2010-12-09 13:34:00,0.0,,United Kingdom,-0.0
538055,22454,,-20,2010-12-09 13:34:00,0.0,,United Kingdom,-0.0
538058,20966,,-150,2010-12-09 13:38:00,0.0,,United Kingdom,-0.0
,84380,SET OF 3 BUTTERFLY COOKIE CUTTERS,-12,2010-12-09 13:38:00,1.25,14205.0,United Kingdom,-15.0
,21535,RED RETROSPOT SMALL MILK JUG,-6,2010-12-09 13:38:00,2.55,14205.0,United Kingdom,-15.3
,20914,SET/5 RED RETROSPOT LID GLASS BOWLS,-6,2010-12-09 13:38:00,2.95,14205.0,United Kingdom,-17.7
,84378,SET OF 3 HEART COOKIE CUTTERS,-12,2010-12-09 13:38:00,1.25,14205.0,United Kingdom,-15.0
,48188,DOORMAT WELCOME PUPPIES,-2,2010-12-09 13:38:00,7.95,14205.0,United Kingdom,-15.9
,22697,GREEN REGENCY TEACUP AND SAUCER,-6,2010-12-09 13:38:00,2.95,14205.0,United Kingdom,-17.7
,48187,DOORMAT NEW ENGLAND,-2,2010-12-09 13:38:00,7.95,14205.0,United Kingdom,-15.9
,22727,ALARM CLOCK BAKELIKE RED ,-4,2010-12-09 13:38:00,3.75,14205.0,United Kingdom,-15.0
,22699,ROSES REGENCY TEACUP AND SAUCER ,-6,2010-12-09 13:38:00,2.95,14205.0,United Kingdom,-17.7
,22698,PINK REGENCY TEACUP AND SAUCER,-6,2010-12-09 13:38:00,2.95,14205.0,United Kingdom,-17.7
,21975,PACK OF 60 DINOSAUR CAKE CASES,-24,2010-12-09 13:38:00,0.55,14205.0,United Kingdom,-13.2
,21533,RETROSPOT LARGE MILK JUG,-3,2010-12-09 13:38:00,4.95,14205.0,United Kingdom,-14.85
,21217,RED RETROSPOT ROUND CAKE TINS,-3,2010-12-09 13:38:00,9.95,14205.0,United Kingdom,-29.85
,21210,SET OF 72 RETROSPOT PAPER  DOILIES,-12,2010-12-09 13:38:00,1.45,14205.0,United Kingdom,-17.4
538061,21801,,-38,2010-12-09 13:39:00,0.0,,United Kingdom,-0.0
,22139,RETROSPOT TEA SET CERAMIC 11 PC ,-14,2010-12-09 13:40:00,4.25,17702.0,United Kingdom,-59.5
,22329,ROUND CONTAINER SET OF 5 RETROSPOT,-4,2010-12-09 13:40:00,1.65,17702.0,United Kingdom,-6.6
,21430,SET/3 RED GINGHAM ROSE STORAGE BOX,-1,2010-12-09 13:40:00,3.75,17702.0,United Kingdom,-3.75
,22168,ORGANISER WOOD ANTIQUE WHITE ,-2,2010-12-09 13:40:00,8.5,17702.0,United Kingdom,-17.0
,20973,12 PENCIL SMALL TUBE WOODLAND,-2,2010-12-09 13:40:00,0.65,17702.0,United Kingdom,-1.3
,22083,PAPER CHAIN KIT RETROSPOT,-1,2010-12-09 13:58:00,2.95,15738.0,United Kingdom,-2.95
538072,22423,faulty,-13,2010-12-09 14:10:00,0.0,,United Kingdom,-0.0
538074,21743,,-80,2010-12-09 14:11:00,0.0,,United Kingdom,-0.0
,21284,RETROSPOT CANDLE  SMALL,-12,2010-12-09 14:12:00,1.69,13021.0,United Kingdom,-20.28
,22630,DOLLY GIRL LUNCH BOX,-33,2010-12-09 14:29:00,1.95,16898.0,United Kingdom,-64.35
,21864,UNION JACK FLAG PASSPORT COVER ,-20,2010-12-09 14:30:00,2.1,13777.0,United Kingdom,-42.0
,85099B,JUMBO BAG RED RETROSPOT,-3,2010-12-09 14:40:00,1.95,15750.0,United Kingdom,-5.85
,22633,HAND WARMER UNION JACK,-4,2010-12-09 14:40:00,2.1,15750.0,United Kingdom,-8.4
,22860,EASTER TIN CHICKS PINK DAISY,-6,2010-12-09 14:42:00,1.65,12649.0,Germany,-9.9
,22859,EASTER TIN BUNNY BOUQUET,-6,2010-12-09 14:42:00,1.65,12649.0,Germany,-9.9
,82486,WOOD S/3 CABINET ANT WHITE FINISH,-1,2010-12-09 14:43:00,7.95,16350.0,United Kingdom,-7.95
,21314,SMALL GLASS HEART TRINKET POT,-1,2010-12-09 14:43:00,2.1,16350.0,United Kingdom,-2.1
,82483,WOOD 2 DRAWER CABINET WHITE FINISH,-1,2010-12-09 14:43:00,5.95,16350.0,United Kingdom,-5.95
,84625C,BLUE NEW BAROQUE CANDLESTICK CANDLE,-24,2010-12-09 14:45:00,0.85,14766.0,United Kingdom,-20.4
,21906,PHARMACIE FIRST AID TIN,-1,2010-12-09 14:47:00,6.75,18230.0,United Kingdom,-6.75
538090,20956,?,-723,2010-12-09 14:48:00,0.0,,United Kingdom,-0.0
,35400,WOODEN BOX ADVENT CALENDAR ,-2,2010-12-09 14:48:00,8.95,16499.0,United Kingdom,-17.9
538092,37467,,-177,2010-12-09 14:49:00,0.0,,United Kingdom,-0.0
,22168,ORGANISER WOOD ANTIQUE WHITE ,-1,2010-12-09 14:57:00,8.5,14441.0,United Kingdom,-8.5
,72807C,SET/3 VANILLA SCENTED CANDLE IN BOX,-1,2010-12-09 14:58:00,4.25,15279.0,United Kingdom,-4.25
,22457,NATURAL SLATE HEART CHALKBOARD ,-3,2010-12-09 14:58:00,2.95,15279.0,United Kingdom,-8.85
,84798A,PINK FOXGLOVE ARTIIFCIAL FLOWER,-12,2010-12-09 15:00:00,2.55,16579.0,United Kingdom,-30.6
,84792,ENCHANTED BIRD COATHANGER 5 HOOK,-2,2010-12-09 15:01:00,4.65,14047.0,United Kingdom,-9.3
,22941,CHRISTMAS LIGHTS 10 REINDEER,-2,2010-12-09 15:13:00,8.5,17442.0,United Kingdom,-17.0
,79163,BLACK CHAMPAGNE GLASS,-1,2010-12-09 15:18:00,1.65,16781.0,United Kingdom,-1.65
,21781,MA CAMPAGNE CUTLERY BOX,-1,2010-12-09 15:18:00,14.95,16781.0,United Kingdom,-14.95
,22780,LIGHT GARLAND BUTTERFILES PINK,-4,2010-12-09 15:23:00,4.25,16042.0,United Kingdom,-17.0
,85048,15CM CHRISTMAS GLASS BALL 20 LIGHTS,-1,2010-12-09 15:23:00,7.95,16042.0,United Kingdom,-7.95
,21232,STRAWBERRY CERAMIC TRINKET BOX,-144,2010-12-09 15:24:00,1.06,17307.0,United Kingdom,-152.64
,21830,ASSORTED CREEPY CRAWLIES,-24,2010-12-09 15:24:00,0.42,17950.0,United Kingdom,-10.08
,22072,RED RETROSPOT TEA CUP AND SAUCER ,-1,2010-12-09 15:28:00,3.75,14898.0,United Kingdom,-3.75
,21777,RECIPE BOX WITH METAL HEART,-3,2010-12-09 15:28:00,7.95,14898.0,United Kingdom,-23.85
,21275,ZINC TOP  2 DOOR WOODEN SHELF ,-1,2010-12-09 15:29:00,16.95,14217.0,United Kingdom,-16.95
,22178,VICTORIAN GLASS HANGING T-LIGHT,-1,2010-12-09 15:30:00,1.25,16817.0,United Kingdom,-1.25
,22251,BIRDHOUSE DECORATION MAGIC GARDEN,-9,2010-12-09 15:30:00,1.25,16817.0,United Kingdom,-11.25
,22233,JIGSAW RABBIT AND BIRDHOUSE,-12,2010-12-09 15:30:00,1.65,16817.0,United Kingdom,-19.8
,22230,JIGSAW TREE WITH WATERING CAN,-12,2010-12-09 15:30:00,0.85,16817.0,United Kingdom,-10.2
,22910,PAPER CHAIN KIT VINTAGE CHRISTMAS,-1,2010-12-09 15:33:00,2.95,17700.0,United Kingdom,-2.95
,22784,LANTERN CREAM GAZEBO ,-1,2010-12-09 15:33:00,4.95,17700.0,United Kingdom,-4.95
,47594A,CAROUSEL DESIGN WASHBAG,-1,2010-12-09 15:33:00,1.95,17700.0,United Kingdom,-1.95
,22633,HAND WARMER UNION JACK,-1,2010-12-09 15:34:00,2.1,13136.0,United Kingdom,-2.1
,22865,HAND WARMER OWL DESIGN,-1,2010-12-09 15:34:00,2.1,13136.0,United Kingdom,-2.1
,21777,RECIPE BOX WITH METAL HEART,-2,2010-12-09 15:34:00,7.95,13136.0,United Kingdom,-15.9
,22461,SAVOY ART DECO CLOCK,-1,2010-12-09 15:36:00,12.75,15535.0,United Kingdom,-12.75
,22444,GROW YOUR OWN PLANT IN A CAN ,-1,2010-12-09 15:38:00,1.25,14696.0,United Kingdom,-1.25
,22331,WOODLAND PARTY BAG + STICKER SET,-1,2010-12-09 15:41:00,1.65,12605.0,Germany,-1.65
,22333,RETROSPOT PARTY BAG + STICKER SET,-1,2010-12-09 15:41:00,1.65,12605.0,Germany,-1.65
,22956,36 FOIL HEART CAKE CASES,-2,2010-12-09 15:41:00,2.1,12605.0,Germany,-4.2
,M,Manual,-4,2010-12-09 15:43:00,0.5,15329.0,United Kingdom,-2.0
,22699,ROSES REGENCY TEACUP AND SAUCER ,-1,2010-12-09 15:43:00,2.95,15329.0,United Kingdom,-2.95
,22423,REGENCY CAKESTAND 3 TIER,-1,2010-12-09 15:43:00,12.75,15329.0,United Kingdom,-12.75
538158,20892,,-32,2010-12-09 17:17:00,0.0,,United Kingdom,-0.0
538159,21324,,-18,2010-12-09 17:17:00,0.0,,United Kingdom,-0.0
538161,46000S,Dotcom sales,-100,2010-12-09 17:25:00,0.0,,United Kingdom,-0.0
538162,46000M,Dotcom sales,-100,2010-12-09 17:25:00,0.0,,United Kingdom,-0.0
,35004B,SET OF 3 BLACK FLYING DUCKS,-1,2010-12-09 17:32:00,1.95,14031.0,United Kingdom,-1.95
538173,22353,,-28,2010-12-10 09:35:00,0.0,,United Kingdom,-0.0
,M,Manual,-1,2010-12-10 10:35:00,133.08,,United Kingdom,-133.08
538241,21431,,-21,2010-12-10 12:00:00,0.0,,United Kingdom,-0.0
538247,79067,,-145,2010-12-10 12:09:00,0.0,,United Kingdom,-0.0
,22586,FELTCRAFT HAIRBAND PINK AND BLUE,-47,2010-12-10 13:52:00,0.85,15514.0,United Kingdom,-39.95
,84380,SET OF 3 BUTTERFLY COOKIE CUTTERS,-1,2010-12-10 14:03:00,1.25,15514.0,United Kingdom,-1.25
,22988,SOLDIERS EGG CUP ,-36,2010-12-10 14:03:00,1.25,15514.0,United Kingdom,-45.0
,22988,SOLDIERS EGG CUP ,-12,2010-12-10 14:03:00,1.25,15514.0,United Kingdom,-15.0
,22976,CIRCUS PARADE CHILDRENS EGG CUP ,-12,2010-12-10 14:03:00,1.25,15514.0,United Kingdom,-15.0
,22976,CIRCUS PARADE CHILDRENS EGG CUP ,-12,2010-12-10 14:03:00,1.25,15514.0,United Kingdom,-15.0
,22976,CIRCUS PARADE CHILDRENS EGG CUP ,-12,2010-12-10 14:03:00,1.25,15514.0,United Kingdom,-15.0
,22973,CHILDREN'S CIRCUS PARADE MUG,-18,2010-12-10 14:03:00,1.65,15514.0,United Kingdom,-29.7
,22943,CHRISTMAS LIGHTS 10 VINTAGE BAUBLES,-6,2010-12-10 14:03:00,4.95,15514.0,United Kingdom,-29.7
,22752,SET 7 BABUSHKA NESTING BOXES,-96,2010-12-10 14:03:00,7.65,15514.0,United Kingdom,-734.4
,22730,ALARM CLOCK BAKELIKE IVORY,-1,2010-12-10 14:03:00,3.75,15514.0,United Kingdom,-3.75
,22730,ALARM CLOCK BAKELIKE IVORY,-1,2010-12-10 14:03:00,3.75,15514.0,United Kingdom,-3.75
,22730,ALARM CLOCK BAKELIKE IVORY,-1,2010-12-10 14:03:00,3.75,15514.0,United Kingdom,-3.75
,22729,ALARM CLOCK BAKELIKE ORANGE,-4,2010-12-10 14:03:00,3.75,15514.0,United Kingdom,-15.0
,22729,ALARM CLOCK BAKELIKE ORANGE,-1,2010-12-10 14:03:00,3.75,15514.0,United Kingdom,-3.75
,22728,ALARM CLOCK BAKELIKE PINK,-1,2010-12-10 14:03:00,3.75,15514.0,United Kingdom,-3.75
,22728,ALARM CLOCK BAKELIKE PINK,-3,2010-12-10 14:03:00,3.75,15514.0,United Kingdom,-11.25
,22727,ALARM CLOCK BAKELIKE RED ,-1,2010-12-10 14:03:00,3.75,15514.0,United Kingdom,-3.75
,22727,ALARM CLOCK BAKELIKE RED ,-2,2010-12-10 14:03:00,3.75,15514.0,United Kingdom,-7.5
,22727,ALARM CLOCK BAKELIKE RED ,-2,2010-12-10 14:03:00,3.75,15514.0,United Kingdom,-7.5
,22727,ALARM CLOCK BAKELIKE RED ,-1,2010-12-10 14:03:00,3.75,15514.0,United Kingdom,-3.75
,22726,ALARM CLOCK BAKELIKE GREEN,-1,2010-12-10 14:03:00,3.75,15514.0,United Kingdom,-3.75
,22726,ALARM CLOCK BAKELIKE GREEN,-2,2010-12-10 14:03:00,3.75,15514.0,United Kingdom,-7.5
,22726,ALARM CLOCK BAKELIKE GREEN,-3,2010-12-10 14:03:00,3.75,15514.0,United Kingdom,-11.25
,22726,ALARM CLOCK BAKELIKE GREEN,-1,2010-12-10 14:03:00,3.75,15514.0,United Kingdom,-3.75
,22725,ALARM CLOCK BAKELIKE CHOCOLATE,-1,2010-12-10 14:03:00,3.75,15514.0,United Kingdom,-3.75
,22725,ALARM CLOCK BAKELIKE CHOCOLATE,-1,2010-12-10 14:03:00,3.75,15514.0,United Kingdom,-3.75
,22725,ALARM CLOCK BAKELIKE CHOCOLATE,-3,2010-12-10 14:03:00,3.75,15514.0,United Kingdom,-11.25
,22725,ALARM CLOCK BAKELIKE CHOCOLATE,-1,2010-12-10 14:03:00,3.75,15514.0,United Kingdom,-3.75
,22621,TRADITIONAL KNITTING NANCY,-48,2010-12-10 14:03:00,1.25,15514.0,United Kingdom,-60.0
,22586,FELTCRAFT HAIRBAND PINK AND BLUE,-1,2010-12-10 14:03:00,0.85,15514.0,United Kingdom,-0.85
,22243,5 HOOK HANGER RED MAGIC TOADSTOOL,-6,2010-12-10 14:03:00,1.65,15514.0,United Kingdom,-9.9
,22131,FOOD CONTAINER SET 3 LOVE HEART ,-1,2010-12-10 14:03:00,1.95,15514.0,United Kingdom,-1.95
,22086,PAPER CHAIN KIT 50'S CHRISTMAS ,-1,2010-12-10 14:03:00,2.95,15514.0,United Kingdom,-2.95
,21889,WOODEN BOX OF DOMINOES,-24,2010-12-10 14:03:00,1.25,15514.0,United Kingdom,-30.0
,21731,RED TOADSTOOL LED NIGHT LIGHT,-1,2010-12-10 14:03:00,1.65,15514.0,United Kingdom,-1.65
,21647,ASSORTED TUTTI FRUTTI LARGE PURSE,-1,2010-12-10 14:03:00,2.1,15514.0,United Kingdom,-2.1
,21644,ASSORTED TUTTI FRUTTI HEART BOX,-1,2010-12-10 14:03:00,1.25,15514.0,United Kingdom,-1.25
,21056,DOCTOR'S BAG SOFT TOY,-1,2010-12-10 14:03:00,8.95,15514.0,United Kingdom,-8.95
,16258A,SWIRLY CIRCULAR RUBBERS IN BAG,-1,2010-12-10 14:03:00,0.42,15514.0,United Kingdom,-0.42
,22867,HAND WARMER BIRD DESIGN,-12,2010-12-10 14:32:00,2.1,13448.0,United Kingdom,-25.2
,85123A,WHITE HANGING HEART T-LIGHT HOLDER,-1,2010-12-10 15:01:00,2.55,13798.0,United Kingdom,-2.55
,21231,SWEETHEART CERAMIC TRINKET BOX,-11,2010-12-10 15:01:00,1.06,13798.0,United Kingdom,-11.66
,21936,RED RETROSPOT PICNIC BAG,-3,2010-12-10 15:01:00,2.55,13798.0,United Kingdom,-7.65
,20711,JUMBO BAG TOYS ,-2,2010-12-10 15:01:00,1.65,13798.0,United Kingdom,-3.3
,85099F,JUMBO BAG STRAWBERRY,-2,2010-12-10 15:01:00,1.65,13798.0,United Kingdom,-3.3
,85099C,JUMBO  BAG BAROQUE BLACK WHITE,-1,2010-12-10 15:01:00,1.65,13798.0,United Kingdom,-1.65
,20718,RED RETROSPOT SHOPPER BAG,-3,2010-12-10 15:01:00,1.06,13798.0,United Kingdom,-3.18
,85099B,JUMBO BAG RED RETROSPOT,-12,2010-12-10 15:01:00,1.65,13798.0,United Kingdom,-19.8
,37450,CERAMIC CAKE BOWL + HANGING CAKES,-20,2010-12-10 15:01:00,2.55,13798.0,United Kingdom,-51.0
,20725,LUNCH BAG RED RETROSPOT,-3,2010-12-10 15:01:00,1.45,13798.0,United Kingdom,-4.35
,20727,LUNCH BAG  BLACK SKULL.,-3,2010-12-10 15:01:00,1.45,13798.0,United Kingdom,-4.35
,21928,JUMBO BAG SCANDINAVIAN PAISLEY,-2,2010-12-10 15:01:00,1.65,13798.0,United Kingdom,-3.3
,21181,PLEASE ONE PERSON METAL SIGN,-2,2010-12-10 15:01:00,1.85,13798.0,United Kingdom,-3.7
,85150,LADIES & GENTLEMEN METAL SIGN,-1,2010-12-10 15:01:00,2.1,13798.0,United Kingdom,-2.1
,82583,HOT BATHS METAL SIGN,-3,2010-12-10 15:01:00,1.69,13798.0,United Kingdom,-5.07
,21166,COOK WITH WINE METAL SIGN ,-2,2010-12-10 15:01:00,1.69,13798.0,United Kingdom,-3.38
,21175,GIN + TONIC DIET METAL SIGN,-1,2010-12-10 15:01:00,1.85,13798.0,United Kingdom,-1.85
,21169,YOU'RE CONFUSING ME METAL SIGN ,-2,2010-12-10 15:01:00,1.45,13798.0,United Kingdom,-2.9
,82581,TOILET METAL SIGN,-1,2010-12-10 15:01:00,0.42,13798.0,United Kingdom,-0.42
,22067,CHOC TRUFFLE GOLD TRINKET POT ,-1,2010-12-10 15:01:00,1.45,13798.0,United Kingdom,-1.45
,37447,CERAMIC CAKE DESIGN SPOTTED PLATE,-4,2010-12-10 15:01:00,1.25,13798.0,United Kingdom,-5.0
,82551,LAUNDRY 15C METAL SIGN,-1,2010-12-10 15:01:00,1.25,13798.0,United Kingdom,-1.25
,35924,HANGING FAIRY CAKE DECORATION,-15,2010-12-10 15:01:00,1.69,13798.0,United Kingdom,-25.35
,22064,PINK DOUGHNUT TRINKET POT ,-4,2010-12-10 15:01:00,1.45,13798.0,United Kingdom,-5.8
,22065,CHRISTMAS PUDDING TRINKET POT ,-4,2010-12-10 15:01:00,1.25,13798.0,United Kingdom,-5.0
,21232,STRAWBERRY CERAMIC TRINKET BOX,-4,2010-12-10 15:01:00,1.06,13798.0,United Kingdom,-4.24
,35924,HANGING FAIRY CAKE DECORATION,-144,2010-12-10 16:01:00,1.69,13798.0,United Kingdom,-243.36
,21212,PACK OF 72 RETROSPOT CAKE CASES,-30,2010-12-10 17:05:00,0.55,15179.0,United Kingdom,-16.5
,82582,AREA PATROLLED METAL SIGN,-3,2010-12-12 11:12:00,2.1,16923.0,United Kingdom,-6.3
,84949,SILVER HANGING T-LIGHT HOLDER,-1,2010-12-12 11:12:00,1.65,16923.0,United Kingdom,-1.65
,84946,ANTIQUE SILVER TEA GLASS ETCHED,-2,2010-12-12 11:12:00,1.25,16923.0,United Kingdom,-2.5
,20985,HEART CALCULATOR,-12,2010-12-12 11:13:00,1.25,16779.0,United Kingdom,-15.0
,22220,CAKE STAND LOVEBIRD 2 TIER WHITE,-1,2010-12-12 11:19:00,9.95,17126.0,United Kingdom,-9.95
,20728,LUNCH BAG CARS BLUE,-1,2010-12-12 11:21:00,1.65,16393.0,United Kingdom,-1.65
,22892,SET OF SALT AND PEPPER TOADSTOOLS,-12,2010-12-12 11:21:00,1.25,16393.0,United Kingdom,-15.0
,22055,MINI CAKE STAND  HANGING STRAWBERY,-1,2010-12-12 11:23:00,1.65,15224.0,United Kingdom,-1.65
,37449,CERAMIC CAKE STAND + HANGING CAKES,-1,2010-12-12 11:23:00,9.95,15224.0,United Kingdom,-9.95
,37449,CERAMIC CAKE STAND + HANGING CAKES,-1,2010-12-12 12:31:00,9.95,17085.0,United Kingdom,-9.95
,22055,MINI CAKE STAND  HANGING STRAWBERY,-1,2010-12-12 12:31:00,1.65,17085.0,United Kingdom,-1.65
,82484,WOOD BLACK BOARD ANT WHITE FINISH,-2,2010-12-12 12:51:00,6.45,13715.0,United Kingdom,-12.9
,22630,DOLLY GIRL LUNCH BOX,-33,2010-12-13 10:26:00,1.95,14796.0,United Kingdom,-64.35
,21430,SET/3 RED GINGHAM ROSE STORAGE BOX,-2,2010-12-13 10:31:00,3.75,13715.0,United Kingdom,-7.5
,22834,HAND WARMER BABUSHKA DESIGN,-48,2010-12-13 10:40:00,0.85,15881.0,United Kingdom,-40.8
,82482,WOODEN PICTURE FRAME WHITE FINISH,-2,2010-12-13 12:03:00,2.55,15555.0,United Kingdom,-5.1
,21452,TOADSTOOL MONEY BOX,-1,2010-12-13 13:09:00,2.95,17231.0,United Kingdom,-2.95
,22461,SAVOY ART DECO CLOCK,-1,2010-12-13 13:09:00,12.75,17231.0,United Kingdom,-12.75
,22423,REGENCY CAKESTAND 3 TIER,-1,2010-12-13 13:28:00,12.75,14085.0,United Kingdom,-12.75
,22636,CHILDS BREAKFAST SET CIRCUS PARADE,-1,2010-12-13 14:37:00,8.5,12476.0,Germany,-8.5
,21658,GLASS  BEURRE DISH,-1,2010-12-13 14:37:00,3.95,12476.0,Germany,-3.95
,22636,CHILDS BREAKFAST SET CIRCUS PARADE,-1,2010-12-13 14:38:00,8.5,12476.0,Germany,-8.5
,21658,GLASS  BEURRE DISH,-1,2010-12-13 14:38:00,3.95,12476.0,Germany,-3.95
,22781,GUMBALL MAGAZINE RACK,-1,2010-12-13 14:56:00,7.65,15808.0,United Kingdom,-7.65
,22467,GUMBALL COAT RACK,-1,2010-12-13 14:56:00,2.55,15808.0,United Kingdom,-2.55
,22778,GLASS CLOCHE SMALL,-1,2010-12-13 15:05:00,3.95,15311.0,United Kingdom,-3.95
,21258,VICTORIAN SEWING BOX LARGE,-1,2010-12-13 15:05:00,10.95,15311.0,United Kingdom,-10.95
,22646,CERAMIC STRAWBERRY CAKE MONEY BANK,-1,2010-12-13 15:05:00,1.25,15311.0,United Kingdom,-1.25
,22114,HOT WATER BOTTLE TEA AND SYMPATHY,-4,2010-12-13 16:19:00,3.95,13448.0,United Kingdom,-15.8
,BANK CHARGES,Bank Charges,-1,2010-12-13 17:10:00,966.92,,United Kingdom,-966.92
,M,Manual,-1,2010-12-13 17:12:00,316.3,,United Kingdom,-316.3
,M,Manual,-1,2010-12-13 17:14:00,1130.9,,United Kingdom,-1130.9
,21258,VICTORIAN SEWING BOX LARGE,-1,2010-12-14 09:26:00,12.75,16161.0,United Kingdom,-12.75
,22946,WOODEN ADVENT CALENDAR CREAM,-1,2010-12-14 09:26:00,16.95,16161.0,United Kingdom,-16.95
,22470,HEART OF WICKER LARGE,-1,2010-12-14 09:26:00,2.95,16161.0,United Kingdom,-2.95
,22467,GUMBALL COAT RACK,-1,2010-12-14 09:49:00,2.55,,United Kingdom,-2.55
,21527,RED RETROSPOT TRADITIONAL TEAPOT ,-1,2010-12-14 09:54:00,7.95,13802.0,United Kingdom,-7.95
,22423,REGENCY CAKESTAND 3 TIER,-10,2010-12-14 09:54:00,10.95,13802.0,United Kingdom,-109.5
,22645,CERAMIC HEART FAIRY CAKE MONEY BANK,-2,2010-12-14 09:56:00,1.45,14176.0,United Kingdom,-2.9
,22801,ANTIQUE GLASS PEDESTAL BOWL,-1,2010-12-14 09:58:00,3.75,13599.0,United Kingdom,-3.75
,35001W,HAND OPEN SHAPE DECO.WHITE,-1,2010-12-14 09:58:00,3.49,13599.0,United Kingdom,-3.49
,79164,BLACK WINE GLASS,-3,2010-12-14 09:59:00,1.65,16558.0,United Kingdom,-4.95
,22960,JAM MAKING SET WITH JARS,-2,2010-12-14 09:59:00,4.25,16558.0,United Kingdom,-8.5
,22942,CHRISTMAS LIGHTS 10 SANTAS ,-1,2010-12-14 09:59:00,8.5,16558.0,United Kingdom,-8.5
,21531,RED RETROSPOT SUGAR JAM BOWL,-2,2010-12-14 10:00:00,2.55,16143.0,United Kingdom,-5.1
,22900, SET 2 TEA TOWELS I LOVE LONDON ,-1,2010-12-14 10:01:00,2.95,14032.0,United Kingdom,-2.95
,22768,FAMILY PHOTO FRAME CORNICE,-1,2010-12-14 10:02:00,8.5,13050.0,United Kingdom,-8.5
,22952,60 CAKE CASES VINTAGE CHRISTMAS,-24,2010-12-14 10:21:00,0.55,13329.0,United Kingdom,-13.2
,35400,WOODEN BOX ADVENT CALENDAR ,-4,2010-12-14 10:23:00,7.95,16422.0,United Kingdom,-31.8
,85066,CREAM SWEETHEART MINI CHEST,-2,2010-12-14 10:25:00,12.75,16499.0,United Kingdom,-25.5
,22644,CERAMIC CHERRY CAKE MONEY BANK,-1,2010-12-14 10:25:00,1.45,16863.0,United Kingdom,-1.45
,84826,ASSTD DESIGN 3D PAPER STICKERS,-60,2010-12-14 10:28:00,0.85,13008.0,United Kingdom,-51.0
,84949,SILVER HANGING T-LIGHT HOLDER,-3,2010-12-14 10:29:00,1.65,17519.0,United Kingdom,-4.95
,22618,COOKING SET RETROSPOT,-2,2010-12-14 10:31:00,9.95,14206.0,United Kingdom,-19.9
,21658,GLASS  BEURRE DISH,-1,2010-12-14 10:33:00,3.95,15093.0,United Kingdom,-3.95
,22423,REGENCY CAKESTAND 3 TIER,-16,2010-12-14 10:33:00,10.95,15093.0,United Kingdom,-175.2
,22460,EMBOSSED GLASS TEALIGHT HOLDER,-1,2010-12-14 10:50:00,1.25,15468.0,United Kingdom,-1.25
,22941,CHRISTMAS LIGHTS 10 REINDEER,-1,2010-12-14 10:51:00,8.5,17677.0,United Kingdom,-8.5
,22838,3 TIER CAKE TIN RED AND CREAM,-2,2010-12-14 10:53:00,14.95,16570.0,United Kingdom,-29.9
,22179,SET 10 LIGHTS NIGHT OWL,-1,2010-12-14 10:53:00,6.75,16570.0,United Kingdom,-6.75
,22457,NATURAL SLATE HEART CHALKBOARD ,-12,2010-12-14 11:09:00,2.95,18141.0,United Kingdom,-35.4
,22178,VICTORIAN GLASS HANGING T-LIGHT,-48,2010-12-14 11:10:00,1.25,15602.0,United Kingdom,-60.0
,71053,WHITE METAL LANTERN,-4,2010-12-14 11:11:00,3.75,17526.0,United Kingdom,-15.0
,22333,RETROSPOT PARTY BAG + STICKER SET,-7,2010-12-14 11:12:00,1.65,12434.0,Australia,-11.55
,22094,RED RETROSPOT TISSUE BOX,-5,2010-12-14 11:12:00,1.25,12434.0,Australia,-6.25
,21217,RED RETROSPOT ROUND CAKE TINS,-1,2010-12-14 11:12:00,9.95,12434.0,Australia,-9.95
,22680,FRENCH BLUE METAL DOOR SIGN 5,-20,2010-12-14 11:16:00,1.25,16955.0,United Kingdom,-25.0
,35832,WOOLLY HAT SOCK GLOVE ADVENT STRING,-1,2010-12-14 11:18:00,2.95,13078.0,United Kingdom,-2.95
,84352,SILVER CHRISTMAS TREE BAUBLE STAND ,-2,2010-12-14 11:24:00,16.95,16810.0,United Kingdom,-33.9
,22386,JUMBO BAG PINK POLKADOT,-2,2010-12-14 11:26:00,1.95,13599.0,United Kingdom,-3.9
,22142,CHRISTMAS CRAFT WHITE FAIRY ,-1,2010-12-14 11:27:00,1.45,16722.0,United Kingdom,-1.45
,22776,SWEETHEART CAKESTAND 3 TIER,-1,2010-12-14 11:28:00,9.95,15713.0,United Kingdom,-9.95
,22423,REGENCY CAKESTAND 3 TIER,-1,2010-12-14 11:30:00,12.75,16782.0,United Kingdom,-12.75
,22107,PIZZA PLATE IN BOX,-8,2010-12-14 11:33:00,3.75,17722.0,United Kingdom,-30.0
,22686,FRENCH BLUE METAL DOOR SIGN No,-12,2010-12-14 11:34:00,1.25,14829.0,United Kingdom,-15.0
,84378,SET OF 3 HEART COOKIE CUTTERS,-24,2010-12-14 11:34:00,1.25,14829.0,United Kingdom,-30.0
,21463,MIRRORED DISCO BALL ,-1,2010-12-14 11:35:00,4.95,13078.0,United Kingdom,-4.95
,21876,POTTERING MUG,-1,2010-12-14 11:41:00,1.25,14907.0,United Kingdom,-1.25
,22114,HOT WATER BOTTLE TEA AND SYMPATHY,-4,2010-12-14 11:45:00,3.95,17041.0,United Kingdom,-15.8
,22960,JAM MAKING SET WITH JARS,-4,2010-12-14 11:54:00,4.25,17017.0,United Kingdom,-17.0
,22198,LARGE POPCORN HOLDER ,-4,2010-12-14 11:54:00,1.45,17017.0,United Kingdom,-5.8
,22508,DOORSTOP RETROSPOT HEART,-2,2010-12-14 11:55:00,3.75,16262.0,United Kingdom,-7.5
,72802B,OCEAN SCENT CANDLE IN JEWELLED BOX,-1,2010-12-14 11:55:00,4.25,16262.0,United Kingdom,-4.25
,22890,NOVELTY BISCUITS CAKE STAND 3 TIER,-2,2010-12-14 11:55:00,9.95,16262.0,United Kingdom,-19.9
,84945,MULTI COLOUR SILVER T-LIGHT HOLDER,-2,2010-12-14 11:56:00,0.85,13769.0,United Kingdom,-1.7
,22623,BOX OF VINTAGE JIGSAW BLOCKS ,-6,2010-12-14 11:57:00,4.95,14708.0,United Kingdom,-29.7
,M,Manual,-1,2010-12-14 11:59:00,4.25,15181.0,United Kingdom,-4.25
,21845,DAIRY MAID STRIPE MUG,-2,2010-12-14 12:27:00,2.95,14606.0,United Kingdom,-5.9
,21558,SKULL LUNCH BOX WITH CUTLERY ,-1,2010-12-14 13:05:00,2.55,14680.0,United Kingdom,-2.55
,22383,LUNCH BAG SUKI  DESIGN ,-1,2010-12-14 13:05:00,1.45,14680.0,United Kingdom,-1.45
,22356,CHARLOTTE BAG PINK POLKADOT,-2,2010-12-14 13:05:00,0.85,14680.0,United Kingdom,-1.7
,20728,LUNCH BAG CARS BLUE,-1,2010-12-14 13:05:00,1.65,14680.0,United Kingdom,-1.65
,21258,VICTORIAN SEWING BOX LARGE,-3,2010-12-14 13:05:00,10.95,14680.0,United Kingdom,-32.85
,22618,COOKING SET RETROSPOT,-1,2010-12-14 13:06:00,9.95,14415.0,United Kingdom,-9.95
,85123A,WHITE HANGING HEART T-LIGHT HOLDER,-1,2010-12-14 13:06:00,2.95,14415.0,United Kingdom,-2.95
538837,85135B,,-40,2010-12-14 13:10:00,0.0,,United Kingdom,-0.0
,85232B,SET OF 3 BABUSHKA STACKING TINS,-240,2010-12-14 13:27:00,4.95,17404.0,Sweden,-1188.0
,21877,HOME SWEET HOME MUG,-2,2010-12-14 15:16:00,1.25,12867.0,United Kingdom,-2.5
,22244,3 HOOK HANGER MAGIC GARDEN,-1,2010-12-14 15:16:00,1.95,12867.0,United Kingdom,-1.95
,22230,JIGSAW TREE WITH WATERING CAN,-1,2010-12-14 15:16:00,0.85,12867.0,United Kingdom,-0.85
,82494L,WOODEN FRAME ANTIQUE WHITE ,-1,2010-12-14 15:16:00,2.95,12867.0,United Kingdom,-2.95
,22272,FELTCRAFT DOLL MARIA,-1,2010-12-14 15:20:00,2.95,16499.0,United Kingdom,-2.95
,21791,VINTAGE HEADS AND TAILS CARD GAME ,-12,2010-12-14 15:56:00,1.25,12797.0,Portugal,-15.0
,21892,TRADITIONAL WOODEN CATCH CUP GAME ,-12,2010-12-14 15:56:00,1.25,12797.0,Portugal,-15.0
,21891,TRADITIONAL WOODEN SKIPPING ROPE,-12,2010-12-14 15:56:00,1.25,12797.0,Portugal,-15.0
,21843,RED RETROSPOT CAKE STAND,-1,2010-12-14 16:19:00,10.95,13198.0,United Kingdom,-10.95
,22623,BOX OF VINTAGE JIGSAW BLOCKS ,-3,2010-12-14 16:24:00,4.95,12797.0,Portugal,-14.85
,21258,VICTORIAN SEWING BOX LARGE,-3,2010-12-14 16:39:00,10.95,16233.0,United Kingdom,-32.85
,22509,SEWING BOX RETROSPOT DESIGN ,-4,2010-12-14 16:39:00,14.95,16233.0,United Kingdom,-59.8
,D,Discount,-1,2010-12-15 09:14:00,5.76,16422.0,United Kingdom,-5.76
,D,Discount,-1,2010-12-15 09:14:00,42.5,16422.0,United Kingdom,-42.5
,37503,TEA TIME CAKE STAND IN GIFT BOX,-1,2010-12-15 09:20:00,10.75,15078.0,United Kingdom,-10.75
,21527,RED RETROSPOT TRADITIONAL TEAPOT ,-1,2010-12-15 10:29:00,7.95,18168.0,United Kingdom,-7.95
538906,21895,,-5,2010-12-15 10:31:00,0.0,,United Kingdom,-0.0
,22153,ANGEL DECORATION STARS ON DRESS,-48,2010-12-15 11:39:00,0.42,12865.0,Austria,-20.16
,21533,RETROSPOT LARGE MILK JUG,-1,2010-12-15 12:06:00,4.25,14426.0,United Kingdom,-4.25
,21527,RED RETROSPOT TRADITIONAL TEAPOT ,-1,2010-12-15 12:06:00,6.95,14426.0,United Kingdom,-6.95
,D,Discount,-1,2010-12-15 12:35:00,26.93,14527.0,United Kingdom,-26.93
,22847,BREAD BIN DINER STYLE IVORY,-1,2010-12-15 14:25:00,14.95,12647.0,Germany,-14.95
,22203,MILK PAN RED RETROSPOT,-1,2010-12-15 14:25:00,3.75,12647.0,Germany,-3.75
,22202,MILK PAN PINK POLKADOT,-1,2010-12-15 14:25:00,3.75,12647.0,Germany,-3.75
,22199,FRYING PAN RED RETROSPOT,-4,2010-12-15 14:25:00,4.25,12647.0,Germany,-17.0
,21731,RED TOADSTOOL LED NIGHT LIGHT,-1,2010-12-15 14:25:00,1.65,12647.0,Germany,-1.65
,21452,TOADSTOOL MONEY BOX,-4,2010-12-15 14:25:00,2.95,12647.0,Germany,-11.8
,22461,SAVOY ART DECO CLOCK,-1,2010-12-15 14:33:00,12.75,15535.0,United Kingdom,-12.75
,84792,ENCHANTED BIRD COATHANGER 5 HOOK,-24,2010-12-15 14:42:00,3.81,12666.0,Israel,-91.44
,22474,SPACEBOY TV DINNER TRAY,-32,2010-12-15 14:42:00,4.25,12666.0,Israel,-136.0
,84949,SILVER HANGING T-LIGHT HOLDER,-2,2010-12-15 16:34:00,1.65,17044.0,United Kingdom,-3.3
,21730,GLASS STAR FROSTED T-LIGHT HOLDER,-3,2010-12-15 16:34:00,4.95,17044.0,United Kingdom,-14.85
,84352,SILVER CHRISTMAS TREE BAUBLE STAND ,-1,2010-12-15 16:34:00,16.95,17044.0,United Kingdom,-16.95
,22890,NOVELTY BISCUITS CAKE STAND 3 TIER,-12,2010-12-15 16:36:00,8.5,13829.0,United Kingdom,-102.0
,21906,PHARMACIE FIRST AID TIN,-11,2010-12-15 16:40:00,6.75,18230.0,United Kingdom,-74.25
,48129,DOORMAT TOPIARY,-10,2010-12-15 16:42:00,6.75,17633.0,United Kingdom,-67.5
,22722,SET OF 6 SPICE TINS PANTRY DESIGN,-2,2010-12-15 16:43:00,3.95,14829.0,United Kingdom,-7.9
,22191,IVORY DINER WALL CLOCK,-6,2010-12-15 16:50:00,8.5,15107.0,United Kingdom,-51.0
,POST,POSTAGE,-1,2010-12-15 16:50:00,12.34,15107.0,United Kingdom,-12.34
,84880,WHITE WIRE EGG HOLDER,-8,2010-12-15 16:52:00,5.95,14898.0,United Kingdom,-47.6
,37449,CERAMIC CAKE STAND + HANGING CAKES,-1,2010-12-15 16:54:00,9.95,17912.0,United Kingdom,-9.95
,47590A,BLUE HAPPY BIRTHDAY BUNTING,-1,2010-12-15 16:54:00,5.45,17912.0,United Kingdom,-5.45
,22156,HEART DECORATION WITH PEARLS ,-5,2010-12-15 16:55:00,0.85,15194.0,United Kingdom,-4.25
,21262,WHITE GOOSE FEATHER CHRISTMAS TREE ,-1,2010-12-15 16:55:00,16.95,15194.0,United Kingdom,-16.95
,22865,HAND WARMER OWL DESIGN,-12,2010-12-15 16:55:00,2.1,15194.0,United Kingdom,-25.2
,84032B,CHARLIE + LOLA RED HOT WATER BOTTLE,-36,2010-12-15 16:56:00,1.25,13266.0,United Kingdom,-45.0
,22635,CHILDS BREAKFAST SET DOLLY GIRL ,-2,2010-12-15 16:57:00,9.95,12947.0,United Kingdom,-19.9
,22634,CHILDS BREAKFAST SET SPACEBOY ,-1,2010-12-15 16:57:00,9.95,12947.0,United Kingdom,-9.95
,22279,POCKET BAG BLUE PAISLEY RED SPOT,-1,2010-12-15 17:04:00,1.25,17820.0,United Kingdom,-1.25
,22423,REGENCY CAKESTAND 3 TIER,-1,2010-12-15 17:04:00,12.75,17820.0,United Kingdom,-12.75
,22697,GREEN REGENCY TEACUP AND SAUCER,-1,2010-12-15 17:04:00,2.95,17820.0,United Kingdom,-2.95
,22394,PAPERWEIGHT KINGS CHOICE ,-6,2010-12-15 17:05:00,2.55,15664.0,United Kingdom,-15.3
,20718,RED RETROSPOT SHOPPER BAG,-10,2010-12-15 17:05:00,1.25,15664.0,United Kingdom,-12.5
,POST,POSTAGE,-1,2010-12-15 17:08:00,3.5,12971.0,United Kingdom,-3.5
,22766,PHOTO FRAME CORNICE,-1,2010-12-16 09:48:00,2.95,16996.0,United Kingdom,-2.95
,22972,CHILDREN'S SPACEBOY MUG,-7,2010-12-16 10:28:00,1.65,12621.0,Germany,-11.55
,22766,PHOTO FRAME CORNICE,-2,2010-12-16 10:30:00,2.95,16996.0,United Kingdom,-5.9
,22662,LUNCH BAG DOLLY GIRL DESIGN,-3,2010-12-16 10:38:00,1.65,12494.0,France,-4.95
,22278,OVERNIGHT BAG VINTAGE ROSE PAISLEY,-1,2010-12-16 11:10:00,4.95,16470.0,United Kingdom,-4.95
,22667,RECIPE BOX RETROSPOT ,-3,2010-12-16 11:24:00,2.95,12494.0,France,-8.85
,21822,GLITTER CHRISTMAS TREE WITH BELLS,-2,2010-12-16 11:59:00,1.95,17062.0,United Kingdom,-3.9
,22942,CHRISTMAS LIGHTS 10 SANTAS ,-5,2010-12-16 12:05:00,8.5,12748.0,United Kingdom,-42.5
,90185B,AMETHYST DIAMANTE EXPANDABLE RING,-3,2010-12-16 12:56:00,4.25,14911.0,EIRE,-12.75
,90185C,BLACK DIAMANTE EXPANDABLE RING,-4,2010-12-16 12:56:00,4.25,14911.0,EIRE,-17.0
,22592,CARDHOLDER HOLLY WREATH METAL,-1,2010-12-16 12:56:00,3.75,14911.0,EIRE,-3.75
,22941,CHRISTMAS LIGHTS 10 REINDEER,-12,2010-12-16 12:56:00,8.5,14911.0,EIRE,-102.0
,22942,CHRISTMAS LIGHTS 10 SANTAS ,-10,2010-12-16 12:56:00,8.5,14911.0,EIRE,-85.0
,22656,VINTAGE BLUE KITCHEN CABINET,-1,2010-12-16 13:01:00,175.0,17377.0,United Kingdom,-175.0
,21427,SKULLS STORAGE BOX SMALL,-1,2010-12-16 13:24:00,2.1,14606.0,United Kingdom,-2.1
,48116,DOORMAT MULTICOLOUR STRIPE,-2,2010-12-16 14:15:00,7.95,17213.0,United Kingdom,-15.9
,21485,RETROSPOT HEART HOT WATER BOTTLE,-2,2010-12-16 14:15:00,4.95,17213.0,United Kingdom,-9.9
,22423,REGENCY CAKESTAND 3 TIER,-10,2010-12-16 14:19:00,10.95,17188.0,United Kingdom,-109.5
,21258,VICTORIAN SEWING BOX LARGE,-2,2010-12-16 14:30:00,10.95,16233.0,United Kingdom,-21.9
,21258,VICTORIAN SEWING BOX LARGE,-7,2010-12-16 14:32:00,10.95,15100.0,United Kingdom,-76.65
,85040A,S/4 PINK FLOWER CANDLES IN BOWL,-7,2010-12-16 15:27:00,1.65,14777.0,United Kingdom,-11.55
,22666,RECIPE BOX PANTRY YELLOW DESIGN,-1,2010-12-16 15:27:00,2.95,14777.0,United Kingdom,-2.95
,21843,RED RETROSPOT CAKE STAND,-1,2010-12-16 15:28:00,10.95,14639.0,United Kingdom,-10.95
,22760,"TRAY, BREAKFAST IN BED",-1,2010-12-16 15:30:00,12.75,13209.0,United Kingdom,-12.75
,22791,T-LIGHT GLASS FLUTED ANTIQUE,-1,2010-12-16 15:30:00,1.25,13209.0,United Kingdom,-1.25
,22456,NATURAL SLATE CHALKBOARD LARGE ,-2,2010-12-16 15:31:00,4.25,13408.0,United Kingdom,-8.5
,21559,STRAWBERRY LUNCH BOX WITH CUTLERY,-1,2010-12-16 15:36:00,2.55,16503.0,United Kingdom,-2.55
,85135C,RED DRAGONFLY HELICOPTER,-1,2010-12-16 15:36:00,7.95,16503.0,United Kingdom,-7.95
,22180,RETROSPOT LAMP,-3,2010-12-16 15:37:00,8.5,15777.0,United Kingdom,-25.5
,22617,BAKING SET SPACEBOY DESIGN,-6,2010-12-16 15:39:00,4.95,18269.0,United Kingdom,-29.7
,22168,ORGANISER WOOD ANTIQUE WHITE ,-2,2010-12-16 15:40:00,8.5,13267.0,United Kingdom,-17.0
,22865,HAND WARMER OWL DESIGN,-12,2010-12-16 15:54:00,2.1,16770.0,United Kingdom,-25.2
,85172,HYACINTH BULB T-LIGHT CANDLES,-80,2010-12-16 16:24:00,0.42,17655.0,United Kingdom,-33.6
,85175,CACTI T-LIGHT CANDLES,-80,2010-12-16 16:24:00,0.42,17655.0,United Kingdom,-33.6
,22960,JAM MAKING SET WITH JARS,-3,2010-12-16 16:30:00,4.25,18065.0,United Kingdom,-12.75
,22963,JAM JAR WITH GREEN LID,-8,2010-12-16 16:42:00,0.85,18075.0,United Kingdom,-6.8
,22178,VICTORIAN GLASS HANGING T-LIGHT,-3,2010-12-16 16:42:00,1.25,18075.0,United Kingdom,-3.75
,22457,NATURAL SLATE HEART CHALKBOARD ,-12,2010-12-16 17:33:00,2.95,13496.0,United Kingdom,-35.4
,22759,SET OF 3 NOTEBOOKS IN PARCEL,-12,2010-12-16 17:33:00,1.65,15392.0,United Kingdom,-19.8
,20733,GOLD MINI TAPE MEASURE ,-300,2010-12-17 09:37:00,0.72,16013.0,United Kingdom,-216.0
,85123A,WHITE HANGING HEART T-LIGHT HOLDER,-500,2010-12-17 09:37:00,2.55,16013.0,United Kingdom,-1275.0
,21845,DAIRY MAID STRIPE MUG,-14,2010-12-17 12:19:00,2.95,17315.0,United Kingdom,-41.3
,22488,NATURAL SLATE RECTANGLE CHALKBOARD,-1,2010-12-17 12:19:00,1.65,17315.0,United Kingdom,-1.65
,21527,RED RETROSPOT TRADITIONAL TEAPOT ,-1,2010-12-17 12:19:00,6.95,17315.0,United Kingdom,-6.95
,POST,POSTAGE,-1,2010-12-17 12:58:00,18.0,12720.0,Germany,-18.0
,22655,VINTAGE RED KITCHEN CABINET,-1,2010-12-17 15:11:00,295.0,16607.0,United Kingdom,-295.0
,20802,SMALL GLASS SUNDAE DISH CLEAR,-36,2010-12-17 16:25:00,0.42,15157.0,United Kingdom,-15.12
,20803,SMALL PINK GLASS SUNDAE DISH,-36,2010-12-17 16:25:00,0.42,15157.0,United Kingdom,-15.12
,22697,GREEN REGENCY TEACUP AND SAUCER,-1,2010-12-19 12:46:00,2.95,15044.0,United Kingdom,-2.95
,82483,WOOD 2 DRAWER CABINET WHITE FINISH,-1,2010-12-19 12:46:00,5.95,15044.0,United Kingdom,-5.95
,22801,ANTIQUE GLASS PEDESTAL BOWL,-1,2010-12-19 12:46:00,3.75,15044.0,United Kingdom,-3.75
,22138,BAKING SET 9 PIECE RETROSPOT ,-1,2010-12-19 14:43:00,4.95,16686.0,United Kingdom,-4.95
,22600,CHRISTMAS RETROSPOT STAR WOOD,-12,2010-12-20 08:27:00,0.85,18256.0,United Kingdom,-10.2
,22603,CHRISTMAS RETROSPOT TREE WOOD,-11,2010-12-20 08:27:00,0.85,18256.0,United Kingdom,-9.35
,22336,DOVE DECORATION PAINTED ZINC ,-23,2010-12-20 08:27:00,0.65,18256.0,United Kingdom,-14.95
,22339,CHRISTMAS TREE PAINTED ZINC ,-24,2010-12-20 08:27:00,0.65,18256.0,United Kingdom,-15.6
,21231,SWEETHEART CERAMIC TRINKET BOX,-3,2010-12-20 11:01:00,1.25,15312.0,United Kingdom,-3.75
,22649,STRAWBERRY FAIRY CAKE TEAPOT,-4,2010-12-20 11:56:00,4.25,14113.0,United Kingdom,-17.0
,84406B,CREAM CUPID HEARTS COAT HANGER,-3,2010-12-20 11:56:00,2.75,14113.0,United Kingdom,-8.25
,79000,MOROCCAN TEA GLASS,-3,2010-12-20 11:56:00,0.65,16705.0,United Kingdom,-1.95
,82486,WOOD S/3 CABINET ANT WHITE FINISH,-6,2010-12-20 11:59:00,7.95,13267.0,United Kingdom,-47.7
,85048,15CM CHRISTMAS GLASS BALL 20 LIGHTS,-6,2010-12-20 12:01:00,6.95,17204.0,United Kingdom,-41.7
,21781,MA CAMPAGNE CUTLERY BOX,-1,2010-12-20 12:01:00,14.95,17204.0,United Kingdom,-14.95
,22923,FRIDGE MAGNETS LES ENFANTS ASSORTED,-13,2010-12-20 12:01:00,0.85,17204.0,United Kingdom,-11.05
,22362,GLASS JAR PEACOCK BATH SALTS,-5,2010-12-20 12:19:00,2.95,14107.0,United Kingdom,-14.75
,22768,FAMILY PHOTO FRAME CORNICE,-1,2010-12-20 12:23:00,9.95,16713.0,United Kingdom,-9.95
,22766,PHOTO FRAME CORNICE,-1,2010-12-20 12:23:00,2.95,16713.0,United Kingdom,-2.95
,84949,SILVER HANGING T-LIGHT HOLDER,-36,2010-12-20 12:23:00,1.45,13089.0,United Kingdom,-52.2
,22360,GLASS JAR ENGLISH CONFECTIONERY,-11,2010-12-20 12:23:00,2.55,13089.0,United Kingdom,-28.05
,21363,HOME SMALL WOOD LETTERS,-1,2010-12-20 12:23:00,4.95,13089.0,United Kingdom,-4.95
,85123A,WHITE HANGING HEART T-LIGHT HOLDER,-24,2010-12-20 12:25:00,2.95,14911.0,EIRE,-70.8
,84032B,CHARLIE + LOLA RED HOT WATER BOTTLE,-24,2010-12-20 12:25:00,2.95,14911.0,EIRE,-70.8
,84032A,CHARLIE+LOLA PINK HOT WATER BOTTLE,-24,2010-12-20 12:25:00,2.95,14911.0,EIRE,-70.8
,72818,CHRISTMAS DECOUPAGE CANDLE,-36,2010-12-20 12:25:00,0.72,14911.0,EIRE,-25.92
,72817,SET OF 2 CHRISTMAS DECOUPAGE CANDLE,-24,2010-12-20 12:25:00,1.25,14911.0,EIRE,-30.0
,72816,SET/3 CHRISTMAS DECOUPAGE CANDLES,-24,2010-12-20 12:25:00,1.25,14911.0,EIRE,-30.0
,47559B,TEA TIME OVEN GLOVE,-20,2010-12-20 12:25:00,1.25,14911.0,EIRE,-25.0
,35957,SMALLFOLKART BAUBLE CHRISTMAS DEC,-96,2010-12-20 12:25:00,0.19,14911.0,EIRE,-18.24
,22939,APRON APPLE DELIGHT,-12,2010-12-20 12:25:00,4.95,14911.0,EIRE,-59.4
,22897,OVEN MITT APPLES DESIGN,-10,2010-12-20 12:25:00,1.45,14911.0,EIRE,-14.5
,22896,PEG BAG APPLES DESIGN,-12,2010-12-20 12:25:00,2.55,14911.0,EIRE,-30.6
,22795,SWEETHEART RECIPE BOOK STAND,-10,2010-12-20 12:25:00,6.75,14911.0,EIRE,-67.5
,21411,GINGHAM HEART  DOORSTOP RED,-6,2010-12-20 12:25:00,4.25,14911.0,EIRE,-25.5
,21155,RED RETROSPOT PEG BAG,-12,2010-12-20 12:25:00,2.1,14911.0,EIRE,-25.2
,20679,EDWARDIAN PARASOL RED,-6,2010-12-20 12:25:00,5.95,14911.0,EIRE,-35.7
,15056P,EDWARDIAN PARASOL PINK,-6,2010-12-20 12:25:00,5.95,14911.0,EIRE,-35.7
,15056N,EDWARDIAN PARASOL NATURAL,-6,2010-12-20 12:25:00,5.95,14911.0,EIRE,-35.7
,15056BL,EDWARDIAN PARASOL BLACK,-6,2010-12-20 12:25:00,5.95,14911.0,EIRE,-35.7
,22941,CHRISTMAS LIGHTS 10 REINDEER,-1,2010-12-20 12:41:00,8.5,17924.0,United Kingdom,-8.5
,D,Discount,-1,2010-12-20 13:14:00,13.88,14527.0,United Kingdom,-13.88
,20801,LARGE PINK GLASS SUNDAE DISH,-16,2010-12-20 13:51:00,0.75,13694.0,United Kingdom,-12.0
,21843,RED RETROSPOT CAKE STAND,-11,2010-12-20 13:54:00,9.95,14299.0,United Kingdom,-109.45
,22423,REGENCY CAKESTAND 3 TIER,-12,2010-12-20 13:54:00,10.95,14299.0,United Kingdom,-131.4
,22810,SET OF 6 T-LIGHTS SNOWMEN,-6,2010-12-20 13:55:00,2.95,17951.0,United Kingdom,-17.7
,22910,PAPER CHAIN KIT VINTAGE CHRISTMAS,-12,2010-12-20 13:57:00,2.95,13329.0,United Kingdom,-35.4
,22768,FAMILY PHOTO FRAME CORNICE,-2,2010-12-20 13:58:00,9.95,14119.0,United Kingdom,-19.9
,90211B,JET BLACK LAS VEGAS NECKLACE 45CM,-2,2010-12-20 14:02:00,5.95,13369.0,United Kingdom,-11.9
,21231,SWEETHEART CERAMIC TRINKET BOX,-4,2010-12-20 14:02:00,1.25,13369.0,United Kingdom,-5.0
,22893,MINI CAKE STAND T-LIGHT HOLDER,-9,2010-12-20 14:02:00,0.42,13369.0,United Kingdom,-3.78
,21733,RED HANGING HEART T-LIGHT HOLDER,-3,2010-12-20 14:02:00,2.95,13369.0,United Kingdom,-8.85
,37495,FAIRY CAKE BIRTHDAY CANDLE SET,-4,2010-12-20 14:02:00,3.75,13369.0,United Kingdom,-15.0
,22198,LARGE POPCORN HOLDER ,-1,2010-12-20 14:05:00,1.65,14911.0,EIRE,-1.65
,22197,SMALL POPCORN HOLDER,-2,2010-12-20 14:05:00,0.85,14911.0,EIRE,-1.7
,22769,CHALKBOARD KITCHEN ORGANISER,-2,2010-12-20 14:05:00,24.95,14911.0,EIRE,-49.9
,21314,SMALL GLASS HEART TRINKET POT,-3,2010-12-20 14:07:00,2.1,13050.0,United Kingdom,-6.3
,21868,POTTING SHED TEA MUG,-4,2010-12-20 14:07:00,1.25,13050.0,United Kingdom,-5.0
,84625C,BLUE NEW BAROQUE CANDLESTICK CANDLE,-7,2010-12-20 14:09:00,0.85,16145.0,United Kingdom,-5.95
,21314,SMALL GLASS HEART TRINKET POT,-2,2010-12-20 14:09:00,1.85,16145.0,United Kingdom,-3.7
,20705,MRS ROBOT SOFT TOY,-1,2010-12-20 14:09:00,1.95,16145.0,United Kingdom,-1.95
,85066,CREAM SWEETHEART MINI CHEST,-1,2010-12-20 14:10:00,12.75,16873.0,United Kingdom,-12.75
,22487,WHITE WOOD GARDEN PLANT LADDER,-2,2010-12-20 14:10:00,8.5,16873.0,United Kingdom,-17.0
,21166,COOK WITH WINE METAL SIGN ,-48,2010-12-20 15:07:00,1.69,17230.0,United Kingdom,-81.12
,85152,HAND OVER THE CHOCOLATE   SIGN ,-48,2010-12-20 15:07:00,1.69,17230.0,United Kingdom,-81.12
,20829,GLITTER HANGING BUTTERFLY STRING,-2,2010-12-20 15:27:00,2.1,15311.0,United Kingdom,-4.2
,35004C,SET OF 3 COLOURED  FLYING DUCKS,-3,2010-12-20 15:27:00,4.65,15311.0,United Kingdom,-13.95
,21668,RED STRIPE CERAMIC DRAWER KNOB,-1,2010-12-20 15:27:00,1.06,15311.0,United Kingdom,-1.06
,22774,RED DRAWER KNOB ACRYLIC EDWARDIAN,-1,2010-12-20 15:27:00,1.06,15311.0,United Kingdom,-1.06
,22968,ROSE COTTAGE KEEPSAKE BOX ,-1,2010-12-20 15:52:00,9.95,12471.0,Germany,-9.95
,22897,OVEN MITT APPLES DESIGN,-1,2010-12-20 15:52:00,1.45,12471.0,Germany,-1.45
,22646,CERAMIC STRAWBERRY CAKE MONEY BANK,-8,2010-12-20 15:52:00,1.45,12471.0,Germany,-11.6
,21232,STRAWBERRY CERAMIC TRINKET BOX,-2,2010-12-20 15:52:00,1.25,12471.0,Germany,-2.5
,22423,REGENCY CAKESTAND 3 TIER,-21,2010-12-20 15:52:00,10.95,12471.0,Germany,-229.95
,20914,SET/5 RED RETROSPOT LID GLASS BOWLS,-5,2010-12-20 15:52:00,2.95,12471.0,Germany,-14.75
,21232,STRAWBERRY CERAMIC TRINKET BOX,-4,2010-12-20 15:52:00,1.25,12471.0,Germany,-5.0
,22908,PACK OF 20 NAPKINS RED APPLES,-1,2010-12-20 15:52:00,0.85,12471.0,Germany,-0.85
,22820,GIFT BAG BIRTHDAY,-2,2010-12-20 15:52:00,0.65,12471.0,Germany,-1.3
,22923,FRIDGE MAGNETS LES ENFANTS ASSORTED,-2,2010-12-20 15:52:00,0.85,12471.0,Germany,-1.7
,22554,PLASTERS IN TIN WOODLAND ANIMALS,-2,2010-12-20 15:52:00,1.65,12471.0,Germany,-3.3
,22555,PLASTERS IN TIN STRONGMAN,-4,2010-12-20 15:52:00,1.65,12471.0,Germany,-6.6
,21577,SAVE THE PLANET COTTON TOTE BAG,-1,2010-12-20 15:52:00,2.25,12471.0,Germany,-2.25
,22472,TV DINNER TRAY DOLLY GIRL,-1,2010-12-20 15:52:00,4.95,12471.0,Germany,-4.95
,21578,WOODLAND DESIGN  COTTON TOTE BAG,-2,2010-12-20 15:52:00,2.25,12471.0,Germany,-4.5
,84949,SILVER HANGING T-LIGHT HOLDER,-24,2010-12-20 17:07:00,1.45,13089.0,United Kingdom,-34.8
,22348,TEA BAG PLATE RED RETROSPOT,-12,2010-12-20 17:24:00,0.85,16134.0,United Kingdom,-10.2
,21876,POTTERING MUG,-1,2010-12-20 17:24:00,1.25,16134.0,United Kingdom,-1.25
,22667,RECIPE BOX RETROSPOT ,-1,2010-12-20 17:24:00,2.95,16134.0,United Kingdom,-2.95
,15036,ASSORTED COLOURS SILK FAN,-48,2010-12-21 10:16:00,0.75,12971.0,United Kingdom,-36.0
,85131A,BEADED PEARL HEART WHITE ON STICK,-6,2010-12-21 10:47:00,0.42,13148.0,United Kingdom,-2.52
,21533,RETROSPOT LARGE MILK JUG,-1,2010-12-21 10:47:00,4.95,13148.0,United Kingdom,-4.95
,21285,RETROSPOT CANDLE  MEDIUM,-24,2010-12-21 10:47:00,0.65,13148.0,United Kingdom,-15.6
,21284,RETROSPOT CANDLE  SMALL,-24,2010-12-21 10:47:00,0.42,13148.0,United Kingdom,-10.08
,21658,GLASS  BEURRE DISH,-1,2010-12-21 10:47:00,3.95,13148.0,United Kingdom,-3.95
,22784,LANTERN CREAM GAZEBO ,-1,2010-12-21 10:47:00,4.95,13148.0,United Kingdom,-4.95
,22890,NOVELTY BISCUITS CAKE STAND 3 TIER,-2,2010-12-21 12:17:00,9.95,18223.0,United Kingdom,-19.9
,84978,HANGING HEART JAR T-LIGHT HOLDER,-1,2010-12-21 12:33:00,1.25,18176.0,United Kingdom,-1.25
,21485,RETROSPOT HEART HOT WATER BOTTLE,-1,2010-12-21 12:33:00,4.95,18176.0,United Kingdom,-4.95
,22832,BROCANTE SHELF WITH HOOKS,-2,2010-12-21 12:33:00,10.75,18176.0,United Kingdom,-21.5
,82483,WOOD 2 DRAWER CABINET WHITE FINISH,-1,2010-12-21 12:35:00,5.95,14769.0,United Kingdom,-5.95
,21314,SMALL GLASS HEART TRINKET POT,-2,2010-12-21 12:35:00,2.1,14769.0,United Kingdom,-4.2
,22720,SET OF 3 CAKE TINS PANTRY DESIGN ,-1,2010-12-21 12:38:00,4.95,13319.0,United Kingdom,-4.95
,22940,FELTCRAFT CHRISTMAS FAIRY,-4,2010-12-21 12:38:00,4.25,13319.0,United Kingdom,-17.0
,POST,POSTAGE,-1,2010-12-21 12:40:00,5.75,15602.0,United Kingdom,-5.75
,82613D,METAL SIGN CUPCAKE SINGLE HOOK,-20,2010-12-21 13:15:00,0.42,14643.0,United Kingdom,-8.4
,82613C,"METAL SIGN,CUPCAKE SINGLE HOOK",-20,2010-12-21 13:15:00,0.42,14643.0,United Kingdom,-8.4
,82613B,"METAL SIGN,CUPCAKE SINGLE HOOK",-20,2010-12-21 13:15:00,0.42,14643.0,United Kingdom,-8.4
,22791,T-LIGHT GLASS FLUTED ANTIQUE,-10,2010-12-21 14:24:00,1.25,17007.0,United Kingdom,-12.5
,22720,SET OF 3 CAKE TINS PANTRY DESIGN ,-1,2010-12-21 16:31:00,4.95,,United Kingdom,-4.95
,22745,POPPY'S PLAYHOUSE BEDROOM ,-1,2010-12-22 12:43:00,2.1,15044.0,United Kingdom,-2.1
,22943,CHRISTMAS LIGHTS 10 VINTAGE BAUBLES,-8,2010-12-22 13:13:00,4.95,14944.0,United Kingdom,-39.6
,85123A,WHITE HANGING HEART T-LIGHT HOLDER,-1,2010-12-22 13:20:00,2.55,17239.0,United Kingdom,-2.55
,22198,LARGE POPCORN HOLDER ,-10,2010-12-22 13:59:00,1.65,13458.0,United Kingdom,-16.5
,47567B,TEA TIME KITCHEN APRON,-1,2010-12-22 15:13:00,4.65,15358.0,United Kingdom,-4.65
,22300,COFFEE MUG DOG + BALL DESIGN,-3,2010-12-23 10:20:00,2.55,12427.0,Germany,-7.65
,22634,CHILDS BREAKFAST SET SPACEBOY ,-4,2010-12-23 10:20:00,8.5,12427.0,Germany,-34.0
,22636,CHILDS BREAKFAST SET CIRCUS PARADE,-2,2010-12-23 10:20:00,7.65,12427.0,Germany,-15.3
,22892,SET OF SALT AND PEPPER TOADSTOOLS,-1,2010-12-23 11:36:00,1.25,14032.0,United Kingdom,-1.25
,22198,LARGE POPCORN HOLDER ,-3,2010-12-23 11:36:00,1.65,14032.0,United Kingdom,-4.95
,22776,SWEETHEART CAKESTAND 3 TIER,-1,2010-12-23 11:38:00,9.95,14560.0,United Kingdom,-9.95
,84970S,HANGING HEART ZINC T-LIGHT HOLDER,-1,2010-12-23 11:40:00,0.85,17069.0,United Kingdom,-0.85
,71459,HANGING JAM JAR T-LIGHT HOLDER,-1,2010-12-23 11:40:00,0.85,17069.0,United Kingdom,-0.85
,22667,RECIPE BOX RETROSPOT ,-1,2010-12-23 11:40:00,2.95,17069.0,United Kingdom,-2.95
,22665,RECIPE BOX BLUE SKETCHBOOK DESIGN,-3,2010-12-23 11:40:00,2.95,17069.0,United Kingdom,-8.85
,21363,HOME SMALL WOOD LETTERS,-6,2010-12-23 11:47:00,4.95,13854.0,United Kingdom,-29.7
,21888,BINGO SET,-4,2010-12-23 11:48:00,3.75,,EIRE,-15.0
,22083,PAPER CHAIN KIT RETROSPOT,-6,2010-12-23 11:49:00,2.95,17581.0,United Kingdom,-17.7
,85099C,JUMBO  BAG BAROQUE BLACK WHITE,-1,2010-12-23 11:50:00,1.95,13534.0,United Kingdom,-1.95
,85099B,JUMBO BAG RED RETROSPOT,-10,2010-12-23 11:50:00,1.95,13534.0,United Kingdom,-19.5
,22720,SET OF 3 CAKE TINS PANTRY DESIGN ,-2,2010-12-23 11:50:00,4.95,13534.0,United Kingdom,-9.9
,35004C,SET OF 3 COLOURED  FLYING DUCKS,-15,2010-12-23 12:55:00,4.65,12980.0,United Kingdom,-69.75
539980,35001W,,-36,2010-12-23 14:34:00,0.0,,United Kingdom,-0.0
,82483,WOOD 2 DRAWER CABINET WHITE FINISH,-6,2010-12-23 14:49:00,4.95,15856.0,United Kingdom,-29.7
539994,22830,,-1,2011-01-04 10:09:00,0.0,,United Kingdom,-0.0
539995,85064,,-12,2011-01-04 10:12:00,0.0,,United Kingdom,-0.0
539996,21784,,-10,2011-01-04 10:12:00,0.0,,United Kingdom,-0.0
539999,20892,,-1,2011-01-04 10:16:00,0.0,,United Kingdom,-0.0
540000,84499,,-9,2011-01-04 10:17:00,0.0,,United Kingdom,-0.0
,21306,SET/4 DAISY MIRROR MAGNETS,-1,2011-01-04 10:48:00,2.1,14606.0,United Kingdom,-2.1
,84352,SILVER CHRISTMAS TREE BAUBLE STAND ,-1,2011-01-04 10:48:00,16.95,14606.0,United Kingdom,-16.95
,22423,REGENCY CAKESTAND 3 TIER,-1,2011-01-04 10:48:00,12.75,14606.0,United Kingdom,-12.75
,21055,TOOL BOX SOFT TOY ,-6,2011-01-04 11:08:00,8.95,15379.0,United Kingdom,-53.7
,22274,FELTCRAFT DOLL EMILY,-6,2011-01-04 11:08:00,2.95,15379.0,United Kingdom,-17.7
540008,85230F,,-48,2011-01-04 11:10:00,0.0,,United Kingdom,-0.0
540009,22158,,-120,2011-01-04 11:10:00,0.0,,United Kingdom,-0.0
540010,22501,reverse 21/5/10 adjustment,-100,2011-01-04 11:13:00,0.0,,United Kingdom,-0.0
540012,22502,reverse 21/5/10 adjustment,-100,2011-01-04 11:14:00,0.0,,United Kingdom,-0.0
,22070,SMALL RED RETROSPOT MUG IN BOX ,-24,2011-01-04 13:47:00,3.75,16029.0,United Kingdom,-90.0
,POST,POSTAGE,-1,2011-01-04 14:29:00,40.0,12483.0,Sweden,-40.0
,22835,HOT WATER BOTTLE I AM SO POORLY,-4,2011-01-04 15:46:00,4.65,15373.0,United Kingdom,-18.6
,22423,REGENCY CAKESTAND 3 TIER,-6,2011-01-04 15:46:00,12.75,15373.0,United Kingdom,-76.5
,22179,SET 10 LIGHTS NIGHT OWL,-4,2011-01-04 15:46:00,6.75,15373.0,United Kingdom,-27.0
,22113,GREY HEART HOT WATER BOTTLE,-4,2011-01-04 15:46:00,3.75,15373.0,United Kingdom,-15.0
,21843,RED RETROSPOT CAKE STAND,-6,2011-01-04 15:46:00,10.95,15373.0,United Kingdom,-65.7
540100,22837,?,-106,2011-01-04 16:53:00,0.0,,United Kingdom,-0.0
,85071A,BLUE CHARLIE+LOLA PERSONAL DOORSIGN,-150,2011-01-04 17:12:00,2.95,17389.0,United Kingdom,-442.5
,21735,TWO DOOR CURIO CABINET,-18,2011-01-04 17:14:00,10.95,15973.0,United Kingdom,-197.1
,AMAZONFEE,AMAZON FEE,-1,2011-01-05 09:55:00,16888.02,,United Kingdom,-16888.02
,AMAZONFEE,AMAZON FEE,-1,2011-01-05 09:57:00,16453.71,,United Kingdom,-16453.71
540119,22865,,-60,2011-01-05 10:07:00,0.0,,United Kingdom,-0.0
,22352,LUNCH BOX WITH CUTLERY RETROSPOT ,-3,2011-01-05 10:46:00,2.55,12578.0,Italy,-7.65
,22667,RECIPE BOX RETROSPOT ,-2,2011-01-05 10:50:00,2.95,12782.0,Portugal,-5.9
,22666,RECIPE BOX PANTRY YELLOW DESIGN,-1,2011-01-05 10:50:00,2.95,12782.0,Portugal,-2.95
,21430,SET/3 RED GINGHAM ROSE STORAGE BOX,-1,2011-01-05 10:50:00,3.75,12782.0,Portugal,-3.75
,22960,JAM MAKING SET WITH JARS,-12,2011-01-05 10:50:00,3.75,12782.0,Portugal,-45.0
,21843,RED RETROSPOT CAKE STAND,-1,2011-01-05 11:13:00,10.95,12494.0,France,-10.95
,22666,RECIPE BOX PANTRY YELLOW DESIGN,-1,2011-01-05 11:21:00,2.95,12395.0,Belgium,-2.95
,72802B,OCEAN SCENT CANDLE IN JEWELLED BOX,-54,2011-01-05 11:31:00,3.81,,Bahrain,-205.74
,21843,RED RETROSPOT CAKE STAND,-1,2011-01-05 11:36:00,10.95,12683.0,France,-10.95
,22968,ROSE COTTAGE KEEPSAKE BOX ,-2,2011-01-05 11:42:00,9.95,12471.0,Germany,-19.9
,22964,3 PIECE SPACEBOY COOKIE CUTTER SET,-2,2011-01-05 11:42:00,2.1,12471.0,Germany,-4.2
,22962,JAM JAR WITH PINK LID,-17,2011-01-05 11:42:00,0.85,12471.0,Germany,-14.45
,22961,JAM MAKING SET PRINTED,-2,2011-01-05 11:42:00,1.45,12471.0,Germany,-2.9
,22923,FRIDGE MAGNETS LES ENFANTS ASSORTED,-5,2011-01-05 11:42:00,0.85,12471.0,Germany,-4.25
,22728,ALARM CLOCK BAKELIKE PINK,-4,2011-01-05 11:42:00,3.75,12471.0,Germany,-15.0
,22649,STRAWBERRY FAIRY CAKE TEAPOT,-2,2011-01-05 11:42:00,4.95,12471.0,Germany,-9.9
,22423,REGENCY CAKESTAND 3 TIER,-2,2011-01-05 11:42:00,10.95,12471.0,Germany,-21.9
,85049A,TRADITIONAL CHRISTMAS RIBBONS,-12,2011-01-05 12:02:00,1.25,14911.0,EIRE,-15.0
,84508B,STRIPES DESIGN TEDDY,-6,2011-01-05 12:02:00,2.55,14911.0,EIRE,-15.3
,72815,3 WICK CHRISTMAS BRIAR CANDLE ,-4,2011-01-05 12:02:00,3.75,14911.0,EIRE,-15.0
,22034,ROBIN CHRISTMAS CARD,-12,2011-01-05 12:02:00,0.42,14911.0,EIRE,-5.04
,21144,PINK POODLE HANGING DECORATION ,-12,2011-01-05 12:02:00,0.38,14911.0,EIRE,-4.56
,21412,VINTAGE GOLD TINSEL REEL,-6,2011-01-05 12:02:00,0.42,14911.0,EIRE,-2.52
,21351,CINAMMON & ORANGE WREATH,-2,2011-01-05 12:02:00,6.75,14911.0,EIRE,-13.5
,20914,SET/5 RED RETROSPOT LID GLASS BOWLS,-6,2011-01-05 12:02:00,2.95,14911.0,EIRE,-17.7
,C2,CARRIAGE,-1,2011-01-05 12:02:00,50.0,14911.0,EIRE,-50.0
,84347,ROTATING SILVER ANGELS T-LIGHT HLDR,-6,2011-01-05 12:02:00,2.55,14911.0,EIRE,-15.3
,72741,GRAND CHOCOLATECANDLE,-9,2011-01-05 12:02:00,1.45,14911.0,EIRE,-13.05
,35400,WOODEN BOX ADVENT CALENDAR ,-2,2011-01-05 12:02:00,8.95,14911.0,EIRE,-17.9
,22939,APRON APPLE DELIGHT,-2,2011-01-05 12:02:00,4.95,14911.0,EIRE,-9.9
,22897,OVEN MITT APPLES DESIGN,-10,2011-01-05 12:02:00,1.45,14911.0,EIRE,-14.5
,22246,MAGIC GARDEN FELT GARLAND ,-12,2011-01-05 12:02:00,1.95,14911.0,EIRE,-23.4
,84817,DANISH ROSE DECORATIVE PLATE,-1,2011-01-05 12:05:00,2.1,18109.0,United Kingdom,-2.1
,85066,CREAM SWEETHEART MINI CHEST,-1,2011-01-05 12:05:00,12.75,18109.0,United Kingdom,-12.75
,82486,WOOD S/3 CABINET ANT WHITE FINISH,-1,2011-01-05 12:05:00,7.95,18109.0,United Kingdom,-7.95
,D,Discount,-1,2011-01-05 12:26:00,22.97,14527.0,United Kingdom,-22.97
,22781,GUMBALL MAGAZINE RACK,-4,2011-01-05 12:42:00,7.65,16316.0,United Kingdom,-30.6
540241,35957,,-939,2011-01-05 15:17:00,0.0,,United Kingdom,-0.0
,22851,SET 20 NAPKINS FAIRY CAKES DESIGN ,-1,2011-01-05 15:32:00,0.85,12585.0,Germany,-0.85
,22091,EMPIRE TISSUE BOX,-7,2011-01-05 15:32:00,1.25,12585.0,Germany,-8.75
,22316,200 BENDY SKULL STRAWS,-1,2011-01-05 15:32:00,1.25,12585.0,Germany,-1.25
,22638,SET OF 4 NAPKIN CHARMS CROWNS ,-1,2011-01-05 15:32:00,2.55,12585.0,Germany,-2.55
,22558,CLOTHES PEGS RETROSPOT PACK 24 ,-1,2011-01-05 15:32:00,1.49,12585.0,Germany,-1.49
,84945,MULTI COLOUR SILVER T-LIGHT HOLDER,-5,2011-01-05 15:32:00,0.85,12585.0,Germany,-4.25
,22778,GLASS CLOCHE SMALL,-1,2011-01-05 15:32:00,3.95,12585.0,Germany,-3.95
,22777,GLASS CLOCHE LARGE,-2,2011-01-05 15:32:00,8.5,12585.0,Germany,-17.0
,22606,WOODEN SKITTLES GARDEN SET,-1,2011-01-05 15:32:00,15.95,12585.0,Germany,-15.95
,71459,HANGING JAM JAR T-LIGHT HOLDER,-1,2011-01-05 15:40:00,0.85,17213.0,United Kingdom,-0.85
,85123A,WHITE HANGING HEART T-LIGHT HOLDER,-1,2011-01-05 15:40:00,2.95,17213.0,United Kingdom,-2.95
,22423,REGENCY CAKESTAND 3 TIER,-1,2011-01-05 15:43:00,12.75,13081.0,United Kingdom,-12.75
,22632,HAND WARMER RED RETROSPOT,-1,2011-01-05 15:43:00,1.85,13081.0,United Kingdom,-1.85
,35598D,PINK/WHITE CHRISTMAS TREE 60CM,-1,2011-01-05 15:43:00,0.65,13081.0,United Kingdom,-0.65
,35400,WOODEN BOX ADVENT CALENDAR ,-1,2011-01-05 15:43:00,8.95,13081.0,United Kingdom,-8.95
,21733,RED HANGING HEART T-LIGHT HOLDER,-1,2011-01-05 15:43:00,2.55,13081.0,United Kingdom,-2.55
,79320,FLAMINGO LIGHTS,-1,2011-01-05 15:43:00,4.95,13081.0,United Kingdom,-4.95
,22942,CHRISTMAS LIGHTS 10 SANTAS ,-1,2011-01-05 15:43:00,8.5,13081.0,United Kingdom,-8.5
,22201,FRYING PAN BLUE POLKADOT,-1,2011-01-05 15:43:00,4.25,13081.0,United Kingdom,-4.25
,85040A,S/4 PINK FLOWER CANDLES IN BOWL,-1,2011-01-05 15:43:00,1.65,13081.0,United Kingdom,-1.65
,21232,STRAWBERRY CERAMIC TRINKET BOX,-1,2011-01-05 15:43:00,1.25,13081.0,United Kingdom,-1.25
,84006,MAGIC TREE -PAPER FLOWERS,-1,2011-01-05 15:43:00,0.85,13081.0,United Kingdom,-0.85
,22198,LARGE POPCORN HOLDER ,-1,2011-01-05 15:43:00,1.65,13081.0,United Kingdom,-1.65
,22352,LUNCH BOX WITH CUTLERY RETROSPOT ,-1,2011-01-05 15:43:00,2.55,13081.0,United Kingdom,-2.55
,85042,ANTIQUE LILY FAIRY LIGHTS,-2,2011-01-05 15:43:00,4.95,13081.0,United Kingdom,-9.9
,22834,HAND WARMER BABUSHKA DESIGN,-1,2011-01-05 15:43:00,1.85,13081.0,United Kingdom,-1.85
,79321,CHILLI LIGHTS,-1,2011-01-05 16:02:00,4.25,17511.0,United Kingdom,-4.25
,22617,BAKING SET SPACEBOY DESIGN,-2,2011-01-05 16:02:00,4.25,17511.0,United Kingdom,-8.5
,22411,JUMBO SHOPPER VINTAGE RED PAISLEY,-1,2011-01-05 16:02:00,1.65,17511.0,United Kingdom,-1.65
,21928,JUMBO BAG SCANDINAVIAN PAISLEY,-1,2011-01-05 16:02:00,1.65,17511.0,United Kingdom,-1.65
,22942,CHRISTMAS LIGHTS 10 SANTAS ,-1,2011-01-05 16:02:00,8.5,17511.0,United Kingdom,-8.5
,22198,LARGE POPCORN HOLDER ,-2,2011-01-05 16:02:00,1.45,17511.0,United Kingdom,-2.9
,85099F,JUMBO BAG STRAWBERRY,-1,2011-01-05 16:02:00,1.65,17511.0,United Kingdom,-1.65
,22941,CHRISTMAS LIGHTS 10 REINDEER,-1,2011-01-05 16:02:00,8.5,17511.0,United Kingdom,-8.5
540252,22198,,-100,2011-01-05 16:25:00,0.0,,United Kingdom,-0.0
,M,Manual,-1,2011-01-06 11:05:00,458.29,,United Kingdom,-458.29
,POST,POSTAGE,-1,2011-01-06 11:05:00,35.09,,United Kingdom,-35.09
,20725,LUNCH BAG RED RETROSPOT,-1,2011-01-06 11:40:00,1.45,14680.0,United Kingdom,-1.45
,22667,RECIPE BOX RETROSPOT ,-1,2011-01-06 11:40:00,2.55,14680.0,United Kingdom,-2.55
,22197,SMALL POPCORN HOLDER,-3,2011-01-06 11:40:00,0.85,14680.0,United Kingdom,-2.55
,21258,VICTORIAN SEWING BOX LARGE,-3,2011-01-06 11:40:00,10.95,14680.0,United Kingdom,-32.85
,M,Manual,-1,2011-01-06 11:51:00,1126.0,12503.0,Spain,-1126.0
540272,90096,,-54,2011-01-06 11:57:00,0.0,,United Kingdom,-0.0
,22107,PIZZA PLATE IN BOX,-8,2011-01-06 12:58:00,3.75,15823.0,United Kingdom,-30.0
,22109,FULL ENGLISH BREAKFAST PLATE,-24,2011-01-06 12:58:00,3.39,15823.0,United Kingdom,-81.36
,22303,COFFEE MUG APPLES DESIGN,-18,2011-01-06 12:58:00,2.55,15823.0,United Kingdom,-45.9
,21533,RETROSPOT LARGE MILK JUG,-6,2011-01-06 12:58:00,4.95,15823.0,United Kingdom,-29.7
,21537,RED RETROSPOT PUDDING BOWL,-48,2011-01-06 12:58:00,3.75,15823.0,United Kingdom,-180.0
,22094,RED RETROSPOT TISSUE BOX,-12,2011-01-06 12:58:00,1.25,15823.0,United Kingdom,-15.0
,22093,MOTORING TISSUE BOX,-12,2011-01-06 12:58:00,1.25,15823.0,United Kingdom,-15.0
,22212,FOUR HOOK  WHITE LOVEBIRDS,-12,2011-01-06 12:58:00,2.1,15823.0,United Kingdom,-25.2
,22113,GREY HEART HOT WATER BOTTLE,-12,2011-01-06 12:58:00,3.75,15823.0,United Kingdom,-45.0
,22083,PAPER CHAIN KIT RETROSPOT,-36,2011-01-06 12:58:00,2.95,15823.0,United Kingdom,-106.2
,22084,PAPER CHAIN KIT EMPIRE,-36,2011-01-06 12:58:00,2.95,15823.0,United Kingdom,-106.2
,85014A,BLACK/BLUE POLKADOT UMBRELLA,-6,2011-01-06 12:58:00,5.95,15823.0,United Kingdom,-35.7
,79323B,BLACK CHERRY LIGHTS,-4,2011-01-06 12:58:00,6.75,15823.0,United Kingdom,-27.0
,M,Manual,-2,2011-01-06 12:58:00,21.95,15823.0,United Kingdom,-43.9
,21644,ASSORTED TUTTI FRUTTI HEART BOX,-24,2011-01-06 12:58:00,1.25,15823.0,United Kingdom,-30.0
,21645,ASSORTED TUTTI FRUTTI ROUND BOX,-24,2011-01-06 12:58:00,1.65,15823.0,United Kingdom,-39.6
,22077,6 RIBBONS RUSTIC CHARM,-4,2011-01-06 13:41:00,1.65,12471.0,Germany,-6.6
,22191,IVORY DINER WALL CLOCK,-6,2011-01-06 13:56:00,8.5,16424.0,United Kingdom,-51.0
,84985A,SET OF 72 GREEN PAPER DOILIES,-5,2011-01-06 15:35:00,1.45,18041.0,United Kingdom,-7.25
,84997B,RED 3 PIECE RETROSPOT CUTLERY SET,-4,2011-01-06 15:35:00,3.75,18041.0,United Kingdom,-15.0
,20719,WOODLAND CHARLOTTE BAG,-30,2011-01-06 16:14:00,0.72,15061.0,United Kingdom,-21.6
,POST,POSTAGE,-3,2011-01-06 16:17:00,18.0,12413.0,France,-54.0
540369,47591D,,-201,2011-01-06 16:20:00,0.0,,United Kingdom,-0.0
,22623,BOX OF VINTAGE JIGSAW BLOCKS ,-1,2011-01-06 17:27:00,4.95,13488.0,United Kingdom,-4.95
,21911,GARDEN METAL SIGN ,-12,2011-01-06 17:31:00,1.65,16656.0,United Kingdom,-19.8
,21259,VICTORIAN SEWING BOX SMALL ,-3,2011-01-06 17:31:00,4.95,16656.0,United Kingdom,-14.85
,21445,12 PINK ROSE PEG PLACE SETTINGS,-4,2011-01-06 17:32:00,1.25,13715.0,United Kingdom,-5.0
,84279P,CHERRY BLOSSOM  DECORATIVE FLASK,-2,2011-01-06 17:34:00,3.75,15101.0,United Kingdom,-7.5
,84945,MULTI COLOUR SILVER T-LIGHT HOLDER,-7,2011-01-06 17:36:00,0.85,16094.0,United Kingdom,-5.95
,71053,WHITE METAL LANTERN,-5,2011-01-06 17:36:00,3.75,16094.0,United Kingdom,-18.75
,22962,JAM JAR WITH PINK LID,-1,2011-01-06 17:37:00,0.72,16705.0,United Kingdom,-0.72
,21868,POTTING SHED TEA MUG,-4,2011-01-06 17:38:00,1.25,12957.0,United Kingdom,-5.0
,84949,SILVER HANGING T-LIGHT HOLDER,-1,2011-01-06 17:38:00,1.65,12957.0,United Kingdom,-1.65
,22384,LUNCH BAG PINK POLKADOT,-1,2011-01-06 17:48:00,1.65,14961.0,United Kingdom,-1.65
,22198,LARGE POPCORN HOLDER ,-5,2011-01-06 17:48:00,1.65,14961.0,United Kingdom,-8.25
,22795,SWEETHEART RECIPE BOOK STAND,-1,2011-01-06 17:48:00,6.75,14961.0,United Kingdom,-6.75
,21843,RED RETROSPOT CAKE STAND,-1,2011-01-06 17:52:00,10.95,14426.0,United Kingdom,-10.95
,22060,LARGE CAKE STAND HANGING HEARTS,-1,2011-01-06 17:57:00,9.95,12417.0,Belgium,-9.95
,22666,RECIPE BOX PANTRY YELLOW DESIGN,-1,2011-01-06 17:57:00,2.95,12417.0,Belgium,-2.95
,22845,VINTAGE CREAM CAT FOOD CONTAINER,-3,2011-01-06 17:57:00,6.35,12417.0,Belgium,-19.05
,85048,15CM CHRISTMAS GLASS BALL 20 LIGHTS,-1,2011-01-06 17:59:00,7.95,13115.0,United Kingdom,-7.95
,20752,BLUE POLKADOT WASHING UP GLOVES,-1,2011-01-06 18:00:00,2.1,14426.0,United Kingdom,-2.1
,22701,PINK DOG BOWL,-2,2011-01-06 18:01:00,2.95,16191.0,United Kingdom,-5.9
,22700,BLACK AND WHITE DOG BOWL,-3,2011-01-06 18:01:00,2.95,16191.0,United Kingdom,-8.85
,22274,FELTCRAFT DOLL EMILY,-1,2011-01-06 18:02:00,2.95,13047.0,United Kingdom,-2.95
,21155,RED RETROSPOT PEG BAG,-1,2011-01-06 18:06:00,2.1,12753.0,Japan,-2.1
,22244,3 HOOK HANGER MAGIC GARDEN,-1,2011-01-06 18:06:00,1.95,12753.0,Japan,-1.95
,22088,PAPER BUNTING COLOURED LACE,-40,2011-01-06 18:06:00,2.55,12753.0,Japan,-102.0
,22567,20 DOLLY PEGS RETROSPOT,-3,2011-01-06 18:06:00,1.25,12753.0,Japan,-3.75
,21843,RED RETROSPOT CAKE STAND,-1,2011-01-06 18:08:00,10.95,17428.0,United Kingdom,-10.95
,22699,ROSES REGENCY TEACUP AND SAUCER ,-4,2011-01-06 18:08:00,2.95,17428.0,United Kingdom,-11.8
,71477,COLOUR GLASS. STAR T-LIGHT HOLDER,-1,2011-01-06 18:08:00,3.25,17428.0,United Kingdom,-3.25
,85042,ANTIQUE LILY FAIRY LIGHTS,-1,2011-01-06 18:08:00,4.95,17428.0,United Kingdom,-4.95
,22457,NATURAL SLATE HEART CHALKBOARD ,-1,2011-01-06 18:08:00,2.95,17428.0,United Kingdom,-2.95
,22649,STRAWBERRY FAIRY CAKE TEAPOT,-1,2011-01-06 18:09:00,4.95,17696.0,United Kingdom,-4.95
,84792,ENCHANTED BIRD COATHANGER 5 HOOK,-2,2011-01-07 09:21:00,4.65,14047.0,United Kingdom,-9.3
,22768,FAMILY PHOTO FRAME CORNICE,-4,2011-01-07 09:25:00,9.95,16150.0,United Kingdom,-39.8
,22766,PHOTO FRAME CORNICE,-3,2011-01-07 09:25:00,2.95,16150.0,United Kingdom,-8.85
,22469,HEART OF WICKER SMALL,-1,2011-01-07 09:25:00,1.65,16150.0,United Kingdom,-1.65
,21260,FIRST AID TIN,-3,2011-01-07 09:25:00,3.25,16150.0,United Kingdom,-9.75
,85123A,WHITE HANGING HEART T-LIGHT HOLDER,-1,2011-01-07 09:32:00,2.55,17230.0,United Kingdom,-2.55
,79321,CHILLI LIGHTS,-72,2011-01-07 10:56:00,4.25,13680.0,United Kingdom,-306.0
,47566B,TEA TIME PARTY BUNTING,-50,2011-01-07 10:56:00,3.75,13680.0,United Kingdom,-187.5
,22628,PICNIC BOXES SET OF 3 RETROSPOT ,-4,2011-01-07 10:56:00,4.95,13680.0,United Kingdom,-19.8
,22386,JUMBO BAG PINK POLKADOT,-20,2011-01-07 10:56:00,1.95,13680.0,United Kingdom,-39.0
,22352,LUNCH BOX WITH CUTLERY RETROSPOT ,-6,2011-01-07 10:56:00,2.55,13680.0,United Kingdom,-15.3
,22328,ROUND SNACK BOXES SET OF 4 FRUITS ,-5,2011-01-07 10:56:00,2.95,13680.0,United Kingdom,-14.75
,22326,ROUND SNACK BOXES SET OF4 WOODLAND ,-6,2011-01-07 10:56:00,2.95,13680.0,United Kingdom,-17.7
,22197,SMALL POPCORN HOLDER,-10,2011-01-07 10:56:00,0.85,13680.0,United Kingdom,-8.5
,21430,SET/3 RED GINGHAM ROSE STORAGE BOX,-24,2011-01-07 10:56:00,3.39,13680.0,United Kingdom,-81.36
,20728,LUNCH BAG CARS BLUE,-30,2011-01-07 10:56:00,1.65,13680.0,United Kingdom,-49.5
,20727,LUNCH BAG  BLACK SKULL.,-30,2011-01-07 10:56:00,1.65,13680.0,United Kingdom,-49.5
,20726,LUNCH BAG WOODLAND,-40,2011-01-07 10:56:00,1.65,13680.0,United Kingdom,-66.0
,20725,LUNCH BAG RED RETROSPOT,-100,2011-01-07 10:56:00,1.45,13680.0,United Kingdom,-145.0
,20719,WOODLAND CHARLOTTE BAG,-30,2011-01-07 10:56:00,0.85,13680.0,United Kingdom,-25.5
,20713,JUMBO BAG OWLS,-10,2011-01-07 10:56:00,1.95,13680.0,United Kingdom,-19.5
,20712,JUMBO BAG WOODLAND ANIMALS,-30,2011-01-07 10:56:00,1.95,13680.0,United Kingdom,-58.5
,85099C,JUMBO  BAG BAROQUE BLACK WHITE,-30,2011-01-07 10:56:00,1.95,13680.0,United Kingdom,-58.5
,85099B,JUMBO BAG RED RETROSPOT,-100,2011-01-07 10:56:00,1.65,13680.0,United Kingdom,-165.0
,84997D,PINK 3 PIECE POLKADOT CUTLERY SET,-24,2011-01-07 10:56:00,3.75,13680.0,United Kingdom,-90.0
,84997B,RED 3 PIECE RETROSPOT CUTLERY SET,-24,2011-01-07 10:56:00,3.75,13680.0,United Kingdom,-90.0
,84991,60 TEATIME FAIRY CAKE CASES,-24,2011-01-07 10:56:00,0.55,13680.0,United Kingdom,-13.2
,85159B,"WHITE TEA,COFFEE,SUGAR JARS",-2,2011-01-07 14:09:00,5.72,14505.0,United Kingdom,-11.44
,22184,CAKE STAND VICTORIAN FILIGREE LARGE,-1,2011-01-09 10:59:00,8.5,13668.0,United Kingdom,-8.5
,22158,3 HEARTS HANGING DECORATION RUSTIC,-1,2011-01-09 10:59:00,2.95,13668.0,United Kingdom,-2.95
,21586,KINGS CHOICE GIANT TUBE MATCHES,-1,2011-01-09 10:59:00,2.55,13668.0,United Kingdom,-2.55
,21056,DOCTOR'S BAG SOFT TOY,-1,2011-01-09 13:42:00,8.95,14606.0,United Kingdom,-8.95
,20772,GARDEN PATH JOURNAL,-1,2011-01-09 13:42:00,2.55,14606.0,United Kingdom,-2.55
,85023C,PINK LARGE JEWELED PHOTOFRAME,-1,2011-01-09 14:17:00,2.55,15005.0,United Kingdom,-2.55
,82483,WOOD 2 DRAWER CABINET WHITE FINISH,-1,2011-01-09 14:17:00,5.95,15005.0,United Kingdom,-5.95
,20914,SET/5 RED RETROSPOT LID GLASS BOWLS,-2,2011-01-09 14:17:00,2.95,15005.0,United Kingdom,-5.9
,20724,RED RETROSPOT CHARLOTTE BAG,-1,2011-01-09 14:17:00,0.85,15005.0,United Kingdom,-0.85
,85025B,EAU DE NILE HEART SHAPE PHOTO FRAME,-1,2011-01-09 14:17:00,1.65,15005.0,United Kingdom,-1.65
,21232,STRAWBERRY CERAMIC TRINKET BOX,-2,2011-01-09 14:17:00,1.25,15005.0,United Kingdom,-2.5
,84508A,CAMOUFLAGE DESIGN TEDDY,-1,2011-01-09 14:17:00,2.55,15005.0,United Kingdom,-2.55
,84997D,PINK 3 PIECE POLKADOT CUTLERY SET,-1,2011-01-09 14:17:00,3.75,15005.0,United Kingdom,-3.75
,82494L,WOODEN FRAME ANTIQUE WHITE ,-1,2011-01-09 14:17:00,2.95,15005.0,United Kingdom,-2.95
,85023B,EAU DE NILE JEWELLED PHOTOFRAME,-1,2011-01-09 14:17:00,2.55,15005.0,United Kingdom,-2.55
,21232,STRAWBERRY CERAMIC TRINKET BOX,-1,2011-01-09 14:17:00,1.25,15005.0,United Kingdom,-1.25
,21232,STRAWBERRY CERAMIC TRINKET BOX,-1,2011-01-09 14:17:00,1.25,15005.0,United Kingdom,-1.25
,20681,PINK POLKADOT CHILDRENS UMBRELLA,-1,2011-01-09 14:17:00,3.25,15005.0,United Kingdom,-3.25
,22649,STRAWBERRY FAIRY CAKE TEAPOT,-1,2011-01-09 14:17:00,4.95,15005.0,United Kingdom,-4.95
540549,21587,,-53,2011-01-10 09:07:00,0.0,,United Kingdom,-0.0
,22617,BAKING SET SPACEBOY DESIGN,-1,2011-01-10 09:56:00,4.95,16279.0,United Kingdom,-4.95
,21527,RED RETROSPOT TRADITIONAL TEAPOT ,-1,2011-01-10 09:56:00,7.95,16279.0,United Kingdom,-7.95
540558,21258,?,-29,2011-01-10 10:04:00,0.0,,United Kingdom,-0.0
,21888,BINGO SET,-4,2011-01-10 10:07:00,3.75,,EIRE,-15.0
540560,21589,,-14,2011-01-10 10:08:00,0.0,,United Kingdom,-0.0
540564,22617,"mouldy, thrown away.",-2600,2011-01-10 10:36:00,0.0,,United Kingdom,-0.0
,85232B,SET OF 3 BABUSHKA STACKING TINS,-3,2011-01-10 12:02:00,4.95,13672.0,United Kingdom,-14.85
,21655,HANGING RIDGE GLASS T-LIGHT HOLDER,-12,2011-01-10 12:02:00,1.69,13672.0,United Kingdom,-20.28
,79323P,PINK CHERRY LIGHTS,-4,2011-01-10 12:02:00,6.75,13672.0,United Kingdom,-27.0
540637,21275,,-5,2011-01-10 12:13:00,0.0,,United Kingdom,-0.0
540638,72038P,damages,-990,2011-01-10 12:14:00,0.0,,United Kingdom,-0.0
,22423,REGENCY CAKESTAND 3 TIER,-2,2011-01-10 14:08:00,10.95,12471.0,Germany,-21.9
540650,85124C,,-8,2011-01-10 14:59:00,0.0,,United Kingdom,-0.0
540651,82599,?,-290,2011-01-10 15:00:00,0.0,,United Kingdom,-0.0
,22655,VINTAGE RED KITCHEN CABINET,-1,2011-01-10 15:04:00,265.5,17406.0,United Kingdom,-265.5
540678,21667,,-1,2011-01-10 16:21:00,0.0,,United Kingdom,-0.0
540679,21667,,-1,2011-01-10 16:21:00,0.0,,United Kingdom,-0.0
540683,84546,,-45,2011-01-10 17:00:00,0.0,,United Kingdom,-0.0
540684,35271S,,-13,2011-01-10 17:01:00,0.0,,United Kingdom,-0.0
540778,84029E,,-50,2011-01-11 11:15:00,0.0,,United Kingdom,-0.0
,22423,REGENCY CAKESTAND 3 TIER,-23,2011-01-11 11:19:00,10.95,14299.0,United Kingdom,-251.85
,21843,RED RETROSPOT CAKE STAND,-4,2011-01-11 11:19:00,10.95,14299.0,United Kingdom,-43.8
,22865,HAND WARMER OWL DESIGN,-24,2011-01-11 11:19:00,2.1,14299.0,United Kingdom,-50.4
,84988,SET OF 72 PINK HEART PAPER DOILIES,-1,2011-01-11 11:19:00,1.45,14299.0,United Kingdom,-1.45
,22963,JAM JAR WITH GREEN LID,-8,2011-01-11 11:22:00,0.85,16875.0,United Kingdom,-6.8
,22962,JAM JAR WITH PINK LID,-2,2011-01-11 11:22:00,0.85,16875.0,United Kingdom,-1.7
,22776,SWEETHEART CAKESTAND 3 TIER,-1,2011-01-11 11:22:00,9.95,16875.0,United Kingdom,-9.95
,22767,TRIPLE PHOTO FRAME CORNICE ,-1,2011-01-11 11:22:00,9.95,16875.0,United Kingdom,-9.95
,22720,SET OF 3 CAKE TINS PANTRY DESIGN ,-1,2011-01-11 11:22:00,4.95,16875.0,United Kingdom,-4.95
,22171,3 HOOK PHOTO SHELF ANTIQUE WHITE,-1,2011-01-11 11:22:00,8.5,16875.0,United Kingdom,-8.5
,84029E,RED WOOLLY HOTTIE WHITE HEART.,-8,2011-01-11 11:38:00,3.75,17629.0,United Kingdom,-30.0
,84766,SILVER ROCOCO CANDLE STICK,-12,2011-01-11 11:39:00,1.95,13126.0,United Kingdom,-23.4
,22156,HEART DECORATION WITH PEARLS ,-3,2011-01-11 11:42:00,0.85,15194.0,United Kingdom,-2.55
,22666,RECIPE BOX PANTRY YELLOW DESIGN,-1,2011-01-11 11:42:00,2.95,15194.0,United Kingdom,-2.95
,22720,SET OF 3 CAKE TINS PANTRY DESIGN ,-1,2011-01-11 11:42:00,4.95,15194.0,United Kingdom,-4.95
,22907,PACK OF 20 NAPKINS PANTRY DESIGN,-7,2011-01-11 11:42:00,0.85,15194.0,United Kingdom,-5.95
,22364,GLASS JAR DIGESTIVE BISCUITS,-12,2011-01-11 11:45:00,2.55,13408.0,United Kingdom,-30.6
,22360,GLASS JAR ENGLISH CONFECTIONERY,-4,2011-01-11 11:45:00,2.55,13408.0,United Kingdom,-10.2
,84813,SET OF 4 DIAMOND NAPKIN RINGS,-1,2011-01-11 11:46:00,3.95,13576.0,United Kingdom,-3.95
,21231,SWEETHEART CERAMIC TRINKET BOX,-2,2011-01-11 11:46:00,1.25,13576.0,United Kingdom,-2.5
,20829,GLITTER HANGING BUTTERFLY STRING,-2,2011-01-11 11:46:00,2.1,13576.0,United Kingdom,-4.2
,85170D,SET/6 PINK BIRD T-LIGHT CANDLES,-2,2011-01-11 11:48:00,0.85,16145.0,United Kingdom,-1.7
,22780,LIGHT GARLAND BUTTERFILES PINK,-1,2011-01-11 11:49:00,4.25,13534.0,United Kingdom,-4.25
,22725,ALARM CLOCK BAKELIKE CHOCOLATE,-1,2011-01-11 11:50:00,3.75,16203.0,United Kingdom,-3.75
,POST,POSTAGE,-1,2011-01-11 11:53:00,3.0,14295.0,United Kingdom,-3.0
,22942,CHRISTMAS LIGHTS 10 SANTAS ,-1,2011-01-11 11:53:00,8.5,14295.0,United Kingdom,-8.5
,22168,ORGANISER WOOD ANTIQUE WHITE ,-1,2011-01-11 12:03:00,8.5,15107.0,United Kingdom,-8.5
,20914,SET/5 RED RETROSPOT LID GLASS BOWLS,-1,2011-01-11 12:50:00,2.95,15518.0,United Kingdom,-2.95
,22659,LUNCH BOX I LOVE LONDON,-6,2011-01-11 13:09:00,1.95,15518.0,United Kingdom,-11.7
,21733,RED HANGING HEART T-LIGHT HOLDER,-1,2011-01-11 15:02:00,2.55,14733.0,United Kingdom,-2.55
,22776,SWEETHEART CAKESTAND 3 TIER,-2,2011-01-11 15:02:00,8.5,14733.0,United Kingdom,-17.0
,21844,RED RETROSPOT MUG,-1,2011-01-11 15:02:00,2.95,14733.0,United Kingdom,-2.95
,21527,RED RETROSPOT TRADITIONAL TEAPOT ,-2,2011-01-11 15:02:00,7.95,14733.0,United Kingdom,-15.9
,85123A,WHITE HANGING HEART T-LIGHT HOLDER,-1,2011-01-11 15:02:00,2.55,14733.0,United Kingdom,-2.55
,22890,NOVELTY BISCUITS CAKE STAND 3 TIER,-1,2011-01-11 15:02:00,8.5,14733.0,United Kingdom,-8.5
,84978,HANGING HEART JAR T-LIGHT HOLDER,-2,2011-01-11 15:02:00,1.06,14733.0,United Kingdom,-2.12
,84949,SILVER HANGING T-LIGHT HOLDER,-15,2011-01-11 15:02:00,1.65,14733.0,United Kingdom,-24.75
,71477,COLOUR GLASS. STAR T-LIGHT HOLDER,-4,2011-01-11 15:02:00,2.75,14733.0,United Kingdom,-11.0
,82483,WOOD 2 DRAWER CABINET WHITE FINISH,-2,2011-01-11 15:02:00,4.95,14733.0,United Kingdom,-9.9
,POST,POSTAGE,-1,2011-01-11 16:14:00,12.99,15602.0,United Kingdom,-12.99
,22217,T-LIGHT HOLDER HANGING LACE,-40,2011-01-11 16:14:00,1.25,15602.0,United Kingdom,-50.0
,22178,VICTORIAN GLASS HANGING T-LIGHT,-48,2011-01-11 16:21:00,1.25,15602.0,United Kingdom,-60.0
,22970,LONDON BUS COFFEE MUG,-4,2011-01-11 16:57:00,2.1,16191.0,United Kingdom,-8.4
,37342,POLKADOT COFFEE CUP & SAUCER PINK,-24,2011-01-11 16:59:00,0.85,13162.0,United Kingdom,-20.4
,22342,HOME GARLAND PAINTED ZINC ,-24,2011-01-11 16:59:00,0.85,13162.0,United Kingdom,-20.4
,85034C,3 ROSE MORRIS BOXED CANDLES,-2,2011-01-11 16:59:00,1.25,13162.0,United Kingdom,-2.5
,22198,LARGE POPCORN HOLDER ,-6,2011-01-11 17:35:00,1.65,13458.0,United Kingdom,-9.9
,22197,SMALL POPCORN HOLDER,-2,2011-01-11 17:35:00,0.85,13458.0,United Kingdom,-1.7
,21231,SWEETHEART CERAMIC TRINKET BOX,-1,2011-01-12 09:41:00,1.25,12665.0,Germany,-1.25
,84078A,SET/4 WHITE RETRO STORAGE CUBES ,-12,2011-01-12 09:48:00,34.95,15197.0,United Kingdom,-419.4
,22634,CHILDS BREAKFAST SET SPACEBOY ,-1,2011-01-12 09:52:00,9.95,12413.0,France,-9.95
,22461,SAVOY ART DECO CLOCK,-1,2011-01-12 09:54:00,12.75,,United Kingdom,-12.75
,35400,WOODEN BOX ADVENT CALENDAR ,-1,2011-01-12 11:04:00,8.95,15953.0,United Kingdom,-8.95
,22776,SWEETHEART CAKESTAND 3 TIER,-1,2011-01-12 11:04:00,9.95,15953.0,United Kingdom,-9.95
,21217,RED RETROSPOT ROUND CAKE TINS,-1,2011-01-12 11:45:00,9.95,17095.0,United Kingdom,-9.95
,POST,POSTAGE,-1,2011-01-12 12:09:00,7.06,14748.0,United Kingdom,-7.06
,22932,BAKING MOULD TOFFEE CUP CHOCOLATE,-24,2011-01-12 12:09:00,2.55,14748.0,United Kingdom,-61.2
,22654,DELUXE SEWING KIT ,-6,2011-01-12 12:09:00,5.95,14748.0,United Kingdom,-35.7
,85178,VICTORIAN SEWING KIT,-48,2011-01-12 12:10:00,0.85,15061.0,United Kingdom,-40.8
,85066,CREAM SWEETHEART MINI CHEST,-2,2011-01-12 12:30:00,10.95,13113.0,United Kingdom,-21.9
,37448,CERAMIC CAKE DESIGN SPOTTED MUG,-1,2011-01-12 12:30:00,1.49,13113.0,United Kingdom,-1.49
,22423,REGENCY CAKESTAND 3 TIER,-3,2011-01-12 12:30:00,10.95,13113.0,United Kingdom,-32.85
,22822,CREAM WALL PLANTER HEART SHAPED,-1,2011-01-12 12:40:00,5.95,16554.0,United Kingdom,-5.95
,22941,CHRISTMAS LIGHTS 10 REINDEER,-2,2011-01-12 12:47:00,8.5,13093.0,United Kingdom,-17.0
,22943,CHRISTMAS LIGHTS 10 VINTAGE BAUBLES,-4,2011-01-12 12:47:00,4.95,13093.0,United Kingdom,-19.8
,22665,RECIPE BOX BLUE SKETCHBOOK DESIGN,-1,2011-01-12 12:47:00,2.95,13093.0,United Kingdom,-2.95
,20914,SET/5 RED RETROSPOT LID GLASS BOWLS,-2,2011-01-12 12:47:00,2.95,13093.0,United Kingdom,-5.9
,22962,JAM JAR WITH PINK LID,-2,2011-01-12 12:49:00,0.85,13093.0,United Kingdom,-1.7
,21209,MULTICOLOUR HONEYCOMB FAN,-2,2011-01-12 12:49:00,0.85,13093.0,United Kingdom,-1.7
,22960,JAM MAKING SET WITH JARS,-1,2011-01-12 12:51:00,4.25,18226.0,United Kingdom,-4.25
,21531,RED RETROSPOT SUGAR JAM BOWL,-1,2011-01-12 13:12:00,2.55,14606.0,United Kingdom,-2.55
540978,84050,counted,-310,2011-01-12 15:04:00,0.0,,United Kingdom,-0.0
540987,17011A,,-61,2011-01-12 16:15:00,0.0,,United Kingdom,-0.0
541000,21632,,-41,2011-01-13 10:11:00,0.0,,United Kingdom,-0.0
,35004B,SET OF 3 BLACK FLYING DUCKS,-4,2011-01-13 10:47:00,4.65,13078.0,United Kingdom,-18.6
,22943,CHRISTMAS LIGHTS 10 VINTAGE BAUBLES,-1,2011-01-13 10:56:00,4.95,17581.0,United Kingdom,-4.95
,22411,JUMBO SHOPPER VINTAGE RED PAISLEY,-1,2011-01-13 10:56:00,1.95,17581.0,United Kingdom,-1.95
,21735,TWO DOOR CURIO CABINET,-1,2011-01-13 10:56:00,12.75,17581.0,United Kingdom,-12.75
,22727,ALARM CLOCK BAKELIKE RED ,-1,2011-01-13 10:56:00,3.75,17581.0,United Kingdom,-3.75
,22456,NATURAL SLATE CHALKBOARD LARGE ,-1,2011-01-13 12:41:00,4.95,14229.0,United Kingdom,-4.95
,22649,STRAWBERRY FAIRY CAKE TEAPOT,-1,2011-01-13 12:52:00,4.95,17406.0,United Kingdom,-4.95
,35471D,SET OF 3 BIRD LIGHT PINK FEATHER ,-1,2011-01-13 12:52:00,1.25,17406.0,United Kingdom,-1.25
,22700,BLACK AND WHITE DOG BOWL,-6,2011-01-13 12:56:00,0.85,13473.0,United Kingdom,-5.1
,21258,VICTORIAN SEWING BOX LARGE,-3,2011-01-13 17:09:00,10.95,15100.0,United Kingdom,-32.85
,22951,60 CAKE CASES DOLLY GIRL DESIGN,-24,2011-01-14 12:05:00,0.55,13081.0,United Kingdom,-13.2
,22423,REGENCY CAKESTAND 3 TIER,-9,2011-01-14 14:33:00,10.95,14299.0,United Kingdom,-98.55
,22496,SET OF 2 ROUND TINS DUTCH CHEESE,-4,2011-01-14 16:43:00,2.95,16359.0,United Kingdom,-11.8
,72807A,SET/3 ROSE CANDLE IN JEWELLED BOX,-1,2011-01-14 16:55:00,4.25,13455.0,United Kingdom,-4.25
,22800,ANTIQUE TALL SWIRLGLASS TRINKET POT,-1,2011-01-14 16:55:00,3.75,13455.0,United Kingdom,-3.75
,22423,REGENCY CAKESTAND 3 TIER,-1,2011-01-14 16:55:00,12.75,13455.0,United Kingdom,-12.75
,22278,OVERNIGHT BAG VINTAGE ROSE PAISLEY,-3,2011-01-14 16:55:00,4.95,13455.0,United Kingdom,-14.85
,22059,CERAMIC STRAWBERRY DESIGN MUG,-1,2011-01-14 16:55:00,1.49,13455.0,United Kingdom,-1.49
,21539,RED RETROSPOT BUTTER DISH,-1,2011-01-14 16:55:00,4.95,13455.0,United Kingdom,-4.95
,22722,SET OF 6 SPICE TINS PANTRY DESIGN,-1,2011-01-14 16:58:00,3.95,16235.0,United Kingdom,-3.95
,22720,SET OF 3 CAKE TINS PANTRY DESIGN ,-1,2011-01-14 16:58:00,4.95,16235.0,United Kingdom,-4.95
,22439,6 ROCKET BALLOONS ,-4,2011-01-14 17:00:00,0.65,13107.0,United Kingdom,-2.6
,21539,RED RETROSPOT BUTTER DISH,-1,2011-01-14 17:00:00,4.95,13107.0,United Kingdom,-4.95
,22441,GROW YOUR OWN BASIL IN ENAMEL MUG,-1,2011-01-14 17:11:00,2.1,13862.0,United Kingdom,-2.1
,22960,JAM MAKING SET WITH JARS,-2,2011-01-14 17:11:00,3.75,13862.0,United Kingdom,-7.5
,22358,KINGS CHOICE TEA CADDY ,-2,2011-01-14 17:13:00,2.95,16670.0,United Kingdom,-5.9
,22664,TOY TIDY DOLLY GIRL DESIGN,-1,2011-01-14 17:26:00,2.1,13599.0,United Kingdom,-2.1
,85036C,ROSE 1 WICK MORRIS BOXED CANDLE,-12,2011-01-16 12:40:00,4.25,15535.0,United Kingdom,-51.0
,21667,GLASS CAKE COVER AND PLATE,-2,2011-01-16 13:53:00,14.95,17841.0,United Kingdom,-29.9
,22111,SCOTTIE DOG HOT WATER BOTTLE,-1,2011-01-16 14:48:00,4.95,18069.0,United Kingdom,-4.95
,22476,EMPIRE UNION JACK TV DINNER TRAY,-8,2011-01-16 15:48:00,4.95,14404.0,United Kingdom,-39.6
,M,Manual,-36,2011-01-17 12:45:00,0.87,17744.0,United Kingdom,-31.32
,21527,RED RETROSPOT TRADITIONAL TEAPOT ,-1,2011-01-17 16:20:00,7.95,14292.0,United Kingdom,-7.95
,85123A,WHITE HANGING HEART T-LIGHT HOLDER,-1,2011-01-17 16:20:00,2.55,14292.0,United Kingdom,-2.55
,22464,HANGING METAL HEART LANTERN,-1,2011-01-17 16:20:00,1.65,14292.0,United Kingdom,-1.65
,22327,ROUND SNACK BOXES SET OF 4 SKULLS,-1,2011-01-17 16:23:00,2.95,14606.0,United Kingdom,-2.95
,22809,SET OF 6 T-LIGHTS SANTA,-12,2011-01-17 16:45:00,2.55,13883.0,United Kingdom,-30.6
,23166,MEDIUM CERAMIC TOP STORAGE JAR,-74215,2011-01-18 10:17:00,1.04,12346.0,United Kingdom,-77183.6
541482,22837,,-35,2011-01-18 12:32:00,0.0,,United Kingdom,-0.0
541487,85118,,-35,2011-01-18 13:19:00,0.0,,United Kingdom,-0.0
,84870B,BLUE GEISHA GIRL ,-1,2011-01-18 14:24:00,3.75,,United Kingdom,-3.75
,85169D,PINK LOVE BIRD CANDLE,-1,2011-01-18 14:24:00,1.25,,United Kingdom,-1.25
,22511,RETROSPOT BABUSHKA DOORSTOP,-1,2011-01-18 14:24:00,3.75,,United Kingdom,-3.75
,85174,S/4 CACTI CANDLES,-1,2011-01-18 14:24:00,4.95,,United Kingdom,-4.95
,20931,BLUE POT PLANT CANDLE ,-1,2011-01-18 14:24:00,3.75,,United Kingdom,-3.75
,85040A,S/4 PINK FLOWER CANDLES IN BOWL,-1,2011-01-18 14:24:00,1.65,,United Kingdom,-1.65
,85039A,SET/4 RED MINI ROSE CANDLE IN BOWL,-1,2011-01-18 14:24:00,1.65,,United Kingdom,-1.65
,37500,TEA TIME TEAPOT IN GIFT BOX,-1,2011-01-18 14:24:00,9.95,,United Kingdom,-9.95
,22776,SWEETHEART CAKESTAND 3 TIER,-1,2011-01-18 15:21:00,9.95,13693.0,United Kingdom,-9.95
,84819,DANISH ROSE ROUND SEWING BOX,-1,2011-01-18 15:23:00,4.25,13693.0,United Kingdom,-4.25
,22766,PHOTO FRAME CORNICE,-1,2011-01-18 15:23:00,2.95,13693.0,United Kingdom,-2.95
,22325,MOBILE VINTAGE HEARTS ,-3,2011-01-18 15:23:00,4.95,13693.0,United Kingdom,-14.85
,85118,HEART T-LIGHT HOLDER,-7,2011-01-18 15:26:00,1.25,13458.0,United Kingdom,-8.75
,22768,FAMILY PHOTO FRAME CORNICE,-1,2011-01-18 15:30:00,9.95,18190.0,United Kingdom,-9.95
,22170,PICTURE FRAME WOOD TRIPLE PORTRAIT,-1,2011-01-18 15:31:00,6.75,15291.0,United Kingdom,-6.75
,85036B,CHOCOLATE 1 WICK MORRIS BOX CANDLE,-6,2011-01-18 16:52:00,4.25,17576.0,United Kingdom,-25.5
541519,21429,,-15,2011-01-19 09:11:00,0.0,,United Kingdom,-0.0
,22669,RED BABY BUNTING ,-50,2011-01-19 12:39:00,2.55,15171.0,United Kingdom,-127.5
,22668,PINK BABY BUNTING,-50,2011-01-19 12:39:00,2.55,15171.0,United Kingdom,-127.5
,22778,GLASS CLOCHE SMALL,-4,2011-01-19 12:47:00,3.39,15311.0,United Kingdom,-13.56
,21218,RED SPOTTY BISCUIT TIN,-3,2011-01-19 14:36:00,3.75,12383.0,Belgium,-11.25
,79323W,WHITE CHERRY LIGHTS,-8,2011-01-19 14:44:00,6.75,15831.0,United Kingdom,-54.0
541600,22866,,-64,2011-01-19 16:48:00,0.0,,United Kingdom,-0.0
541601,22632,,-84,2011-01-19 16:48:00,0.0,,United Kingdom,-0.0
,22838,3 TIER CAKE TIN RED AND CREAM,-1,2011-01-19 17:21:00,14.95,14572.0,United Kingdom,-14.95
,21671,RED SPOT CERAMIC DRAWER KNOB,-1,2011-01-20 11:00:00,1.25,17841.0,United Kingdom,-1.25
,21672,WHITE SPOT RED CERAMIC DRAWER KNOB,-1,2011-01-20 11:00:00,1.25,17841.0,United Kingdom,-1.25
,M,Manual,-1,2011-01-20 11:44:00,544.4,,United Kingdom,-544.4
,M,Manual,-1,2011-01-20 11:48:00,1283.8,,United Kingdom,-1283.8
,BANK CHARGES,Bank Charges,-1,2011-01-20 11:50:00,1050.15,,United Kingdom,-1050.15
,21843,RED RETROSPOT CAKE STAND,-6,2011-01-20 11:53:00,10.95,12540.0,Spain,-65.7
,21528,DAIRY MAID TRADITIONAL TEAPOT ,-1,2011-01-20 12:07:00,6.95,17315.0,United Kingdom,-6.95
,22178,VICTORIAN GLASS HANGING T-LIGHT,-1,2011-01-20 12:07:00,1.25,17315.0,United Kingdom,-1.25
,21537,RED RETROSPOT PUDDING BOWL,-1,2011-01-20 12:07:00,4.25,17315.0,United Kingdom,-4.25
,22606,WOODEN SKITTLES GARDEN SET,-1,2011-01-20 13:19:00,15.95,16892.0,United Kingdom,-15.95
541685,22351,Given away,-1400,2011-01-20 15:41:00,0.0,,United Kingdom,-0.0
541687,46000S,Dotcom,-300,2011-01-20 15:42:00,0.0,,United Kingdom,-0.0
,22423,REGENCY CAKESTAND 3 TIER,-4,2011-01-20 16:15:00,10.95,12683.0,France,-43.8
,22618,COOKING SET RETROSPOT,-17,2011-01-20 16:16:00,8.49,13090.0,United Kingdom,-144.33
,22138,BAKING SET 9 PIECE RETROSPOT ,-6,2011-01-20 16:22:00,4.95,13090.0,United Kingdom,-29.7
,20941,FROG CANDLE,-2,2011-01-20 17:02:00,1.25,14309.0,United Kingdom,-2.5
,22699,ROSES REGENCY TEACUP AND SAUCER ,-1,2011-01-20 17:02:00,2.95,14309.0,United Kingdom,-2.95
,22697,GREEN REGENCY TEACUP AND SAUCER,-3,2011-01-20 17:02:00,2.95,14309.0,United Kingdom,-8.85
,22617,BAKING SET SPACEBOY DESIGN,-1,2011-01-20 17:02:00,4.95,14309.0,United Kingdom,-4.95
,22636,CHILDS BREAKFAST SET CIRCUS PARADE,-1,2011-01-20 17:02:00,8.5,14309.0,United Kingdom,-8.5
,84945,MULTI COLOUR SILVER T-LIGHT HOLDER,-6,2011-01-20 17:02:00,0.85,14309.0,United Kingdom,-5.1
,22440,BALLOON WATER BOMB PACK OF 35,-10,2011-01-20 17:06:00,0.42,17364.0,United Kingdom,-4.2
,22437,SET OF 9 BLACK SKULL BALLOONS,-10,2011-01-20 17:06:00,0.85,17364.0,United Kingdom,-8.5
,22423,REGENCY CAKESTAND 3 TIER,-1,2011-01-20 17:06:00,12.75,17364.0,United Kingdom,-12.75
,22359,GLASS JAR KINGS CHOICE,-2,2011-01-21 09:26:00,2.95,14895.0,United Kingdom,-5.9
,35400,WOODEN BOX ADVENT CALENDAR ,-4,2011-01-21 09:26:00,7.95,14895.0,United Kingdom,-31.8
,21527,RED RETROSPOT TRADITIONAL TEAPOT ,-1,2011-01-21 09:26:00,7.95,14895.0,United Kingdom,-7.95
541702,22451,,-30,2011-01-21 09:44:00,0.0,,United Kingdom,-0.0
,21519,GIN & TONIC DIET GREETING CARD ,-12,2011-01-21 10:25:00,0.42,13284.0,United Kingdom,-5.04
,22487,WHITE WOOD GARDEN PLANT LADDER,-4,2011-01-21 10:29:00,8.5,13854.0,United Kingdom,-34.0
,85099C,JUMBO  BAG BAROQUE BLACK WHITE,-10,2011-01-21 11:07:00,1.95,18223.0,United Kingdom,-19.5
,22196,SMALL HEART MEASURING SPOONS,-1,2011-01-21 11:07:00,0.85,18223.0,United Kingdom,-0.85
,21231,SWEETHEART CERAMIC TRINKET BOX,-4,2011-01-21 11:07:00,1.06,18223.0,United Kingdom,-4.24
,22198,LARGE POPCORN HOLDER ,-3,2011-01-21 11:07:00,1.65,18223.0,United Kingdom,-4.95
,85123A,WHITE HANGING HEART T-LIGHT HOLDER,-3,2011-01-21 11:17:00,2.95,14320.0,United Kingdom,-8.85
,22904,CALENDAR PAPER CUT DESIGN,-2,2011-01-21 11:17:00,2.95,14320.0,United Kingdom,-5.9
,22561,WOODEN SCHOOL COLOURING SET,-12,2011-01-21 11:17:00,1.65,14320.0,United Kingdom,-19.8
,22558,CLOTHES PEGS RETROSPOT PACK 24 ,-12,2011-01-21 11:17:00,1.49,14320.0,United Kingdom,-17.88
,21974,SET OF 36 PAISLEY FLOWER DOILIES,-12,2011-01-21 11:17:00,1.45,14320.0,United Kingdom,-17.4
,21880,RED RETROSPOT TAPE,-12,2011-01-21 11:17:00,0.65,14320.0,United Kingdom,-7.8
,21874,GIN AND TONIC MUG,-3,2011-01-21 11:17:00,1.25,14320.0,United Kingdom,-3.75
,21791,VINTAGE HEADS AND TAILS CARD GAME ,-12,2011-01-21 11:17:00,1.25,14320.0,United Kingdom,-15.0
,21733,RED HANGING HEART T-LIGHT HOLDER,-2,2011-01-21 11:17:00,2.95,14320.0,United Kingdom,-5.9
,21470,FLOWER VINE RAFFIA FOOD COVER,-4,2011-01-21 11:17:00,3.75,14320.0,United Kingdom,-15.0
,21210,SET OF 72 RETROSPOT PAPER  DOILIES,-12,2011-01-21 11:17:00,1.45,14320.0,United Kingdom,-17.4
,22138,BAKING SET 9 PIECE RETROSPOT ,-6,2011-01-21 11:35:00,4.95,12626.0,Germany,-29.7
,22617,BAKING SET SPACEBOY DESIGN,-3,2011-01-21 11:35:00,4.95,12626.0,Germany,-14.85
,21080,SET/20 RED RETROSPOT PAPER NAPKINS ,-5,2011-01-21 11:35:00,0.85,12626.0,Germany,-4.25
,22908,PACK OF 20 NAPKINS RED APPLES,-2,2011-01-21 11:35:00,0.85,12626.0,Germany,-1.7
,37495,FAIRY CAKE BIRTHDAY CANDLE SET,-2,2011-01-21 11:35:00,3.75,12626.0,Germany,-7.5
,22960,JAM MAKING SET WITH JARS,-1,2011-01-21 11:35:00,4.25,12626.0,Germany,-4.25
,21481,FAWN BLUE HOT WATER BOTTLE,-2,2011-01-21 11:50:00,2.95,13102.0,United Kingdom,-5.9
,22663,JUMBO BAG DOLLY GIRL DESIGN,-10,2011-01-21 11:50:00,1.95,13102.0,United Kingdom,-19.5
,22659,LUNCH BOX I LOVE LONDON,-12,2011-01-21 11:50:00,1.95,13102.0,United Kingdom,-23.4
,22423,REGENCY CAKESTAND 3 TIER,-3,2011-01-21 12:54:00,10.95,14441.0,United Kingdom,-32.85
,84816,DANISH ROSE BEDSIDE CABINET,-1,2011-01-21 12:56:00,39.95,12829.0,United Kingdom,-39.95
,82581,TOILET METAL SIGN,-12,2011-01-21 13:07:00,0.55,14175.0,United Kingdom,-6.6
,82580,BATHROOM METAL SIGN,-12,2011-01-21 13:07:00,0.55,14175.0,United Kingdom,-6.6
,82578,KITCHEN METAL SIGN,-12,2011-01-21 13:07:00,0.55,14175.0,United Kingdom,-6.6
541802,20854,,-80,2011-01-21 14:45:00,0.0,,United Kingdom,-0.0
,21340,CLASSIC METAL BIRDCAGE PLANT HOLDER,-4,2011-01-21 16:11:00,9.95,13929.0,United Kingdom,-39.8
,22207,FRYING PAN UNION FLAG,-1,2011-01-21 16:34:00,3.75,17389.0,United Kingdom,-3.75
,84968D,SET OF 16 VINTAGE RED CUTLERY,-1,2011-01-21 16:41:00,12.75,15281.0,United Kingdom,-12.75
,84818,DANISH ROSE PHOTO FRAME,-3,2011-01-21 16:41:00,2.55,15281.0,United Kingdom,-7.65
,84631,FRUIT TREE AND BIRDS WALL PLAQUE,-1,2011-01-21 16:41:00,7.95,15281.0,United Kingdom,-7.95
,22973,CHILDREN'S CIRCUS PARADE MUG,-1,2011-01-21 16:41:00,1.65,15281.0,United Kingdom,-1.65
,22960,JAM MAKING SET WITH JARS,-2,2011-01-21 16:41:00,4.25,15281.0,United Kingdom,-8.5
,22778,GLASS CLOCHE SMALL,-2,2011-01-21 16:53:00,3.95,15658.0,United Kingdom,-7.9
,22697,GREEN REGENCY TEACUP AND SAUCER,-1,2011-01-21 16:53:00,2.95,15658.0,United Kingdom,-2.95
,22699,ROSES REGENCY TEACUP AND SAUCER ,-2,2011-01-21 16:53:00,2.95,15658.0,United Kingdom,-5.9
,22926,IVORY GIANT GARDEN THERMOMETER,-1,2011-01-21 16:53:00,5.95,15658.0,United Kingdom,-5.95
,21155,RED RETROSPOT PEG BAG,-1,2011-01-21 16:55:00,2.1,17677.0,United Kingdom,-2.1
,22456,NATURAL SLATE CHALKBOARD LARGE ,-3,2011-01-21 16:58:00,4.25,15939.0,United Kingdom,-12.75
,21877,HOME SWEET HOME MUG,-1,2011-01-21 17:01:00,1.25,12652.0,France,-1.25
,21875,KINGS CHOICE MUG,-1,2011-01-21 17:01:00,1.25,12652.0,France,-1.25
,20914,SET/5 RED RETROSPOT LID GLASS BOWLS,-1,2011-01-21 17:01:00,2.95,12652.0,France,-2.95
,22149,FELTCRAFT 6 FLOWER FRIENDS,-1,2011-01-21 17:04:00,2.1,18260.0,United Kingdom,-2.1
,22423,REGENCY CAKESTAND 3 TIER,-1,2011-01-21 17:04:00,12.75,18260.0,United Kingdom,-12.75
,71459,HANGING JAM JAR T-LIGHT HOLDER,-4,2011-01-21 17:04:00,0.85,18260.0,United Kingdom,-3.4
,84945,MULTI COLOUR SILVER T-LIGHT HOLDER,-2,2011-01-21 17:06:00,0.85,13769.0,United Kingdom,-1.7
,21903,MAN FLU METAL SIGN,-1,2011-01-21 17:06:00,2.1,13769.0,United Kingdom,-2.1
,22220,CAKE STAND LOVEBIRD 2 TIER WHITE,-2,2011-01-21 17:08:00,9.95,14175.0,United Kingdom,-19.9
,22060,LARGE CAKE STAND HANGING HEARTS,-2,2011-01-21 17:08:00,9.95,14175.0,United Kingdom,-19.9
,22943,CHRISTMAS LIGHTS 10 VINTAGE BAUBLES,-1,2011-01-21 17:12:00,4.95,18223.0,United Kingdom,-4.95
,22634,CHILDS BREAKFAST SET SPACEBOY ,-1,2011-01-21 17:18:00,9.95,17644.0,United Kingdom,-9.95
,85118,HEART T-LIGHT HOLDER,-6,2011-01-21 17:24:00,1.25,17048.0,United Kingdom,-7.5
,21781,MA CAMPAGNE CUTLERY BOX,-1,2011-01-23 14:21:00,14.95,17841.0,United Kingdom,-14.95
,22796,PHOTO FRAME 3 CLASSIC HANGING,-2,2011-01-23 15:48:00,9.95,13742.0,United Kingdom,-19.9
,21231,SWEETHEART CERAMIC TRINKET BOX,-4,2011-01-23 16:08:00,1.06,13798.0,United Kingdom,-4.24
,20711,JUMBO BAG TOYS ,-4,2011-01-23 16:08:00,1.65,13798.0,United Kingdom,-6.6
,21936,RED RETROSPOT PICNIC BAG,-1,2011-01-23 16:08:00,2.55,13798.0,United Kingdom,-2.55
,21932,SCANDINAVIAN PAISLEY PICNIC BAG,-1,2011-01-23 16:08:00,2.55,13798.0,United Kingdom,-2.55
,20725,LUNCH BAG RED RETROSPOT,-1,2011-01-23 16:08:00,1.45,13798.0,United Kingdom,-1.45
,85099B,JUMBO BAG RED RETROSPOT,-6,2011-01-23 16:08:00,1.65,13798.0,United Kingdom,-9.9
,21181,PLEASE ONE PERSON METAL SIGN,-1,2011-01-23 16:08:00,1.85,13798.0,United Kingdom,-1.85
,82551,LAUNDRY 15C METAL SIGN,-2,2011-01-23 16:08:00,1.25,13798.0,United Kingdom,-2.5
,82583,HOT BATHS METAL SIGN,-1,2011-01-23 16:08:00,1.69,13798.0,United Kingdom,-1.69
,20727,LUNCH BAG  BLACK SKULL.,-1,2011-01-23 16:08:00,1.45,13798.0,United Kingdom,-1.45
,37446,MINI CAKE STAND WITH HANGING CAKES,-1,2011-01-23 16:08:00,1.25,13798.0,United Kingdom,-1.25
,37449,CERAMIC CAKE STAND + HANGING CAKES,-2,2011-01-23 16:08:00,8.5,13798.0,United Kingdom,-17.0
,35924,HANGING FAIRY CAKE DECORATION,-2,2011-01-23 16:08:00,1.69,13798.0,United Kingdom,-3.38
,37450,CERAMIC CAKE BOWL + HANGING CAKES,-1,2011-01-23 16:08:00,2.55,13798.0,United Kingdom,-2.55
,82583,HOT BATHS METAL SIGN,-5,2011-01-23 16:08:00,1.69,13798.0,United Kingdom,-8.45
,22065,CHRISTMAS PUDDING TRINKET POT ,-2,2011-01-23 16:08:00,1.25,13798.0,United Kingdom,-2.5
,21231,SWEETHEART CERAMIC TRINKET BOX,-9,2011-01-23 16:08:00,1.06,13798.0,United Kingdom,-9.54
,21232,STRAWBERRY CERAMIC TRINKET BOX,-2,2011-01-24 09:30:00,1.25,14796.0,United Kingdom,-2.5
,22423,REGENCY CAKESTAND 3 TIER,-1,2011-01-24 09:30:00,12.75,14796.0,United Kingdom,-12.75
,22059,CERAMIC STRAWBERRY DESIGN MUG,-3,2011-01-24 09:30:00,1.49,14796.0,United Kingdom,-4.47
,37448,CERAMIC CAKE DESIGN SPOTTED MUG,-4,2011-01-24 09:30:00,1.49,14796.0,United Kingdom,-5.96
,22067,CHOC TRUFFLE GOLD TRINKET POT ,-2,2011-01-24 09:30:00,1.65,14796.0,United Kingdom,-3.3
541882,48185,?,-57,2011-01-24 10:54:00,0.0,,United Kingdom,-0.0
,85123A,WHITE HANGING HEART T-LIGHT HOLDER,-1,2011-01-24 11:14:00,2.95,16782.0,United Kingdom,-2.95
,22170,PICTURE FRAME WOOD TRIPLE PORTRAIT,-12,2011-01-24 11:30:00,5.95,15039.0,United Kingdom,-71.4
,21034,REX CASH+CARRY JUMBO SHOPPER,-10,2011-01-24 12:35:00,0.95,14692.0,United Kingdom,-9.5
,22767,TRIPLE PHOTO FRAME CORNICE ,-2,2011-01-24 12:58:00,9.95,17799.0,United Kingdom,-19.9
,22768,FAMILY PHOTO FRAME CORNICE,-1,2011-01-24 12:58:00,9.95,17799.0,United Kingdom,-9.95
,84849D,HOT BATHS SOAP HOLDER,-21,2011-01-24 13:13:00,1.69,15291.0,United Kingdom,-35.49
541967,84823,,-3,2011-01-24 13:35:00,0.0,,United Kingdom,-0.0
,22111,SCOTTIE DOG HOT WATER BOTTLE,-24,2011-01-25 09:49:00,4.25,14113.0,United Kingdom,-102.0
,22778,GLASS CLOCHE SMALL,-7,2011-01-25 11:45:00,3.39,15311.0,United Kingdom,-23.73
,22727,ALARM CLOCK BAKELIKE RED ,-1,2011-01-25 11:47:00,3.75,14534.0,United Kingdom,-3.75
,22198,LARGE POPCORN HOLDER ,-1,2011-01-25 12:01:00,1.65,14680.0,United Kingdom,-1.65
,20726,LUNCH BAG WOODLAND,-2,2011-01-25 12:01:00,1.65,14680.0,United Kingdom,-3.3
,20725,LUNCH BAG RED RETROSPOT,-2,2011-01-25 12:01:00,1.45,14680.0,United Kingdom,-2.9
,20728,LUNCH BAG CARS BLUE,-3,2011-01-25 12:01:00,1.65,14680.0,United Kingdom,-4.95
,21936,RED RETROSPOT PICNIC BAG,-1,2011-01-25 12:01:00,2.95,14680.0,United Kingdom,-2.95
,21430,SET/3 RED GINGHAM ROSE STORAGE BOX,-2,2011-01-25 12:01:00,3.39,14680.0,United Kingdom,-6.78
,21258,VICTORIAN SEWING BOX LARGE,-3,2011-01-25 12:01:00,10.95,14680.0,United Kingdom,-32.85
,22461,SAVOY ART DECO CLOCK,-1,2011-01-25 12:11:00,12.75,12854.0,United Kingdom,-12.75
,22189,CREAM HEART CARD HOLDER,-1,2011-01-25 12:11:00,3.95,12854.0,United Kingdom,-3.95
,20725,LUNCH BAG RED RETROSPOT,-2,2011-01-25 12:25:00,1.65,15213.0,United Kingdom,-3.3
,22423,REGENCY CAKESTAND 3 TIER,-1,2011-01-25 12:34:00,12.75,18277.0,United Kingdom,-12.75
,22556,PLASTERS IN TIN CIRCUS PARADE ,-12,2011-01-25 12:36:00,1.65,12553.0,France,-19.8
,22301,COFFEE MUG CAT + BIRD DESIGN,-3,2011-01-25 12:39:00,2.55,12681.0,France,-7.65
,22300,COFFEE MUG DOG + BALL DESIGN,-2,2011-01-25 12:39:00,2.55,12681.0,France,-5.1
,22485,SET OF 2 WOODEN MARKET CRATES,-1,2011-01-25 12:41:00,12.75,17091.0,United Kingdom,-12.75
,22442,GROW YOUR OWN FLOWERS SET OF 3,-1,2011-01-25 12:41:00,7.95,17091.0,United Kingdom,-7.95
,22960,JAM MAKING SET WITH JARS,-1,2011-01-25 12:41:00,4.25,17091.0,United Kingdom,-4.25
,20725,LUNCH BAG RED RETROSPOT,-1,2011-01-25 12:45:00,1.65,14389.0,United Kingdom,-1.65
,21931,JUMBO STORAGE BAG SUKI,-1,2011-01-25 12:45:00,1.95,14389.0,United Kingdom,-1.95
,20723,STRAWBERRY CHARLOTTE BAG,-2,2011-01-25 12:45:00,0.72,14389.0,United Kingdom,-1.44
,20727,LUNCH BAG  BLACK SKULL.,-1,2011-01-25 12:45:00,1.65,14389.0,United Kingdom,-1.65
,22663,JUMBO BAG DOLLY GIRL DESIGN,-1,2011-01-25 12:45:00,1.95,14389.0,United Kingdom,-1.95
,85099B,JUMBO BAG RED RETROSPOT,-2,2011-01-25 12:45:00,1.95,14389.0,United Kingdom,-3.9
,22236,CAKE STAND 3 TIER MAGIC GARDEN,-1,2011-01-25 12:47:00,12.75,13310.0,United Kingdom,-12.75
,21537,RED RETROSPOT PUDDING BOWL,-2,2011-01-25 12:47:00,4.25,13310.0,United Kingdom,-8.5
,21877,HOME SWEET HOME MUG,-5,2011-01-25 12:49:00,1.25,17730.0,United Kingdom,-6.25
,22701,PINK DOG BOWL,-4,2011-01-25 12:52:00,2.95,14215.0,United Kingdom,-11.8
,22937,BAKING MOULD CHOCOLATE CUPCAKES,-7,2011-01-25 13:15:00,2.55,12471.0,Germany,-17.85
,22649,STRAWBERRY FAIRY CAKE TEAPOT,-1,2011-01-25 13:15:00,4.95,12471.0,Germany,-4.95
,22423,REGENCY CAKESTAND 3 TIER,-2,2011-01-25 13:15:00,10.95,12471.0,Germany,-21.9
,22865,HAND WARMER OWL DESIGN,-1,2011-01-25 13:26:00,1.85,16191.0,United Kingdom,-1.85
,22960,JAM MAKING SET WITH JARS,-2,2011-01-25 13:26:00,3.75,16191.0,United Kingdom,-7.5
,84536B,FAIRY CAKES NOTEBOOK A7 SIZE,-32,2011-01-25 17:21:00,0.42,17368.0,United Kingdom,-13.44
,84536A,ENGLISH ROSE NOTEBOOK A7 SIZE,-32,2011-01-25 17:21:00,0.42,17368.0,United Kingdom,-13.44
,51014L,"FEATHER PEN,LIGHT PINK",-72,2011-01-25 17:21:00,0.85,17368.0,United Kingdom,-61.2
,51014A,"FEATHER PEN,HOT PINK",-72,2011-01-25 17:21:00,0.85,17368.0,United Kingdom,-61.2
,22537,MAGIC DRAWING SLATE DINOSAUR,-48,2011-01-25 17:21:00,0.42,17368.0,United Kingdom,-20.16
,22535,MAGIC DRAWING SLATE BUNNIES ,-48,2011-01-25 17:21:00,0.42,17368.0,United Kingdom,-20.16
,22418,10 COLOUR SPACEBOY PEN,-24,2011-01-25 17:21:00,0.85,17368.0,United Kingdom,-20.4
,22356,CHARLOTTE BAG PINK POLKADOT,-10,2011-01-25 17:21:00,0.85,17368.0,United Kingdom,-8.5
,22211,WOOD STAMP SET FLOWERS,-48,2011-01-25 17:21:00,1.45,17368.0,United Kingdom,-69.6
,20975,12 PENCILS SMALL TUBE RED RETROSPOT,-48,2011-01-25 17:21:00,0.65,17368.0,United Kingdom,-31.2
,20974,12 PENCILS SMALL TUBE SKULL,-48,2011-01-25 17:21:00,0.65,17368.0,United Kingdom,-31.2
,20866,BLUE ROSE FABRIC MIRROR,-120,2011-01-25 17:21:00,1.06,17368.0,United Kingdom,-127.2
,20857,BLUE ROSE PATCH PURSE PINK BUTTERFL,-15,2011-01-25 17:21:00,1.65,17368.0,United Kingdom,-24.75
,20856,DENIM PATCH PURSE PINK BUTTERFLY,-10,2011-01-25 17:21:00,1.65,17368.0,United Kingdom,-16.5
,20854,BLUE PATCH PURSE PINK HEART,-14,2011-01-25 17:21:00,1.65,17368.0,United Kingdom,-23.1
,20723,STRAWBERRY CHARLOTTE BAG,-10,2011-01-25 17:21:00,0.85,17368.0,United Kingdom,-8.5
,16237,SLEEPING CAT ERASERS,-60,2011-01-25 17:21:00,0.21,17368.0,United Kingdom,-12.6
,22442,GROW YOUR OWN FLOWERS SET OF 3,-4,2011-01-25 17:24:00,7.95,17094.0,United Kingdom,-31.8
,22929,SCHOOL DESK AND CHAIR ,-2,2011-01-25 17:33:00,65.0,12947.0,United Kingdom,-130.0
,22319,HAIRCLIPS FORTIES FABRIC ASSORTED,-6,2011-01-26 10:30:00,0.65,14049.0,United Kingdom,-3.9
,22492,MINI PAINT SET VINTAGE ,-1,2011-01-26 10:30:00,0.65,14049.0,United Kingdom,-0.65
,21559,STRAWBERRY LUNCH BOX WITH CUTLERY,-1,2011-01-26 10:30:00,2.55,14049.0,United Kingdom,-2.55
,21703,BAG 125g SWIRLY MARBLES,-1,2011-01-26 10:30:00,0.42,14049.0,United Kingdom,-0.42
,21579,LOLITA  DESIGN  COTTON TOTE BAG,-2,2011-01-26 10:30:00,2.25,14049.0,United Kingdom,-4.5
,22198,LARGE POPCORN HOLDER ,-1,2011-01-26 12:36:00,1.65,14606.0,United Kingdom,-1.65
,22494,EMERGENCY FIRST AID TIN ,-1,2011-01-26 12:36:00,1.25,14606.0,United Kingdom,-1.25
,35971,ROSE FOLKART HEART DECORATIONS,-1,2011-01-26 12:36:00,1.25,14606.0,United Kingdom,-1.25
542225,85096,label mix up,-59,2011-01-26 13:10:00,0.0,,United Kingdom,-0.0
,22655,VINTAGE RED KITCHEN CABINET,-2,2011-01-26 13:44:00,125.0,16714.0,United Kingdom,-250.0
,22960,JAM MAKING SET WITH JARS,-1,2011-01-26 15:04:00,3.75,13098.0,United Kingdom,-3.75
,22380,TOY TIDY SPACEBOY  ,-1,2011-01-26 15:06:00,2.1,13098.0,United Kingdom,-2.1
,22383,LUNCH BAG SUKI  DESIGN ,-1,2011-01-26 15:06:00,1.65,13098.0,United Kingdom,-1.65
,20726,LUNCH BAG WOODLAND,-1,2011-01-26 15:06:00,1.65,13098.0,United Kingdom,-1.65
,22729,ALARM CLOCK BAKELIKE ORANGE,-1,2011-01-26 15:06:00,3.75,13098.0,United Kingdom,-3.75
,22727,ALARM CLOCK BAKELIKE RED ,-2,2011-01-26 15:06:00,3.75,13098.0,United Kingdom,-7.5
,22726,ALARM CLOCK BAKELIKE GREEN,-2,2011-01-26 15:06:00,3.75,13098.0,United Kingdom,-7.5
,22943,CHRISTMAS LIGHTS 10 VINTAGE BAUBLES,-2,2011-01-26 15:06:00,4.25,13098.0,United Kingdom,-8.5
,22941,CHRISTMAS LIGHTS 10 REINDEER,-3,2011-01-26 15:06:00,7.65,13098.0,United Kingdom,-22.95
,22116,METAL SIGN HIS DINNER IS SERVED,-12,2011-01-26 17:04:00,0.85,17722.0,United Kingdom,-10.2
,21883,STARS GIFT TAPE ,-1,2011-01-26 17:04:00,0.19,17722.0,United Kingdom,-0.19
,22471,TV DINNER TRAY AIR HOSTESS ,-1,2011-01-26 17:04:00,1.95,17722.0,United Kingdom,-1.95
,22095,LADS ONLY TISSUE BOX,-1,2011-01-26 17:04:00,1.06,17722.0,United Kingdom,-1.06
,22841,ROUND CAKE TIN VINTAGE GREEN,-2,2011-01-26 17:06:00,7.95,14341.0,United Kingdom,-15.9
,22625,RED KITCHEN SCALES,-1,2011-01-26 17:09:00,8.5,16656.0,United Kingdom,-8.5
,85150,LADIES & GENTLEMEN METAL SIGN,-2,2011-01-26 17:11:00,2.55,13890.0,United Kingdom,-5.1
,22971,QUEENS GUARD COFFEE MUG,-2,2011-01-26 17:13:00,2.1,17306.0,United Kingdom,-4.2
,22970,LONDON BUS COFFEE MUG,-6,2011-01-26 17:13:00,2.1,17306.0,United Kingdom,-12.6
,21843,RED RETROSPOT CAKE STAND,-1,2011-01-26 17:15:00,10.95,17591.0,United Kingdom,-10.95
,22699,ROSES REGENCY TEACUP AND SAUCER ,-1,2011-01-26 17:16:00,2.95,14849.0,United Kingdom,-2.95
,22423,REGENCY CAKESTAND 3 TIER,-2,2011-01-26 17:25:00,10.95,15215.0,United Kingdom,-21.9
,48138,DOORMAT UNION FLAG,-1,2011-01-26 17:25:00,7.95,15215.0,United Kingdom,-7.95
,22960,JAM MAKING SET WITH JARS,-1,2011-01-27 09:35:00,4.25,13050.0,United Kingdom,-4.25
,84927E,FLOWERS TILE HOOK,-2,2011-01-27 09:40:00,2.1,12637.0,France,-4.2
,84927D,LA PALMIERA TILE HOOK,-2,2011-01-27 09:40:00,2.1,12637.0,France,-4.2
,21068,VINTAGE BILLBOARD LOVE/HATE MUG,-5,2011-01-27 09:40:00,1.25,12637.0,France,-6.25
,21936,RED RETROSPOT PICNIC BAG,-2,2011-01-27 10:01:00,2.95,12578.0,Italy,-5.9
,22099,CARAVAN SQUARE TISSUE BOX,-9,2011-01-27 10:01:00,1.25,12578.0,Italy,-11.25
,20980,36 PENCILS TUBE POSY,-9,2011-01-27 10:01:00,1.25,12578.0,Italy,-11.25
,22301,COFFEE MUG CAT + BIRD DESIGN,-1,2011-01-27 10:01:00,2.55,12578.0,Italy,-2.55
,22300,COFFEE MUG DOG + BALL DESIGN,-1,2011-01-27 10:01:00,2.55,12578.0,Italy,-2.55
,21896,POTTING SHED TWINE,-2,2011-01-27 12:00:00,1.85,12709.0,Germany,-3.7
,22591,CARDHOLDER GINGHAM CHRISTMAS TREE,-1,2011-01-27 12:00:00,2.55,12709.0,Germany,-2.55
,22423,REGENCY CAKESTAND 3 TIER,-4,2011-01-27 12:00:00,10.95,12709.0,Germany,-43.8
,22467,GUMBALL COAT RACK,-3,2011-01-27 12:00:00,2.1,12709.0,Germany,-6.3
,85232B,SET OF 3 BABUSHKA STACKING TINS,-5,2011-01-27 12:00:00,4.25,12709.0,Germany,-21.25
,21658,GLASS  BEURRE DISH,-1,2011-01-27 12:00:00,3.39,12709.0,Germany,-3.39
,22596,CHRISTMAS STAR WISH LIST CHALKBOARD,-1,2011-01-27 12:00:00,0.72,12709.0,Germany,-0.72
,22606,WOODEN SKITTLES GARDEN SET,-1,2011-01-27 12:00:00,12.75,12709.0,Germany,-12.75
,M,Manual,-1,2011-01-27 12:09:00,1715.85,12539.0,Spain,-1715.85
,22666,RECIPE BOX PANTRY YELLOW DESIGN,-1,2011-01-27 12:18:00,2.95,15596.0,United Kingdom,-2.95
542361,85161,samples/damages,-20,2011-01-27 12:47:00,0.0,,United Kingdom,-0.0
542362,20699,,-16,2011-01-27 12:49:00,0.0,,United Kingdom,-0.0
542365,21897,,-22,2011-01-27 12:51:00,0.0,,United Kingdom,-0.0
,85174,S/4 CACTI CANDLES,-1,2011-01-27 12:54:00,4.25,13777.0,United Kingdom,-4.25
,20934,SET/3 POT PLANT CANDLES,-2,2011-01-27 12:54:00,4.95,13777.0,United Kingdom,-9.9
,21137,BLACK RECORD COVER FRAME,-2,2011-01-27 12:54:00,3.39,13777.0,United Kingdom,-6.78
,22041,"RECORD FRAME 7"" SINGLE SIZE ",-7,2011-01-27 12:54:00,2.1,13777.0,United Kingdom,-14.7
,21232,STRAWBERRY CERAMIC TRINKET BOX,-10,2011-01-27 12:54:00,1.06,13777.0,United Kingdom,-10.6
,22095,LADS ONLY TISSUE BOX,-8,2011-01-27 12:54:00,1.25,13777.0,United Kingdom,-10.0
,35004C,SET OF 3 COLOURED  FLYING DUCKS,-10,2011-01-27 12:54:00,4.65,13777.0,United Kingdom,-46.5
,15056P,EDWARDIAN PARASOL PINK,-1,2011-01-27 12:54:00,4.65,13777.0,United Kingdom,-4.65
,15056N,EDWARDIAN PARASOL NATURAL,-1,2011-01-27 12:54:00,4.25,13777.0,United Kingdom,-4.25
,72802A,ROSE SCENT CANDLE IN JEWELLED BOX,-1,2011-01-27 12:54:00,3.81,13777.0,United Kingdom,-3.81
542367,82583,,-30,2011-01-27 12:57:00,0.0,,United Kingdom,-0.0
542368,85188B,,-70,2011-01-27 12:59:00,0.0,,United Kingdom,-0.0
,M,Manual,-1,2011-01-27 13:44:00,4.65,13777.0,United Kingdom,-4.65
,M,Manual,-2,2011-01-27 13:44:00,2.55,13777.0,United Kingdom,-5.1
542379,35922,,-30,2011-01-27 13:58:00,0.0,,United Kingdom,-0.0
542380,84917,,-50,2011-01-27 13:59:00,0.0,,United Kingdom,-0.0
,22423,REGENCY CAKESTAND 3 TIER,-13,2011-01-27 14:26:00,10.95,14299.0,United Kingdom,-142.35
,22457,NATURAL SLATE HEART CHALKBOARD ,-1,2011-01-27 14:32:00,2.95,14290.0,United Kingdom,-2.95
,22943,CHRISTMAS LIGHTS 10 VINTAGE BAUBLES,-1,2011-01-27 14:32:00,4.25,14290.0,United Kingdom,-4.25
542391,84455,,-31,2011-01-27 14:54:00,0.0,,United Kingdom,-0.0
542392,84227,,-2,2011-01-27 14:56:00,0.0,,United Kingdom,-0.0
542396,22146,,-4,2011-01-27 15:12:00,0.0,,United Kingdom,-0.0
,85126,LARGE ROUND CUTGLASS CANDLESTICK,-1,2011-01-27 15:12:00,6.75,17389.0,United Kingdom,-6.75
,22183,CAKE STAND VICTORIAN FILIGREE MED,-1,2011-01-27 15:49:00,5.95,15189.0,United Kingdom,-5.95
,22960,JAM MAKING SET WITH JARS,-2,2011-01-27 16:05:00,4.25,16124.0,United Kingdom,-8.5
,22847,BREAD BIN DINER STYLE IVORY,-1,2011-01-27 16:05:00,16.95,16124.0,United Kingdom,-16.95
,22849,BREAD BIN DINER STYLE MINT,-1,2011-01-27 16:05:00,16.95,16124.0,United Kingdom,-16.95
,22848,BREAD BIN DINER STYLE PINK,-1,2011-01-27 16:05:00,16.95,16124.0,United Kingdom,-16.95
,84978,HANGING HEART JAR T-LIGHT HOLDER,-2,2011-01-27 16:05:00,1.25,16124.0,United Kingdom,-2.5
,22776,SWEETHEART CAKESTAND 3 TIER,-3,2011-01-27 16:07:00,9.95,13534.0,United Kingdom,-29.85
,22789,T-LIGHT HOLDER SWEETHEART HANGING,-1,2011-01-27 16:07:00,1.95,13534.0,United Kingdom,-1.95
,22776,SWEETHEART CAKESTAND 3 TIER,-3,2011-01-27 16:08:00,9.95,13534.0,United Kingdom,-29.85
,85099F,JUMBO BAG STRAWBERRY,-1,2011-01-27 16:08:00,1.95,13534.0,United Kingdom,-1.95
,20711,JUMBO BAG TOYS ,-1,2011-01-27 16:08:00,1.95,13534.0,United Kingdom,-1.95
,21876,POTTERING MUG,-1,2011-01-27 17:11:00,1.25,16923.0,United Kingdom,-1.25
,22699,ROSES REGENCY TEACUP AND SAUCER ,-2,2011-01-27 17:11:00,2.95,16923.0,United Kingdom,-5.9
,22940,FELTCRAFT CHRISTMAS FAIRY,-12,2011-01-27 17:11:00,4.25,16923.0,United Kingdom,-51.0
,22144,CHRISTMAS CRAFT LITTLE FRIENDS,-30,2011-01-27 17:11:00,2.1,16923.0,United Kingdom,-63.0
,21756,BATH BUILDING BLOCK WORD,-2,2011-01-27 17:11:00,5.95,16923.0,United Kingdom,-11.9
,22952,60 CAKE CASES VINTAGE CHRISTMAS,-24,2011-01-27 17:11:00,0.55,16923.0,United Kingdom,-13.2
,21876,POTTERING MUG,-5,2011-01-27 17:11:00,1.25,16923.0,United Kingdom,-6.25
,22149,FELTCRAFT 6 FLOWER FRIENDS,-10,2011-01-27 17:11:00,2.1,16923.0,United Kingdom,-21.0
,22112,CHOCOLATE HOT WATER BOTTLE,-6,2011-01-27 17:11:00,4.95,16923.0,United Kingdom,-29.7
,22960,JAM MAKING SET WITH JARS,-4,2011-01-27 17:11:00,4.25,16923.0,United Kingdom,-17.0
,22910,PAPER CHAIN KIT VINTAGE CHRISTMAS,-18,2011-01-27 17:11:00,2.95,16923.0,United Kingdom,-53.1
,22909,SET OF 20 VINTAGE CHRISTMAS NAPKINS,-24,2011-01-27 17:11:00,0.85,16923.0,United Kingdom,-20.4
,22141,CHRISTMAS CRAFT TREE TOP ANGEL,-6,2011-01-27 17:11:00,2.1,16923.0,United Kingdom,-12.6
,22142,CHRISTMAS CRAFT WHITE FAIRY ,-10,2011-01-27 17:11:00,1.45,16923.0,United Kingdom,-14.5
,21485,RETROSPOT HEART HOT WATER BOTTLE,-6,2011-01-27 17:11:00,4.95,16923.0,United Kingdom,-29.7
542414,84967A,,-2,2011-01-27 17:15:00,0.0,,United Kingdom,-0.0
542415,84967B,,-1,2011-01-27 17:15:00,0.0,,United Kingdom,-0.0
,85059,FRENCH ENAMEL WATER BASIN,-3,2011-01-27 17:23:00,1.25,16133.0,United Kingdom,-3.75
,85054,FRENCH ENAMEL POT W LID,-2,2011-01-27 17:23:00,1.25,16133.0,United Kingdom,-2.5
542417,84966B,,-11,2011-01-27 17:38:00,0.0,,United Kingdom,-0.0
542418,84966A,,-17,2011-01-27 17:39:00,0.0,,United Kingdom,-0.0
,37446,MINI CAKE STAND WITH HANGING CAKES,-1,2011-01-27 18:08:00,1.45,17180.0,United Kingdom,-1.45
,22456,NATURAL SLATE CHALKBOARD LARGE ,-1,2011-01-28 09:18:00,4.95,18075.0,United Kingdom,-4.95
,85123A,WHITE HANGING HEART T-LIGHT HOLDER,-3,2011-01-28 09:18:00,2.95,18075.0,United Kingdom,-8.85
,22178,VICTORIAN GLASS HANGING T-LIGHT,-1,2011-01-28 09:18:00,1.25,18075.0,United Kingdom,-1.25
,22156,HEART DECORATION WITH PEARLS ,-5,2011-01-28 09:18:00,0.85,18075.0,United Kingdom,-4.25
,21733,RED HANGING HEART T-LIGHT HOLDER,-1,2011-01-28 09:18:00,2.95,18075.0,United Kingdom,-2.95
,85199S,SMALL HANGING IVORY/RED WOOD BIRD,-24,2011-01-28 09:32:00,0.42,14146.0,United Kingdom,-10.08
,85199L,LARGE HANGING IVORY & RED WOOD BIRD,-12,2011-01-28 09:32:00,0.65,14146.0,United Kingdom,-7.8
,85049E,SCANDINAVIAN REDS RIBBONS,-12,2011-01-28 09:32:00,1.25,14146.0,United Kingdom,-15.0
,84946,ANTIQUE SILVER TEA GLASS ETCHED,-12,2011-01-28 09:32:00,1.25,14146.0,United Kingdom,-15.0
,84945,MULTI COLOUR SILVER T-LIGHT HOLDER,-12,2011-01-28 09:32:00,0.85,14146.0,United Kingdom,-10.2
,22969,HOMEMADE JAM SCENTED CANDLES,-24,2011-01-28 09:32:00,1.45,14146.0,United Kingdom,-34.8
,22853,CAT BOWL VINTAGE CREAM,-6,2011-01-28 09:32:00,3.25,14146.0,United Kingdom,-19.5
,22852,DOG BOWL VINTAGE CREAM,-4,2011-01-28 09:32:00,4.25,14146.0,United Kingdom,-17.0
,22845,VINTAGE CREAM CAT FOOD CONTAINER,-2,2011-01-28 09:32:00,6.35,14146.0,United Kingdom,-12.7
,22844,VINTAGE CREAM DOG FOOD CONTAINER,-2,2011-01-28 09:32:00,8.5,14146.0,United Kingdom,-17.0
,22837,HOT WATER BOTTLE BABUSHKA ,-36,2011-01-28 09:32:00,4.25,14146.0,United Kingdom,-153.0
,22834,HAND WARMER BABUSHKA DESIGN,-48,2011-01-28 09:32:00,0.85,14146.0,United Kingdom,-40.8
,22810,SET OF 6 T-LIGHTS SNOWMEN,-48,2011-01-28 09:32:00,2.55,14146.0,United Kingdom,-122.4
,22752,SET 7 BABUSHKA NESTING BOXES,-24,2011-01-28 09:32:00,7.65,14146.0,United Kingdom,-183.6
,22746,POPPY'S PLAYHOUSE LIVINGROOM ,-6,2011-01-28 09:32:00,2.1,14146.0,United Kingdom,-12.6
,22745,POPPY'S PLAYHOUSE BEDROOM ,-6,2011-01-28 09:32:00,2.1,14146.0,United Kingdom,-12.6
,22654,DELUXE SEWING KIT ,-3,2011-01-28 09:32:00,5.95,14146.0,United Kingdom,-17.85
,22653,BUTTON BOX ,-10,2011-01-28 09:32:00,1.95,14146.0,United Kingdom,-19.5
,22652,TRAVEL SEWING KIT,-10,2011-01-28 09:32:00,1.65,14146.0,United Kingdom,-16.5
,22423,REGENCY CAKESTAND 3 TIER,-2,2011-01-28 09:32:00,12.75,14146.0,United Kingdom,-25.5
,22418,10 COLOUR SPACEBOY PEN,-24,2011-01-28 09:32:00,0.85,14146.0,United Kingdom,-20.4
,22398,MAGNETS PACK OF 4 SWALLOWS,-12,2011-01-28 09:32:00,1.25,14146.0,United Kingdom,-15.0
,22299,PIG KEYRING WITH LIGHT & SOUND ,-24,2011-01-28 09:32:00,1.25,14146.0,United Kingdom,-30.0
,22219,LOVEBIRD HANGING DECORATION WHITE ,-12,2011-01-28 09:32:00,0.85,14146.0,United Kingdom,-10.2
,22077,6 RIBBONS RUSTIC CHARM,-12,2011-01-28 09:32:00,1.65,14146.0,United Kingdom,-19.8
,22075,6 RIBBONS ELEGANT CHRISTMAS ,-12,2011-01-28 09:32:00,1.65,14146.0,United Kingdom,-19.8
,22074,6 RIBBONS SHIMMERING PINKS ,-12,2011-01-28 09:32:00,1.65,14146.0,United Kingdom,-19.8
,21874,GIN AND TONIC MUG,-12,2011-01-28 09:32:00,1.25,14146.0,United Kingdom,-15.0
,21677,HEARTS  STICKERS,-12,2011-01-28 09:32:00,0.85,14146.0,United Kingdom,-10.2
,21675,BUTTERFLIES STICKERS,-12,2011-01-28 09:32:00,0.85,14146.0,United Kingdom,-10.2
,21484,CHICK GREY HOT WATER BOTTLE,-36,2011-01-28 09:32:00,2.95,14146.0,United Kingdom,-106.2
,21481,FAWN BLUE HOT WATER BOTTLE,-36,2011-01-28 09:32:00,2.55,14146.0,United Kingdom,-91.8
,21340,CLASSIC METAL BIRDCAGE PLANT HOLDER,-8,2011-01-28 09:32:00,9.95,14146.0,United Kingdom,-79.6
,20972,PINK CREAM FELT CRAFT TRINKET BOX ,-12,2011-01-28 09:32:00,1.25,14146.0,United Kingdom,-15.0
,20971,PINK BLUE FELT CRAFT TRINKET BOX,-12,2011-01-28 09:32:00,1.25,14146.0,United Kingdom,-15.0
,85159A,"BLACK TEA,COFFEE,SUGAR JARS",-1,2011-01-28 09:34:00,6.35,14180.0,United Kingdom,-6.35
542518,22184,,-13,2011-01-28 12:17:00,0.0,,United Kingdom,-0.0
542529,DCGS0055,,-1,2011-01-28 13:08:00,0.0,,United Kingdom,-0.0
542531,DCGS0072,,-1,2011-01-28 13:08:00,0.0,,United Kingdom,-0.0
542532,DCGS0074,,-1,2011-01-28 13:09:00,0.0,,United Kingdom,-0.0
,22654,DELUXE SEWING KIT ,-1,2011-01-28 13:54:00,5.95,12501.0,Germany,-5.95
,22138,BAKING SET 9 PIECE RETROSPOT ,-1,2011-01-28 13:54:00,4.95,12501.0,Germany,-4.95
,22892,SET OF SALT AND PEPPER TOADSTOOLS,-3,2011-01-28 13:54:00,1.25,12501.0,Germany,-3.75
,21041,RED RETROSPOT OVEN GLOVE DOUBLE,-1,2011-01-28 13:54:00,2.95,12501.0,Germany,-2.95
,22352,LUNCH BOX WITH CUTLERY RETROSPOT ,-1,2011-01-28 13:54:00,2.55,12501.0,Germany,-2.55
,22195,LARGE HEART MEASURING SPOONS,-1,2011-01-28 13:54:00,1.65,12501.0,Germany,-1.65
,21121,SET/10 RED POLKADOT PARTY CANDLES,-24,2011-01-28 13:54:00,1.25,12501.0,Germany,-30.0
,21918,SET 12 KIDS COLOUR  CHALK STICKS,-12,2011-01-28 13:54:00,0.42,12501.0,Germany,-5.04
,21917,SET 12 KIDS  WHITE CHALK STICKS,-12,2011-01-28 13:54:00,0.42,12501.0,Germany,-5.04
,22558,CLOTHES PEGS RETROSPOT PACK 24 ,-2,2011-01-28 13:54:00,1.49,12501.0,Germany,-2.98
,21216,"SET 3 RETROSPOT TEA,COFFEE,SUGAR",-3,2011-01-28 13:54:00,4.95,12501.0,Germany,-14.85
,22567,20 DOLLY PEGS RETROSPOT,-12,2011-01-28 14:07:00,1.25,14229.0,United Kingdom,-15.0
,22423,REGENCY CAKESTAND 3 TIER,-7,2011-01-28 14:07:00,10.95,14229.0,United Kingdom,-76.65
,POST,POSTAGE,-1,2011-01-28 14:20:00,4.41,,United Kingdom,-4.41
,DOT,DOTCOM POSTAGE,-1,2011-01-28 14:20:00,3.29,,United Kingdom,-3.29
,21658,GLASS  BEURRE DISH,-1,2011-01-28 14:20:00,8.29,,United Kingdom,-8.29
542544,17165D,,-10,2011-01-28 14:43:00,0.0,,United Kingdom,-0.0
542546,20734,,-1,2011-01-28 14:44:00,0.0,,United Kingdom,-0.0
542547,20864,,-1,2011-01-28 14:45:00,0.0,,United Kingdom,-0.0
542548,20892,,-1,2011-01-28 14:45:00,0.0,,United Kingdom,-0.0
542550,20910,,-1,2011-01-28 14:45:00,0.0,,United Kingdom,-0.0
542551,21282,,-1,2011-01-28 14:46:00,0.0,,United Kingdom,-0.0
542552,21645,,-1,2011-01-28 14:47:00,0.0,,United Kingdom,-0.0
542553,21805,,-1,2011-01-28 14:49:00,0.0,,United Kingdom,-0.0
542554,21836,,-1,2011-01-28 14:49:00,0.0,,United Kingdom,-0.0
542555,21841,,-1,2011-01-28 14:50:00,0.0,,United Kingdom,-0.0
542556,22143,,-1,2011-01-28 14:50:00,0.0,,United Kingdom,-0.0
542557,22765,,-1,2011-01-28 14:50:00,0.0,,United Kingdom,-0.0
542558,35644,,-1,2011-01-28 14:51:00,0.0,,United Kingdom,-0.0
542559,35991,,-1,2011-01-28 14:51:00,0.0,,United Kingdom,-0.0
542560,47579,,-1,2011-01-28 14:51:00,0.0,,United Kingdom,-0.0
542561,84424A,,-1,2011-01-28 14:52:00,0.0,,United Kingdom,-0.0
542562,84499,,-1,2011-01-28 14:52:00,0.0,,United Kingdom,-0.0
542563,84509F,,-1,2011-01-28 14:52:00,0.0,,United Kingdom,-0.0
542564,84526,,-1,2011-01-28 14:52:00,0.0,,United Kingdom,-0.0
542565,84664,,-1,2011-01-28 14:52:00,0.0,,United Kingdom,-0.0
542566,84964B,,-1,2011-01-28 14:53:00,0.0,,United Kingdom,-0.0
542567,84975,,-1,2011-01-28 14:53:00,0.0,,United Kingdom,-0.0
542569,85028L,,-1,2011-01-28 14:53:00,0.0,,United Kingdom,-0.0
542570,85028S,,-1,2011-01-28 14:53:00,0.0,,United Kingdom,-0.0
542571,85031C,,-1,2011-01-28 14:54:00,0.0,,United Kingdom,-0.0
542572,85064,,-1,2011-01-28 14:54:00,0.0,,United Kingdom,-0.0
542573,85110,,-1,2011-01-28 14:55:00,0.0,,United Kingdom,-0.0
542574,85119,,-1,2011-01-28 14:55:00,0.0,,United Kingdom,-0.0
542575,85126,,-1,2011-01-28 14:55:00,0.0,,United Kingdom,-0.0
542576,85179B,,-1,2011-01-28 14:56:00,0.0,,United Kingdom,-0.0
542577,85232B,,-1,2011-01-28 14:56:00,0.0,,United Kingdom,-0.0
542579,90000C,,-1,2011-01-28 14:57:00,0.0,,United Kingdom,-0.0
542580,90095,,-1,2011-01-28 14:58:00,0.0,,United Kingdom,-0.0
542581,90091,,-1,2011-01-28 14:58:00,0.0,,United Kingdom,-0.0
542582,DCGS0057,,-6,2011-01-28 15:01:00,0.0,,United Kingdom,-0.0
,21730,GLASS STAR FROSTED T-LIGHT HOLDER,-2,2011-01-28 15:57:00,4.95,12997.0,United Kingdom,-9.9
,21658,GLASS  BEURRE DISH,-1,2011-01-28 15:57:00,3.95,12997.0,United Kingdom,-3.95
,21313,GLASS HEART T-LIGHT HOLDER ,-5,2011-01-28 15:57:00,0.85,12997.0,United Kingdom,-4.25
,22456,NATURAL SLATE CHALKBOARD LARGE ,-2,2011-01-28 15:58:00,4.95,14709.0,United Kingdom,-9.9
,22073,RED RETROSPOT STORAGE JAR,-10,2011-01-28 16:50:00,3.75,15549.0,United Kingdom,-37.5
,22796,PHOTO FRAME 3 CLASSIC HANGING,-3,2011-01-30 12:35:00,9.95,13148.0,United Kingdom,-29.85
,22625,RED KITCHEN SCALES,-1,2011-01-30 12:35:00,8.5,13148.0,United Kingdom,-8.5
,22768,FAMILY PHOTO FRAME CORNICE,-1,2011-01-30 12:35:00,9.95,13148.0,United Kingdom,-9.95
,22666,RECIPE BOX PANTRY YELLOW DESIGN,-1,2011-01-30 12:35:00,2.95,13148.0,United Kingdom,-2.95
,21352,EUCALYPTUS & PINECONE  WREATH,-3,2011-01-30 12:35:00,6.75,13148.0,United Kingdom,-20.25
,21351,CINAMMON & ORANGE WREATH,-5,2011-01-30 12:35:00,6.75,13148.0,United Kingdom,-33.75
,21262,WHITE GOOSE FEATHER CHRISTMAS TREE ,-2,2011-01-30 12:35:00,16.95,13148.0,United Kingdom,-33.9
,84799,SPRIG LAVENDER ARTIFICIAL FLOWER,-48,2011-01-30 12:35:00,0.42,13148.0,United Kingdom,-20.16
,21977,PACK OF 60 PINK PAISLEY CAKE CASES,-1,2011-01-31 10:43:00,0.55,14688.0,United Kingdom,-0.55
,21212,PACK OF 72 RETROSPOT CAKE CASES,-2,2011-01-31 10:43:00,0.42,14688.0,United Kingdom,-0.84
,22667,RECIPE BOX RETROSPOT ,-6,2011-01-31 10:44:00,2.95,14688.0,United Kingdom,-17.7
,35004C,SET OF 3 COLOURED  FLYING DUCKS,-3,2011-01-31 11:15:00,5.45,13396.0,United Kingdom,-16.35
,22941,CHRISTMAS LIGHTS 10 REINDEER,-1,2011-01-31 11:18:00,8.5,16570.0,United Kingdom,-8.5
,22423,REGENCY CAKESTAND 3 TIER,-4,2011-01-31 11:22:00,10.95,16839.0,United Kingdom,-43.8
,22841,ROUND CAKE TIN VINTAGE GREEN,-2,2011-01-31 11:27:00,7.95,15827.0,United Kingdom,-15.9
,22720,SET OF 3 CAKE TINS PANTRY DESIGN ,-1,2011-01-31 11:27:00,4.95,15827.0,United Kingdom,-4.95
,22423,REGENCY CAKESTAND 3 TIER,-1,2011-01-31 11:27:00,12.75,15827.0,United Kingdom,-12.75
,22087,PAPER BUNTING WHITE LACE,-6,2011-01-31 11:29:00,2.95,13615.0,United Kingdom,-17.7
,84678,CLASSICAL ROSE SMALL VASE,-2,2011-01-31 11:33:00,1.25,15497.0,United Kingdom,-2.5
,22760,"TRAY, BREAKFAST IN BED",-1,2011-01-31 11:37:00,12.75,14180.0,United Kingdom,-12.75
,15036,ASSORTED COLOURS SILK FAN,-600,2011-01-31 12:36:00,0.65,12908.0,United Kingdom,-390.0
,22178,VICTORIAN GLASS HANGING T-LIGHT,-42,2011-01-31 12:48:00,1.06,15189.0,United Kingdom,-44.52
,21843,RED RETROSPOT CAKE STAND,-5,2011-01-31 13:28:00,10.95,12437.0,France,-54.75
,22138,BAKING SET 9 PIECE RETROSPOT ,-1,2011-01-31 14:37:00,4.95,14502.0,United Kingdom,-4.95
,21430,SET/3 RED GINGHAM ROSE STORAGE BOX,-1,2011-01-31 14:37:00,3.75,14502.0,United Kingdom,-3.75
,22701,PINK DOG BOWL,-2,2011-01-31 15:08:00,2.95,16191.0,United Kingdom,-5.9
,22700,BLACK AND WHITE DOG BOWL,-3,2011-01-31 15:08:00,2.95,16191.0,United Kingdom,-8.85
,22798,ANTIQUE GLASS DRESSING TABLE POT,-1,2011-01-31 15:27:00,2.95,13506.0,United Kingdom,-2.95
,22227,HANGING HEART MIRROR DECORATION ,-1,2011-01-31 15:27:00,0.65,13506.0,United Kingdom,-0.65
,21314,SMALL GLASS HEART TRINKET POT,-1,2011-01-31 15:27:00,2.1,13506.0,United Kingdom,-2.1
,22763,KEY CABINET MA CAMPAGNE,-2,2011-01-31 15:31:00,9.95,14180.0,United Kingdom,-19.9
,22169,FAMILY ALBUM WHITE PICTURE FRAME,-2,2011-01-31 15:36:00,8.5,14442.0,Channel Islands,-17.0
,22170,PICTURE FRAME WOOD TRIPLE PORTRAIT,-2,2011-01-31 15:36:00,6.75,14442.0,Channel Islands,-13.5
,84078A,SET/4 WHITE RETRO STORAGE CUBES ,-12,2011-01-31 15:53:00,34.95,13089.0,United Kingdom,-419.4
,22652,TRAVEL SEWING KIT,-1,2011-01-31 15:59:00,1.65,12853.0,United Kingdom,-1.65
,22926,IVORY GIANT GARDEN THERMOMETER,-1,2011-01-31 15:59:00,5.95,12853.0,United Kingdom,-5.95
,22934,BAKING MOULD EASTER EGG WHITE CHOC,-3,2011-01-31 15:59:00,2.95,12853.0,United Kingdom,-8.85
,85124B,BLUE JUICY FRUIT PHOTO FRAME,-6,2011-01-31 16:26:00,2.55,15358.0,United Kingdom,-15.3
,22821,GIFT BAG PSYCHEDELIC APPLES,-12,2011-01-31 16:26:00,0.65,15358.0,United Kingdom,-7.8
,84535B,FAIRY CAKES NOTEBOOK A6 SIZE,-94,2011-01-31 16:26:00,0.65,15358.0,United Kingdom,-61.1
,22700,BLACK AND WHITE DOG BOWL,-10,2011-01-31 16:32:00,0.85,16191.0,United Kingdom,-8.5
,22701,PINK DOG BOWL,-2,2011-01-31 16:32:00,0.85,16191.0,United Kingdom,-1.7
,22969,HOMEMADE JAM SCENTED CANDLES,-12,2011-01-31 16:53:00,1.45,15881.0,United Kingdom,-17.4
,22649,STRAWBERRY FAIRY CAKE TEAPOT,-1,2011-01-31 16:57:00,4.95,15881.0,United Kingdom,-4.95
,21731,RED TOADSTOOL LED NIGHT LIGHT,-12,2011-02-01 09:38:00,1.65,12626.0,Germany,-19.8
,22634,CHILDS BREAKFAST SET SPACEBOY ,-3,2011-02-01 09:38:00,8.5,12626.0,Germany,-25.5
,85141,JARDIN ETCHED GLASS FRUITBOWL,-1,2011-02-01 10:22:00,8.95,15864.0,United Kingdom,-8.95
,21319,GLASS CHALICE GREEN  SMALL ,-1,2011-02-01 10:22:00,1.65,15864.0,United Kingdom,-1.65
,21318,GLASS CHALICE BLUE SMALL ,-2,2011-02-01 10:22:00,1.65,15864.0,United Kingdom,-3.3
,22730,ALARM CLOCK BAKELIKE IVORY,-1,2011-02-01 10:49:00,3.75,14627.0,United Kingdom,-3.75
,22505,MEMO BOARD COTTAGE DESIGN,-1,2011-02-01 10:49:00,4.95,14627.0,United Kingdom,-4.95
,21259,VICTORIAN SEWING BOX SMALL ,-1,2011-02-01 10:49:00,5.95,14627.0,United Kingdom,-5.95
,22891,TEA FOR ONE POLKADOT,-1,2011-02-01 10:49:00,4.25,14627.0,United Kingdom,-4.25
,85123A,WHITE HANGING HEART T-LIGHT HOLDER,-1,2011-02-01 10:49:00,2.95,14627.0,United Kingdom,-2.95
,22891,TEA FOR ONE POLKADOT,-6,2011-02-01 10:52:00,4.25,14113.0,United Kingdom,-25.5
,22111,SCOTTIE DOG HOT WATER BOTTLE,-72,2011-02-01 10:52:00,4.25,14113.0,United Kingdom,-306.0
,21531,RED RETROSPOT SUGAR JAM BOWL,-1,2011-02-01 11:09:00,2.55,12477.0,Germany,-2.55
,21429,RED GINGHAM ROSE JEWELLERY BOX,-1,2011-02-01 11:09:00,1.65,12477.0,Germany,-1.65
,22156,HEART DECORATION WITH PEARLS ,-1,2011-02-01 11:12:00,0.72,14606.0,United Kingdom,-0.72
,85054,FRENCH ENAMEL POT W LID,-1,2011-02-01 11:12:00,2.95,14606.0,United Kingdom,-2.95
,22156,HEART DECORATION WITH PEARLS ,-1,2011-02-01 11:19:00,0.85,14606.0,United Kingdom,-0.85
,85054,FRENCH ENAMEL POT W LID,-1,2011-02-01 11:19:00,2.95,14606.0,United Kingdom,-2.95
,35004B,SET OF 3 BLACK FLYING DUCKS,-12,2011-02-01 11:28:00,4.65,15694.0,United Kingdom,-55.8
,22580,ADVENT CALENDAR GINGHAM SACK,-1,2011-02-01 11:43:00,5.95,,United Kingdom,-5.95
542861,47591B,?,-207,2011-02-01 11:47:00,0.0,,United Kingdom,-0.0
,85063,CREAM SWEETHEART MAGAZINE RACK,-2,2011-02-01 12:14:00,14.95,15311.0,United Kingdom,-29.9
,35004G,SET OF 3 GOLD FLYING DUCKS,-2,2011-02-01 12:14:00,1.95,15311.0,United Kingdom,-3.9
,35004C,SET OF 3 COLOURED  FLYING DUCKS,-2,2011-02-01 12:14:00,4.65,15311.0,United Kingdom,-9.3
542879,22242,,-19,2011-02-01 12:52:00,0.0,,United Kingdom,-0.0
542882,22162,,-40,2011-02-01 12:55:00,0.0,,United Kingdom,-0.0
542883,21448,,-40,2011-02-01 13:07:00,0.0,,United Kingdom,-0.0
542884,84748,,-52,2011-02-01 13:08:00,0.0,,United Kingdom,-0.0
542885,84465,,-6,2011-02-01 13:08:00,0.0,,United Kingdom,-0.0
,20726,LUNCH BAG WOODLAND,-1,2011-02-01 15:38:00,1.45,17511.0,United Kingdom,-1.45
,22671,FRENCH LAUNDRY SIGN BLUE METAL,-1,2011-02-01 15:38:00,1.45,17511.0,United Kingdom,-1.45
,85099B,JUMBO BAG RED RETROSPOT,-1,2011-02-01 15:38:00,1.65,17511.0,United Kingdom,-1.65
,85123A,WHITE HANGING HEART T-LIGHT HOLDER,-1,2011-02-01 15:38:00,2.55,17511.0,United Kingdom,-2.55
,22360,GLASS JAR ENGLISH CONFECTIONERY,-3,2011-02-01 15:38:00,2.55,17511.0,United Kingdom,-7.65
,22659,LUNCH BOX I LOVE LONDON,-1,2011-02-01 15:38:00,1.65,17511.0,United Kingdom,-1.65
,22061,LARGE CAKE STAND  HANGING STRAWBERY,-1,2011-02-01 15:38:00,8.5,17511.0,United Kingdom,-8.5
,21537,RED RETROSPOT PUDDING BOWL,-1,2011-02-01 15:38:00,3.75,17511.0,United Kingdom,-3.75
,20727,LUNCH BAG  BLACK SKULL.,-2,2011-02-01 15:38:00,1.45,17511.0,United Kingdom,-2.9
,22169,FAMILY ALBUM WHITE PICTURE FRAME,-1,2011-02-01 15:38:00,7.65,17511.0,United Kingdom,-7.65
,22423,REGENCY CAKESTAND 3 TIER,-2,2011-02-01 15:38:00,10.95,17511.0,United Kingdom,-21.9
,22697,GREEN REGENCY TEACUP AND SAUCER,-1,2011-02-01 15:49:00,2.95,13141.0,United Kingdom,-2.95
,22197,SMALL POPCORN HOLDER,-2,2011-02-01 15:57:00,0.85,16779.0,United Kingdom,-1.7
,21041,RED RETROSPOT OVEN GLOVE DOUBLE,-1,2011-02-01 15:57:00,2.95,16779.0,United Kingdom,-2.95
,M,Manual,-1,2011-02-01 16:21:00,4.0,15940.0,United Kingdom,-4.0
,22423,REGENCY CAKESTAND 3 TIER,-2,2011-02-02 09:39:00,12.75,12559.0,Germany,-25.5
,22856,ASSORTED EASTER DECORATIONS  BELLS,-2,2011-02-02 11:16:00,1.25,16985.0,United Kingdom,-2.5
,85019C,CURIOUS  IMAGES NOTEBOOK SET,-12,2011-02-02 11:54:00,4.25,14460.0,United Kingdom,-51.0
,22470,HEART OF WICKER LARGE,-4,2011-02-02 12:40:00,2.95,13939.0,United Kingdom,-11.8
,22198,LARGE POPCORN HOLDER ,-2,2011-02-02 14:44:00,1.65,16717.0,United Kingdom,-3.3
,22768,FAMILY PHOTO FRAME CORNICE,-2,2011-02-02 14:44:00,9.95,16717.0,United Kingdom,-19.9
,21844,RED RETROSPOT MUG,-2,2011-02-02 14:44:00,2.95,16717.0,United Kingdom,-5.9
543034,85049F,,-130,2011-02-02 15:50:00,0.0,,United Kingdom,-0.0
543035,35004C,,-206,2011-02-02 15:51:00,0.0,,United Kingdom,-0.0
,84946,ANTIQUE SILVER TEA GLASS ETCHED,-2,2011-02-02 16:31:00,1.25,16992.0,United Kingdom,-2.5
,22768,FAMILY PHOTO FRAME CORNICE,-1,2011-02-02 16:31:00,9.95,16992.0,United Kingdom,-9.95
,22087,PAPER BUNTING WHITE LACE,-12,2011-02-02 17:09:00,2.95,17337.0,United Kingdom,-35.4
,POST,POSTAGE,-1,2011-02-03 10:14:00,18.0,12625.0,Germany,-18.0
,22242,5 HOOK HANGER MAGIC TOADSTOOL,-24,2011-02-03 10:14:00,1.65,12625.0,Germany,-39.6
,22962,JAM JAR WITH PINK LID,-2,2011-02-03 10:14:00,0.85,12625.0,Germany,-1.7
,22637,PIGGY BANK RETROSPOT ,-2,2011-02-03 10:14:00,2.55,12625.0,Germany,-5.1
,22963,JAM JAR WITH GREEN LID,-6,2011-02-03 10:14:00,0.85,12625.0,Germany,-5.1
,22797,CHEST OF DRAWERS GINGHAM HEART ,-1,2011-02-03 10:20:00,16.95,14180.0,United Kingdom,-16.95
,22291,HANGING CHICK CREAM DECORATION,-24,2011-02-03 12:39:00,1.45,12775.0,Netherlands,-34.8
,22960,JAM MAKING SET WITH JARS,-3,2011-02-03 12:59:00,4.25,14133.0,United Kingdom,-12.75
,84380,SET OF 3 BUTTERFLY COOKIE CUTTERS,-1,2011-02-03 13:31:00,1.25,14606.0,United Kingdom,-1.25
,POST,POSTAGE,-1,2011-02-04 09:46:00,18.0,12712.0,Germany,-18.0
,22763,KEY CABINET MA CAMPAGNE,-2,2011-02-04 09:46:00,9.95,12712.0,Germany,-19.9
,22171,3 HOOK PHOTO SHELF ANTIQUE WHITE,-2,2011-02-04 09:46:00,8.5,12712.0,Germany,-17.0
,22168,ORGANISER WOOD ANTIQUE WHITE ,-2,2011-02-04 09:46:00,8.5,12712.0,Germany,-17.0
,22333,RETROSPOT PARTY BAG + STICKER SET,-14,2011-02-04 11:22:00,1.65,,United Kingdom,-23.1
,22332,SKULLS PARTY BAG + STICKER SET,-14,2011-02-04 11:22:00,1.65,,United Kingdom,-23.1
543194,21355,,-217,2011-02-04 12:25:00,0.0,,United Kingdom,-0.0
,22061,LARGE CAKE STAND  HANGING STRAWBERY,-1,2011-02-04 12:29:00,8.5,13113.0,United Kingdom,-8.5
,22423,REGENCY CAKESTAND 3 TIER,-1,2011-02-04 12:29:00,10.95,13113.0,United Kingdom,-10.95
,84800M,MEDIUM WHITE/PINK ROSE ART FLOWER,-3,2011-02-04 13:47:00,1.69,14462.0,United Kingdom,-5.07
,84800S,SMALL WHITE/PINK ROSE ART FLOWER,-2,2011-02-04 13:47:00,1.25,14462.0,United Kingdom,-2.5
,84799,SPRIG LAVENDER ARTIFICIAL FLOWER,-12,2011-02-04 13:47:00,1.25,14462.0,United Kingdom,-15.0
,84766,SILVER ROCOCO CANDLE STICK,-1,2011-02-04 14:02:00,1.95,17315.0,United Kingdom,-1.95
,21463,MIRRORED DISCO BALL ,-1,2011-02-04 14:06:00,5.95,16725.0,United Kingdom,-5.95
543257,84611B,thrown away,-1430,2011-02-04 16:06:00,0.0,,United Kingdom,-0.0
543259,84612B,thrown away,-162,2011-02-04 16:07:00,0.0,,United Kingdom,-0.0
543260,84613A,thrown away,-230,2011-02-04 16:07:00,0.0,,United Kingdom,-0.0
543261,84613C,,-173,2011-02-04 16:08:00,0.0,,United Kingdom,-0.0
543262,84614A,thrown away,-390,2011-02-04 16:08:00,0.0,,United Kingdom,-0.0
543265,84872A,,-4,2011-02-04 17:23:00,0.0,,United Kingdom,-0.0
543266,82095,,-5,2011-02-04 17:24:00,0.0,,United Kingdom,-0.0
543269,84638,,-18,2011-02-04 17:25:00,0.0,,United Kingdom,-0.0
543270,84631,,-19,2011-02-04 17:25:00,0.0,,United Kingdom,-0.0
543271,21087,,-6,2011-02-04 17:26:00,0.0,,United Kingdom,-0.0
,22617,BAKING SET SPACEBOY DESIGN,-2,2011-02-07 10:44:00,4.95,16686.0,United Kingdom,-9.9
,21579,LOLITA  DESIGN  COTTON TOTE BAG,-2,2011-02-07 10:44:00,2.25,16686.0,United Kingdom,-4.5
,22838,3 TIER CAKE TIN RED AND CREAM,-1,2011-02-07 11:58:00,14.95,18118.0,United Kingdom,-14.95
543308,35969,,-3,2011-02-07 12:04:00,0.0,,United Kingdom,-0.0
543310,35954,,-234,2011-02-07 12:10:00,0.0,,United Kingdom,-0.0
,85049G,CHOCOLATE BOX RIBBONS ,-2,2011-02-07 12:44:00,1.25,12472.0,Germany,-2.5
,85049E,SCANDINAVIAN REDS RIBBONS,-3,2011-02-07 12:44:00,1.25,12472.0,Germany,-3.75
,22629,SPACEBOY LUNCH BOX ,-1,2011-02-07 12:44:00,1.95,12472.0,Germany,-1.95
,22467,GUMBALL COAT RACK,-6,2011-02-07 12:44:00,2.55,12472.0,Germany,-15.3
,22423,REGENCY CAKESTAND 3 TIER,-2,2011-02-07 12:44:00,12.75,12472.0,Germany,-25.5
,22328,ROUND SNACK BOXES SET OF 4 FRUITS ,-2,2011-02-07 12:44:00,2.95,12472.0,Germany,-5.9
,22326,ROUND SNACK BOXES SET OF4 WOODLAND ,-3,2011-02-07 12:44:00,2.95,12472.0,Germany,-8.85
,22245,"HOOK, 1 HANGER ,MAGIC GARDEN",-3,2011-02-07 12:44:00,0.85,12472.0,Germany,-2.55
,22242,5 HOOK HANGER MAGIC TOADSTOOL,-5,2011-02-07 12:44:00,1.65,12472.0,Germany,-8.25
,22077,6 RIBBONS RUSTIC CHARM,-5,2011-02-07 12:44:00,1.65,12472.0,Germany,-8.25
,21673,WHITE SPOT BLUE CERAMIC DRAWER KNOB,-2,2011-02-07 12:44:00,1.25,12472.0,Germany,-2.5
,21672,WHITE SPOT RED CERAMIC DRAWER KNOB,-2,2011-02-07 12:44:00,1.25,12472.0,Germany,-2.5
,21668,RED STRIPE CERAMIC DRAWER KNOB,-1,2011-02-07 12:44:00,1.25,12472.0,Germany,-1.25
,21244,BLUE POLKADOT PLATE ,-2,2011-02-07 12:44:00,1.69,12472.0,Germany,-3.38
,20676,RED RETROSPOT BOWL,-2,2011-02-07 12:44:00,1.25,12472.0,Germany,-2.5
,22771,CLEAR DRAWER KNOB ACRYLIC EDWARDIAN,-1,2011-02-07 13:41:00,1.25,16033.0,United Kingdom,-1.25
,22637,PIGGY BANK RETROSPOT ,-1,2011-02-07 13:41:00,2.55,16033.0,United Kingdom,-2.55
,22727,ALARM CLOCK BAKELIKE RED ,-2,2011-02-07 13:41:00,3.75,16033.0,United Kingdom,-7.5
,22384,LUNCH BAG PINK POLKADOT,-1,2011-02-07 13:41:00,1.65,16033.0,United Kingdom,-1.65
,22791,T-LIGHT GLASS FLUTED ANTIQUE,-2,2011-02-07 13:52:00,1.25,14443.0,United Kingdom,-2.5
,21232,STRAWBERRY CERAMIC TRINKET BOX,-1,2011-02-07 13:52:00,1.25,14443.0,United Kingdom,-1.25
,22942,CHRISTMAS LIGHTS 10 SANTAS ,-3,2011-02-07 14:46:00,8.5,18245.0,United Kingdom,-25.5
,22941,CHRISTMAS LIGHTS 10 REINDEER,-4,2011-02-07 14:46:00,8.5,18245.0,United Kingdom,-34.0
,22325,MOBILE VINTAGE HEARTS ,-3,2011-02-07 15:09:00,4.95,16321.0,Australia,-14.85
,22087,PAPER BUNTING WHITE LACE,-18,2011-02-07 15:09:00,2.95,16321.0,Australia,-53.1
,84754,S/15 SILVER GLASS BAUBLES IN BAG,-144,2011-02-07 15:52:00,1.06,15513.0,United Kingdom,-152.64
,48173C,DOORMAT BLACK FLOCK ,-1,2011-02-07 16:24:00,7.95,,United Kingdom,-7.95
,POST,POSTAGE,-3,2011-02-08 09:44:00,15.0,14646.0,Netherlands,-45.0
543390,84880,,-5,2011-02-08 10:02:00,0.0,,United Kingdom,-0.0
,21559,STRAWBERRY LUNCH BOX WITH CUTLERY,-1,2011-02-08 11:37:00,2.55,12474.0,Germany,-2.55
,22090,PAPER BUNTING RETROSPOT,-1,2011-02-08 11:37:00,2.95,12474.0,Germany,-2.95
,22551,PLASTERS IN TIN SPACEBOY,-1,2011-02-08 11:37:00,1.65,12474.0,Germany,-1.65
,22212,FOUR HOOK  WHITE LOVEBIRDS,-1,2011-02-08 11:37:00,2.1,12474.0,Germany,-2.1
,84625A,PINK NEW BAROQUECANDLESTICK CANDLE,-3,2011-02-08 11:40:00,2.95,14911.0,EIRE,-8.85
,22797,CHEST OF DRAWERS GINGHAM HEART ,-1,2011-02-08 11:40:00,16.95,14911.0,EIRE,-16.95
,90098,NECKLACE+BRACELET PINK BUTTERFLY,-6,2011-02-08 11:45:00,2.55,12662.0,Germany,-15.3
,22231,JIGSAW TREE WITH BIRDHOUSE,-12,2011-02-08 11:45:00,1.45,12662.0,Germany,-17.4
,22778,GLASS CLOCHE SMALL,-2,2011-02-08 14:32:00,3.95,13873.0,United Kingdom,-7.9
,21258,VICTORIAN SEWING BOX LARGE,-1,2011-02-08 14:55:00,10.95,12709.0,Germany,-10.95
,22503,CABIN BAG VINTAGE PAISLEY,-1,2011-02-08 14:55:00,12.75,12709.0,Germany,-12.75
,21452,TOADSTOOL MONEY BOX,-2,2011-02-08 14:55:00,2.55,12709.0,Germany,-5.1
,21658,GLASS  BEURRE DISH,-2,2011-02-08 14:55:00,3.39,12709.0,Germany,-6.78
,22504,CABIN BAG VINTAGE RETROSPOT,-1,2011-02-08 14:55:00,12.75,12709.0,Germany,-12.75
,22627,MINT KITCHEN SCALES,-1,2011-02-08 14:55:00,7.65,12709.0,Germany,-7.65
,22423,REGENCY CAKESTAND 3 TIER,-2,2011-02-08 14:55:00,10.95,12709.0,Germany,-21.9
,85232B,SET OF 3 BABUSHKA STACKING TINS,-1,2011-02-08 14:55:00,4.25,12709.0,Germany,-4.25
,21896,POTTING SHED TWINE,-1,2011-02-08 14:55:00,1.85,12709.0,Germany,-1.85
,84881,BLUE WIRE SPIRAL CANDLE HOLDER,-1,2011-02-08 15:15:00,6.35,14415.0,United Kingdom,-6.35
,22637,PIGGY BANK RETROSPOT ,-1,2011-02-08 15:15:00,2.55,14415.0,United Kingdom,-2.55
,84792,ENCHANTED BIRD COATHANGER 5 HOOK,-1,2011-02-08 15:15:00,4.65,14415.0,United Kingdom,-4.65
,22244,3 HOOK HANGER MAGIC GARDEN,-1,2011-02-08 15:15:00,1.95,14415.0,United Kingdom,-1.95
,22465,HANGING METAL STAR LANTERN,-1,2011-02-08 15:15:00,1.65,14415.0,United Kingdom,-1.65
543521,22769,,-6,2011-02-09 11:49:00,0.0,,United Kingdom,-0.0
543545,22627,,-11,2011-02-09 15:50:00,0.0,,United Kingdom,-0.0
,22171,3 HOOK PHOTO SHELF ANTIQUE WHITE,-76,2011-02-10 10:00:00,7.65,16716.0,United Kingdom,-581.4
543552,22847,,-10,2011-02-10 10:05:00,0.0,,United Kingdom,-0.0
,22727,ALARM CLOCK BAKELIKE RED ,-1,2011-02-10 13:40:00,3.75,15570.0,United Kingdom,-3.75
,21877,HOME SWEET HOME MUG,-2,2011-02-10 13:40:00,1.25,15570.0,United Kingdom,-2.5
,22487,WHITE WOOD GARDEN PLANT LADDER,-1,2011-02-10 13:40:00,9.95,15570.0,United Kingdom,-9.95
,22941,CHRISTMAS LIGHTS 10 REINDEER,-2,2011-02-10 13:40:00,8.5,15570.0,United Kingdom,-17.0
,35004C,SET OF 3 COLOURED  FLYING DUCKS,-1,2011-02-10 13:40:00,5.45,15570.0,United Kingdom,-5.45
,82483,WOOD 2 DRAWER CABINET WHITE FINISH,-1,2011-02-10 13:40:00,6.95,15570.0,United Kingdom,-6.95
,22776,SWEETHEART CAKESTAND 3 TIER,-1,2011-02-10 13:40:00,9.95,15570.0,United Kingdom,-9.95
,82486,WOOD S/3 CABINET ANT WHITE FINISH,-4,2011-02-10 14:11:00,8.95,13110.0,United Kingdom,-35.8
,22963,JAM JAR WITH GREEN LID,-1,2011-02-10 14:13:00,0.85,14665.0,United Kingdom,-0.85
,22847,BREAD BIN DINER STYLE IVORY,-1,2011-02-10 14:13:00,16.95,14665.0,United Kingdom,-16.95
,22423,REGENCY CAKESTAND 3 TIER,-1,2011-02-10 14:13:00,12.75,15602.0,United Kingdom,-12.75
,82483,WOOD 2 DRAWER CABINET WHITE FINISH,-1,2011-02-10 14:15:00,6.95,17230.0,United Kingdom,-6.95
,20914,SET/5 RED RETROSPOT LID GLASS BOWLS,-1,2011-02-10 14:17:00,2.55,16705.0,United Kingdom,-2.55
,22456,NATURAL SLATE CHALKBOARD LARGE ,-1,2011-02-10 14:17:00,4.95,16705.0,United Kingdom,-4.95
,82483,WOOD 2 DRAWER CABINET WHITE FINISH,-1,2011-02-10 14:38:00,4.95,17850.0,United Kingdom,-4.95
,22632,HAND WARMER RED RETROSPOT,-6,2011-02-10 14:38:00,1.85,17850.0,United Kingdom,-11.1
,82483,WOOD 2 DRAWER CABINET WHITE FINISH,-1,2011-02-10 14:38:00,4.95,17850.0,United Kingdom,-4.95
,21871,SAVE THE PLANET MUG,-1,2011-02-10 14:38:00,1.06,17850.0,United Kingdom,-1.06
,82494L,WOODEN FRAME ANTIQUE WHITE ,-2,2011-02-10 14:38:00,2.55,17850.0,United Kingdom,-5.1
,21730,GLASS STAR FROSTED T-LIGHT HOLDER,-1,2011-02-10 14:38:00,4.25,17850.0,United Kingdom,-4.25
,21730,GLASS STAR FROSTED T-LIGHT HOLDER,-1,2011-02-10 14:38:00,4.95,17850.0,United Kingdom,-4.95
,82494L,WOODEN FRAME ANTIQUE WHITE ,-12,2011-02-10 14:38:00,2.55,17850.0,United Kingdom,-30.6
,21071,VINTAGE BILLBOARD DRINK ME MUG,-6,2011-02-10 14:38:00,1.06,17850.0,United Kingdom,-6.36
,82483,WOOD 2 DRAWER CABINET WHITE FINISH,-2,2011-02-10 14:38:00,4.95,17850.0,United Kingdom,-9.9
,82483,WOOD 2 DRAWER CABINET WHITE FINISH,-1,2011-02-10 14:38:00,4.95,17850.0,United Kingdom,-4.95
,21874,GIN AND TONIC MUG,-1,2011-02-10 14:38:00,1.06,17850.0,United Kingdom,-1.06
,71477,COLOUR GLASS. STAR T-LIGHT HOLDER,-2,2011-02-10 14:38:00,2.75,17850.0,United Kingdom,-5.5
,82483,WOOD 2 DRAWER CABINET WHITE FINISH,-1,2011-02-10 14:38:00,4.95,17850.0,United Kingdom,-4.95
,21169,YOU'RE CONFUSING ME METAL SIGN ,-2,2011-02-10 14:38:00,1.45,17850.0,United Kingdom,-2.9
,21217,RED RETROSPOT ROUND CAKE TINS,-1,2011-02-10 14:52:00,9.95,14081.0,United Kingdom,-9.95
,22767,TRIPLE PHOTO FRAME CORNICE ,-1,2011-02-10 14:59:00,9.95,14475.0,United Kingdom,-9.95
,22788,BROCANTE COAT RACK,-1,2011-02-10 14:59:00,9.95,14475.0,United Kingdom,-9.95
,20725,LUNCH BAG RED RETROSPOT,-1,2011-02-10 14:59:00,1.65,14475.0,United Kingdom,-1.65
,M,Manual,-200,2011-02-10 15:33:00,0.41,12931.0,United Kingdom,-82.0
,21754,HOME BUILDING BLOCK WORD,-1,2011-02-10 15:50:00,5.95,15601.0,United Kingdom,-5.95
,22960,JAM MAKING SET WITH JARS,-1,2011-02-10 15:51:00,4.25,16558.0,United Kingdom,-4.25
,21232,STRAWBERRY CERAMIC TRINKET BOX,-4,2011-02-10 15:51:00,1.25,16558.0,United Kingdom,-5.0
,22655,VINTAGE RED KITCHEN CABINET,-1,2011-02-10 16:22:00,295.0,14842.0,United Kingdom,-295.0
,85059,FRENCH ENAMEL WATER BASIN,-5,2011-02-10 16:24:00,3.75,17188.0,United Kingdom,-18.75
,22895,SET OF 2 TEA TOWELS APPLE AND PEARS,-6,2011-02-10 16:24:00,2.95,17188.0,United Kingdom,-17.7
,22697,GREEN REGENCY TEACUP AND SAUCER,-1,2011-02-10 16:24:00,2.95,17188.0,United Kingdom,-2.95
,22776,SWEETHEART CAKESTAND 3 TIER,-5,2011-02-10 16:24:00,9.95,17188.0,United Kingdom,-49.75
,20803,SMALL PINK GLASS SUNDAE DISH,-32,2011-02-10 16:31:00,0.42,13599.0,United Kingdom,-13.44
,20801,LARGE PINK GLASS SUNDAE DISH,-16,2011-02-10 16:31:00,0.75,13599.0,United Kingdom,-12.0
,84949,SILVER HANGING T-LIGHT HOLDER,-6,2011-02-10 16:33:00,1.65,13894.0,United Kingdom,-9.9
,22727,ALARM CLOCK BAKELIKE RED ,-1,2011-02-10 16:34:00,3.75,13767.0,United Kingdom,-3.75
,22333,RETROSPOT PARTY BAG + STICKER SET,-8,2011-02-10 16:35:00,1.65,15738.0,United Kingdom,-13.2
,22551,PLASTERS IN TIN SPACEBOY,-1,2011-02-10 16:40:00,1.65,16403.0,United Kingdom,-1.65
,22629,SPACEBOY LUNCH BOX ,-1,2011-02-10 16:40:00,1.95,16403.0,United Kingdom,-1.95
,22383,LUNCH BAG SUKI  DESIGN ,-2,2011-02-10 16:40:00,1.65,16403.0,United Kingdom,-3.3
,22646,CERAMIC STRAWBERRY CAKE MONEY BANK,-4,2011-02-10 16:40:00,1.45,16403.0,United Kingdom,-5.8
,21232,STRAWBERRY CERAMIC TRINKET BOX,-3,2011-02-10 16:40:00,1.25,16403.0,United Kingdom,-3.75
,22504,CABIN BAG VINTAGE RETROSPOT,-1,2011-02-10 17:06:00,29.95,12967.0,United Kingdom,-29.95
,22968,ROSE COTTAGE KEEPSAKE BOX ,-1,2011-02-10 17:44:00,9.95,16161.0,United Kingdom,-9.95
,21642,ASSORTED TUTTI FRUTTI PEN,-5,2011-02-10 17:44:00,0.85,16161.0,United Kingdom,-4.25
,22470,HEART OF WICKER LARGE,-2,2011-02-10 17:44:00,2.95,16161.0,United Kingdom,-5.9
,21564,PINK  HEART SHAPE LOVE BUCKET ,-1,2011-02-10 17:44:00,2.95,16161.0,United Kingdom,-2.95
,22866,HAND WARMER SCOTTY DOG DESIGN,-1,2011-02-10 17:44:00,2.1,16161.0,United Kingdom,-2.1
,22382,LUNCH BAG SPACEBOY DESIGN ,-1,2011-02-10 17:44:00,1.65,16161.0,United Kingdom,-1.65
,20713,JUMBO BAG OWLS,-1,2011-02-10 17:44:00,1.95,16161.0,United Kingdom,-1.95
,84406B,CREAM CUPID HEARTS COAT HANGER,-2,2011-02-10 17:50:00,4.15,17609.0,United Kingdom,-8.3
543654,22525,,-57,2011-02-11 10:29:00,0.0,,United Kingdom,-0.0
543655,21717,,-42,2011-02-11 10:30:00,0.0,,United Kingdom,-0.0
543656,84801B,,-44,2011-02-11 10:30:00,0.0,,United Kingdom,-0.0
,21198,WHITE HEART CONFETTI IN TUBE,-48,2011-02-11 10:40:00,0.42,16730.0,United Kingdom,-20.16
,21199,PINK  HEART CONFETTI IN TUBE,-48,2011-02-11 10:40:00,0.42,16730.0,United Kingdom,-20.16
,22752,SET 7 BABUSHKA NESTING BOXES,-1,2011-02-11 10:41:00,8.5,12471.0,Germany,-8.5
,22720,SET OF 3 CAKE TINS PANTRY DESIGN ,-3,2011-02-11 10:41:00,4.95,12471.0,Germany,-14.85
,22649,STRAWBERRY FAIRY CAKE TEAPOT,-4,2011-02-11 10:41:00,4.95,12471.0,Germany,-19.8
,22423,REGENCY CAKESTAND 3 TIER,-7,2011-02-11 10:41:00,10.95,12471.0,Germany,-76.65
,21232,STRAWBERRY CERAMIC TRINKET BOX,-2,2011-02-11 10:41:00,1.25,12471.0,Germany,-2.5
,21231,SWEETHEART CERAMIC TRINKET BOX,-2,2011-02-11 10:41:00,1.25,12471.0,Germany,-2.5
,22423,REGENCY CAKESTAND 3 TIER,-5,2011-02-11 10:49:00,10.95,14441.0,United Kingdom,-54.75
,22846,BREAD BIN DINER STYLE RED ,-1,2011-02-11 10:50:00,16.95,18118.0,United Kingdom,-16.95
,22602,RETROSPOT WOODEN HEART DECORATION,-36,2011-02-11 11:24:00,0.85,18087.0,United Kingdom,-30.6
,22600,CHRISTMAS RETROSPOT STAR WOOD,-12,2011-02-11 11:24:00,0.85,18087.0,United Kingdom,-10.2
,22423,REGENCY CAKESTAND 3 TIER,-1,2011-02-11 11:44:00,12.75,15044.0,United Kingdom,-12.75
,22698,PINK REGENCY TEACUP AND SAUCER,-1,2011-02-11 11:55:00,2.95,15796.0,United Kingdom,-2.95
,22179,SET 10 LIGHTS NIGHT OWL,-1,2011-02-11 13:37:00,6.75,13021.0,United Kingdom,-6.75
,20985,HEART CALCULATOR,-1,2011-02-11 13:38:00,1.25,14676.0,United Kingdom,-1.25
,M,Manual,-1,2011-02-11 13:39:00,4.5,12505.0,Italy,-4.5
,85232B,SET OF 3 BABUSHKA STACKING TINS,-3,2011-02-11 13:43:00,4.95,13672.0,United Kingdom,-14.85
,21655,HANGING RIDGE GLASS T-LIGHT HOLDER,-12,2011-02-11 13:43:00,1.69,13672.0,United Kingdom,-20.28
,79323P,PINK CHERRY LIGHTS,-4,2011-02-11 13:43:00,6.75,13672.0,United Kingdom,-27.0
,79323B,BLACK CHERRY LIGHTS,-4,2011-02-11 13:46:00,6.75,13672.0,United Kingdom,-27.0
,85232B,SET OF 3 BABUSHKA STACKING TINS,-3,2011-02-11 13:46:00,4.95,13672.0,United Kingdom,-14.85
,21655,HANGING RIDGE GLASS T-LIGHT HOLDER,-12,2011-02-11 13:46:00,1.69,13672.0,United Kingdom,-20.28
,M,Manual,-1,2011-02-11 13:55:00,71.46,13672.0,United Kingdom,-71.46
,22845,VINTAGE CREAM CAT FOOD CONTAINER,-1,2011-02-11 13:59:00,6.35,18250.0,United Kingdom,-6.35
,D,Discount,-1,2011-02-11 14:12:00,64.27,14031.0,United Kingdom,-64.27
,85049G,CHOCOLATE BOX RIBBONS ,-12,2011-02-11 14:48:00,1.25,14304.0,United Kingdom,-15.0
,22311,OFFICE MUG WARMER BLACK+SILVER ,-6,2011-02-11 14:48:00,2.95,14304.0,United Kingdom,-17.7
,21591,COSY HOUR CIGAR BOX MATCHES ,-24,2011-02-11 14:48:00,1.25,14304.0,United Kingdom,-30.0
,85045,GREEN CHRISTMAS TREE STRING 20LIGHT,-4,2011-02-11 14:48:00,4.95,14304.0,United Kingdom,-19.8
,22087,PAPER BUNTING WHITE LACE,-6,2011-02-11 14:48:00,2.95,14304.0,United Kingdom,-17.7
,21915,RED  HARMONICA IN BOX ,-12,2011-02-11 14:48:00,1.25,14304.0,United Kingdom,-15.0
,22617,BAKING SET SPACEBOY DESIGN,-3,2011-02-11 14:48:00,4.95,14304.0,United Kingdom,-14.85
,22158,3 HEARTS HANGING DECORATION RUSTIC,-8,2011-02-11 14:48:00,2.95,14304.0,United Kingdom,-23.6
,22568,FELTCRAFT CUSHION OWL,-4,2011-02-11 14:48:00,3.75,14304.0,United Kingdom,-15.0
,22743,MAKE YOUR OWN FLOWERPOWER CARD KIT,-6,2011-02-11 14:48:00,2.95,14304.0,United Kingdom,-17.7
,22364,GLASS JAR DIGESTIVE BISCUITS,-7,2011-02-11 14:50:00,2.55,13089.0,United Kingdom,-17.85
,22360,GLASS JAR ENGLISH CONFECTIONERY,-11,2011-02-11 14:50:00,2.55,13089.0,United Kingdom,-28.05
,84949,SILVER HANGING T-LIGHT HOLDER,-6,2011-02-11 14:50:00,1.45,13089.0,United Kingdom,-8.7
,22068,BLACK PIRATE TREASURE CHEST,-1,2011-02-11 15:05:00,1.65,13115.0,United Kingdom,-1.65
,D,Discount,-1,2011-02-11 15:07:00,65.91,15299.0,United Kingdom,-65.91
,37446,MINI CAKE STAND WITH HANGING CAKES,-48,2011-02-11 15:12:00,1.25,15638.0,United Kingdom,-60.0
,37449,CERAMIC CAKE STAND + HANGING CAKES,-4,2011-02-11 15:12:00,8.5,15638.0,United Kingdom,-34.0
,22569,FELTCRAFT CUSHION BUTTERFLY,-1,2011-02-11 15:13:00,3.75,12943.0,United Kingdom,-3.75
,22770,MIRROR CORNICE,-1,2011-02-11 15:14:00,14.95,13050.0,United Kingdom,-14.95
,22767,TRIPLE PHOTO FRAME CORNICE ,-2,2011-02-11 15:14:00,9.95,13050.0,United Kingdom,-19.9
,79191C,RETRO PLASTIC ELEPHANT TRAY,-12,2011-02-11 15:16:00,0.85,17035.0,United Kingdom,-10.2
,79191D,RETRO PLASTIC DAISY TRAY,-12,2011-02-11 15:16:00,0.85,17035.0,United Kingdom,-10.2
,22767,TRIPLE PHOTO FRAME CORNICE ,-1,2011-02-11 15:16:00,9.95,17035.0,United Kingdom,-9.95
,85232D,SET/3 DECOUPAGE STACKING TINS,-3,2011-02-11 15:16:00,4.95,17035.0,United Kingdom,-14.85
,79191C,RETRO PLASTIC ELEPHANT TRAY,-12,2011-02-11 15:16:00,0.85,16265.0,United Kingdom,-10.2
,22943,CHRISTMAS LIGHTS 10 VINTAGE BAUBLES,-1,2011-02-11 15:18:00,4.25,13319.0,United Kingdom,-4.25
,22726,ALARM CLOCK BAKELIKE GREEN,-1,2011-02-11 15:19:00,3.75,13767.0,United Kingdom,-3.75
,22727,ALARM CLOCK BAKELIKE RED ,-1,2011-02-11 15:19:00,3.75,13767.0,United Kingdom,-3.75
,37500,TEA TIME TEAPOT IN GIFT BOX,-1,2011-02-11 15:20:00,9.95,14497.0,United Kingdom,-9.95
,22794,SWEETHEART WIRE MAGAZINE RACK,-1,2011-02-11 15:20:00,7.95,14497.0,United Kingdom,-7.95
,72807C,SET/3 VANILLA SCENTED CANDLE IN BOX,-1,2011-02-11 15:22:00,4.25,17213.0,United Kingdom,-4.25
,22423,REGENCY CAKESTAND 3 TIER,-1,2011-02-11 15:43:00,12.75,15658.0,United Kingdom,-12.75
,22627,MINT KITCHEN SCALES,-1,2011-02-11 15:43:00,8.5,15658.0,United Kingdom,-8.5
,22355,CHARLOTTE BAG SUKI DESIGN,-1,2011-02-11 15:43:00,0.85,13534.0,United Kingdom,-0.85
,21218,RED SPOTTY BISCUIT TIN,-1,2011-02-11 15:47:00,3.75,12410.0,Switzerland,-3.75
,22626,BLACK KITCHEN SCALES,-1,2011-02-11 15:47:00,8.5,12410.0,Switzerland,-8.5
,21871,SAVE THE PLANET MUG,-6,2011-02-11 16:10:00,1.25,13102.0,United Kingdom,-7.5
,22962,JAM JAR WITH PINK LID,-3,2011-02-11 16:12:00,0.85,14133.0,United Kingdom,-2.55
,22698,PINK REGENCY TEACUP AND SAUCER,-1,2011-02-11 16:30:00,2.95,18084.0,United Kingdom,-2.95
,22083,PAPER CHAIN KIT RETROSPOT,-4,2011-02-11 16:32:00,2.95,15240.0,United Kingdom,-11.8
,21218,RED SPOTTY BISCUIT TIN,-1,2011-02-11 16:32:00,3.75,15240.0,United Kingdom,-3.75
,22712,CARD DOLLY GIRL ,-1,2011-02-11 16:34:00,0.42,17334.0,United Kingdom,-0.42
543783,20966,,-41,2011-02-11 16:45:00,0.0,,United Kingdom,-0.0
,22169,FAMILY ALBUM WHITE PICTURE FRAME,-4,2011-02-11 16:59:00,7.65,13089.0,United Kingdom,-30.6
,22846,BREAD BIN DINER STYLE RED ,-2,2011-02-11 17:01:00,14.95,13098.0,United Kingdom,-29.9
,22191,IVORY DINER WALL CLOCK,-1,2011-02-11 17:01:00,8.5,13078.0,United Kingdom,-8.5
,85178,VICTORIAN SEWING KIT,-48,2011-02-11 17:05:00,0.85,15061.0,United Kingdom,-40.8
,M,Manual,-1,2011-02-11 17:10:00,856.48,17450.0,United Kingdom,-856.48
,D,Discount,-1,2011-02-11 17:10:00,84.8,17450.0,United Kingdom,-84.8
,M,Manual,-1,2011-02-11 17:10:00,190.8,17450.0,United Kingdom,-190.8
,21232,STRAWBERRY CERAMIC TRINKET BOX,-5,2011-02-11 17:12:00,1.25,17071.0,United Kingdom,-6.25
,22467,GUMBALL COAT RACK,-1,2011-02-11 17:12:00,2.55,17071.0,United Kingdom,-2.55
,75049L,LARGE CIRCULAR MIRROR MOBILE,-13,2011-02-11 17:13:00,0.85,15270.0,United Kingdom,-11.05
,85123A,WHITE HANGING HEART T-LIGHT HOLDER,-1,2011-02-11 17:13:00,2.55,15270.0,United Kingdom,-2.55
,21733,RED HANGING HEART T-LIGHT HOLDER,-2,2011-02-11 17:13:00,2.95,15270.0,United Kingdom,-5.9
,21735,TWO DOOR CURIO CABINET,-2,2011-02-11 17:13:00,10.95,15270.0,United Kingdom,-21.9
,22176,BLUE OWL SOFT TOY,-1,2011-02-11 17:14:00,2.95,13725.0,United Kingdom,-2.95
,20749,ASSORTED COLOUR MINI CASES,-1,2011-02-11 17:14:00,7.95,13725.0,United Kingdom,-7.95
,22849,BREAD BIN DINER STYLE MINT,-1,2011-02-11 17:14:00,16.95,13725.0,United Kingdom,-16.95
,22423,REGENCY CAKESTAND 3 TIER,-1,2011-02-13 14:28:00,12.75,15640.0,United Kingdom,-12.75
,22634,CHILDS BREAKFAST SET SPACEBOY ,-1,2011-02-13 14:28:00,9.95,15640.0,United Kingdom,-9.95
,22179,SET 10 LIGHTS NIGHT OWL,-1,2011-02-13 15:28:00,6.75,17841.0,United Kingdom,-6.75
,22558,CLOTHES PEGS RETROSPOT PACK 24 ,-2,2011-02-13 15:28:00,1.49,17841.0,United Kingdom,-2.98
,79160,HEART SHAPE WIRELESS DOORBELL,-2,2011-02-13 15:28:00,2.1,17841.0,United Kingdom,-4.2
,21038,SET/4 MODERN VINTAGE COTTON NAPKINS,-2,2011-02-13 15:45:00,2.95,16897.0,United Kingdom,-5.9
,85071B,RED CHARLIE+LOLA PERSONAL DOORSIGN,-2,2011-02-13 15:45:00,2.95,16897.0,United Kingdom,-5.9
,85071A,BLUE CHARLIE+LOLA PERSONAL DOORSIGN,-2,2011-02-13 15:45:00,2.95,16897.0,United Kingdom,-5.9
,22622,BOX OF VINTAGE ALPHABET BLOCKS,-2,2011-02-13 15:45:00,9.95,16897.0,United Kingdom,-19.9
,22423,REGENCY CAKESTAND 3 TIER,-2,2011-02-13 15:45:00,12.75,16897.0,United Kingdom,-25.5
,22138,BAKING SET 9 PIECE RETROSPOT ,-2,2011-02-13 15:45:00,4.95,16897.0,United Kingdom,-9.9
,21876,POTTERING MUG,-3,2011-02-13 15:45:00,1.25,16897.0,United Kingdom,-3.75
,21289,LARGE STRIPES CHOCOLATE GIFT BAG,-16,2011-02-13 16:04:00,1.25,16928.0,United Kingdom,-20.0
,22839,3 TIER CAKE TIN GREEN AND CREAM,-2,2011-02-13 16:04:00,14.95,16928.0,United Kingdom,-29.9
,22838,3 TIER CAKE TIN RED AND CREAM,-1,2011-02-13 16:04:00,14.95,16928.0,United Kingdom,-14.95
543827,84406B,incorrectly made-thrown away.,-64,2011-02-14 09:44:00,0.0,,United Kingdom,-0.0
,22328,ROUND SNACK BOXES SET OF 4 FRUITS ,-2,2011-02-14 09:54:00,2.95,12476.0,Germany,-5.9
,22720,SET OF 3 CAKE TINS PANTRY DESIGN ,-2,2011-02-14 09:54:00,4.95,12476.0,Germany,-9.9
,22847,BREAD BIN DINER STYLE IVORY,-1,2011-02-14 09:54:00,16.95,12476.0,Germany,-16.95
,79190B,RETRO PLASTIC POLKA TRAY,-15,2011-02-14 10:24:00,0.42,12553.0,France,-6.3
,M,Manual,-8,2011-02-14 10:40:00,1.95,12963.0,United Kingdom,-15.6
,22699,ROSES REGENCY TEACUP AND SAUCER ,-2,2011-02-14 10:56:00,2.95,14431.0,United Kingdom,-5.9
,22698,PINK REGENCY TEACUP AND SAUCER,-1,2011-02-14 10:56:00,2.95,14431.0,United Kingdom,-2.95
,22760,"TRAY, BREAKFAST IN BED",-1,2011-02-14 10:56:00,12.75,14431.0,United Kingdom,-12.75
,22423,REGENCY CAKESTAND 3 TIER,-2,2011-02-14 10:56:00,12.75,14431.0,United Kingdom,-25.5
,22423,REGENCY CAKESTAND 3 TIER,-2,2011-02-14 10:56:00,12.75,14431.0,United Kingdom,-25.5
,22730,ALARM CLOCK BAKELIKE IVORY,-8,2011-02-14 10:59:00,3.75,15827.0,United Kingdom,-30.0
,POST,POSTAGE,-1,2011-02-14 10:59:00,7.06,15827.0,United Kingdom,-7.06
,D,Discount,-1,2011-02-14 11:19:00,70.01,14527.0,United Kingdom,-70.01
,M,Manual,-1,2011-02-14 11:20:00,208.16,17095.0,United Kingdom,-208.16
,22941,CHRISTMAS LIGHTS 10 REINDEER,-1,2011-02-14 13:40:00,8.5,12951.0,United Kingdom,-8.5
,71459,HANGING JAM JAR T-LIGHT HOLDER,-5,2011-02-14 13:42:00,0.85,12921.0,United Kingdom,-4.25
,35004B,SET OF 3 BLACK FLYING DUCKS,-3,2011-02-14 15:15:00,4.65,17924.0,United Kingdom,-13.95
,21326,AGED GLASS SILVER T-LIGHT HOLDER,-4,2011-02-14 15:20:00,0.65,14606.0,United Kingdom,-2.6
,21463,MIRRORED DISCO BALL ,-1,2011-02-14 15:20:00,5.95,14606.0,United Kingdom,-5.95
,22728,ALARM CLOCK BAKELIKE PINK,-1,2011-02-14 16:39:00,3.75,14189.0,United Kingdom,-3.75
,POST,POSTAGE,-1,2011-02-15 10:29:00,18.0,12583.0,France,-18.0
,21878,PACK OF 6 SANDCASTLE FLAGS ASSORTED,-1,2011-02-15 11:28:00,0.85,14701.0,United Kingdom,-0.85
,21626,VINTAGE UNION JACK PENNANT,-2,2011-02-15 11:28:00,1.95,14701.0,United Kingdom,-3.9
,22197,SMALL POPCORN HOLDER,-1,2011-02-15 11:28:00,0.85,14701.0,United Kingdom,-0.85
,22553,PLASTERS IN TIN SKULLS,-1,2011-02-15 11:28:00,1.65,14701.0,United Kingdom,-1.65
,85035A,GARDENIA 3 WICK MORRIS BOXED CANDLE,-1,2011-02-15 11:28:00,4.25,14701.0,United Kingdom,-4.25
,21743,STAR PORTABLE TABLE LIGHT ,-5,2011-02-15 11:28:00,2.95,14701.0,United Kingdom,-14.75
,22798,ANTIQUE GLASS DRESSING TABLE POT,-3,2011-02-15 11:32:00,2.95,14659.0,United Kingdom,-8.85
,22784,LANTERN CREAM GAZEBO ,-4,2011-02-15 11:32:00,4.95,14659.0,United Kingdom,-19.8
,22505,MEMO BOARD COTTAGE DESIGN,-1,2011-02-15 11:32:00,4.95,14659.0,United Kingdom,-4.95
,22796,PHOTO FRAME 3 CLASSIC HANGING,-2,2011-02-15 11:32:00,9.95,14659.0,United Kingdom,-19.9
544046,21785,,-140,2011-02-15 12:34:00,0.0,,United Kingdom,-0.0
,M,Manual,-1,2011-02-15 12:36:00,1435.79,,United Kingdom,-1435.79
,BANK CHARGES,Bank Charges,-1,2011-02-15 12:39:00,566.37,,United Kingdom,-566.37
,M,Manual,-1,2011-02-15 12:41:00,869.55,,United Kingdom,-869.55
,22061,LARGE CAKE STAND  HANGING STRAWBERY,-1,2011-02-15 12:55:00,9.95,13623.0,United Kingdom,-9.95
,22060,LARGE CAKE STAND HANGING HEARTS,-1,2011-02-15 12:55:00,9.95,13623.0,United Kingdom,-9.95
544063,22837,,-9,2011-02-15 13:37:00,0.0,,United Kingdom,-0.0
,22423,REGENCY CAKESTAND 3 TIER,-4,2011-02-15 15:46:00,10.95,17819.0,United Kingdom,-43.8
544086,21785,,-7,2011-02-15 16:49:00,0.0,,United Kingdom,-0.0
,21528,DAIRY MAID TRADITIONAL TEAPOT ,-1,2011-02-16 10:17:00,6.95,15059.0,United Kingdom,-6.95
,POST,POSTAGE,-1,2011-02-16 11:48:00,18.0,12727.0,France,-18.0
,21705,BAG 500g SWIRLY MARBLES,-12,2011-02-16 11:49:00,1.65,16306.0,United Kingdom,-19.8
,21156,RETROSPOT CHILDRENS APRON,-5,2011-02-16 14:13:00,1.95,13001.0,United Kingdom,-9.75
,21363,HOME SMALL WOOD LETTERS,-2,2011-02-16 14:13:00,4.95,13001.0,United Kingdom,-9.9
,21272,SALLE DE BAIN HOOK,-1,2011-02-16 14:13:00,1.25,13001.0,United Kingdom,-1.25
,21877,HOME SWEET HOME MUG,-144,2011-02-16 15:47:00,1.06,16684.0,United Kingdom,-152.64
,22617,BAKING SET SPACEBOY DESIGN,-1,2011-02-17 12:03:00,4.95,17954.0,United Kingdom,-4.95
,85040B,SET/4 BLUE FLOWER CANDLES IN BOWL,-1,2011-02-17 12:56:00,1.65,18125.0,United Kingdom,-1.65
,79160,HEART SHAPE WIRELESS DOORBELL,-1,2011-02-17 14:19:00,2.1,17841.0,United Kingdom,-2.1
,22301,COFFEE MUG CAT + BIRD DESIGN,-1,2011-02-17 15:02:00,2.1,12989.0,United Kingdom,-2.1
544342,22633,,-53,2011-02-18 09:44:00,0.0,,United Kingdom,-0.0
544343,22867,,-99,2011-02-18 09:45:00,0.0,,United Kingdom,-0.0
544346,22114,,-21,2011-02-18 09:50:00,0.0,,United Kingdom,-0.0
544347,22114,,-4,2011-02-18 09:51:00,0.0,,United Kingdom,-0.0
544396,62094B,,-92,2011-02-18 12:16:00,0.0,,United Kingdom,-0.0
,21730,GLASS STAR FROSTED T-LIGHT HOLDER,-1,2011-02-18 12:21:00,4.95,12462.0,Spain,-4.95
,37450,CERAMIC CAKE BOWL + HANGING CAKES,-1,2011-02-18 12:21:00,2.95,12462.0,Spain,-2.95
,22063,CERAMIC BOWL WITH STRAWBERRY DESIGN,-1,2011-02-18 12:21:00,2.95,12462.0,Spain,-2.95
,37449,CERAMIC CAKE STAND + HANGING CAKES,-1,2011-02-18 12:21:00,9.95,12462.0,Spain,-9.95
544410,84997C,?,-741,2011-02-18 13:54:00,0.0,,United Kingdom,-0.0
,22364,GLASS JAR DIGESTIVE BISCUITS,-6,2011-02-18 14:36:00,2.95,14760.0,United Kingdom,-17.7
,22363,GLASS JAR MARMALADE ,-6,2011-02-18 14:36:00,2.95,14760.0,United Kingdom,-17.7
,22960,JAM MAKING SET WITH JARS,-2,2011-02-18 14:54:00,3.75,13408.0,United Kingdom,-7.5
,22625,RED KITCHEN SCALES,-1,2011-02-18 15:04:00,8.5,16133.0,United Kingdom,-8.5
,15056N,EDWARDIAN PARASOL NATURAL,-2,2011-02-18 15:11:00,5.95,16713.0,United Kingdom,-11.9
,22456,NATURAL SLATE CHALKBOARD LARGE ,-1,2011-02-18 15:13:00,4.95,17512.0,United Kingdom,-4.95
,85232A,SET/3 POLKADOT STACKING TINS,-3,2011-02-18 15:16:00,4.95,12395.0,Belgium,-14.85
,71477,COLOUR GLASS. STAR T-LIGHT HOLDER,-2,2011-02-18 15:18:00,2.75,16191.0,United Kingdom,-5.5
,79191C,RETRO PLASTIC ELEPHANT TRAY,-12,2011-02-18 15:22:00,0.85,12553.0,France,-10.2
,22971,QUEENS GUARD COFFEE MUG,-5,2011-02-18 15:29:00,2.1,18093.0,United Kingdom,-10.5
,22970,LONDON BUS COFFEE MUG,-6,2011-02-18 15:29:00,2.1,18093.0,United Kingdom,-12.6
,35004B,SET OF 3 BLACK FLYING DUCKS,-1,2011-02-18 15:40:00,4.65,13078.0,United Kingdom,-4.65
,84663A,GRASS HOPPER WOODEN WALL CLOCK ,-1,2011-02-18 15:42:00,5.95,17612.0,United Kingdom,-5.95
,22637,PIGGY BANK RETROSPOT ,-2,2011-02-18 15:44:00,2.55,16306.0,United Kingdom,-5.1
,22637,PIGGY BANK RETROSPOT ,-2,2011-02-18 15:45:00,2.55,16306.0,United Kingdom,-5.1
,22487,WHITE WOOD GARDEN PLANT LADDER,-1,2011-02-18 15:54:00,9.95,16979.0,United Kingdom,-9.95
,21232,STRAWBERRY CERAMIC TRINKET BOX,-1,2011-02-18 15:59:00,1.25,15601.0,United Kingdom,-1.25
,22962,JAM JAR WITH PINK LID,-4,2011-02-18 16:32:00,0.85,15122.0,United Kingdom,-3.4
,22960,JAM MAKING SET WITH JARS,-2,2011-02-18 16:32:00,4.25,15122.0,United Kingdom,-8.5
,22556,PLASTERS IN TIN CIRCUS PARADE ,-3,2011-02-18 16:52:00,1.65,18172.0,United Kingdom,-4.95
,22632,HAND WARMER RED RETROSPOT,-1,2011-02-18 16:52:00,2.1,18172.0,United Kingdom,-2.1
,22865,HAND WARMER OWL DESIGN,-2,2011-02-18 16:52:00,2.1,18172.0,United Kingdom,-4.2
,M,Manual,-1,2011-02-18 17:19:00,82.5,16027.0,United Kingdom,-82.5
,22423,REGENCY CAKESTAND 3 TIER,-3,2011-02-20 10:30:00,10.95,15465.0,United Kingdom,-32.85
,22472,TV DINNER TRAY DOLLY GIRL,-1,2011-02-20 12:31:00,4.95,13097.0,United Kingdom,-4.95
,21658,GLASS  BEURRE DISH,-1,2011-02-20 12:31:00,3.95,13097.0,United Kingdom,-3.95
,85099B,JUMBO BAG RED RETROSPOT,-1,2011-02-20 13:48:00,1.95,14667.0,United Kingdom,-1.95
,22632,HAND WARMER RED RETROSPOT,-1,2011-02-20 13:48:00,2.1,14667.0,United Kingdom,-2.1
,22423,REGENCY CAKESTAND 3 TIER,-7,2011-02-21 11:46:00,10.95,17865.0,United Kingdom,-76.65
,22727,ALARM CLOCK BAKELIKE RED ,-1,2011-02-21 12:09:00,3.75,14092.0,United Kingdom,-3.75
544554,22588,,-41,2011-02-21 12:12:00,0.0,,United Kingdom,-0.0
,85150,LADIES & GENTLEMEN METAL SIGN,-1,2011-02-21 12:31:00,2.55,17422.0,United Kingdom,-2.55
,84949,SILVER HANGING T-LIGHT HOLDER,-5,2011-02-21 12:31:00,1.65,17422.0,United Kingdom,-8.25
,22914,BLUE COAT RACK PARIS FASHION,-2,2011-02-21 12:31:00,4.95,17422.0,United Kingdom,-9.9
,22913,RED COAT RACK PARIS FASHION,-3,2011-02-21 12:31:00,4.95,17422.0,United Kingdom,-14.85
,22912,YELLOW COAT RACK PARIS FASHION,-4,2011-02-21 12:31:00,4.95,17422.0,United Kingdom,-19.8
,22360,GLASS JAR ENGLISH CONFECTIONERY,-11,2011-02-21 12:33:00,2.55,16073.0,United Kingdom,-28.05
,85180A,RED HEARTS LIGHT CHAIN ,-6,2011-02-21 12:38:00,4.65,14329.0,United Kingdom,-27.9
,75049L,LARGE CIRCULAR MIRROR MOBILE,-8,2011-02-21 12:43:00,0.85,17677.0,United Kingdom,-6.8
,22220,CAKE STAND LOVEBIRD 2 TIER WHITE,-1,2011-02-21 12:44:00,9.95,15687.0,United Kingdom,-9.95
,22625,RED KITCHEN SCALES,-2,2011-02-21 12:59:00,8.5,12471.0,Germany,-17.0
,BANK CHARGES,Bank Charges,-1,2011-02-21 13:58:00,134.76,,United Kingdom,-134.76
,BANK CHARGES,Bank Charges,-1,2011-02-21 14:01:00,149.16,,United Kingdom,-149.16
,M,Manual,-1,2011-02-21 14:02:00,320.69,12365.0,Cyprus,-320.69
544579,21651,,-6,2011-02-21 14:05:00,0.0,,United Kingdom,-0.0
,S,SAMPLES,-1,2011-02-21 14:25:00,5.74,,United Kingdom,-5.74
,S,SAMPLES,-1,2011-02-21 14:25:00,11.08,,United Kingdom,-11.08
,S,SAMPLES,-1,2011-02-21 14:25:00,5.79,,United Kingdom,-5.79
,S,SAMPLES,-1,2011-02-21 14:25:00,6.7,,United Kingdom,-6.7
,S,SAMPLES,-1,2011-02-21 14:25:00,8.74,,United Kingdom,-8.74
,S,SAMPLES,-1,2011-02-21 14:25:00,9.74,,United Kingdom,-9.74
,S,SAMPLES,-1,2011-02-21 14:25:00,9.99,,United Kingdom,-9.99
,S,SAMPLES,-1,2011-02-21 14:25:00,20.98,,United Kingdom,-20.98
,S,SAMPLES,-1,2011-02-21 14:25:00,7.69,,United Kingdom,-7.69
,S,SAMPLES,-1,2011-02-21 14:25:00,5.44,,United Kingdom,-5.44
,S,SAMPLES,-1,2011-02-21 14:25:00,7.0,,United Kingdom,-7.0
,S,SAMPLES,-1,2011-02-21 14:25:00,10.0,,United Kingdom,-10.0
,S,SAMPLES,-1,2011-02-21 14:25:00,19.5,,United Kingdom,-19.5
,S,SAMPLES,-1,2011-02-21 14:25:00,20.55,,United Kingdom,-20.55
,S,SAMPLES,-1,2011-02-21 14:25:00,29.99,,United Kingdom,-29.99
,S,SAMPLES,-1,2011-02-21 14:25:00,9.74,,United Kingdom,-9.74
,S,SAMPLES,-1,2011-02-21 14:32:00,12.94,,United Kingdom,-12.94
,S,SAMPLES,-1,2011-02-21 14:32:00,92.0,,United Kingdom,-92.0
,S,SAMPLES,-1,2011-02-21 14:32:00,107.99,,United Kingdom,-107.99
,S,SAMPLES,-1,2011-02-21 14:32:00,55.0,,United Kingdom,-55.0
,S,SAMPLES,-1,2011-02-21 14:48:00,128.56,,United Kingdom,-128.56
,S,SAMPLES,-1,2011-02-21 14:48:00,39.5,,United Kingdom,-39.5
,S,SAMPLES,-1,2011-02-21 14:48:00,37.49,,United Kingdom,-37.49
,S,SAMPLES,-1,2011-02-21 14:48:00,31.98,,United Kingdom,-31.98
,S,SAMPLES,-1,2011-02-21 14:48:00,2.8,,United Kingdom,-2.8
,S,SAMPLES,-1,2011-02-21 14:48:00,4.59,,United Kingdom,-4.59
,S,SAMPLES,-1,2011-02-21 14:48:00,95.0,,United Kingdom,-95.0
,BANK CHARGES,Bank Charges,-1,2011-02-21 14:52:00,109.84,,United Kingdom,-109.84
,AMAZONFEE,AMAZON FEE,-1,2011-02-21 15:07:00,5575.28,,United Kingdom,-5575.28
,AMAZONFEE,AMAZON FEE,-1,2011-02-21 15:11:00,5258.77,,United Kingdom,-5258.77
,22215,CAKE STAND WHITE TWO TIER LACE,-1,2011-02-21 15:12:00,8.5,14744.0,United Kingdom,-8.5
,47591D,PINK FAIRY CAKE CHILDRENS APRON,-1,2011-02-21 16:58:00,1.95,15079.0,United Kingdom,-1.95
,22973,CHILDREN'S CIRCUS PARADE MUG,-1,2011-02-22 10:00:00,1.65,15290.0,United Kingdom,-1.65
,85170D,SET/6 PINK BIRD T-LIGHT CANDLES,-3,2011-02-22 10:03:00,2.1,12494.0,France,-6.3
,22993,SET OF 4 PANTRY JELLY MOULDS,-12,2011-02-22 11:04:00,1.25,18257.0,United Kingdom,-15.0
544649,21621,?,-400,2011-02-22 12:37:00,0.0,,United Kingdom,-0.0
,85065,CREAM SWEETHEART TRAYS,-1,2011-02-22 12:55:00,12.75,13113.0,United Kingdom,-12.75
,85064,CREAM SWEETHEART LETTER RACK,-1,2011-02-22 12:55:00,4.65,13113.0,United Kingdom,-4.65
,22061,LARGE CAKE STAND  HANGING STRAWBERY,-1,2011-02-22 12:57:00,8.5,13113.0,United Kingdom,-8.5
,85066,CREAM SWEETHEART MINI CHEST,-2,2011-02-22 12:57:00,10.95,13113.0,United Kingdom,-21.9
,37447,CERAMIC CAKE DESIGN SPOTTED PLATE,-5,2011-02-22 12:57:00,1.49,13113.0,United Kingdom,-7.45
,37448,CERAMIC CAKE DESIGN SPOTTED MUG,-2,2011-02-22 12:57:00,1.49,13113.0,United Kingdom,-2.98
,22501,PICNIC BASKET WICKER LARGE,-3,2011-02-22 12:57:00,8.5,13113.0,United Kingdom,-25.5
,22697,GREEN REGENCY TEACUP AND SAUCER,-1,2011-02-22 14:56:00,2.95,12852.0,United Kingdom,-2.95
,22698,PINK REGENCY TEACUP AND SAUCER,-2,2011-02-22 14:56:00,2.95,12852.0,United Kingdom,-5.9
,20914,SET/5 RED RETROSPOT LID GLASS BOWLS,-1,2011-02-22 14:56:00,2.95,12852.0,United Kingdom,-2.95
,22320,BIRDS MOBILE VINTAGE DESIGN,-3,2011-02-22 15:22:00,5.95,18055.0,United Kingdom,-17.85
,22423,REGENCY CAKESTAND 3 TIER,-1,2011-02-22 15:22:00,12.75,18055.0,United Kingdom,-12.75
,22231,JIGSAW TREE WITH BIRDHOUSE,-1,2011-02-22 15:22:00,1.45,18055.0,United Kingdom,-1.45
,S,SAMPLES,-1,2011-02-22 15:45:00,21.9,,United Kingdom,-21.9
,22379,RECYCLING BAG RETROSPOT ,-1,2011-02-22 15:48:00,2.1,13421.0,United Kingdom,-2.1
,22628,PICNIC BOXES SET OF 3 RETROSPOT ,-3,2011-02-22 16:15:00,4.95,12616.0,France,-14.85
,20983,12 PENCILS TALL TUBE RED RETROSPOT,-4,2011-02-22 16:15:00,0.85,12616.0,France,-3.4
,85099F,JUMBO BAG STRAWBERRY,-1,2011-02-22 16:29:00,1.65,17511.0,United Kingdom,-1.65
,21754,HOME BUILDING BLOCK WORD,-1,2011-02-22 16:29:00,5.45,17511.0,United Kingdom,-5.45
,21564,PINK  HEART SHAPE LOVE BUCKET ,-1,2011-02-22 16:29:00,2.55,17511.0,United Kingdom,-2.55
,22659,LUNCH BOX I LOVE LONDON,-2,2011-02-22 16:29:00,1.65,17511.0,United Kingdom,-3.3
,22961,JAM MAKING SET PRINTED,-12,2011-02-23 09:41:00,1.45,14735.0,United Kingdom,-17.4
,22960,JAM MAKING SET WITH JARS,-6,2011-02-23 09:41:00,3.75,14735.0,United Kingdom,-22.5
544703,22202,,-114,2011-02-23 10:35:00,0.0,,United Kingdom,-0.0
,21326,AGED GLASS SILVER T-LIGHT HOLDER,-4,2011-02-23 11:35:00,0.65,14211.0,United Kingdom,-2.6
,37370,RETRO COFFEE MUGS ASSORTED,-5,2011-02-23 12:05:00,1.06,16701.0,United Kingdom,-5.3
,21527,RED RETROSPOT TRADITIONAL TEAPOT ,-3,2011-02-23 12:05:00,6.95,16701.0,United Kingdom,-20.85
,M,Manual,-1,2011-02-23 16:36:00,30.19,15590.0,United Kingdom,-30.19
,22221,CAKE STAND LOVEBIRD 2 TIER PINK,-1,2011-02-24 09:45:00,9.95,17147.0,United Kingdom,-9.95
,22215,CAKE STAND WHITE TWO TIER LACE,-1,2011-02-24 09:45:00,8.5,17147.0,United Kingdom,-8.5
,84279B,CHERRY BLOSSOM DECORATIVE FLASK,-1,2011-02-24 09:49:00,3.75,17147.0,United Kingdom,-3.75
,22423,REGENCY CAKESTAND 3 TIER,-1,2011-02-24 09:49:00,12.75,17147.0,United Kingdom,-12.75
,21314,SMALL GLASS HEART TRINKET POT,-1,2011-02-24 09:53:00,2.1,17314.0,United Kingdom,-2.1
,20832,RED FLOCK LOVE HEART PHOTO FRAME,-1,2011-02-24 09:53:00,0.85,17314.0,United Kingdom,-0.85
,22057,CERAMIC PLATE STRAWBERRY DESIGN,-3,2011-02-24 09:59:00,1.49,13118.0,United Kingdom,-4.47
,22059,CERAMIC STRAWBERRY DESIGN MUG,-6,2011-02-24 09:59:00,1.49,13118.0,United Kingdom,-8.94
,22974,CHILDRENS DOLLY GIRL MUG,-2,2011-02-24 10:01:00,1.65,15146.0,United Kingdom,-3.3
,22250,DECORATION  BUTTERFLY  MAGIC GARDEN,-4,2011-02-24 10:01:00,0.85,15146.0,United Kingdom,-3.4
,22249,DECORATION WHITE CHICK MAGIC GARDEN,-4,2011-02-24 10:01:00,0.85,15146.0,United Kingdom,-3.4
,22248,DECORATION  PINK CHICK MAGIC GARDEN,-4,2011-02-24 10:01:00,0.85,15146.0,United Kingdom,-3.4
544832,62096A,,-88,2011-02-24 10:05:00,0.0,,United Kingdom,-0.0
544834,90200C,,-33,2011-02-24 10:15:00,0.0,,United Kingdom,-0.0
,22461,SAVOY ART DECO CLOCK,-1,2011-02-24 11:06:00,12.75,16719.0,United Kingdom,-12.75
,22728,ALARM CLOCK BAKELIKE PINK,-1,2011-02-24 11:06:00,3.75,16719.0,United Kingdom,-3.75
,21633,SUNFLOWER DECORATIVE PARASOL,-1,2011-02-24 12:27:00,12.75,17867.0,United Kingdom,-12.75
,22780,LIGHT GARLAND BUTTERFILES PINK,-4,2011-02-24 13:02:00,4.25,15078.0,United Kingdom,-17.0
,22779,WOODEN OWLS LIGHT GARLAND ,-4,2011-02-24 13:02:00,4.25,15078.0,United Kingdom,-17.0
,22670,FRENCH WC SIGN BLUE METAL,-4,2011-02-24 13:02:00,1.25,15078.0,United Kingdom,-5.0
,22358,KINGS CHOICE TEA CADDY ,-4,2011-02-24 13:02:00,2.95,15078.0,United Kingdom,-11.8
,22357,KINGS CHOICE BISCUIT TIN,-1,2011-02-24 13:02:00,4.25,15078.0,United Kingdom,-4.25
,22629,SPACEBOY LUNCH BOX ,-1,2011-02-24 13:05:00,1.95,12362.0,Belgium,-1.95
,22273,FELTCRAFT DOLL MOLLY,-1,2011-02-24 13:05:00,2.95,12362.0,Belgium,-2.95
,22149,FELTCRAFT 6 FLOWER FRIENDS,-1,2011-02-25 12:46:00,2.1,18231.0,United Kingdom,-2.1
,20972,PINK CREAM FELT CRAFT TRINKET BOX ,-12,2011-02-25 12:46:00,1.25,18231.0,United Kingdom,-15.0
,22936,BAKING MOULD ROSE WHITE CHOCOLATE,-72,2011-02-25 16:26:00,2.75,14156.0,EIRE,-198.0
,22935,BAKING MOULD ROSE MILK CHOCOLATE,-72,2011-02-25 16:26:00,2.75,14156.0,EIRE,-198.0
,22838,3 TIER CAKE TIN RED AND CREAM,-96,2011-02-25 16:26:00,12.75,14156.0,EIRE,-1224.0
,22699,ROSES REGENCY TEACUP AND SAUCER ,-120,2011-02-25 16:26:00,2.55,14156.0,EIRE,-306.0
,22630,DOLLY GIRL LUNCH BOX,-192,2011-02-25 16:26:00,1.65,14156.0,EIRE,-316.8
,22363,GLASS JAR MARMALADE ,-120,2011-02-25 16:26:00,2.55,14156.0,EIRE,-306.0
,22183,CAKE STAND VICTORIAN FILIGREE MED,-1,2011-02-27 10:25:00,3.0,13684.0,United Kingdom,-3.0
,84247K,"FOLK ART GREETING CARD,pack/12",-11,2011-02-27 15:07:00,2.95,14157.0,United Kingdom,-32.45
545127,22024,,-50,2011-02-28 12:04:00,0.0,,United Kingdom,-0.0
545135,22028,,-30,2011-02-28 12:06:00,0.0,,United Kingdom,-0.0
,47594B,SCOTTIES DESIGN WASHBAG,-1,2011-02-28 15:19:00,1.95,17841.0,United Kingdom,-1.95
545219,20738,,-36,2011-02-28 17:04:00,0.0,,United Kingdom,-0.0
545236,22797,damages,-15,2011-03-01 10:32:00,0.0,,United Kingdom,-0.0
,35471D,SET OF 3 BIRD LIGHT PINK FEATHER ,-1,2011-03-01 11:31:00,1.25,12933.0,United Kingdom,-1.25
,22414,DOORMAT NEIGHBOURHOOD WITCH ,-1,2011-03-01 13:05:00,7.95,17027.0,United Kingdom,-7.95
,20793,BLUE TILED TRAY,-5,2011-03-01 13:05:00,6.75,17027.0,United Kingdom,-33.75
,M,Manual,-1,2011-03-01 15:47:00,280.05,12352.0,Norway,-280.05
,M,Manual,-1,2011-03-01 15:47:00,183.75,12352.0,Norway,-183.75
,M,Manual,-1,2011-03-01 15:49:00,376.5,12352.0,Norway,-376.5
545401,21769,showroom,-5,2011-03-02 12:03:00,0.0,,United Kingdom,-0.0
545402,22862,,-33,2011-03-02 12:07:00,0.0,,United Kingdom,-0.0
,22684,FRENCH BLUE METAL DOOR SIGN 9,-2,2011-03-02 14:28:00,1.25,13166.0,United Kingdom,-2.5
,22220,CAKE STAND LOVEBIRD 2 TIER WHITE,-1,2011-03-02 15:15:00,9.95,14657.0,United Kingdom,-9.95
,22148,EASTER CRAFT 4 CHICKS ,-3,2011-03-02 15:24:00,1.95,13410.0,United Kingdom,-5.85
,20725,LUNCH BAG RED RETROSPOT,-1,2011-03-02 15:52:00,1.65,13093.0,United Kingdom,-1.65
,22383,LUNCH BAG SUKI DESIGN ,-1,2011-03-02 15:52:00,1.65,13093.0,United Kingdom,-1.65
,22846,BREAD BIN DINER STYLE RED ,-1,2011-03-02 15:52:00,14.95,13093.0,United Kingdom,-14.95
,22423,REGENCY CAKESTAND 3 TIER,-1,2011-03-02 15:52:00,10.95,13093.0,United Kingdom,-10.95
,22697,GREEN REGENCY TEACUP AND SAUCER,-1,2011-03-02 15:54:00,2.95,14231.0,United Kingdom,-2.95
,22698,PINK REGENCY TEACUP AND SAUCER,-1,2011-03-02 15:54:00,2.95,14231.0,United Kingdom,-2.95
,22427,ENAMEL FLOWER JUG CREAM,-3,2011-03-02 15:54:00,5.95,14231.0,United Kingdom,-17.85
,37495,FAIRY CAKE BIRTHDAY CANDLE SET,-4,2011-03-02 15:58:00,3.75,14243.0,United Kingdom,-15.0
,22303,COFFEE MUG APPLES DESIGN,-5,2011-03-02 16:03:00,2.55,16843.0,United Kingdom,-12.75
,22776,SWEETHEART CAKESTAND 3 TIER,-1,2011-03-02 16:17:00,9.95,17063.0,United Kingdom,-9.95
,22720,SET OF 3 CAKE TINS PANTRY DESIGN ,-1,2011-03-02 16:20:00,4.95,17442.0,United Kingdom,-4.95
,22781,GUMBALL MAGAZINE RACK,-1,2011-03-02 16:20:00,7.65,17442.0,United Kingdom,-7.65
,22729,ALARM CLOCK BAKELIKE ORANGE,-1,2011-03-02 16:24:00,3.75,13767.0,United Kingdom,-3.75
,22697,GREEN REGENCY TEACUP AND SAUCER,-1,2011-03-02 16:24:00,2.95,13767.0,United Kingdom,-2.95
,22698,PINK REGENCY TEACUP AND SAUCER,-2,2011-03-02 16:24:00,2.95,13767.0,United Kingdom,-5.9
,22957,SET 3 PAPER VINTAGE CHICK PAPER EGG,-12,2011-03-02 16:33:00,2.55,12753.0,Japan,-30.6
,22654,DELUXE SEWING KIT ,-2,2011-03-02 16:33:00,4.95,12753.0,Japan,-9.9
,22661,CHARLOTTE BAG DOLLY GIRL DESIGN,-1,2011-03-02 16:33:00,0.72,12753.0,Japan,-0.72
,20725,LUNCH BAG RED RETROSPOT,-1,2011-03-02 16:33:00,1.45,12753.0,Japan,-1.45
,20724,RED RETROSPOT CHARLOTTE BAG,-1,2011-03-02 16:33:00,0.72,12753.0,Japan,-0.72
,22666,RECIPE BOX PANTRY YELLOW DESIGN,-1,2011-03-02 16:38:00,2.95,16573.0,United Kingdom,-2.95
,37446,MINI CAKE STAND WITH HANGING CAKES,-3,2011-03-02 16:38:00,1.45,16573.0,United Kingdom,-4.35
,22699,ROSES REGENCY TEACUP AND SAUCER ,-1,2011-03-02 16:38:00,2.95,16573.0,United Kingdom,-2.95
,21527,RED RETROSPOT TRADITIONAL TEAPOT ,-2,2011-03-02 16:46:00,7.95,16839.0,United Kingdom,-15.9
,22442,GROW YOUR OWN FLOWERS SET OF 3,-1,2011-03-02 16:53:00,7.95,13477.0,United Kingdom,-7.95
,47590B,PINK HAPPY BIRTHDAY BUNTING,-2,2011-03-02 16:56:00,4.65,16422.0,United Kingdom,-9.3
,22846,BREAD BIN DINER STYLE RED ,-1,2011-03-02 16:57:00,16.95,14639.0,United Kingdom,-16.95
,22960,JAM MAKING SET WITH JARS,-1,2011-03-02 16:57:00,4.25,14639.0,United Kingdom,-4.25
,47566,PARTY BUNTING,-1,2011-03-02 17:04:00,4.95,15189.0,United Kingdom,-4.95
,22423,REGENCY CAKESTAND 3 TIER,-8,2011-03-02 17:04:00,10.95,15189.0,United Kingdom,-87.6
,22791,T-LIGHT GLASS FLUTED ANTIQUE,-1,2011-03-02 17:11:00,1.25,16473.0,United Kingdom,-1.25
,21527,RED RETROSPOT TRADITIONAL TEAPOT ,-1,2011-03-02 17:15:00,7.95,17865.0,United Kingdom,-7.95
,22697,GREEN REGENCY TEACUP AND SAUCER,-1,2011-03-02 17:15:00,2.95,17865.0,United Kingdom,-2.95
,21231,SWEETHEART CERAMIC TRINKET BOX,-2,2011-03-02 17:15:00,1.25,17865.0,United Kingdom,-2.5
,22698,PINK REGENCY TEACUP AND SAUCER,-3,2011-03-02 17:18:00,2.95,17428.0,United Kingdom,-8.85
,21217,RED RETROSPOT ROUND CAKE TINS,-1,2011-03-02 17:18:00,9.95,17428.0,United Kingdom,-9.95
,22780,LIGHT GARLAND BUTTERFILES PINK,-2,2011-03-02 17:18:00,4.25,17428.0,United Kingdom,-8.5
,22779,WOODEN OWLS LIGHT GARLAND ,-3,2011-03-02 17:18:00,4.25,17428.0,United Kingdom,-12.75
,21539,RED RETROSPOT BUTTER DISH,-1,2011-03-02 17:19:00,4.95,13018.0,United Kingdom,-4.95
,D,Discount,-1,2011-03-03 11:05:00,30.38,14527.0,United Kingdom,-30.38
,D,Discount,-720,2011-03-03 11:08:00,0.01,16422.0,United Kingdom,-7.2
,20711,JUMBO BAG TOYS ,-10,2011-03-03 11:33:00,1.95,15078.0,United Kingdom,-19.5
,22224,WHITE LOVEBIRD LANTERN,-2,2011-03-03 11:35:00,2.95,13630.0,United Kingdom,-5.9
,22777,GLASS CLOCHE LARGE,-1,2011-03-03 11:35:00,8.5,13630.0,United Kingdom,-8.5
,22907,PACK OF 20 NAPKINS PANTRY DESIGN,-12,2011-03-03 11:42:00,0.85,,EIRE,-10.2
,22361,GLASS JAR DAISY FRESH COTTON WOOL,-5,2011-03-03 11:43:00,2.95,12565.0,Saudi Arabia,-14.75
,22911,PAPER CHAIN KIT LONDON,-1,2011-03-03 11:53:00,2.95,17017.0,United Kingdom,-2.95
,22900, SET 2 TEA TOWELS I LOVE LONDON ,-1,2011-03-03 11:53:00,2.95,17017.0,United Kingdom,-2.95
,22197,SMALL POPCORN HOLDER,-5,2011-03-03 11:54:00,0.85,17017.0,United Kingdom,-4.25
,21539,RED RETROSPOT BUTTER DISH,-1,2011-03-03 11:56:00,4.95,15281.0,United Kingdom,-4.95
,21533,RETROSPOT LARGE MILK JUG,-1,2011-03-03 11:56:00,4.95,15281.0,United Kingdom,-4.95
,21527,RED RETROSPOT TRADITIONAL TEAPOT ,-2,2011-03-03 11:56:00,7.95,15281.0,United Kingdom,-15.9
,21987,PACK OF 6 SKULL PAPER CUPS,-1,2011-03-03 11:57:00,0.65,18198.0,United Kingdom,-0.65
,22777,GLASS CLOCHE LARGE,-1,2011-03-03 12:02:00,7.65,15932.0,United Kingdom,-7.65
,84978,HANGING HEART JAR T-LIGHT HOLDER,-1,2011-03-03 12:11:00,1.25,14276.0,United Kingdom,-1.25
,71459,HANGING JAM JAR T-LIGHT HOLDER,-1,2011-03-03 12:11:00,0.85,14276.0,United Kingdom,-0.85
,22967,SET 3 SONG BIRD PAPER EGGS ASSORTED,-1,2011-03-03 12:11:00,2.95,14276.0,United Kingdom,-2.95
,22960,JAM MAKING SET WITH JARS,-1,2011-03-03 12:11:00,4.25,14276.0,United Kingdom,-4.25
,22957,SET 3 PAPER VINTAGE CHICK PAPER EGG,-1,2011-03-03 12:11:00,2.95,14276.0,United Kingdom,-2.95
,22840,ROUND CAKE TIN VINTAGE RED,-2,2011-03-03 12:11:00,7.95,14276.0,United Kingdom,-15.9
,22838,3 TIER CAKE TIN RED AND CREAM,-3,2011-03-03 12:11:00,14.95,14276.0,United Kingdom,-44.85
,20728,LUNCH BAG CARS BLUE,-2,2011-03-03 12:11:00,1.65,14276.0,United Kingdom,-3.3
,22318,FIVE HEART HANGING DECORATION,-1,2011-03-03 12:30:00,2.95,14744.0,United Kingdom,-2.95
,22969,HOMEMADE JAM SCENTED CANDLES,-86,2011-03-03 13:11:00,1.25,12415.0,Australia,-107.5
,22697,GREEN REGENCY TEACUP AND SAUCER,-24,2011-03-03 13:11:00,2.55,12415.0,Australia,-61.2
,22464,HANGING METAL HEART LANTERN,-1,2011-03-03 13:26:00,1.65,16191.0,United Kingdom,-1.65
,22180,RETROSPOT LAMP,-1,2011-03-03 13:45:00,9.95,17675.0,United Kingdom,-9.95
,22827,RUSTIC  SEVENTEEN DRAWER SIDEBOARD,-1,2011-03-03 13:57:00,85.0,15257.0,United Kingdom,-85.0
,22456,NATURAL SLATE CHALKBOARD LARGE ,-1,2011-03-03 14:14:00,4.95,16212.0,United Kingdom,-4.95
,21908,CHOCOLATE THIS WAY METAL SIGN,-2,2011-03-03 14:14:00,2.1,16212.0,United Kingdom,-4.2
545546,84249A,check,-150,2011-03-03 15:03:00,0.0,,United Kingdom,-0.0
545547,85061W,,-391,2011-03-03 15:07:00,0.0,,United Kingdom,-0.0
545548,77101A,,-87,2011-03-03 15:08:00,0.0,,United Kingdom,-0.0
545549,15058B,,-61,2011-03-03 15:10:00,0.0,,United Kingdom,-0.0
545552,22021,,-20,2011-03-03 15:11:00,0.0,,United Kingdom,-0.0
545554,22988,,-70,2011-03-03 15:12:00,0.0,,United Kingdom,-0.0
,82486,WOOD S/3 CABINET ANT WHITE FINISH,-1,2011-03-03 15:21:00,7.95,15005.0,United Kingdom,-7.95
,37450,CERAMIC CAKE BOWL + HANGING CAKES,-1,2011-03-03 15:21:00,2.95,15005.0,United Kingdom,-2.95
545560,37464,,-2,2011-03-03 16:12:00,0.0,,United Kingdom,-0.0
545561,37379A,,-9,2011-03-03 16:12:00,0.0,,United Kingdom,-0.0
545562,20689,,-5,2011-03-03 16:12:00,0.0,,United Kingdom,-0.0
545563,20671,,-22,2011-03-03 16:13:00,0.0,,United Kingdom,-0.0
545564,85092,,-9,2011-03-03 16:13:00,0.0,,United Kingdom,-0.0
545565,47563B,,-10,2011-03-03 16:14:00,0.0,,United Kingdom,-0.0
545566,37477D,,-9,2011-03-03 16:14:00,0.0,,United Kingdom,-0.0
545567,37444B,,-3,2011-03-03 16:14:00,0.0,,United Kingdom,-0.0
,22720,SET OF 3 CAKE TINS PANTRY DESIGN ,-2,2011-03-03 16:25:00,4.95,14239.0,United Kingdom,-9.9
,22423,REGENCY CAKESTAND 3 TIER,-3,2011-03-03 16:26:00,12.75,14239.0,United Kingdom,-38.25
,22840,ROUND CAKE TIN VINTAGE RED,-1,2011-03-03 16:26:00,7.95,14239.0,United Kingdom,-7.95
545598,22080,,-278,2011-03-04 11:16:00,0.0,,United Kingdom,-0.0
545599,22272,,-140,2011-03-04 11:17:00,0.0,,United Kingdom,-0.0
545600,85160A,,-21,2011-03-04 11:45:00,0.0,,United Kingdom,-0.0
,22423,REGENCY CAKESTAND 3 TIER,-1,2011-03-04 12:28:00,10.95,13113.0,United Kingdom,-10.95
,40001,WHITE BAMBOO RIBS LAMPSHADE,-1,2011-03-04 13:14:00,0.64,15311.0,United Kingdom,-0.64
,22778,GLASS CLOCHE SMALL,-6,2011-03-04 13:14:00,3.39,15311.0,United Kingdom,-20.34
,22423,REGENCY CAKESTAND 3 TIER,-7,2011-03-06 10:08:00,10.95,15465.0,United Kingdom,-76.65
,22784,LANTERN CREAM GAZEBO ,-1,2011-03-06 10:13:00,4.95,15304.0,United Kingdom,-4.95
,22808,SET OF 6 T-LIGHTS EASTER CHICKS,-18,2011-03-06 10:14:00,2.95,14745.0,United Kingdom,-53.1
,22666,RECIPE BOX PANTRY YELLOW DESIGN,-1,2011-03-06 10:25:00,2.95,18223.0,United Kingdom,-2.95
,22892,SET OF SALT AND PEPPER TOADSTOOLS,-1,2011-03-06 10:25:00,1.25,18223.0,United Kingdom,-1.25
,85099C,JUMBO  BAG BAROQUE BLACK WHITE,-1,2011-03-06 10:25:00,1.95,18223.0,United Kingdom,-1.95
,M,Manual,-2,2011-03-06 10:48:00,10.65,14543.0,United Kingdom,-21.3
,M,Manual,-1,2011-03-06 10:48:00,12.75,14543.0,United Kingdom,-12.75
,21258,VICTORIAN SEWING BOX LARGE,-4,2011-03-06 10:48:00,12.75,14543.0,United Kingdom,-51.0
,22207,FRYING PAN UNION FLAG,-1,2011-03-06 10:48:00,4.25,14543.0,United Kingdom,-4.25
,22625,RED KITCHEN SCALES,-2,2011-03-06 10:48:00,7.65,14543.0,United Kingdom,-15.3
,22627,MINT KITCHEN SCALES,-1,2011-03-06 10:48:00,7.65,14543.0,United Kingdom,-7.65
,22624,IVORY KITCHEN SCALES,-4,2011-03-06 10:48:00,7.65,14543.0,United Kingdom,-30.6
,21528,DAIRY MAID TRADITIONAL TEAPOT ,-2,2011-03-06 10:48:00,5.95,14543.0,United Kingdom,-11.9
,21534,DAIRY MAID LARGE MILK JUG,-1,2011-03-06 10:48:00,4.95,14543.0,United Kingdom,-4.95
,21781,MA CAMPAGNE CUTLERY BOX,-7,2011-03-06 10:48:00,12.75,14543.0,United Kingdom,-89.25
,21843,RED RETROSPOT CAKE STAND,-1,2011-03-06 10:48:00,9.95,14543.0,United Kingdom,-9.95
,22098,BOUDOIR SQUARE TISSUE BOX,-1,2011-03-06 10:49:00,1.25,16678.0,United Kingdom,-1.25
,84978,HANGING HEART JAR T-LIGHT HOLDER,-1,2011-03-06 10:49:00,1.25,16678.0,United Kingdom,-1.25
,22494,EMERGENCY FIRST AID TIN ,-1,2011-03-06 11:07:00,1.25,16923.0,United Kingdom,-1.25
,84849D,HOT BATHS SOAP HOLDER,-1,2011-03-06 12:43:00,1.69,16033.0,United Kingdom,-1.69
,21658,GLASS  BEURRE DISH,-1,2011-03-06 12:43:00,3.95,16033.0,United Kingdom,-3.95
,15056N,EDWARDIAN PARASOL NATURAL,-1,2011-03-07 10:33:00,5.95,15039.0,United Kingdom,-5.95
,22797,CHEST OF DRAWERS GINGHAM HEART ,-1,2011-03-07 10:33:00,16.95,15039.0,United Kingdom,-16.95
,22357,KINGS CHOICE BISCUIT TIN,-2,2011-03-07 11:16:00,4.25,17048.0,United Kingdom,-8.5
,23182,TOILET SIGN OCCUPIED OR VACANT,-1,2011-03-07 11:16:00,0.83,17048.0,United Kingdom,-0.83
,22960,JAM MAKING SET WITH JARS,-1,2011-03-07 11:16:00,4.25,17048.0,United Kingdom,-4.25
,22697,GREEN REGENCY TEACUP AND SAUCER,-2,2011-03-07 11:18:00,2.95,14051.0,United Kingdom,-5.9
,22423,REGENCY CAKESTAND 3 TIER,-8,2011-03-07 11:18:00,12.75,14051.0,United Kingdom,-102.0
,22636,CHILDS BREAKFAST SET CIRCUS PARADE,-1,2011-03-07 11:41:00,8.5,12484.0,Spain,-8.5
,22423,REGENCY CAKESTAND 3 TIER,-2,2011-03-07 11:41:00,12.75,12484.0,Spain,-25.5
,21232,STRAWBERRY CERAMIC TRINKET BOX,-2,2011-03-07 11:41:00,1.25,12484.0,Spain,-2.5
,M,Manual,-1,2011-03-07 11:46:00,45.57,12754.0,Japan,-45.57
,POST,POSTAGE,-1,2011-03-07 11:47:00,8.65,18257.0,United Kingdom,-8.65
,21899,"KEY FOB , GARAGE DESIGN",-18,2011-03-07 12:05:00,0.65,14903.0,United Kingdom,-11.7
,22429,ENAMEL MEASURING JUG CREAM,-1,2011-03-07 12:06:00,4.25,17139.0,United Kingdom,-4.25
,21843,RED RETROSPOT CAKE STAND,-1,2011-03-07 12:06:00,10.95,17139.0,United Kingdom,-10.95
,21314,SMALL GLASS HEART TRINKET POT,-3,2011-03-07 12:54:00,2.1,13884.0,United Kingdom,-6.3
,22654,DELUXE SEWING KIT ,-3,2011-03-07 13:00:00,5.95,15241.0,United Kingdom,-17.85
,22064,PINK DOUGHNUT TRINKET POT ,-2,2011-03-07 13:01:00,1.65,12839.0,United Kingdom,-3.3
,22697,GREEN REGENCY TEACUP AND SAUCER,-1,2011-03-07 13:05:00,2.95,15189.0,United Kingdom,-2.95
,84978,HANGING HEART JAR T-LIGHT HOLDER,-1,2011-03-07 13:05:00,1.25,15189.0,United Kingdom,-1.25
,22423,REGENCY CAKESTAND 3 TIER,-6,2011-03-07 13:05:00,10.95,15189.0,United Kingdom,-65.7
,84380,SET OF 3 BUTTERFLY COOKIE CUTTERS,-12,2011-03-07 13:08:00,1.25,15290.0,United Kingdom,-15.0
,84378,SET OF 3 HEART COOKIE CUTTERS,-24,2011-03-07 13:08:00,1.25,15290.0,United Kingdom,-30.0
,22156,HEART DECORATION WITH PEARLS ,-5,2011-03-07 13:10:00,0.85,15194.0,United Kingdom,-4.25
,22666,RECIPE BOX PANTRY YELLOW DESIGN,-2,2011-03-07 13:10:00,2.95,15194.0,United Kingdom,-5.9
,22507,MEMO BOARD RETROSPOT  DESIGN,-1,2011-03-07 13:14:00,4.25,16013.0,United Kingdom,-4.25
,22178,VICTORIAN GLASS HANGING T-LIGHT,-3,2011-03-07 13:14:00,1.06,16013.0,United Kingdom,-3.18
,22158,3 HEARTS HANGING DECORATION RUSTIC,-5,2011-03-07 13:14:00,2.55,16013.0,United Kingdom,-12.75
,85053,FRENCH ENAMEL CANDLEHOLDER,-3,2011-03-07 13:14:00,1.69,16013.0,United Kingdom,-5.07
,21844,RED RETROSPOT MUG,-1,2011-03-07 13:16:00,2.95,13458.0,United Kingdom,-2.95
,21067,VINTAGE RED TEATIME MUG,-1,2011-03-07 13:19:00,1.25,14606.0,United Kingdom,-1.25
,21630,FLOOR CUSHION ELEPHANT CARNIVAL,-1,2011-03-07 13:19:00,8.95,14606.0,United Kingdom,-8.95
,21789,KIDS RAIN MAC PINK,-1,2011-03-07 13:19:00,0.85,14606.0,United Kingdom,-0.85
,22181,SNOWSTORM PHOTO FRAME FRIDGE MAGNET,-24,2011-03-07 13:32:00,0.85,12598.0,France,-20.4
,22192,BLUE DINER WALL CLOCK,-1,2011-03-07 13:33:00,8.5,15110.0,United Kingdom,-8.5
,22423,REGENCY CAKESTAND 3 TIER,-5,2011-03-07 13:35:00,10.95,13089.0,United Kingdom,-54.75
,22729,ALARM CLOCK BAKELIKE ORANGE,-2,2011-03-07 13:36:00,3.75,17675.0,United Kingdom,-7.5
,22728,ALARM CLOCK BAKELIKE PINK,-1,2011-03-07 13:36:00,3.75,17675.0,United Kingdom,-3.75
,22727,ALARM CLOCK BAKELIKE RED ,-3,2011-03-07 13:36:00,3.75,17675.0,United Kingdom,-11.25
,22456,NATURAL SLATE CHALKBOARD LARGE ,-1,2011-03-07 13:37:00,4.95,12921.0,United Kingdom,-4.95
,22423,REGENCY CAKESTAND 3 TIER,-1,2011-03-07 13:37:00,12.75,12921.0,United Kingdom,-12.75
,22926,IVORY GIANT GARDEN THERMOMETER,-1,2011-03-07 13:38:00,5.95,16838.0,United Kingdom,-5.95
,22236,CAKE STAND 3 TIER MAGIC GARDEN,-1,2011-03-07 13:39:00,12.75,13081.0,United Kingdom,-12.75
,23005,TRAVEL CARD WALLET I LOVE LONDON,-1,2011-03-07 13:40:00,0.42,15903.0,United Kingdom,-0.42
,22776,SWEETHEART CAKESTAND 3 TIER,-3,2011-03-07 13:41:00,8.5,17672.0,United Kingdom,-25.5
,72741,GRAND CHOCOLATECANDLE,-3,2011-03-07 13:42:00,1.45,16598.0,United Kingdom,-4.35
,21527,RED RETROSPOT TRADITIONAL TEAPOT ,-1,2011-03-07 13:45:00,7.95,15811.0,United Kingdom,-7.95
,21528,DAIRY MAID TRADITIONAL TEAPOT ,-3,2011-03-07 13:45:00,6.95,15811.0,United Kingdom,-20.85
,22804,CANDLEHOLDER PINK HANGING HEART,-1,2011-03-07 13:49:00,2.95,14048.0,United Kingdom,-2.95
,22464,HANGING METAL HEART LANTERN,-5,2011-03-07 13:49:00,1.65,14048.0,United Kingdom,-8.25
,85123A,WHITE HANGING HEART T-LIGHT HOLDER,-8,2011-03-07 13:49:00,2.95,14048.0,United Kingdom,-23.6
545857,20681,MIA,-154,2011-03-07 13:56:00,0.0,,United Kingdom,-0.0
,21424,WOODLAND STORAGE BOX LARGE ,-1,2011-03-07 14:27:00,2.95,17841.0,United Kingdom,-2.95
,21426,WOODLAND STORAGE BOX SMALL,-2,2011-03-07 14:27:00,2.1,17841.0,United Kingdom,-4.2
,21427,SKULLS STORAGE BOX SMALL,-1,2011-03-07 14:27:00,2.1,17841.0,United Kingdom,-2.1
,21424,WOODLAND STORAGE BOX LARGE ,-1,2011-03-07 14:29:00,2.95,17841.0,United Kingdom,-2.95
,M,Manual,-1,2011-03-07 15:49:00,537.83,,United Kingdom,-537.83
,22667,RECIPE BOX RETROSPOT ,-1,2011-03-07 15:52:00,2.95,15827.0,United Kingdom,-2.95
,22720,SET OF 3 CAKE TINS PANTRY DESIGN ,-1,2011-03-07 15:52:00,4.95,15827.0,United Kingdom,-4.95
,M,Manual,-1,2011-03-07 15:53:00,222.59,,United Kingdom,-222.59
,BANK CHARGES,Bank Charges,-1,2011-03-07 15:54:00,326.68,,United Kingdom,-326.68
,M,Manual,-1,2011-03-07 16:40:00,16.05,12754.0,Japan,-16.05
,M,Manual,-1,2011-03-07 16:41:00,17.55,12755.0,Japan,-17.55
,21931,JUMBO STORAGE BAG SUKI,-1,2011-03-08 08:34:00,1.95,13345.0,United Kingdom,-1.95
,22634,CHILDS BREAKFAST SET SPACEBOY ,-1,2011-03-08 08:34:00,9.95,13345.0,United Kingdom,-9.95
545990,84598,check,-3000,2011-03-08 13:07:00,0.0,,United Kingdom,-0.0
,21156,RETROSPOT CHILDRENS APRON,-6,2011-03-08 14:35:00,1.95,12679.0,France,-11.7
,22367,CHILDRENS APRON SPACEBOY DESIGN,-8,2011-03-08 14:35:00,1.95,12679.0,France,-15.6
,22634,CHILDS BREAKFAST SET SPACEBOY ,-1,2011-03-08 14:35:00,9.95,12679.0,France,-9.95
546010,22423,damages,-19,2011-03-08 15:55:00,0.0,,United Kingdom,-0.0
546016,85172,Dotcom set,-675,2011-03-08 17:21:00,0.0,,United Kingdom,-0.0
546018,85172,wrongly sold as sets,-600,2011-03-08 17:23:00,0.0,,United Kingdom,-0.0
546020,85175,Amazon sold sets,-210,2011-03-08 17:27:00,0.0,,United Kingdom,-0.0
546021,85175,dotcom sold sets,-345,2011-03-08 17:27:00,0.0,,United Kingdom,-0.0
,23187,FRENCH STYLE STORAGE JAR BONBONS,-6,2011-03-08 17:28:00,1.25,14507.0,United Kingdom,-7.5
,23186,FRENCH STYLE STORAGE JAR CAFE ,-6,2011-03-08 17:28:00,1.25,14507.0,United Kingdom,-7.5
546023,85175,wrongly sold sets,-975,2011-03-08 17:29:00,0.0,,United Kingdom,-0.0
546024,85175,? sold as sets?,-1200,2011-03-08 17:31:00,0.0,,United Kingdom,-0.0
546025,85172,?sold as sets?,-600,2011-03-08 17:31:00,0.0,,United Kingdom,-0.0
,22423,REGENCY CAKESTAND 3 TIER,-1,2011-03-09 11:18:00,12.75,15078.0,United Kingdom,-12.75
,85116,BLACK CANDELABRA T-LIGHT HOLDER,-6,2011-03-09 11:23:00,2.1,15974.0,United Kingdom,-12.6
,D,Discount,-1,2011-03-09 12:21:00,9.87,14527.0,United Kingdom,-9.87
546124,35610C,Thrown away.,-1121,2011-03-09 14:50:00,0.0,,United Kingdom,-0.0
546126,35611B,thrown away,-27,2011-03-09 14:52:00,0.0,,United Kingdom,-0.0
,22697,GREEN REGENCY TEACUP AND SAUCER,-6,2011-03-09 14:52:00,2.95,16316.0,United Kingdom,-17.7
,22726,ALARM CLOCK BAKELIKE GREEN,-1,2011-03-09 15:05:00,3.75,15622.0,United Kingdom,-3.75
,22842,BISCUIT TIN VINTAGE RED,-1,2011-03-09 15:05:00,6.75,15622.0,United Kingdom,-6.75
,22840,ROUND CAKE TIN VINTAGE RED,-1,2011-03-09 15:05:00,7.95,15622.0,United Kingdom,-7.95
546129,35610B,thrown away,-541,2011-03-09 15:07:00,0.0,,United Kingdom,-0.0
546130,35610A,thrown away,-1277,2011-03-09 15:08:00,0.0,,United Kingdom,-0.0
,22978,PANTRY ROLLING PIN,-6,2011-03-09 15:08:00,3.75,16057.0,United Kingdom,-22.5
,22841,ROUND CAKE TIN VINTAGE GREEN,-1,2011-03-09 15:08:00,7.95,16057.0,United Kingdom,-7.95
,22720,SET OF 3 CAKE TINS PANTRY DESIGN ,-1,2011-03-09 15:08:00,4.95,16057.0,United Kingdom,-4.95
,22072,RED RETROSPOT TEA CUP AND SAUCER ,-1,2011-03-09 15:08:00,3.75,16057.0,United Kingdom,-3.75
,21539,RED RETROSPOT BUTTER DISH,-1,2011-03-09 15:08:00,4.95,16057.0,United Kingdom,-4.95
,21531,RED RETROSPOT SUGAR JAM BOWL,-1,2011-03-09 15:08:00,2.55,16057.0,United Kingdom,-2.55
,21218,RED SPOTTY BISCUIT TIN,-1,2011-03-09 15:08:00,3.75,16057.0,United Kingdom,-3.75
,22776,SWEETHEART CAKESTAND 3 TIER,-1,2011-03-09 15:08:00,9.95,16057.0,United Kingdom,-9.95
546137,20893,damages/display,-197,2011-03-09 16:33:00,0.0,,United Kingdom,-0.0
546138,21815,?,-300,2011-03-09 16:34:00,0.0,,United Kingdom,-0.0
546140,21527,damages,-30,2011-03-09 16:35:00,0.0,,United Kingdom,-0.0
546142,40016,damaged stock,-1100,2011-03-09 16:37:00,0.0,,United Kingdom,-0.0
546145,21537,?,-80,2011-03-09 16:39:00,0.0,,United Kingdom,-0.0
546146,20752,,-40,2011-03-09 16:41:00,0.0,,United Kingdom,-0.0
546147,21320,broken,-63,2011-03-09 16:42:00,0.0,,United Kingdom,-0.0
546148,85049D,?,-100,2011-03-09 16:43:00,0.0,,United Kingdom,-0.0
546149,20866,?,-230,2011-03-09 17:02:00,0.0,,United Kingdom,-0.0
546150,21503,,-140,2011-03-09 17:03:00,0.0,,United Kingdom,-0.0
546151,21504,,-80,2011-03-09 17:04:00,0.0,,United Kingdom,-0.0
546152,72140F,throw away,-5368,2011-03-09 17:25:00,0.0,,United Kingdom,-0.0
,85178,VICTORIAN SEWING KIT,-144,2011-03-10 09:53:00,1.25,17404.0,Sweden,-180.0
,21527,RED RETROSPOT TRADITIONAL TEAPOT ,-2,2011-03-10 10:13:00,7.95,15611.0,United Kingdom,-15.9
,47567B,TEA TIME KITCHEN APRON,-3,2011-03-10 10:22:00,5.95,16670.0,United Kingdom,-17.85
,22892,SET OF SALT AND PEPPER TOADSTOOLS,-12,2011-03-10 10:22:00,1.25,16670.0,United Kingdom,-15.0
,21713,CITRONELLA CANDLE FLOWERPOT,-5,2011-03-10 10:29:00,1.85,15034.0,United Kingdom,-9.25
,22488,NATURAL SLATE RECTANGLE CHALKBOARD,-1,2011-03-10 10:34:00,1.65,14227.0,United Kingdom,-1.65
,21231,SWEETHEART CERAMIC TRINKET BOX,-1,2011-03-10 10:34:00,1.25,14227.0,United Kingdom,-1.25
,22791,T-LIGHT GLASS FLUTED ANTIQUE,-3,2011-03-10 10:38:00,1.06,13094.0,United Kingdom,-3.18
,47566B,TEA TIME PARTY BUNTING,-35,2011-03-10 10:57:00,0.7,16422.0,United Kingdom,-24.5
,22915,ASSORTED BOTTLE TOP  MAGNETS ,-12,2011-03-10 11:13:00,0.42,16839.0,United Kingdom,-5.04
,POST,POSTAGE,-1,2011-03-10 11:13:00,4.5,16839.0,United Kingdom,-4.5
,POST,POSTAGE,-1,2011-03-10 11:13:00,1.72,13599.0,United Kingdom,-1.72
,23006,TRAVEL CARD WALLET FLOWER MEADOW,-24,2011-03-10 11:13:00,0.42,13599.0,United Kingdom,-10.08
,POST,POSTAGE,-1,2011-03-10 11:14:00,2.84,18223.0,United Kingdom,-2.84
,21231,SWEETHEART CERAMIC TRINKET BOX,-1,2011-03-10 11:15:00,1.25,13014.0,United Kingdom,-1.25
,22064,PINK DOUGHNUT TRINKET POT ,-1,2011-03-10 11:15:00,1.65,13014.0,United Kingdom,-1.65
,22423,REGENCY CAKESTAND 3 TIER,-1,2011-03-10 11:17:00,12.75,14211.0,United Kingdom,-12.75
,22381,TOY TIDY PINK POLKADOT,-2,2011-03-10 11:17:00,2.1,14211.0,United Kingdom,-4.2
,22302,COFFEE MUG PEARS  DESIGN,-1,2011-03-10 11:17:00,2.55,14211.0,United Kingdom,-2.55
,21318,GLASS CHALICE BLUE SMALL ,-6,2011-03-10 11:19:00,1.65,12417.0,Belgium,-9.9
,22168,ORGANISER WOOD ANTIQUE WHITE ,-1,2011-03-10 11:19:00,8.5,12417.0,Belgium,-8.5
,85159B,"WHITE TEA,COFFEE,SUGAR JARS",-2,2011-03-10 11:31:00,4.4,15596.0,United Kingdom,-8.8
,22667,RECIPE BOX RETROSPOT ,-6,2011-03-10 11:31:00,2.95,15596.0,United Kingdom,-17.7
,22355,CHARLOTTE BAG SUKI DESIGN,-1,2011-03-10 11:31:00,0.85,14713.0,United Kingdom,-0.85
,21272,SALLE DE BAIN HOOK,-1,2011-03-10 11:31:00,1.25,14713.0,United Kingdom,-1.25
,22962,JAM JAR WITH PINK LID,-3,2011-03-10 11:32:00,0.85,15358.0,United Kingdom,-2.55
,22499,WOODEN UNION JACK BUNTING,-1,2011-03-10 11:45:00,5.95,15724.0,United Kingdom,-5.95
,23004,TRAVEL CARD WALLET PANTRY,-24,2011-03-10 12:04:00,0.42,14057.0,United Kingdom,-10.08
,22995,TRAVEL CARD WALLET SUKI,-24,2011-03-10 12:04:00,0.42,14057.0,United Kingdom,-10.08
,23006,TRAVEL CARD WALLET FLOWER MEADOW,-24,2011-03-10 12:04:00,0.42,14057.0,United Kingdom,-10.08
,23002,TRAVEL CARD WALLET SKULLS,-24,2011-03-10 12:04:00,0.42,14057.0,United Kingdom,-10.08
,23000,TRAVEL CARD WALLET TRANSPORT,-24,2011-03-10 12:04:00,0.42,14057.0,United Kingdom,-10.08
,22994,TRAVEL CARD WALLET RETROSPOT,-24,2011-03-10 12:04:00,0.42,14057.0,United Kingdom,-10.08
,22997,TRAVEL CARD WALLET UNION JACK,-24,2011-03-10 12:04:00,0.42,14057.0,United Kingdom,-10.08
,22967,SET 3 SONG BIRD PAPER EGGS ASSORTED,-6,2011-03-10 12:31:00,2.95,13599.0,United Kingdom,-17.7
,22727,ALARM CLOCK BAKELIKE RED ,-1,2011-03-10 12:58:00,3.75,13767.0,United Kingdom,-3.75
,21899,"KEY FOB , GARAGE DESIGN",-18,2011-03-10 13:04:00,0.65,14903.0,United Kingdom,-11.7
546245,85185B,?,-259,2011-03-10 13:26:00,0.0,,United Kingdom,-0.0
,20674,GREEN POLKADOT BOWL,-6,2011-03-10 14:56:00,1.25,15738.0,United Kingdom,-7.5
,22046,TEA PARTY  WRAPPING PAPER ,-9,2011-03-10 15:02:00,0.42,15093.0,United Kingdom,-3.78
,22720,SET OF 3 CAKE TINS PANTRY DESIGN ,-2,2011-03-10 15:03:00,4.95,17567.0,United Kingdom,-9.9
,22841,ROUND CAKE TIN VINTAGE GREEN,-1,2011-03-10 15:06:00,7.95,13476.0,United Kingdom,-7.95
,22424,ENAMEL BREAD BIN CREAM,-1,2011-03-10 15:06:00,12.75,13476.0,United Kingdom,-12.75
,85040A,S/4 PINK FLOWER CANDLES IN BOWL,-1,2011-03-10 15:27:00,1.65,14214.0,United Kingdom,-1.65
,21871,SAVE THE PLANET MUG,-1,2011-03-10 15:27:00,1.25,14214.0,United Kingdom,-1.25
,22791,T-LIGHT GLASS FLUTED ANTIQUE,-3,2011-03-10 18:18:00,1.06,13094.0,United Kingdom,-3.18
,22467,GUMBALL COAT RACK,-3,2011-03-11 09:39:00,2.55,12708.0,Germany,-7.65
,22243,5 HOOK HANGER RED MAGIC TOADSTOOL,-4,2011-03-11 09:39:00,1.65,12708.0,Germany,-6.6
,22064,PINK DOUGHNUT TRINKET POT ,-2,2011-03-11 09:48:00,1.65,13975.0,United Kingdom,-3.3
,22722,SET OF 6 SPICE TINS PANTRY DESIGN,-5,2011-03-11 09:48:00,3.95,13975.0,United Kingdom,-19.75
,M,Manual,-1,2011-03-11 10:15:00,1687.17,14911.0,EIRE,-1687.17
,M,Manual,-1,2011-03-11 10:18:00,1687.17,14911.0,EIRE,-1687.17
,22423,REGENCY CAKESTAND 3 TIER,-1,2011-03-11 11:18:00,12.75,16419.0,United Kingdom,-12.75
,22306,SILVER MUG BONE CHINA TREE OF LIFE,-12,2011-03-11 11:30:00,1.95,16912.0,United Kingdom,-23.4
,POST,POSTAGE,-1,2011-03-11 11:30:00,7.06,16912.0,United Kingdom,-7.06
546379,72225C,,-82,2011-03-11 12:21:00,0.0,,United Kingdom,-0.0
,21871,SAVE THE PLANET MUG,-1,2011-03-11 14:29:00,1.25,14214.0,United Kingdom,-1.25
,21042,RED RETROSPOT APRON ,-2,2011-03-11 15:02:00,5.95,17994.0,United Kingdom,-11.9
,47567B,TEA TIME KITCHEN APRON,-2,2011-03-11 15:02:00,5.95,17994.0,United Kingdom,-11.9
546407,22719,wrong barcode (22467),-178,2011-03-11 16:24:00,0.0,,United Kingdom,-0.0
546409,21833,damages,-110,2011-03-11 16:27:00,0.0,,United Kingdom,-0.0
,22128,PARTY CONES CANDY ASSORTED,-2,2011-03-13 10:48:00,1.25,14800.0,United Kingdom,-2.5
,21642,ASSORTED TUTTI FRUTTI PEN,-5,2011-03-13 10:48:00,0.85,14800.0,United Kingdom,-4.25
,85098B,BLUE FLYING SINGING CANARY,-1,2011-03-13 10:48:00,3.75,14800.0,United Kingdom,-3.75
,35810B,ENAMEL BLUE RIM COFFEE CONTAINER,-1,2011-03-14 11:44:00,0.83,17646.0,United Kingdom,-0.83
,22928,YELLOW GIANT GARDEN THERMOMETER,-1,2011-03-14 11:44:00,5.95,17646.0,United Kingdom,-5.95
,22927,GREEN GIANT GARDEN THERMOMETER,-1,2011-03-14 11:44:00,5.95,17646.0,United Kingdom,-5.95
,22720,SET OF 3 CAKE TINS PANTRY DESIGN ,-2,2011-03-14 11:45:00,4.95,12584.0,Italy,-9.9
,22914,BLUE COAT RACK PARIS FASHION,-1,2011-03-14 11:47:00,4.95,12712.0,Germany,-4.95
,22171,3 HOOK PHOTO SHELF ANTIQUE WHITE,-4,2011-03-14 11:47:00,8.5,12712.0,Germany,-34.0
,82494L,WOODEN FRAME ANTIQUE WHITE ,-2,2011-03-14 11:47:00,2.95,12712.0,Germany,-5.9
,22801,ANTIQUE GLASS PEDESTAL BOWL,-1,2011-03-14 12:19:00,3.75,12921.0,United Kingdom,-3.75
,82483,WOOD 2 DRAWER CABINET WHITE FINISH,-1,2011-03-14 12:24:00,6.95,15308.0,United Kingdom,-6.95
,22406,MONEY BOX KINGS CHOICE DESIGN,-1,2011-03-14 12:24:00,1.25,15308.0,United Kingdom,-1.25
,85123A,WHITE HANGING HEART T-LIGHT HOLDER,-1,2011-03-14 12:27:00,2.95,14350.0,United Kingdom,-2.95
,84559B,3D SHEET OF CAT STICKERS,-4,2011-03-14 12:27:00,0.85,14350.0,United Kingdom,-3.4
,84459A,PINK METAL CHICKEN HEART ,-12,2011-03-14 12:27:00,1.49,14350.0,United Kingdom,-17.88
,22502,PICNIC BASKET WICKER SMALL,-1,2011-03-14 13:05:00,5.95,15502.0,United Kingdom,-5.95
,22764,"RUSTIC WOODEN CABINET, GLASS DOORS",-1,2011-03-14 13:05:00,24.95,15502.0,United Kingdom,-24.95
,47566B,TEA TIME PARTY BUNTING,-1,2011-03-14 14:11:00,4.25,15502.0,United Kingdom,-4.25
,22165,"DIAMANTE HEART SHAPED WALL MIRROR, ",-1,2011-03-14 14:28:00,12.75,15493.0,United Kingdom,-12.75
,22147,FELTCRAFT BUTTERFLY HEARTS,-1,2011-03-14 16:42:00,1.45,16518.0,United Kingdom,-1.45
,22150,3 STRIPEY MICE FELTCRAFT,-1,2011-03-14 16:42:00,1.95,16518.0,United Kingdom,-1.95
546551,84563A,,-10,2011-03-14 17:33:00,0.0,,United Kingdom,-0.0
,M,Manual,-1,2011-03-15 09:44:00,2583.76,,Hong Kong,-2583.76
,84978,HANGING HEART JAR T-LIGHT HOLDER,-12,2011-03-15 10:24:00,1.25,12727.0,France,-15.0
,21556,CERAMIC STRAWBERRY MONEY BOX,-1,2011-03-15 11:36:00,2.55,17954.0,United Kingdom,-2.55
,22180,RETROSPOT LAMP,-6,2011-03-15 13:01:00,9.95,13451.0,United Kingdom,-59.7
,22171,3 HOOK PHOTO SHELF ANTIQUE WHITE,-12,2011-03-15 13:32:00,7.65,15311.0,United Kingdom,-91.8
,22832,BROCANTE SHELF WITH HOOKS,-1,2011-03-15 13:55:00,10.75,17419.0,United Kingdom,-10.75
546661,22777,,-25,2011-03-15 14:33:00,0.0,,United Kingdom,-0.0
,22504,CABIN BAG VINTAGE RETROSPOT,-1,2011-03-15 14:41:00,29.95,16061.0,United Kingdom,-29.95
,22423,REGENCY CAKESTAND 3 TIER,-1,2011-03-15 15:42:00,10.95,15215.0,United Kingdom,-10.95
546672,85206A,,-77,2011-03-15 15:47:00,0.0,,United Kingdom,-0.0
,21942,SKULLS DESIGN FLANNEL,-12,2011-03-15 16:51:00,0.85,13121.0,United Kingdom,-10.2
,21391,FRENCH LAVENDER SCENT HEART,-3,2011-03-15 16:51:00,2.1,13121.0,United Kingdom,-6.3
,21114,LAVENDER SCENTED FABRIC HEART,-10,2011-03-15 16:51:00,1.25,13121.0,United Kingdom,-12.5
,21937,STRAWBERRY   PICNIC BAG,-2,2011-03-16 11:39:00,2.95,18183.0,United Kingdom,-5.9
,22720,SET OF 3 CAKE TINS PANTRY DESIGN ,-1,2011-03-16 11:39:00,4.95,18183.0,United Kingdom,-4.95
,22933,BAKING MOULD EASTER EGG MILK CHOC,-144,2011-03-16 11:50:00,2.1,16029.0,United Kingdom,-302.4
,22932,BAKING MOULD TOFFEE CUP CHOCOLATE,-96,2011-03-16 11:50:00,2.1,16029.0,United Kingdom,-201.6
,22930,BAKING MOULD HEART MILK CHOCOLATE,-96,2011-03-16 11:50:00,2.1,16029.0,United Kingdom,-201.6
,21455,PAINTED YELLOW WOODEN DAISY,-13,2011-03-16 12:13:00,0.85,16983.0,United Kingdom,-11.05
546756,79067,,-5,2011-03-16 13:31:00,0.0,,United Kingdom,-0.0
,22212,FOUR HOOK  WHITE LOVEBIRDS,-1,2011-03-16 13:47:00,2.1,,United Kingdom,-2.1
,22941,CHRISTMAS LIGHTS 10 REINDEER,-2,2011-03-16 15:42:00,8.5,14505.0,United Kingdom,-17.0
,22942,CHRISTMAS LIGHTS 10 SANTAS ,-2,2011-03-16 15:42:00,8.5,14505.0,United Kingdom,-17.0
,84978,HANGING HEART JAR T-LIGHT HOLDER,-2,2011-03-16 16:23:00,1.06,17080.0,United Kingdom,-2.12
,22801,ANTIQUE GLASS PEDESTAL BOWL,-1,2011-03-17 09:32:00,3.75,12924.0,United Kingdom,-3.75
,20726,LUNCH BAG WOODLAND,-1,2011-03-17 13:55:00,1.45,17511.0,United Kingdom,-1.45
,21564,PINK  HEART SHAPE LOVE BUCKET ,-1,2011-03-17 13:55:00,2.55,17511.0,United Kingdom,-2.55
,21232,STRAWBERRY CERAMIC TRINKET BOX,-10,2011-03-17 13:55:00,1.06,17511.0,United Kingdom,-10.6
,22960,JAM MAKING SET WITH JARS,-1,2011-03-17 13:55:00,3.75,17511.0,United Kingdom,-3.75
,22196,SMALL HEART MEASURING SPOONS,-4,2011-03-17 13:55:00,0.72,17511.0,United Kingdom,-2.88
,22667,RECIPE BOX RETROSPOT ,-1,2011-03-17 13:55:00,2.95,17511.0,United Kingdom,-2.95
,22468,BABUSHKA LIGHTS STRING OF 10,-1,2011-03-17 13:55:00,5.95,17511.0,United Kingdom,-5.95
,22839,3 TIER CAKE TIN GREEN AND CREAM,-1,2011-03-17 14:24:00,14.95,14081.0,United Kingdom,-14.95
,21534,DAIRY MAID LARGE MILK JUG,-1,2011-03-17 14:24:00,4.95,14081.0,United Kingdom,-4.95
,M,Manual,-102,2011-03-17 14:39:00,5.45,17603.0,United Kingdom,-555.9
,22842,BISCUIT TIN VINTAGE RED,-2,2011-03-17 15:42:00,6.75,13319.0,United Kingdom,-13.5
,21539,RED RETROSPOT BUTTER DISH,-2,2011-03-17 15:42:00,4.95,13319.0,United Kingdom,-9.9
,79000,MOROCCAN TEA GLASS,-1,2011-03-17 15:46:00,0.65,14226.0,United Kingdom,-0.65
,22697,GREEN REGENCY TEACUP AND SAUCER,-1,2011-03-17 15:46:00,2.95,14226.0,United Kingdom,-2.95
,22699,ROSES REGENCY TEACUP AND SAUCER ,-2,2011-03-17 15:46:00,2.95,14226.0,United Kingdom,-5.9
,22423,REGENCY CAKESTAND 3 TIER,-1,2011-03-17 15:46:00,12.75,14226.0,United Kingdom,-12.75
,85194S,HANGING SPRING FLOWER EGG SMALL,-24,2011-03-17 15:48:00,0.65,18218.0,United Kingdom,-15.6
,85194L,HANGING SPRING FLOWER EGG LARGE,-12,2011-03-17 15:48:00,0.85,18218.0,United Kingdom,-10.2
,22168,ORGANISER WOOD ANTIQUE WHITE ,-1,2011-03-17 15:49:00,8.5,15671.0,United Kingdom,-8.5
,M,Manual,-2,2011-03-17 16:07:00,2.5,14462.0,United Kingdom,-5.0
,M,Manual,-96,2011-03-17 17:14:00,0.91,16422.0,United Kingdom,-87.36
,22423,REGENCY CAKESTAND 3 TIER,-1,2011-03-17 17:16:00,12.75,13093.0,United Kingdom,-12.75
,82483,WOOD 2 DRAWER CABINET WHITE FINISH,-3,2011-03-17 17:17:00,5.95,15159.0,United Kingdom,-17.85
,22168,ORGANISER WOOD ANTIQUE WHITE ,-1,2011-03-17 18:11:00,8.5,15671.0,United Kingdom,-8.5
,21843,RED RETROSPOT CAKE STAND,-1,2011-03-17 18:13:00,10.95,12520.0,Germany,-10.95
,22423,REGENCY CAKESTAND 3 TIER,-2,2011-03-17 18:13:00,12.75,12520.0,Germany,-25.5
,84461,12 PINK HEN+CHICKS IN BASKET,-6,2011-03-17 18:13:00,2.55,12520.0,Germany,-15.3
,22212,FOUR HOOK  WHITE LOVEBIRDS,-1,2011-03-17 18:14:00,2.1,14329.0,United Kingdom,-2.1
,21389,IVORY HANGING DECORATION  BIRD,-1,2011-03-17 18:14:00,0.85,14329.0,United Kingdom,-0.85
,22907,PACK OF 20 NAPKINS PANTRY DESIGN,-1,2011-03-17 18:14:00,0.85,14329.0,United Kingdom,-0.85
,22957,SET 3 PAPER VINTAGE CHICK PAPER EGG,-1,2011-03-17 18:14:00,2.95,14329.0,United Kingdom,-2.95
,22258,FELT FARM ANIMAL RABBIT,-6,2011-03-17 18:16:00,1.25,13971.0,United Kingdom,-7.5
,72140E,BEST DAD CANDLE LETTERS,-1,2011-03-17 18:16:00,0.85,13971.0,United Kingdom,-0.85
,22722,SET OF 6 SPICE TINS PANTRY DESIGN,-1,2011-03-17 18:16:00,3.95,13971.0,United Kingdom,-3.95
,22502,PICNIC BASKET WICKER SMALL,-1,2011-03-17 18:20:00,4.95,14156.0,EIRE,-4.95
,22461,SAVOY ART DECO CLOCK,-1,2011-03-17 18:21:00,12.75,14334.0,United Kingdom,-12.75
,22777,GLASS CLOCHE LARGE,-1,2011-03-17 18:22:00,8.5,15358.0,United Kingdom,-8.5
,21937,STRAWBERRY   PICNIC BAG,-2,2011-03-17 18:25:00,2.95,18183.0,United Kingdom,-5.9
,22720,SET OF 3 CAKE TINS PANTRY DESIGN ,-1,2011-03-17 18:25:00,4.95,18183.0,United Kingdom,-4.95
,22232,JIGSAW TOADSTOOLS 3 PIECE,-8,2011-03-17 18:29:00,1.65,14112.0,United Kingdom,-13.2
,21844,RED RETROSPOT MUG,-1,2011-03-17 18:29:00,2.95,14112.0,United Kingdom,-2.95
,21535,RED RETROSPOT SMALL MILK JUG,-3,2011-03-17 18:29:00,2.55,14112.0,United Kingdom,-7.65
,22968,ROSE COTTAGE KEEPSAKE BOX ,-1,2011-03-17 18:29:00,9.95,14112.0,United Kingdom,-9.95
,22776,SWEETHEART CAKESTAND 3 TIER,-1,2011-03-17 18:29:00,9.95,14112.0,United Kingdom,-9.95
,22741,FUNKY DIVA PEN,-2,2011-03-17 18:29:00,0.85,14112.0,United Kingdom,-1.7
,22501,PICNIC BASKET WICKER LARGE,-2,2011-03-17 18:29:00,9.95,14112.0,United Kingdom,-19.9
,20886,BOX OF 9 PEBBLE CANDLES,-6,2011-03-17 18:31:00,1.95,16217.0,United Kingdom,-11.7
,21906,PHARMACIE FIRST AID TIN,-2,2011-03-17 18:31:00,6.75,16217.0,United Kingdom,-13.5
,22212,FOUR HOOK  WHITE LOVEBIRDS,-6,2011-03-17 18:31:00,2.1,16217.0,United Kingdom,-12.6
,22822,CREAM WALL PLANTER HEART SHAPED,-1,2011-03-17 18:33:00,5.95,16150.0,United Kingdom,-5.95
,22784,LANTERN CREAM GAZEBO ,-1,2011-03-17 18:33:00,4.95,16150.0,United Kingdom,-4.95
,22766,PHOTO FRAME CORNICE,-4,2011-03-17 18:33:00,2.95,16150.0,United Kingdom,-11.8
,20723,STRAWBERRY CHARLOTTE BAG,-1,2011-03-17 18:33:00,0.85,16150.0,United Kingdom,-0.85
,M,Manual,-48,2011-03-17 18:42:00,0.45,15061.0,United Kingdom,-21.6
,82484,WOOD BLACK BOARD ANT WHITE FINISH,-1,2011-03-17 18:44:00,6.75,17675.0,United Kingdom,-6.75
,M,Manual,-25,2011-03-17 18:46:00,0.67,16422.0,United Kingdom,-16.75
,22268,EASTER DECORATION SITTING BUNNY,-1,2011-03-18 10:37:00,0.85,14701.0,United Kingdom,-0.85
,22781,GUMBALL MAGAZINE RACK,-1,2011-03-18 10:37:00,7.65,14701.0,United Kingdom,-7.65
,84575A,PINK DOG CANNISTER,-1,2011-03-18 10:37:00,5.95,14701.0,United Kingdom,-5.95
,22766,PHOTO FRAME CORNICE,-1,2011-03-18 10:37:00,2.95,14701.0,United Kingdom,-2.95
,85131A,BEADED PEARL HEART WHITE ON STICK,-1,2011-03-18 10:37:00,1.25,14701.0,United Kingdom,-1.25
,21743,STAR PORTABLE TABLE LIGHT ,-4,2011-03-18 10:37:00,2.95,14701.0,United Kingdom,-11.8
,22301,COFFEE MUG CAT + BIRD DESIGN,-2,2011-03-18 10:40:00,2.1,12989.0,United Kingdom,-4.2
,90201B,BLACK ENAMEL FLOWER RING,-1,2011-03-18 11:01:00,2.95,16297.0,United Kingdom,-2.95
,BANK CHARGES,Bank Charges,-1,2011-03-18 11:11:00,56.93,,United Kingdom,-56.93
,S,SAMPLES,-1,2011-03-18 11:20:00,50.99,,United Kingdom,-50.99
,S,SAMPLES,-1,2011-03-18 11:20:00,65.85,,United Kingdom,-65.85
,M,Manual,-1,2011-03-18 12:08:00,19.05,,United Kingdom,-19.05
,21190,PINK HEARTS PAPER GARLAND,-50,2011-03-18 12:15:00,1.45,17857.0,United Kingdom,-72.5
,AMAZONFEE,AMAZON FEE,-1,2011-03-18 12:56:00,5693.05,,United Kingdom,-5693.05
,AMAZONFEE,AMAZON FEE,-1,2011-03-18 12:59:00,5225.03,,United Kingdom,-5225.03
,84929,ASSTD FRUIT+FLOWERS FRIDGE MAGNETS,-6,2011-03-18 13:32:00,0.55,12748.0,United Kingdom,-3.3
,84879,ASSORTED COLOUR BIRD ORNAMENT,-5,2011-03-18 13:32:00,1.69,12748.0,United Kingdom,-8.45
,23230,WRAP ALPHABET DESIGN,-25,2011-03-18 13:32:00,0.42,12748.0,United Kingdom,-10.5
,22992,REVOLVER WOODEN RULER ,-6,2011-03-18 13:32:00,1.95,12748.0,United Kingdom,-11.7
,22991,GIRAFFE WOODEN RULER,-6,2011-03-18 13:32:00,1.95,12748.0,United Kingdom,-11.7
,22948,METAL DECORATION NAUGHTY CHILDREN ,-6,2011-03-18 13:32:00,0.85,12748.0,United Kingdom,-5.1
,22945,CHRISTMAS METAL TAGS ASSORTED ,-6,2011-03-18 13:32:00,0.85,12748.0,United Kingdom,-5.1
,22924,FRIDGE MAGNETS LA VIE EN ROSE,-6,2011-03-18 13:32:00,0.85,12748.0,United Kingdom,-5.1
,22923,FRIDGE MAGNETS LES ENFANTS ASSORTED,-6,2011-03-18 13:32:00,0.85,12748.0,United Kingdom,-5.1
,22922,FRIDGE MAGNETS US DINER ASSORTED,-6,2011-03-18 13:32:00,0.85,12748.0,United Kingdom,-5.1
,22915,ASSORTED BOTTLE TOP  MAGNETS ,-6,2011-03-18 13:32:00,0.42,12748.0,United Kingdom,-2.52
,22711,WRAP CIRCUS PARADE,-25,2011-03-18 13:32:00,0.42,12748.0,United Kingdom,-10.5
,22710,WRAP I LOVE LONDON ,-25,2011-03-18 13:32:00,0.42,12748.0,United Kingdom,-10.5
,22403,MAGNETS PACK OF 4 VINTAGE LABELS ,-6,2011-03-18 13:32:00,1.25,12748.0,United Kingdom,-7.5
,22402,MAGNETS PACK OF 4 VINTAGE COLLAGE,-6,2011-03-18 13:32:00,1.25,12748.0,United Kingdom,-7.5
,22399,MAGNETS PACK OF 4 CHILDHOOD MEMORY,-6,2011-03-18 13:32:00,1.25,12748.0,United Kingdom,-7.5
,22398,MAGNETS PACK OF 4 SWALLOWS,-6,2011-03-18 13:32:00,1.25,12748.0,United Kingdom,-7.5
,22396,MAGNETS PACK OF 4 RETRO PHOTO,-6,2011-03-18 13:32:00,1.25,12748.0,United Kingdom,-7.5
,22052,VINTAGE CARAVAN GIFT WRAP,-25,2011-03-18 13:32:00,0.42,12748.0,United Kingdom,-10.5
,22045,SPACEBOY GIFT WRAP,-25,2011-03-18 13:32:00,0.42,12748.0,United Kingdom,-10.5
,21224,SET/4 SKULL BADGES,-6,2011-03-18 13:32:00,1.25,12748.0,United Kingdom,-7.5
,21135,VICTORIAN  METAL POSTCARD SPRING,-4,2011-03-18 13:32:00,1.69,12748.0,United Kingdom,-6.76
,22567,20 DOLLY PEGS RETROSPOT,-1,2011-03-18 14:39:00,1.25,,United Kingdom,-1.25
,22962,JAM JAR WITH PINK LID,-2,2011-03-18 16:36:00,0.85,15065.0,United Kingdom,-1.7
,22634,CHILDS BREAKFAST SET SPACEBOY ,-1,2011-03-18 16:36:00,9.95,15065.0,United Kingdom,-9.95
,22423,REGENCY CAKESTAND 3 TIER,-8,2011-03-20 10:17:00,10.95,15465.0,United Kingdom,-87.6
,22752,SET 7 BABUSHKA NESTING BOXES,-1,2011-03-20 11:19:00,8.5,16156.0,United Kingdom,-8.5
,22720,SET OF 3 CAKE TINS PANTRY DESIGN ,-1,2011-03-20 11:19:00,4.95,16156.0,United Kingdom,-4.95
,22467,GUMBALL COAT RACK,-1,2011-03-20 11:19:00,2.55,16156.0,United Kingdom,-2.55
,M,Manual,-1,2011-03-20 12:11:00,6.95,16444.0,United Kingdom,-6.95
,35400,WOODEN BOX ADVENT CALENDAR ,-1,2011-03-20 12:11:00,8.95,16444.0,United Kingdom,-8.95
,22766,PHOTO FRAME CORNICE,-12,2011-03-20 16:14:00,2.95,,United Kingdom,-35.4
,21316,SMALL CHUNKY GLASS ROMAN  BOWL,-1,2011-03-20 16:14:00,2.95,,United Kingdom,-2.95
,22800,ANTIQUE TALL SWIRLGLASS TRINKET POT,-4,2011-03-20 16:14:00,3.75,,United Kingdom,-15.0
,85194L,HANGING SPRING FLOWER EGG LARGE,-8,2011-03-21 11:02:00,0.85,16817.0,United Kingdom,-6.8
,84750A,PINK SMALL GLASS CAKE STAND,-24,2011-03-21 12:10:00,1.95,13593.0,United Kingdom,-46.8
,22993,SET OF 4 PANTRY JELLY MOULDS,-2,2011-03-21 12:20:00,1.25,12779.0,Poland,-2.5
,37450,CERAMIC CAKE BOWL + HANGING CAKES,-1,2011-03-21 12:20:00,2.95,12779.0,Poland,-2.95
,37448,CERAMIC CAKE DESIGN SPOTTED MUG,-6,2011-03-21 12:20:00,1.49,12779.0,Poland,-8.94
,22428,ENAMEL FIRE BUCKET CREAM,-1,2011-03-21 12:38:00,6.95,17811.0,United Kingdom,-6.95
,22423,REGENCY CAKESTAND 3 TIER,-1,2011-03-21 12:50:00,12.75,14606.0,United Kingdom,-12.75
,22227,HANGING HEART MIRROR DECORATION ,-1,2011-03-21 12:50:00,0.65,14606.0,United Kingdom,-0.65
,21447,12 IVORY ROSE PEG PLACE SETTINGS,-1,2011-03-21 12:50:00,1.25,14606.0,United Kingdom,-1.25
,84978,HANGING HEART JAR T-LIGHT HOLDER,-5,2011-03-21 14:39:00,1.06,15189.0,United Kingdom,-5.3
,22423,REGENCY CAKESTAND 3 TIER,-10,2011-03-21 14:39:00,10.95,15189.0,United Kingdom,-109.5
,21417,COCKLE SHELL DISH,-1,2011-03-21 15:48:00,2.1,16626.0,United Kingdom,-2.1
,22801,ANTIQUE GLASS PEDESTAL BOWL,-1,2011-03-21 15:49:00,3.75,17213.0,United Kingdom,-3.75
,22467,GUMBALL COAT RACK,-1,2011-03-21 15:49:00,2.55,17213.0,United Kingdom,-2.55
,20914,SET/5 RED RETROSPOT LID GLASS BOWLS,-2,2011-03-21 16:06:00,2.95,18189.0,United Kingdom,-5.9
,22173,METAL 4 HOOK HANGER FRENCH CHATEAU,-1,2011-03-21 16:07:00,2.95,15291.0,United Kingdom,-2.95
,22424,ENAMEL BREAD BIN CREAM,-1,2011-03-21 16:15:00,12.75,12994.0,United Kingdom,-12.75
,85178,VICTORIAN SEWING KIT,-1,2011-03-21 16:15:00,1.25,12994.0,United Kingdom,-1.25
,85053,FRENCH ENAMEL CANDLEHOLDER,-1,2011-03-21 16:15:00,2.1,12994.0,United Kingdom,-2.1
,22429,ENAMEL MEASURING JUG CREAM,-1,2011-03-21 16:15:00,4.25,12994.0,United Kingdom,-4.25
,22427,ENAMEL FLOWER JUG CREAM,-1,2011-03-21 16:15:00,5.95,12994.0,United Kingdom,-5.95
,22425,ENAMEL COLANDER CREAM,-2,2011-03-21 16:15:00,4.95,12994.0,United Kingdom,-9.9
,21537,RED RETROSPOT PUDDING BOWL,-1,2011-03-21 16:21:00,4.25,12428.0,Finland,-4.25
,21527,RED RETROSPOT TRADITIONAL TEAPOT ,-1,2011-03-21 16:21:00,7.95,12428.0,Finland,-7.95
,82486,WOOD S/3 CABINET ANT WHITE FINISH,-2,2011-03-21 16:25:00,8.95,15291.0,United Kingdom,-17.9
,22487,WHITE WOOD GARDEN PLANT LADDER,-1,2011-03-21 16:27:00,9.95,14180.0,United Kingdom,-9.95
,21833,CAMOUFLAGE LED TORCH,-24,2011-03-21 16:29:00,1.69,16080.0,United Kingdom,-40.56
,85194L,HANGING SPRING FLOWER EGG LARGE,-8,2011-03-21 16:34:00,0.85,16817.0,United Kingdom,-6.8
,37495,FAIRY CAKE BIRTHDAY CANDLE SET,-12,2011-03-22 11:17:00,3.75,17416.0,United Kingdom,-45.0
547329,20681,,-1,2011-03-22 11:38:00,0.0,,United Kingdom,-0.0
547330,21894,,-40,2011-03-22 11:40:00,0.0,,United Kingdom,-0.0
547331,17013D,,-20,2011-03-22 11:41:00,0.0,,United Kingdom,-0.0
547332,21613,,-47,2011-03-22 11:42:00,0.0,,United Kingdom,-0.0
547333,22791,,-70,2011-03-22 11:43:00,0.0,,United Kingdom,-0.0
547335,20934,,-15,2011-03-22 11:44:00,0.0,,United Kingdom,-0.0
547336,21689,wrong barcode,-323,2011-03-22 11:45:00,0.0,,United Kingdom,-0.0
547337,85025C,barcode problem,-230,2011-03-22 11:47:00,0.0,,United Kingdom,-0.0
547338,22245,,-110,2011-03-22 11:49:00,0.0,,United Kingdom,-0.0
547339,84406B,?,-450,2011-03-22 11:51:00,0.0,,United Kingdom,-0.0
547341,85049D,,-20,2011-03-22 11:53:00,0.0,,United Kingdom,-0.0
,82484,WOOD BLACK BOARD ANT WHITE FINISH,-1,2011-03-22 11:54:00,7.9,15044.0,United Kingdom,-7.9
,22423,REGENCY CAKESTAND 3 TIER,-2,2011-03-22 11:54:00,12.75,15044.0,United Kingdom,-25.5
547345,22838,,-10,2011-03-22 11:55:00,0.0,,United Kingdom,-0.0
547346,21000,,-41,2011-03-22 11:56:00,0.0,,United Kingdom,-0.0
547347,22470,,-6,2011-03-22 11:56:00,0.0,,United Kingdom,-0.0
547363,22459,?lost,-232,2011-03-22 12:33:00,0.0,,United Kingdom,-0.0
,21931,JUMBO STORAGE BAG SUKI,-1,2011-03-22 13:13:00,1.95,16809.0,United Kingdom,-1.95
547369,21898,,-83,2011-03-22 13:24:00,0.0,,United Kingdom,-0.0
,21535,RED RETROSPOT SMALL MILK JUG,-1,2011-03-22 14:40:00,2.55,14227.0,United Kingdom,-2.55
,84050,PINK HEART SHAPE EGG FRYING PAN,-12,2011-03-22 16:07:00,1.65,12352.0,Norway,-19.8
,37448,CERAMIC CAKE DESIGN SPOTTED MUG,-12,2011-03-22 16:07:00,1.49,12352.0,Norway,-17.88
,22784,LANTERN CREAM GAZEBO ,-3,2011-03-22 16:07:00,4.95,12352.0,Norway,-14.85
,22701,PINK DOG BOWL,-6,2011-03-22 16:07:00,2.95,12352.0,Norway,-17.7
,22645,CERAMIC HEART FAIRY CAKE MONEY BANK,-12,2011-03-22 16:07:00,1.45,12352.0,Norway,-17.4
,22413,METAL SIGN TAKE IT OR LEAVE IT ,-6,2011-03-22 16:07:00,2.95,12352.0,Norway,-17.7
,21914,BLUE HARMONICA IN BOX ,-12,2011-03-22 16:07:00,1.25,12352.0,Norway,-15.0
547403,85028L,,-2,2011-03-22 17:05:00,0.0,,United Kingdom,-0.0
,22627,MINT KITCHEN SCALES,-1,2011-03-23 08:55:00,8.5,15658.0,United Kingdom,-8.5
,22423,REGENCY CAKESTAND 3 TIER,-1,2011-03-23 08:55:00,12.75,15658.0,United Kingdom,-12.75
,23176,ABC TREASURE BOOK BOX ,-8,2011-03-23 08:59:00,2.25,13092.0,United Kingdom,-18.0
,21937,STRAWBERRY   PICNIC BAG,-1,2011-03-23 09:02:00,2.95,18183.0,United Kingdom,-2.95
547487,84596E,,-153,2011-03-23 11:29:00,0.0,,United Kingdom,-0.0
,22384,LUNCH BAG PINK POLKADOT,-2,2011-03-23 12:11:00,1.65,15021.0,United Kingdom,-3.3
,84755,COLOUR GLASS T-LIGHT HOLDER HANGING,-1,2011-03-23 12:42:00,0.65,14513.0,United Kingdom,-0.65
,71477,COLOUR GLASS. STAR T-LIGHT HOLDER,-1,2011-03-23 12:42:00,3.25,14513.0,United Kingdom,-3.25
,22837,HOT WATER BOTTLE BABUSHKA ,-1,2011-03-23 12:42:00,4.65,14513.0,United Kingdom,-4.65
,22189,CREAM HEART CARD HOLDER,-1,2011-03-23 12:42:00,3.95,14513.0,United Kingdom,-3.95
,22175,PINK OWL SOFT TOY,-1,2011-03-23 12:42:00,2.95,14513.0,United Kingdom,-2.95
,22077,6 RIBBONS RUSTIC CHARM,-1,2011-03-23 12:42:00,1.65,14513.0,United Kingdom,-1.65
547505,22198,,-9,2011-03-23 13:36:00,0.0,,United Kingdom,-0.0
547506,21538,,-2,2011-03-23 13:38:00,0.0,,United Kingdom,-0.0
547559,72759,thrown away-can't sell.,-524,2011-03-23 17:27:00,0.0,,United Kingdom,-0.0
547560,72732,thrown away-can't sell,-2472,2011-03-23 17:28:00,0.0,,United Kingdom,-0.0
,22841,ROUND CAKE TIN VINTAGE GREEN,-2,2011-03-24 10:13:00,7.95,14223.0,United Kingdom,-15.9
,22367,CHILDRENS APRON SPACEBOY DESIGN,-1,2011-03-24 10:58:00,1.95,12474.0,Germany,-1.95
,22554,PLASTERS IN TIN WOODLAND ANIMALS,-1,2011-03-24 10:58:00,1.65,12474.0,Germany,-1.65
,21561,DINOSAUR LUNCH BOX WITH CUTLERY,-1,2011-03-24 10:58:00,2.55,12474.0,Germany,-2.55
,22236,CAKE STAND 3 TIER MAGIC GARDEN,-1,2011-03-24 10:58:00,12.75,12474.0,Germany,-12.75
,23194,GYMKHANA TREASURE BOOK BOX,-3,2011-03-24 11:06:00,2.25,12474.0,Germany,-6.75
,23177,TREASURE ISLAND BOOK BOX,-2,2011-03-24 11:06:00,2.25,12474.0,Germany,-4.5
547593,20785,,-2,2011-03-24 11:18:00,0.0,,United Kingdom,-0.0
,22978,PANTRY ROLLING PIN,-4,2011-03-24 11:19:00,3.75,12693.0,Germany,-15.0
547595,82483,,-12,2011-03-24 11:20:00,0.0,,United Kingdom,-0.0
547596,84306,,-5,2011-03-24 11:20:00,0.0,,United Kingdom,-0.0
547597,17011F,,-18,2011-03-24 11:21:00,0.0,,United Kingdom,-0.0
547598,21332,,-25,2011-03-24 11:24:00,0.0,,United Kingdom,-0.0
547599,21361,,-10,2011-03-24 11:24:00,0.0,,United Kingdom,-0.0
547606,22173,,-22,2011-03-24 11:26:00,0.0,,United Kingdom,-0.0
547611,84631,,-9,2011-03-24 11:26:00,0.0,,United Kingdom,-0.0
547618,21547,,-12,2011-03-24 11:28:00,0.0,,United Kingdom,-0.0
547646,84849D,,-80,2011-03-24 11:42:00,0.0,,United Kingdom,-0.0
,22356,CHARLOTTE BAG PINK POLKADOT,-2,2011-03-24 13:09:00,0.85,13736.0,United Kingdom,-1.7
,21874,GIN AND TONIC MUG,-1,2011-03-24 13:09:00,1.25,13736.0,United Kingdom,-1.25
,21216,"SET 3 RETROSPOT TEA,COFFEE,SUGAR",-1,2011-03-24 13:09:00,4.95,13736.0,United Kingdom,-4.95
,22263,FELT EGG COSY LADYBIRD ,-49,2011-03-24 14:07:00,0.66,17754.0,United Kingdom,-32.34
,22423,REGENCY CAKESTAND 3 TIER,-2,2011-03-24 14:15:00,10.95,15189.0,United Kingdom,-21.9
547699,21143,,-32,2011-03-24 16:38:00,0.0,,United Kingdom,-0.0
547700,21147,,-105,2011-03-24 16:39:00,0.0,,United Kingdom,-0.0
547701,84559D,,-7,2011-03-24 16:42:00,0.0,,United Kingdom,-0.0
,21626,VINTAGE UNION JACK PENNANT,-2,2011-03-24 19:27:00,1.95,14875.0,United Kingdom,-3.9
,22692,DOORMAT WELCOME TO OUR HOME,-1,2011-03-24 19:31:00,7.95,13534.0,United Kingdom,-7.95
,22924,FRIDGE MAGNETS LA VIE EN ROSE,-72,2011-03-25 10:43:00,0.85,,United Kingdom,-61.2
,84929,ASSTD FRUIT+FLOWERS FRIDGE MAGNETS,-144,2011-03-25 10:43:00,0.55,,United Kingdom,-79.2
,84929,ASSTD FRUIT+FLOWERS FRIDGE MAGNETS,-144,2011-03-25 10:43:00,0.55,,United Kingdom,-79.2
,84879,ASSORTED COLOUR BIRD ORNAMENT,-8,2011-03-25 10:43:00,1.69,,United Kingdom,-13.52
,23230,WRAP ALPHABET DESIGN,-25,2011-03-25 10:43:00,0.42,,United Kingdom,-10.5
,22992,REVOLVER WOODEN RULER ,-6,2011-03-25 10:43:00,1.95,,United Kingdom,-11.7
,22991,GIRAFFE WOODEN RULER,-6,2011-03-25 10:43:00,1.95,,United Kingdom,-11.7
,22948,METAL DECORATION NAUGHTY CHILDREN ,-6,2011-03-25 10:43:00,0.85,,United Kingdom,-5.1
,22945,CHRISTMAS METAL TAGS ASSORTED ,-6,2011-03-25 10:43:00,0.85,,United Kingdom,-5.1
,22945,CHRISTMAS METAL TAGS ASSORTED ,-72,2011-03-25 10:43:00,0.85,,United Kingdom,-61.2
,22924,FRIDGE MAGNETS LA VIE EN ROSE,-72,2011-03-25 10:43:00,0.85,,United Kingdom,-61.2
,22922,FRIDGE MAGNETS US DINER ASSORTED,-72,2011-03-25 10:43:00,0.85,,United Kingdom,-61.2
,22915,ASSORTED BOTTLE TOP  MAGNETS ,-36,2011-03-25 10:43:00,0.42,,United Kingdom,-15.12
,22906,12 MESSAGE CARDS WITH ENVELOPES,-1,2011-03-25 10:43:00,1.65,,United Kingdom,-1.65
,22711,WRAP CIRCUS PARADE,-25,2011-03-25 10:43:00,0.42,,United Kingdom,-10.5
,22710,WRAP I LOVE LONDON ,-25,2011-03-25 10:43:00,0.42,,United Kingdom,-10.5
,22403,MAGNETS PACK OF 4 VINTAGE LABELS ,-6,2011-03-25 10:43:00,1.25,,United Kingdom,-7.5
,22402,MAGNETS PACK OF 4 VINTAGE COLLAGE,-6,2011-03-25 10:43:00,1.25,,United Kingdom,-7.5
,22399,MAGNETS PACK OF 4 CHILDHOOD MEMORY,-6,2011-03-25 10:43:00,1.25,,United Kingdom,-7.5
,22398,MAGNETS PACK OF 4 SWALLOWS,-1,2011-03-25 10:43:00,1.25,,United Kingdom,-1.25
,22398,MAGNETS PACK OF 4 SWALLOWS,-5,2011-03-25 10:43:00,1.25,,United Kingdom,-6.25
,22396,MAGNETS PACK OF 4 RETRO PHOTO,-6,2011-03-25 10:43:00,1.25,,United Kingdom,-7.5
,22052,VINTAGE CARAVAN GIFT WRAP,-25,2011-03-25 10:43:00,0.42,,United Kingdom,-10.5
,22045,SPACEBOY GIFT WRAP,-25,2011-03-25 10:43:00,0.42,,United Kingdom,-10.5
,21902,"KEY FOB , FRONT  DOOR ",-1,2011-03-25 10:43:00,0.65,,United Kingdom,-0.65
,21224,SET/4 SKULL BADGES,-6,2011-03-25 10:43:00,1.25,,United Kingdom,-7.5
,21135,VICTORIAN  METAL POSTCARD SPRING,-4,2011-03-25 10:43:00,1.69,,United Kingdom,-6.76
,22963,JAM JAR WITH GREEN LID,-12,2011-03-25 11:31:00,0.85,14194.0,United Kingdom,-10.2
,22666,RECIPE BOX PANTRY YELLOW DESIGN,-3,2011-03-25 11:31:00,2.95,14194.0,United Kingdom,-8.85
,85150,LADIES & GENTLEMEN METAL SIGN,-1,2011-03-25 11:31:00,2.55,14194.0,United Kingdom,-2.55
,23182,TOILET SIGN OCCUPIED OR VACANT,-1,2011-03-25 11:31:00,0.83,14194.0,United Kingdom,-0.83
,21259,VICTORIAN SEWING BOX SMALL ,-1,2011-03-25 11:31:00,5.95,14194.0,United Kingdom,-5.95
,22634,CHILDS BREAKFAST SET SPACEBOY ,-2,2011-03-25 12:07:00,9.95,17979.0,United Kingdom,-19.9
,37449,CERAMIC CAKE STAND + HANGING CAKES,-1,2011-03-25 12:34:00,9.95,17460.0,United Kingdom,-9.95
,22333,RETROSPOT PARTY BAG + STICKER SET,-2,2011-03-25 12:43:00,1.65,17204.0,United Kingdom,-3.3
,22967,SET 3 SONG BIRD PAPER EGGS ASSORTED,-12,2011-03-25 12:43:00,2.95,17204.0,United Kingdom,-35.4
,22957,SET 3 PAPER VINTAGE CHICK PAPER EGG,-12,2011-03-25 12:43:00,2.95,17204.0,United Kingdom,-35.4
,71459,HANGING JAM JAR T-LIGHT HOLDER,-5,2011-03-25 13:12:00,0.72,12921.0,United Kingdom,-3.6
,22720,SET OF 3 CAKE TINS PANTRY DESIGN ,-1,2011-03-25 13:37:00,4.95,12528.0,Germany,-4.95
,21232,STRAWBERRY CERAMIC TRINKET BOX,-1,2011-03-25 13:37:00,1.25,12528.0,Germany,-1.25
,22962,JAM JAR WITH PINK LID,-2,2011-03-25 13:41:00,0.85,14194.0,United Kingdom,-1.7
,85194S,HANGING SPRING FLOWER EGG SMALL,-4,2011-03-25 13:41:00,0.65,14194.0,United Kingdom,-2.6
,37450,CERAMIC CAKE BOWL + HANGING CAKES,-4,2011-03-25 13:42:00,2.95,13014.0,United Kingdom,-11.8
,21257,VICTORIAN SEWING BOX MEDIUM,-1,2011-03-25 13:42:00,7.95,13014.0,United Kingdom,-7.95
,22423,REGENCY CAKESTAND 3 TIER,-9,2011-03-27 10:19:00,10.95,15465.0,United Kingdom,-98.55
,84949,SILVER HANGING T-LIGHT HOLDER,-6,2011-03-27 10:47:00,1.65,12916.0,United Kingdom,-9.9
,82483,WOOD 2 DRAWER CABINET WHITE FINISH,-2,2011-03-27 10:47:00,6.95,12916.0,United Kingdom,-13.9
,20726,LUNCH BAG WOODLAND,-1,2011-03-27 12:04:00,1.65,14232.0,United Kingdom,-1.65
,85099B,JUMBO BAG RED RETROSPOT,-1,2011-03-27 12:05:00,1.95,12921.0,United Kingdom,-1.95
,21232,STRAWBERRY CERAMIC TRINKET BOX,-3,2011-03-27 12:06:00,1.25,12471.0,Germany,-3.75
,21558,SKULL LUNCH BOX WITH CUTLERY ,-1,2011-03-27 12:08:00,2.55,16782.0,United Kingdom,-2.55
,20727,LUNCH BAG  BLACK SKULL.,-1,2011-03-27 12:08:00,1.65,16782.0,United Kingdom,-1.65
,22045,SPACEBOY GIFT WRAP,-25,2011-03-27 12:11:00,0.42,15065.0,United Kingdom,-10.5
,21041,RED RETROSPOT OVEN GLOVE DOUBLE,-1,2011-03-27 12:11:00,2.95,15615.0,United Kingdom,-2.95
,21929,JUMBO BAG PINK VINTAGE PAISLEY,-3,2011-03-27 12:11:00,1.95,15615.0,United Kingdom,-5.85
,20727,LUNCH BAG  BLACK SKULL.,-3,2011-03-27 12:11:00,1.65,15615.0,United Kingdom,-4.95
,22951,60 CAKE CASES DOLLY GIRL DESIGN,-24,2011-03-27 12:12:00,0.55,14586.0,United Kingdom,-13.2
,22530,MAGIC DRAWING SLATE DOLLY GIRL ,-24,2011-03-27 12:12:00,0.42,14586.0,United Kingdom,-10.08
,22843,BISCUIT TIN VINTAGE GREEN,-1,2011-03-27 12:13:00,6.75,14194.0,United Kingdom,-6.75
,47566,PARTY BUNTING,-4,2011-03-27 12:14:00,4.95,16256.0,United Kingdom,-19.8
,85062,PEARL CRYSTAL PUMPKIN T-LIGHT HLDR,-3,2011-03-27 12:14:00,1.65,13050.0,United Kingdom,-4.95
,82483,WOOD 2 DRAWER CABINET WHITE FINISH,-2,2011-03-27 12:14:00,6.95,13050.0,United Kingdom,-13.9
,22797,CHEST OF DRAWERS GINGHAM HEART ,-1,2011-03-27 12:16:00,16.95,14911.0,EIRE,-16.95
,23178,JAM CLOCK MAGNET,-1,2011-03-27 12:16:00,2.89,14911.0,EIRE,-2.89
,22720,SET OF 3 CAKE TINS PANTRY DESIGN ,-1,2011-03-27 12:16:00,4.95,14911.0,EIRE,-4.95
,85027L,FRENCH CHATEAU LARGE PLATTER ,-5,2011-03-27 12:16:00,1.95,13725.0,United Kingdom,-9.75
,85040B,SET/4 BLUE FLOWER CANDLES IN BOWL,-1,2011-03-28 10:02:00,1.65,14410.0,United Kingdom,-1.65
,22834,HAND WARMER BABUSHKA DESIGN,-1,2011-03-28 10:02:00,2.1,14410.0,United Kingdom,-2.1
,22866,HAND WARMER SCOTTY DOG DESIGN,-1,2011-03-28 10:02:00,2.1,14410.0,United Kingdom,-2.1
,20934,SET/3 POT PLANT CANDLES,-1,2011-03-28 10:02:00,5.45,14410.0,United Kingdom,-5.45
,22442,GROW YOUR OWN FLOWERS SET OF 3,-1,2011-03-28 10:02:00,7.95,14410.0,United Kingdom,-7.95
,21124,SET/10 BLUE POLKADOT PARTY CANDLES,-1,2011-03-28 10:02:00,1.25,14410.0,United Kingdom,-1.25
,21122,SET/10 PINK POLKADOT PARTY CANDLES,-1,2011-03-28 10:02:00,1.25,14410.0,United Kingdom,-1.25
,22072,RED RETROSPOT TEA CUP AND SAUCER ,-2,2011-03-28 10:02:00,3.75,14410.0,United Kingdom,-7.5
,21539,RED RETROSPOT BUTTER DISH,-2,2011-03-28 10:02:00,4.95,14410.0,United Kingdom,-9.9
,POST,POSTAGE,-1,2011-03-28 11:51:00,55.89,,United Kingdom,-55.89
,M,Manual,-1,2011-03-28 11:51:00,1486.12,,United Kingdom,-1486.12
,AMAZONFEE,AMAZON FEE,-1,2011-03-28 12:02:00,219.76,,United Kingdom,-219.76
,POST,POSTAGE,-1,2011-03-28 12:10:00,18.66,,United Kingdom,-18.66
,M,Manual,-1,2011-03-28 12:10:00,416.75,,United Kingdom,-416.75
,M,Manual,-1,2011-03-28 12:18:00,646.46,,United Kingdom,-646.46
,POST,POSTAGE,-1,2011-03-28 12:18:00,38.45,,United Kingdom,-38.45
,POST,POSTAGE,-1,2011-03-28 12:34:00,13.39,,United Kingdom,-13.39
,M,Manual,-1,2011-03-28 12:34:00,325.0,,United Kingdom,-325.0
,POST,POSTAGE,-1,2011-03-28 12:37:00,29.7,,United Kingdom,-29.7
,M,Manual,-1,2011-03-28 12:37:00,165.29,,United Kingdom,-165.29
547916,22459,,-36,2011-03-28 12:46:00,0.0,,United Kingdom,-0.0
,POST,POSTAGE,-1,2011-03-28 14:00:00,18.0,12594.0,Italy,-18.0
547950,35241,damages?,-40,2011-03-28 15:11:00,0.0,,United Kingdom,-0.0
,20713,JUMBO BAG OWLS,-100,2011-03-28 15:18:00,1.65,15032.0,United Kingdom,-165.0
,22411,JUMBO SHOPPER VINTAGE RED PAISLEY,-100,2011-03-28 15:30:00,1.65,15032.0,United Kingdom,-165.0
,21929,JUMBO BAG PINK VINTAGE PAISLEY,-100,2011-03-28 15:30:00,1.65,15032.0,United Kingdom,-165.0
,22859,EASTER TIN BUNNY BOUQUET,-1,2011-03-28 16:02:00,1.65,12471.0,Germany,-1.65
,84228,HEN HOUSE W CHICK STANDING,-1,2011-03-28 16:02:00,0.42,12471.0,Germany,-0.42
,22467,GUMBALL COAT RACK,-2,2011-03-29 09:19:00,2.55,13477.0,United Kingdom,-5.1
547989,21621,re dotcom quick fix.,-100,2011-03-29 09:36:00,0.0,,United Kingdom,-0.0
,22180,RETROSPOT LAMP,-1,2011-03-29 09:58:00,9.95,18225.0,United Kingdom,-9.95
,22891,TEA FOR ONE POLKADOT,-3,2011-03-29 09:58:00,4.25,18225.0,United Kingdom,-12.75
547994,21228,,-7,2011-03-29 10:18:00,0.0,,United Kingdom,-0.0
547995,35823P,,-12,2011-03-29 10:20:00,0.0,,United Kingdom,-0.0
547996,84534B,,-10,2011-03-29 10:22:00,0.0,,United Kingdom,-0.0
547997,20857,,-34,2011-03-29 10:22:00,0.0,,United Kingdom,-0.0
547998,20854,,-2,2011-03-29 10:23:00,0.0,,United Kingdom,-0.0
547999,20860,,-7,2011-03-29 10:24:00,0.0,,United Kingdom,-0.0
548000,85224,,-7,2011-03-29 10:24:00,0.0,,United Kingdom,-0.0
548002,21051,,-25,2011-03-29 10:27:00,0.0,,United Kingdom,-0.0
548008,21190,,-80,2011-03-29 10:52:00,0.0,,United Kingdom,-0.0
,22720,SET OF 3 CAKE TINS PANTRY DESIGN ,-2,2011-03-29 10:55:00,4.95,14245.0,United Kingdom,-9.9
,82583,HOT BATHS METAL SIGN,-30,2011-03-29 11:30:00,1.69,13802.0,United Kingdom,-50.7
548069,20713,,-22,2011-03-29 12:10:00,0.0,,United Kingdom,-0.0
548095,20850,,-3,2011-03-29 12:17:00,0.0,,United Kingdom,-0.0
548098,21283,,-15,2011-03-29 12:17:00,0.0,,United Kingdom,-0.0
548104,84854,,-3,2011-03-29 12:18:00,0.0,,United Kingdom,-0.0
548110,21911,,-27,2011-03-29 12:20:00,0.0,,United Kingdom,-0.0
548149,72821,,-2,2011-03-29 12:36:00,0.0,,United Kingdom,-0.0
,22781,GUMBALL MAGAZINE RACK,-6,2011-03-29 13:18:00,7.65,15906.0,United Kingdom,-45.9
548173,85067,,-3,2011-03-29 14:17:00,0.0,,United Kingdom,-0.0
,22725,ALARM CLOCK BAKELIKE CHOCOLATE,-1,2011-03-29 14:17:00,3.75,13662.0,United Kingdom,-3.75
548175,46115B,,-2,2011-03-29 14:19:00,0.0,,United Kingdom,-0.0
,22423,REGENCY CAKESTAND 3 TIER,-1,2011-03-29 15:06:00,12.75,17511.0,United Kingdom,-12.75
,47590B,PINK HAPPY BIRTHDAY BUNTING,-1,2011-03-29 15:06:00,5.45,17511.0,United Kingdom,-5.45
,21232,STRAWBERRY CERAMIC TRINKET BOX,-1,2011-03-29 15:06:00,1.25,17511.0,United Kingdom,-1.25
,22383,LUNCH BAG SUKI DESIGN ,-1,2011-03-29 15:27:00,1.65,14680.0,United Kingdom,-1.65
,20728,LUNCH BAG CARS BLUE,-1,2011-03-29 15:27:00,1.65,14680.0,United Kingdom,-1.65
,20726,LUNCH BAG WOODLAND,-2,2011-03-29 15:27:00,1.65,14680.0,United Kingdom,-3.3
,20725,LUNCH BAG RED RETROSPOT,-3,2011-03-29 15:27:00,1.45,14680.0,United Kingdom,-4.35
,84997A,CHILDRENS CUTLERY POLKADOT GREEN ,-1,2011-03-29 15:27:00,3.75,14680.0,United Kingdom,-3.75
,21731,RED TOADSTOOL LED NIGHT LIGHT,-2,2011-03-29 15:27:00,1.65,14680.0,United Kingdom,-3.3
,22628,PICNIC BOXES SET OF 3 RETROSPOT ,-1,2011-03-29 15:27:00,4.95,14680.0,United Kingdom,-4.95
548206,22469,,-53,2011-03-29 16:56:00,0.0,,United Kingdom,-0.0
548209,21621,,-30,2011-03-29 17:21:00,0.0,,United Kingdom,-0.0
548227,90099,,-19,2011-03-30 10:24:00,0.0,,United Kingdom,-0.0
548269,22036,,-45,2011-03-30 11:35:00,0.0,,United Kingdom,-0.0
,21714,CITRONELLA CANDLE GARDEN POT,-6,2011-03-30 11:59:00,1.25,17314.0,United Kingdom,-7.5
548328,21527,,-21,2011-03-30 13:11:00,0.0,,United Kingdom,-0.0
548339,21827,,-42,2011-03-30 14:08:00,0.0,,United Kingdom,-0.0
,21621,VINTAGE UNION JACK BUNTING,-4,2011-03-30 14:30:00,8.5,13089.0,United Kingdom,-34.0
,POST,POSTAGE,-1,2011-03-30 14:49:00,2.7,15648.0,United Kingdom,-2.7
,21621,VINTAGE UNION JACK BUNTING,-6,2011-03-30 14:49:00,8.5,15648.0,United Kingdom,-51.0
,22179,SET 10 LIGHTS NIGHT OWL,-1,2011-03-30 14:57:00,6.75,12921.0,United Kingdom,-6.75
,22748,POPPY'S PLAYHOUSE KITCHEN,-6,2011-03-30 15:06:00,2.1,12921.0,United Kingdom,-12.6
,22698,PINK REGENCY TEACUP AND SAUCER,-6,2011-03-30 15:06:00,2.95,12921.0,United Kingdom,-17.7
,22697,GREEN REGENCY TEACUP AND SAUCER,-6,2011-03-30 15:06:00,2.95,12921.0,United Kingdom,-17.7
,22561,WOODEN SCHOOL COLOURING SET,-12,2011-03-30 15:06:00,1.65,12921.0,United Kingdom,-19.8
,22423,REGENCY CAKESTAND 3 TIER,-1,2011-03-30 15:06:00,12.75,12921.0,United Kingdom,-12.75
,22467,GUMBALL COAT RACK,-9,2011-03-30 15:12:00,2.55,12472.0,Germany,-22.95
,22423,REGENCY CAKESTAND 3 TIER,-1,2011-03-30 15:12:00,12.75,12472.0,Germany,-12.75
,22326,ROUND SNACK BOXES SET OF4 WOODLAND ,-1,2011-03-30 15:12:00,2.95,12472.0,Germany,-2.95
,22444,GROW YOUR OWN PLANT IN A CAN ,-3,2011-03-30 15:12:00,1.25,12472.0,Germany,-3.75
,21731,RED TOADSTOOL LED NIGHT LIGHT,-2,2011-03-30 15:12:00,1.65,12472.0,Germany,-3.3
,21559,STRAWBERRY LUNCH BOX WITH CUTLERY,-3,2011-03-30 15:12:00,2.55,12472.0,Germany,-7.65
,21383,PACK OF 12 STICKY BUNNIES,-2,2011-03-30 15:12:00,0.65,12472.0,Germany,-1.3
,22423,REGENCY CAKESTAND 3 TIER,-1,2011-03-30 15:14:00,10.95,15785.0,United Kingdom,-10.95
,22356,CHARLOTTE BAG PINK POLKADOT,-1,2011-03-30 15:35:00,0.85,13534.0,United Kingdom,-0.85
,21929,JUMBO BAG PINK VINTAGE PAISLEY,-1,2011-03-30 15:35:00,2.08,13534.0,United Kingdom,-2.08
,22355,CHARLOTTE BAG SUKI DESIGN,-10,2011-03-30 15:40:00,0.85,13268.0,United Kingdom,-8.5
548365,79172D,,-7,2011-03-30 15:49:00,0.0,,United Kingdom,-0.0
548366,84678,,-33,2011-03-30 15:50:00,0.0,,United Kingdom,-0.0
548369,84683,,-6,2011-03-30 16:00:00,0.0,,United Kingdom,-0.0
,84969,BOX OF 6 ASSORTED COLOUR TEASPOONS,-1,2011-03-30 16:36:00,4.25,13047.0,United Kingdom,-4.25
,21658,GLASS  BEURRE DISH,-2,2011-03-30 16:36:00,3.95,13047.0,United Kingdom,-7.9
,22969,HOMEMADE JAM SCENTED CANDLES,-2,2011-03-30 16:36:00,1.45,13047.0,United Kingdom,-2.9
548376,22533,,-80,2011-03-30 16:39:00,0.0,,United Kingdom,-0.0
,22626,BLACK KITCHEN SCALES,-4,2011-03-30 16:39:00,8.5,14256.0,United Kingdom,-34.0
548377,85016,,-46,2011-03-30 16:40:00,0.0,,United Kingdom,-0.0
548378,22052,,-75,2011-03-30 16:41:00,0.0,,United Kingdom,-0.0
548380,22127,Dotcom sold in 6's,-60,2011-03-30 16:44:00,0.0,,United Kingdom,-0.0
548381,22127,sold in set?,-690,2011-03-30 16:45:00,0.0,,United Kingdom,-0.0
548382,84898F,,-2,2011-03-30 16:46:00,0.0,,United Kingdom,-0.0
548385,22168,,-19,2011-03-30 16:47:00,0.0,,United Kingdom,-0.0
,22849,BREAD BIN DINER STYLE MINT,-2,2011-03-30 16:49:00,16.95,14794.0,United Kingdom,-33.9
,22423,REGENCY CAKESTAND 3 TIER,-1,2011-03-30 16:54:00,12.75,16713.0,United Kingdom,-12.75
,22442,GROW YOUR OWN FLOWERS SET OF 3,-2,2011-03-30 16:54:00,7.95,16713.0,United Kingdom,-15.9
,22698,PINK REGENCY TEACUP AND SAUCER,-1,2011-03-30 17:06:00,2.95,13488.0,United Kingdom,-2.95
,21277,FRENCH STYLE EMBOSSED HEART CABINET,-1,2011-03-30 17:09:00,21.95,18075.0,United Kingdom,-21.95
548394,82494L,cracked,-39,2011-03-30 17:18:00,0.0,,United Kingdom,-0.0
548395,22194,,-9,2011-03-30 17:20:00,0.0,,United Kingdom,-0.0
548396,22719,sold as 22467,-25,2011-03-30 17:21:00,0.0,,United Kingdom,-0.0
548397,21195,,-30,2011-03-30 17:23:00,0.0,,United Kingdom,-0.0
548398,22482,,-66,2011-03-30 17:24:00,0.0,,United Kingdom,-0.0
548402,21040,,-5,2011-03-31 09:26:00,0.0,,United Kingdom,-0.0
,D,Discount,-1,2011-03-31 10:36:00,162.24,13316.0,United Kingdom,-162.24
,22892,SET OF SALT AND PEPPER TOADSTOOLS,-6,2011-03-31 11:37:00,1.25,17428.0,United Kingdom,-7.5
,M,Manual,-1,2011-03-31 11:42:00,5.7,16422.0,United Kingdom,-5.7
,M,Manual,-1,2011-03-31 11:42:00,7.88,16422.0,United Kingdom,-7.88
,M,Manual,-1,2011-03-31 11:42:00,0.22,16422.0,United Kingdom,-0.22
,M,Manual,-1,2011-03-31 11:42:00,57.6,16422.0,United Kingdom,-57.6
,M,Manual,-1,2011-03-31 11:49:00,57.6,16422.0,United Kingdom,-57.6
,22426,ENAMEL WASH BOWL CREAM,-4,2011-03-31 11:58:00,3.75,16801.0,United Kingdom,-15.0
,22425,ENAMEL COLANDER CREAM,-3,2011-03-31 11:58:00,4.95,16801.0,United Kingdom,-14.85
,22413,METAL SIGN TAKE IT OR LEAVE IT ,-6,2011-03-31 11:58:00,2.95,16801.0,United Kingdom,-17.7
,22366,DOORMAT AIRMAIL ,-2,2011-03-31 11:58:00,7.95,16801.0,United Kingdom,-15.9
,22365,DOORMAT RESPECTABLE HOUSE,-2,2011-03-31 11:58:00,7.95,16801.0,United Kingdom,-15.9
,22193,RED DINER WALL CLOCK,-2,2011-03-31 11:58:00,8.5,16801.0,United Kingdom,-17.0
,22192,BLUE DINER WALL CLOCK,-2,2011-03-31 11:58:00,8.5,16801.0,United Kingdom,-17.0
,22191,IVORY DINER WALL CLOCK,-2,2011-03-31 11:58:00,8.5,16801.0,United Kingdom,-17.0
,21908,CHOCOLATE THIS WAY METAL SIGN,-12,2011-03-31 11:58:00,2.1,16801.0,United Kingdom,-25.2
,21903,MAN FLU METAL SIGN,-12,2011-03-31 11:58:00,2.1,16801.0,United Kingdom,-25.2
,21877,HOME SWEET HOME MUG,-12,2011-03-31 11:58:00,1.25,16801.0,United Kingdom,-15.0
,21873,IF YOU CAN'T STAND THE HEAT MUG,-12,2011-03-31 11:58:00,1.25,16801.0,United Kingdom,-15.0
,21868,POTTING SHED TEA MUG,-12,2011-03-31 11:58:00,1.25,16801.0,United Kingdom,-15.0
,21745,GAOLERS KEYS DECORATIVE GARDEN ,-4,2011-03-31 11:58:00,3.75,16801.0,United Kingdom,-15.0
,21622,VINTAGE UNION JACK CUSHION COVER,-4,2011-03-31 11:58:00,4.95,16801.0,United Kingdom,-19.8
,21523,DOORMAT FANCY FONT HOME SWEET HOME,-2,2011-03-31 11:58:00,7.95,16801.0,United Kingdom,-15.9
,48194,DOORMAT HEARTS,-2,2011-03-31 11:58:00,7.95,16801.0,United Kingdom,-15.9
,48188,DOORMAT WELCOME PUPPIES,-2,2011-03-31 11:58:00,7.95,16801.0,United Kingdom,-15.9
,48187,DOORMAT NEW ENGLAND,-2,2011-03-31 11:58:00,7.95,16801.0,United Kingdom,-15.9
,48185,DOORMAT FAIRY CAKE,-2,2011-03-31 11:58:00,7.95,16801.0,United Kingdom,-15.9
,48184,DOORMAT ENGLISH ROSE ,-2,2011-03-31 11:58:00,7.95,16801.0,United Kingdom,-15.9
,48138,DOORMAT UNION FLAG,-2,2011-03-31 11:58:00,7.95,16801.0,United Kingdom,-15.9
,48129,DOORMAT TOPIARY,-2,2011-03-31 11:58:00,7.95,16801.0,United Kingdom,-15.9
,48111,DOORMAT 3 SMILEY CATS,-2,2011-03-31 11:58:00,7.95,16801.0,United Kingdom,-15.9
,22990,COTTON APRON PANTRY DESIGN,-2,2011-03-31 11:58:00,4.95,16801.0,United Kingdom,-9.9
,22980,PANTRY SCRUBBING BRUSH,-12,2011-03-31 11:58:00,1.65,16801.0,United Kingdom,-19.8
,22979,PANTRY WASHING UP BRUSH,-12,2011-03-31 11:58:00,1.45,16801.0,United Kingdom,-17.4
,22960,JAM MAKING SET WITH JARS,-6,2011-03-31 11:58:00,4.25,16801.0,United Kingdom,-25.5
,22846,BREAD BIN DINER STYLE RED ,-1,2011-03-31 11:58:00,16.95,16801.0,United Kingdom,-16.95
,22842,BISCUIT TIN VINTAGE RED,-2,2011-03-31 11:58:00,6.75,16801.0,United Kingdom,-13.5
,22840,ROUND CAKE TIN VINTAGE RED,-2,2011-03-31 11:58:00,7.95,16801.0,United Kingdom,-15.9
,22760,"TRAY, BREAKFAST IN BED",-1,2011-03-31 11:58:00,12.75,16801.0,United Kingdom,-12.75
,22722,SET OF 6 SPICE TINS PANTRY DESIGN,-4,2011-03-31 11:58:00,3.95,16801.0,United Kingdom,-15.8
,22720,SET OF 3 CAKE TINS PANTRY DESIGN ,-3,2011-03-31 11:58:00,4.95,16801.0,United Kingdom,-14.85
,22692,DOORMAT WELCOME TO OUR HOME,-2,2011-03-31 11:58:00,7.95,16801.0,United Kingdom,-15.9
,22691,DOORMAT WELCOME SUNRISE,-2,2011-03-31 11:58:00,7.95,16801.0,United Kingdom,-15.9
,22690,DOORMAT HOME SWEET HOME BLUE ,-2,2011-03-31 11:58:00,7.95,16801.0,United Kingdom,-15.9
,22626,BLACK KITCHEN SCALES,-2,2011-03-31 11:58:00,8.5,16801.0,United Kingdom,-17.0
,22625,RED KITCHEN SCALES,-2,2011-03-31 11:58:00,8.5,16801.0,United Kingdom,-17.0
,22624,IVORY KITCHEN SCALES,-2,2011-03-31 11:58:00,8.5,16801.0,United Kingdom,-17.0
,22457,NATURAL SLATE HEART CHALKBOARD ,-6,2011-03-31 11:58:00,2.95,16801.0,United Kingdom,-17.7
,22456,NATURAL SLATE CHALKBOARD LARGE ,-3,2011-03-31 11:58:00,4.95,16801.0,United Kingdom,-14.85
,22430,ENAMEL WATERING CAN CREAM,-4,2011-03-31 11:58:00,4.95,16801.0,United Kingdom,-19.8
,22429,ENAMEL MEASURING JUG CREAM,-4,2011-03-31 11:58:00,4.25,16801.0,United Kingdom,-17.0
,22427,ENAMEL FLOWER JUG CREAM,-3,2011-03-31 11:58:00,5.95,16801.0,United Kingdom,-17.85
,D,Discount,-1,2011-03-31 12:11:00,14.52,14527.0,United Kingdom,-14.52
,82483,WOOD 2 DRAWER CABINET WHITE FINISH,-18,2011-03-31 12:11:00,5.95,13225.0,United Kingdom,-107.1
,82483,WOOD 2 DRAWER CABINET WHITE FINISH,-46,2011-03-31 12:11:00,5.95,13225.0,United Kingdom,-273.7
,22846,BREAD BIN DINER STYLE RED ,-3,2011-03-31 12:14:00,14.95,13043.0,United Kingdom,-44.85
,22776,SWEETHEART CAKESTAND 3 TIER,-23,2011-03-31 12:17:00,8.5,17526.0,United Kingdom,-195.5
,22617,BAKING SET SPACEBOY DESIGN,-2,2011-03-31 12:20:00,4.95,16619.0,United Kingdom,-9.9
,22502,PICNIC BASKET WICKER SMALL,-2,2011-03-31 12:20:00,5.95,16619.0,United Kingdom,-11.9
,22624,IVORY KITCHEN SCALES,-4,2011-03-31 12:32:00,7.65,14543.0,United Kingdom,-30.6
,21528,DAIRY MAID TRADITIONAL TEAPOT ,-2,2011-03-31 12:32:00,5.95,14543.0,United Kingdom,-11.9
,21534,DAIRY MAID LARGE MILK JUG,-1,2011-03-31 12:32:00,4.95,14543.0,United Kingdom,-4.95
,21781,MA CAMPAGNE CUTLERY BOX,-7,2011-03-31 12:32:00,12.75,14543.0,United Kingdom,-89.25
,21843,RED RETROSPOT CAKE STAND,-1,2011-03-31 12:32:00,9.95,14543.0,United Kingdom,-9.95
,M,Manual,-1,2011-03-31 12:32:00,12.75,14543.0,United Kingdom,-12.75
,21258,VICTORIAN SEWING BOX LARGE,-4,2011-03-31 12:32:00,12.75,14543.0,United Kingdom,-51.0
,22207,FRYING PAN UNION FLAG,-1,2011-03-31 12:32:00,4.25,14543.0,United Kingdom,-4.25
,M,Manual,-2,2011-03-31 12:32:00,10.95,14543.0,United Kingdom,-21.9
,22625,RED KITCHEN SCALES,-2,2011-03-31 12:32:00,7.65,14543.0,United Kingdom,-15.3
,22627,MINT KITCHEN SCALES,-1,2011-03-31 12:32:00,0.76,14543.0,United Kingdom,-0.76
,22624,IVORY KITCHEN SCALES,-4,2011-03-31 12:32:00,7.65,14543.0,United Kingdom,-30.6
,22776,SWEETHEART CAKESTAND 3 TIER,-1,2011-03-31 12:38:00,9.95,14267.0,United Kingdom,-9.95
,22699,ROSES REGENCY TEACUP AND SAUCER ,-1,2011-03-31 12:50:00,2.95,14051.0,United Kingdom,-2.95
,22698,PINK REGENCY TEACUP AND SAUCER,-2,2011-03-31 12:50:00,2.95,14051.0,United Kingdom,-5.9
,22798,ANTIQUE GLASS DRESSING TABLE POT,-1,2011-03-31 12:57:00,2.95,14952.0,United Kingdom,-2.95
,22667,RECIPE BOX RETROSPOT ,-1,2011-03-31 12:57:00,2.95,14952.0,United Kingdom,-2.95
,22637,PIGGY BANK RETROSPOT ,-8,2011-03-31 12:57:00,2.55,14952.0,United Kingdom,-20.4
,22891,TEA FOR ONE POLKADOT,-1,2011-03-31 13:03:00,4.25,16638.0,United Kingdom,-4.25
,21528,DAIRY MAID TRADITIONAL TEAPOT ,-1,2011-03-31 13:34:00,6.95,17075.0,United Kingdom,-6.95
,21527,RED RETROSPOT TRADITIONAL TEAPOT ,-1,2011-03-31 13:34:00,7.95,17075.0,United Kingdom,-7.95
,71038,WHITE HANGING BEADS CANDLE HOLDER,-1,2011-03-31 13:34:00,5.45,17075.0,United Kingdom,-5.45
,22072,RED RETROSPOT TEA CUP AND SAUCER ,-1,2011-03-31 14:23:00,3.75,14410.0,United Kingdom,-3.75
,21539,RED RETROSPOT BUTTER DISH,-1,2011-03-31 14:23:00,4.95,14410.0,United Kingdom,-4.95
,22070,SMALL RED RETROSPOT MUG IN BOX ,-1,2011-03-31 14:23:00,3.75,14410.0,United Kingdom,-3.75
,22071,SMALL WHITE RETROSPOT MUG IN BOX ,-2,2011-03-31 14:23:00,3.75,14410.0,United Kingdom,-7.5
,22649,STRAWBERRY FAIRY CAKE TEAPOT,-2,2011-03-31 14:23:00,4.95,14410.0,United Kingdom,-9.9
,23176,ABC TREASURE BOOK BOX ,-1,2011-03-31 14:51:00,2.25,14189.0,United Kingdom,-2.25
,85123A,WHITE HANGING HEART T-LIGHT HOLDER,-8,2011-03-31 15:54:00,2.55,13777.0,United Kingdom,-20.4
,84406B,CREAM CUPID HEARTS COAT HANGER,-24,2011-03-31 17:16:00,4.15,14031.0,United Kingdom,-99.6
,22423,REGENCY CAKESTAND 3 TIER,-48,2011-03-31 17:16:00,10.95,14031.0,United Kingdom,-525.6
,82482,WOODEN PICTURE FRAME WHITE FINISH,-24,2011-03-31 17:16:00,2.55,14031.0,United Kingdom,-61.2
,82494L,WOODEN FRAME ANTIQUE WHITE ,-96,2011-03-31 17:16:00,2.55,14031.0,United Kingdom,-244.8
,21843,RED RETROSPOT CAKE STAND,-24,2011-03-31 17:16:00,9.95,14031.0,United Kingdom,-238.8
548536,90010B,,-50,2011-03-31 17:34:00,0.0,,United Kingdom,-0.0
548537,90173,,-28,2011-03-31 17:35:00,0.0,,United Kingdom,-0.0
548540,90035A,,-9,2011-03-31 17:51:00,0.0,,United Kingdom,-0.0
,84949,SILVER HANGING T-LIGHT HOLDER,-2,2011-03-31 18:44:00,1.65,14525.0,United Kingdom,-3.3
,M,Manual,-12,2011-03-31 18:44:00,3.75,14525.0,United Kingdom,-45.0
,20750,RED RETROSPOT MINI CASES,-1,2011-04-01 10:22:00,7.95,12616.0,France,-7.95
,22762,CUPBOARD 3 DRAWER MA CAMPAGNE,-8,2011-04-01 10:45:00,12.75,15045.0,United Kingdom,-102.0
,84632,DECORATIVE HANGING SHELVING UNIT,-1,2011-04-01 10:46:00,59.95,15696.0,United Kingdom,-59.95
,22487,WHITE WOOD GARDEN PLANT LADDER,-1,2011-04-01 10:46:00,9.95,15696.0,United Kingdom,-9.95
,84969,BOX OF 6 ASSORTED COLOUR TEASPOONS,-1,2011-04-01 10:46:00,4.25,15696.0,United Kingdom,-4.25
,21154,RED RETROSPOT OVEN GLOVE ,-200,2011-04-01 10:46:00,1.06,13694.0,United Kingdom,-212.0
,21873,IF YOU CAN'T STAND THE HEAT MUG,-72,2011-04-01 10:46:00,1.06,13694.0,United Kingdom,-76.32
,22659,LUNCH BOX I LOVE LONDON,-64,2011-04-01 10:46:00,1.65,13694.0,United Kingdom,-105.6
,21155,RED RETROSPOT PEG BAG,-200,2011-04-01 10:46:00,2.1,13694.0,United Kingdom,-420.0
,21210,SET OF 72 RETROSPOT PAPER  DOILIES,-96,2011-04-01 10:46:00,1.25,13694.0,United Kingdom,-120.0
,22453,MEASURING TAPE BABUSHKA BLUE,-1,2011-04-01 11:03:00,2.95,,United Kingdom,-2.95
,22637,PIGGY BANK RETROSPOT ,-1,2011-04-01 11:20:00,2.55,16700.0,United Kingdom,-2.55
,21277,FRENCH STYLE EMBOSSED HEART CABINET,-1,2011-04-01 11:22:00,21.95,15589.0,United Kingdom,-21.95
548615,16010,,-7,2011-04-01 11:47:00,0.0,,United Kingdom,-0.0
548620,84313B,Damaged,-32,2011-04-01 11:53:00,0.0,,United Kingdom,-0.0
,21463,MIRRORED DISCO BALL ,-2,2011-04-01 12:14:00,5.95,13078.0,United Kingdom,-11.9
,22193,RED DINER WALL CLOCK,-1,2011-04-01 12:16:00,8.5,15622.0,United Kingdom,-8.5
,21820,GLITTER HEART GARLAND WITH BELLS ,-6,2011-04-01 12:19:00,3.75,13184.0,United Kingdom,-22.5
548646,21472,,-140,2011-04-01 13:15:00,0.0,,United Kingdom,-0.0
,37449,CERAMIC CAKE STAND + HANGING CAKES,-3,2011-04-01 13:17:00,9.95,12888.0,United Kingdom,-29.85
548662,82494L,,-180,2011-04-01 14:31:00,0.0,,United Kingdom,-0.0
,22231,JIGSAW TREE WITH BIRDHOUSE,-15,2011-04-01 15:00:00,1.45,12781.0,Czech Republic,-21.75
,84459A,PINK METAL CHICKEN HEART ,-24,2011-04-01 15:00:00,1.49,12781.0,Czech Republic,-35.76
548675,85185D,,-2,2011-04-01 16:39:00,0.0,,United Kingdom,-0.0
548676,72800F,,-5,2011-04-01 16:40:00,0.0,,United Kingdom,-0.0
548677,72781,,-30,2011-04-01 16:40:00,0.0,,United Kingdom,-0.0
548678,35015,,-9,2011-04-01 16:41:00,0.0,,United Kingdom,-0.0
548679,72793,,-3,2011-04-01 16:42:00,0.0,,United Kingdom,-0.0
548680,72800D,,-18,2011-04-01 16:43:00,0.0,,United Kingdom,-0.0
548682,72789,,-2,2011-04-01 16:44:00,0.0,,United Kingdom,-0.0
548684,72798C,,-2,2011-04-01 16:46:00,0.0,,United Kingdom,-0.0
548685,85018B,,-2,2011-04-01 16:47:00,0.0,,United Kingdom,-0.0
548693,22720,,-60,2011-04-01 17:25:00,0.0,,United Kingdom,-0.0
,82483,WOOD 2 DRAWER CABINET WHITE FINISH,-1,2011-04-03 10:08:00,6.95,17243.0,United Kingdom,-6.95
,82486,WOOD S/3 CABINET ANT WHITE FINISH,-1,2011-04-03 10:08:00,8.95,17243.0,United Kingdom,-8.95
,37449,CERAMIC CAKE STAND + HANGING CAKES,-1,2011-04-03 10:08:00,9.95,17243.0,United Kingdom,-9.95
,22181,SNOWSTORM PHOTO FRAME FRIDGE MAGNET,-3,2011-04-03 14:53:00,0.85,17337.0,United Kingdom,-2.55
,22087,PAPER BUNTING WHITE LACE,-12,2011-04-03 14:53:00,2.95,17337.0,United Kingdom,-35.4
,21877,HOME SWEET HOME MUG,-1,2011-04-03 14:53:00,1.25,17337.0,United Kingdom,-1.25
,22418,10 COLOUR SPACEBOY PEN,-24,2011-04-04 08:50:00,0.85,16297.0,United Kingdom,-20.4
,21714,CITRONELLA CANDLE GARDEN POT,-4,2011-04-04 08:59:00,1.25,12957.0,United Kingdom,-5.0
,21713,CITRONELLA CANDLE FLOWERPOT,-2,2011-04-04 08:59:00,2.1,12957.0,United Kingdom,-4.2
,22960,JAM MAKING SET WITH JARS,-2,2011-04-04 09:00:00,4.25,13481.0,United Kingdom,-8.5
,72741,GRAND CHOCOLATECANDLE,-3,2011-04-04 09:02:00,1.45,15874.0,United Kingdom,-4.35
,20830,SILVER PHOTO FRAME,-1,2011-04-04 09:02:00,2.1,15874.0,United Kingdom,-2.1
,84755,COLOUR GLASS T-LIGHT HOLDER HANGING,-1,2011-04-04 09:02:00,0.65,15874.0,United Kingdom,-0.65
,82482,WOODEN PICTURE FRAME WHITE FINISH,-1,2011-04-04 09:02:00,2.55,15874.0,United Kingdom,-2.55
,85063,CREAM SWEETHEART MAGAZINE RACK,-1,2011-04-04 09:02:00,16.95,15874.0,United Kingdom,-16.95
,22690,DOORMAT HOME SWEET HOME BLUE ,-2,2011-04-04 09:04:00,7.95,15632.0,United Kingdom,-15.9
,22325,MOBILE VINTAGE HEARTS ,-2,2011-04-04 09:45:00,4.95,17725.0,United Kingdom,-9.9
,85159A,"BLACK TEA,COFFEE,SUGAR JARS",-2,2011-04-04 09:45:00,1.95,17725.0,United Kingdom,-3.9
,22232,JIGSAW TOADSTOOLS 3 PIECE,-8,2011-04-04 09:57:00,1.65,12434.0,Australia,-13.2
,22328,ROUND SNACK BOXES SET OF 4 FRUITS ,-624,2011-04-04 10:12:00,2.55,12755.0,Japan,-1591.2
,22302,COFFEE MUG PEARS  DESIGN,-6,2011-04-04 11:22:00,2.55,14711.0,United Kingdom,-15.3
,22303,COFFEE MUG APPLES DESIGN,-6,2011-04-04 11:22:00,2.55,14711.0,United Kingdom,-15.3
,84755,COLOUR GLASS T-LIGHT HOLDER HANGING,-16,2011-04-04 12:28:00,0.65,15223.0,United Kingdom,-10.4
,22960,JAM MAKING SET WITH JARS,-6,2011-04-04 12:28:00,4.25,15223.0,United Kingdom,-25.5
,22722,SET OF 6 SPICE TINS PANTRY DESIGN,-4,2011-04-04 12:28:00,3.95,15223.0,United Kingdom,-15.8
,22666,RECIPE BOX PANTRY YELLOW DESIGN,-6,2011-04-04 12:28:00,2.95,15223.0,United Kingdom,-17.7
,22654,DELUXE SEWING KIT ,-6,2011-04-04 12:28:00,5.95,15223.0,United Kingdom,-35.7
,22423,REGENCY CAKESTAND 3 TIER,-8,2011-04-04 12:28:00,12.75,15223.0,United Kingdom,-102.0
,22178,VICTORIAN GLASS HANGING T-LIGHT,-12,2011-04-04 12:28:00,1.25,15223.0,United Kingdom,-15.0
,22149,FELTCRAFT 6 FLOWER FRIENDS,-6,2011-04-04 12:28:00,2.1,15223.0,United Kingdom,-12.6
,21937,STRAWBERRY   PICNIC BAG,-5,2011-04-04 12:28:00,2.95,15223.0,United Kingdom,-14.75
,21931,JUMBO STORAGE BAG SUKI,-10,2011-04-04 12:28:00,2.08,15223.0,United Kingdom,-20.8
,21212,PACK OF 72 RETROSPOT CAKE CASES,-24,2011-04-04 12:28:00,0.55,15223.0,United Kingdom,-13.2
,21172,PARTY METAL SIGN ,-12,2011-04-04 12:28:00,1.45,15223.0,United Kingdom,-17.4
,M,Manual,-1,2011-04-04 13:08:00,162.6,12744.0,Singapore,-162.6
,M,Manual,-1,2011-04-04 13:08:00,2382.92,12744.0,Singapore,-2382.92
,M,Manual,-1,2011-04-04 13:08:00,239.3,12744.0,Singapore,-239.3
,M,Manual,-1,2011-04-04 13:08:00,1252.95,12744.0,Singapore,-1252.95
,M,Manual,-1,2011-04-04 13:09:00,2053.07,12744.0,Singapore,-2053.07
,82483,WOOD 2 DRAWER CABINET WHITE FINISH,-1,2011-04-04 13:14:00,5.95,15311.0,United Kingdom,-5.95
,21313,GLASS HEART T-LIGHT HOLDER ,-1,2011-04-04 13:14:00,0.64,15311.0,United Kingdom,-0.64
,21314,SMALL GLASS HEART TRINKET POT,-10,2011-04-04 13:14:00,1.85,15311.0,United Kingdom,-18.5
,82483,WOOD 2 DRAWER CABINET WHITE FINISH,-1,2011-04-04 13:28:00,5.95,15311.0,United Kingdom,-5.95
,21314,SMALL GLASS HEART TRINKET POT,-10,2011-04-04 13:28:00,1.85,15311.0,United Kingdom,-18.5
,21313,GLASS HEART T-LIGHT HOLDER ,-1,2011-04-04 13:28:00,0.64,15311.0,United Kingdom,-0.64
,20681,PINK POLKADOT CHILDRENS UMBRELLA,-1,2011-04-04 14:09:00,3.25,14606.0,United Kingdom,-3.25
,22311,OFFICE MUG WARMER BLACK+SILVER ,-1,2011-04-04 14:09:00,2.95,14606.0,United Kingdom,-2.95
548886,85118,,-6,2011-04-04 15:23:00,0.0,,United Kingdom,-0.0
548887,35824B,,-8,2011-04-04 15:24:00,0.0,,United Kingdom,-0.0
548888,84726,,-14,2011-04-04 15:25:00,0.0,,United Kingdom,-0.0
548889,84875A,,-17,2011-04-04 15:26:00,0.0,,United Kingdom,-0.0
548890,84876C,,-19,2011-04-04 15:26:00,0.0,,United Kingdom,-0.0
,22727,ALARM CLOCK BAKELIKE RED ,-1,2011-04-04 15:34:00,3.75,13418.0,United Kingdom,-3.75
548897,47570B,,-70,2011-04-04 16:22:00,0.0,,United Kingdom,-0.0
,85131A,BEADED PEARL HEART WHITE ON STICK,-6,2011-04-05 08:24:00,1.25,13636.0,United Kingdom,-7.5
,72807A,SET/3 ROSE CANDLE IN JEWELLED BOX,-1,2011-04-05 08:25:00,4.25,18108.0,United Kingdom,-4.25
,21314,SMALL GLASS HEART TRINKET POT,-1,2011-04-05 08:25:00,2.1,18108.0,United Kingdom,-2.1
,M,Manual,-1,2011-04-05 09:46:00,1136.3,12669.0,France,-1136.3
,22993,SET OF 4 PANTRY JELLY MOULDS,-12,2011-04-05 09:53:00,1.25,12668.0,Germany,-15.0
,22329,ROUND CONTAINER SET OF 5 RETROSPOT,-12,2011-04-05 09:53:00,1.65,12668.0,Germany,-19.8
,85178,VICTORIAN SEWING KIT,-48,2011-04-05 10:32:00,1.25,15061.0,United Kingdom,-60.0
,22152,PLACE SETTING WHITE STAR,-1,2011-04-05 10:45:00,0.42,14546.0,United Kingdom,-0.42
,21143,ANTIQUE GLASS HEART DECORATION ,-1,2011-04-05 10:45:00,1.95,14546.0,United Kingdom,-1.95
,21314,SMALL GLASS HEART TRINKET POT,-1,2011-04-05 10:45:00,2.1,14546.0,United Kingdom,-2.1
,22158,3 HEARTS HANGING DECORATION RUSTIC,-1,2011-04-05 10:45:00,2.95,14546.0,United Kingdom,-2.95
,22180,RETROSPOT LAMP,-1,2011-04-05 10:45:00,9.95,14546.0,United Kingdom,-9.95
,85123A,WHITE HANGING HEART T-LIGHT HOLDER,-6,2011-04-05 11:42:00,2.95,15674.0,United Kingdom,-17.7
,84832,ZINC WILLIE WINKIE  CANDLE STICK,-12,2011-04-05 11:42:00,0.85,15674.0,United Kingdom,-10.2
,84817,DANISH ROSE DECORATIVE PLATE,-6,2011-04-05 11:42:00,2.1,15674.0,United Kingdom,-12.6
,84279P,CHERRY BLOSSOM  DECORATIVE FLASK,-4,2011-04-05 11:42:00,3.75,15674.0,United Kingdom,-15.0
,84279B,CHERRY BLOSSOM DECORATIVE FLASK,-4,2011-04-05 11:42:00,3.75,15674.0,United Kingdom,-15.0
,84077,WORLD WAR 2 GLIDERS ASSTD DESIGNS,-48,2011-04-05 11:42:00,0.29,15674.0,United Kingdom,-13.92
,47566,PARTY BUNTING,-8,2011-04-05 11:42:00,4.95,15674.0,United Kingdom,-39.6
,22784,LANTERN CREAM GAZEBO ,-3,2011-04-05 11:42:00,4.95,15674.0,United Kingdom,-14.85
,22698,PINK REGENCY TEACUP AND SAUCER,-6,2011-04-05 11:42:00,2.95,15674.0,United Kingdom,-17.7
,22502,PICNIC BASKET WICKER SMALL,-4,2011-04-05 11:42:00,5.95,15674.0,United Kingdom,-23.8
,22457,NATURAL SLATE HEART CHALKBOARD ,-6,2011-04-05 11:42:00,2.95,15674.0,United Kingdom,-17.7
,22423,REGENCY CAKESTAND 3 TIER,-3,2011-04-05 11:42:00,12.75,15674.0,United Kingdom,-38.25
,22386,JUMBO BAG PINK POLKADOT,-10,2011-04-05 11:42:00,1.95,15674.0,United Kingdom,-19.5
,22385,JUMBO BAG SPACEBOY DESIGN,-10,2011-04-05 11:42:00,1.95,15674.0,United Kingdom,-19.5
,22197,SMALL POPCORN HOLDER,-12,2011-04-05 11:42:00,0.85,15674.0,United Kingdom,-10.2
,21977,PACK OF 60 PINK PAISLEY CAKE CASES,-24,2011-04-05 11:42:00,0.55,15674.0,United Kingdom,-13.2
,21974,SET OF 36 PAISLEY FLOWER DOILIES,-12,2011-04-05 11:42:00,1.45,15674.0,United Kingdom,-17.4
,21929,JUMBO BAG PINK VINTAGE PAISLEY,-10,2011-04-05 11:42:00,1.95,15674.0,United Kingdom,-19.5
,21928,JUMBO BAG SCANDINAVIAN BLUE PAISLEY,-10,2011-04-05 11:42:00,1.95,15674.0,United Kingdom,-19.5
,84766,SILVER ROCOCO CANDLE STICK,-2,2011-04-05 11:50:00,5.95,17725.0,United Kingdom,-11.9
,85159B,"WHITE TEA,COFFEE,SUGAR JARS",-7,2011-04-05 11:50:00,1.95,17725.0,United Kingdom,-13.65
,85159A,"BLACK TEA,COFFEE,SUGAR JARS",-7,2011-04-05 11:50:00,1.95,17725.0,United Kingdom,-13.65
548980,22114,,-194,2011-04-05 12:21:00,0.0,,United Kingdom,-0.0
,84816,DANISH ROSE BEDSIDE CABINET,-1,2011-04-05 12:27:00,39.95,15018.0,United Kingdom,-39.95
548986,21210,,-177,2011-04-05 12:46:00,0.0,,United Kingdom,-0.0
548989,72799F,,-46,2011-04-05 13:19:00,0.0,,United Kingdom,-0.0
,21155,RED RETROSPOT PEG BAG,-1,2011-04-05 14:08:00,2.55,17841.0,United Kingdom,-2.55
,71053,WHITE METAL LANTERN,-1,2011-04-05 14:08:00,3.75,17841.0,United Kingdom,-3.75
,47594B,SCOTTIES DESIGN WASHBAG,-1,2011-04-05 14:08:00,1.95,17841.0,United Kingdom,-1.95
,22788,BROCANTE COAT RACK,-2,2011-04-05 14:08:00,9.95,17841.0,United Kingdom,-19.9
,22356,CHARLOTTE BAG PINK POLKADOT,-1,2011-04-05 14:08:00,0.85,17841.0,United Kingdom,-0.85
548999,84743C,damages,-26,2011-04-05 14:34:00,0.0,,United Kingdom,-0.0
549000,35972,,-45,2011-04-05 14:35:00,0.0,,United Kingdom,-0.0
549001,84845D,,-5,2011-04-05 14:35:00,0.0,,United Kingdom,-0.0
549004,21274,,-3,2011-04-05 14:37:00,0.0,,United Kingdom,-0.0
549005,16020C,,-5,2011-04-05 14:37:00,0.0,,United Kingdom,-0.0
549006,84508B,,-23,2011-04-05 14:38:00,0.0,,United Kingdom,-0.0
549008,21281,,-31,2011-04-05 14:38:00,0.0,,United Kingdom,-0.0
549009,21474,,-8,2011-04-05 14:39:00,0.0,,United Kingdom,-0.0
549010,21684,,-62,2011-04-05 14:39:00,0.0,,United Kingdom,-0.0
549011,62096B,,-8,2011-04-05 14:41:00,0.0,,United Kingdom,-0.0
,22727,ALARM CLOCK BAKELIKE RED ,-1,2011-04-05 14:52:00,3.75,15648.0,United Kingdom,-3.75
,22236,CAKE STAND 3 TIER MAGIC GARDEN,-1,2011-04-05 15:22:00,12.75,12474.0,Germany,-12.75
,22467,GUMBALL COAT RACK,-1,2011-04-05 15:22:00,2.55,12474.0,Germany,-2.55
,22258,FELT FARM ANIMAL RABBIT,-1,2011-04-05 15:22:00,1.25,12474.0,Germany,-1.25
,22233,JIGSAW RABBIT AND BIRDHOUSE,-2,2011-04-05 15:22:00,1.65,12474.0,Germany,-3.3
,22230,JIGSAW TREE WITH WATERING CAN,-2,2011-04-05 15:22:00,0.85,12474.0,Germany,-1.7
549028,84569A,,-18,2011-04-05 17:02:00,0.0,,United Kingdom,-0.0
549029,84569B,,-17,2011-04-05 17:03:00,0.0,,United Kingdom,-0.0
549030,84520B,,-61,2011-04-05 17:03:00,0.0,,United Kingdom,-0.0
549031,10134,,-19,2011-04-05 17:04:00,0.0,,United Kingdom,-0.0
549032,20778,,-6,2011-04-05 17:06:00,0.0,,United Kingdom,-0.0
549033,16254,,-5,2011-04-05 17:08:00,0.0,,United Kingdom,-0.0
549035,72051S,,-15,2011-04-05 17:09:00,0.0,,United Kingdom,-0.0
549036,84993B,,-54,2011-04-05 17:09:00,0.0,,United Kingdom,-0.0
549037,84569C,,-37,2011-04-05 17:09:00,0.0,,United Kingdom,-0.0
549038,84569D,,-70,2011-04-05 17:10:00,0.0,,United Kingdom,-0.0
,22727,ALARM CLOCK BAKELIKE RED ,-2,2011-04-05 17:16:00,3.75,17675.0,United Kingdom,-7.5
,22558,CLOTHES PEGS RETROSPOT PACK 24 ,-1,2011-04-05 17:22:00,1.65,17644.0,United Kingdom,-1.65
,21156,RETROSPOT CHILDRENS APRON,-8,2011-04-05 17:22:00,1.95,17644.0,United Kingdom,-15.6
,21039,RED RETROSPOT SHOPPING BAG,-6,2011-04-05 17:22:00,2.55,17644.0,United Kingdom,-15.3
549042,21681,,-2,2011-04-05 17:24:00,0.0,,United Kingdom,-0.0
549043,84990,,-24,2011-04-05 17:26:00,0.0,,United Kingdom,-0.0
,22424,ENAMEL BREAD BIN CREAM,-1,2011-04-06 09:25:00,12.75,14407.0,United Kingdom,-12.75
,22087,PAPER BUNTING WHITE LACE,-1,2011-04-06 10:15:00,2.55,17677.0,United Kingdom,-2.55
,15056BL,EDWARDIAN PARASOL BLACK,-2,2011-04-06 10:17:00,5.95,13767.0,United Kingdom,-11.9
,21314,SMALL GLASS HEART TRINKET POT,-3,2011-04-06 10:17:00,2.1,13767.0,United Kingdom,-6.3
,22797,CHEST OF DRAWERS GINGHAM HEART ,-2,2011-04-06 10:17:00,16.95,14747.0,United Kingdom,-33.9
,21399,BLUE POLKADOT COFFEE MUG,-14,2011-04-06 11:06:00,0.39,12481.0,Germany,-5.46
549132,20756,,-70,2011-04-06 15:22:00,0.0,,United Kingdom,-0.0
549133,20759,,-52,2011-04-06 15:22:00,0.0,,United Kingdom,-0.0
549134,20758,,-54,2011-04-06 15:22:00,0.0,,United Kingdom,-0.0
549136,21414,,-3,2011-04-06 15:23:00,0.0,,United Kingdom,-0.0
549137,84459B,,-7,2011-04-06 15:24:00,0.0,,United Kingdom,-0.0
549139,22988,,-91,2011-04-06 15:26:00,0.0,,United Kingdom,-0.0
549142,35650,,-24,2011-04-06 15:26:00,0.0,,United Kingdom,-0.0
549143,84597C,,-17,2011-04-06 15:27:00,0.0,,United Kingdom,-0.0
549144,21416,,-14,2011-04-06 15:28:00,0.0,,United Kingdom,-0.0
549146,85017A,,-10,2011-04-06 15:29:00,0.0,,United Kingdom,-0.0
549147,20773,,-4,2011-04-06 15:30:00,0.0,,United Kingdom,-0.0
549149,35649,,-43,2011-04-06 15:31:00,0.0,,United Kingdom,-0.0
549150,79336,,-47,2011-04-06 15:32:00,0.0,,United Kingdom,-0.0
549156,17013D,,-9,2011-04-06 17:11:00,0.0,,United Kingdom,-0.0
549157,21511,,-9,2011-04-06 17:13:00,0.0,,United Kingdom,-0.0
549158,21910,,-1,2011-04-06 17:13:00,0.0,,United Kingdom,-0.0
549159,22052,,-25,2011-04-06 17:14:00,0.0,,United Kingdom,-0.0
549160,81953P,,-7,2011-04-06 17:15:00,0.0,,United Kingdom,-0.0
549161,21518,,-31,2011-04-06 17:15:00,0.0,,United Kingdom,-0.0
,22960,JAM MAKING SET WITH JARS,-1,2011-04-06 17:16:00,4.25,17438.0,United Kingdom,-4.25
,21844,RED RETROSPOT MUG,-2,2011-04-06 17:16:00,2.95,17438.0,United Kingdom,-5.9
549164,16169P,,-75,2011-04-06 17:20:00,0.0,,United Kingdom,-0.0
549165,35815P,,-63,2011-04-06 17:20:00,0.0,,United Kingdom,-0.0
549167,84846A,,-8,2011-04-06 17:24:00,0.0,,United Kingdom,-0.0
549168,21161,,-10,2011-04-06 17:24:00,0.0,,United Kingdom,-0.0
549170,82545A,,-4,2011-04-06 17:25:00,0.0,,United Kingdom,-0.0
549171,84251F,,-2,2011-04-06 17:26:00,0.0,,United Kingdom,-0.0
549172,21637,,-139,2011-04-06 17:27:00,0.0,,United Kingdom,-0.0
549173,84218,,-2,2011-04-06 17:28:00,0.0,,United Kingdom,-0.0
549174,21160,,-7,2011-04-06 17:30:00,0.0,,United Kingdom,-0.0
549175,21171,,-30,2011-04-06 17:30:00,0.0,,United Kingdom,-0.0
549176,35603B,,-12,2011-04-06 17:31:00,0.0,,United Kingdom,-0.0
549178,47502,,-19,2011-04-06 17:33:00,0.0,,United Kingdom,-0.0
549179,84007,,-3,2011-04-06 17:34:00,0.0,,United Kingdom,-0.0
549180,84522,,-30,2011-04-06 17:34:00,0.0,,United Kingdom,-0.0
,POST,POSTAGE,-1,2011-04-07 09:28:00,40.0,12428.0,Finland,-40.0
,37342,POLKADOT COFFEE CUP & SAUCER PINK,-27,2011-04-07 09:28:00,0.79,12428.0,Finland,-21.33
,21394,RED POLKADOT BEAKER ,-2,2011-04-07 09:28:00,0.39,12428.0,Finland,-0.78
,22086,PAPER CHAIN KIT 50'S CHRISTMAS ,-40,2011-04-07 10:15:00,2.55,16422.0,United Kingdom,-102.0
,22178,VICTORIAN GLASS HANGING T-LIGHT,-12,2011-04-07 10:59:00,1.25,12949.0,United Kingdom,-15.0
549244,79331,,-3,2011-04-07 11:53:00,0.0,,United Kingdom,-0.0
,22665,RECIPE BOX BLUE SKETCHBOOK DESIGN,-3,2011-04-07 12:18:00,2.55,16584.0,United Kingdom,-7.65
,22666,RECIPE BOX PANTRY YELLOW DESIGN,-3,2011-04-07 12:18:00,2.55,16584.0,United Kingdom,-7.65
,22667,RECIPE BOX RETROSPOT ,-5,2011-04-07 12:18:00,2.55,16584.0,United Kingdom,-12.75
,22727,ALARM CLOCK BAKELIKE RED ,-1,2011-04-07 12:20:00,3.75,12408.0,Belgium,-3.75
,22725,ALARM CLOCK BAKELIKE CHOCOLATE,-1,2011-04-07 12:20:00,3.75,12408.0,Belgium,-3.75
,20712,JUMBO BAG WOODLAND ANIMALS,-1,2011-04-07 12:20:00,2.08,12408.0,Belgium,-2.08
,22466,FAIRY TALE COTTAGE NIGHTLIGHT,-1,2011-04-07 12:20:00,1.95,12408.0,Belgium,-1.95
,22328,ROUND SNACK BOXES SET OF 4 FRUITS ,-1,2011-04-07 12:20:00,2.95,12408.0,Belgium,-2.95
,82494L,WOODEN FRAME ANTIQUE WHITE ,-1,2011-04-07 12:21:00,2.95,13769.0,United Kingdom,-2.95
549264,21337,,-21,2011-04-07 12:45:00,0.0,,United Kingdom,-0.0
549266,84593,,-5,2011-04-07 12:45:00,0.0,,United Kingdom,-0.0
,22364,GLASS JAR DIGESTIVE BISCUITS,-3,2011-04-07 12:45:00,2.95,16245.0,United Kingdom,-8.85
549267,46037A,,-5,2011-04-07 12:46:00,0.0,,United Kingdom,-0.0
549268,84856S,,-7,2011-04-07 12:47:00,0.0,,United Kingdom,-0.0
,75049L,LARGE CIRCULAR MIRROR MOBILE,-9,2011-04-07 12:47:00,0.85,16701.0,United Kingdom,-7.65
,21539,RED RETROSPOT BUTTER DISH,-5,2011-04-07 12:47:00,4.25,16701.0,United Kingdom,-21.25
549270,84856L,,-27,2011-04-07 12:48:00,0.0,,United Kingdom,-0.0
549271,62096B,,-2,2011-04-07 12:48:00,0.0,,United Kingdom,-0.0
,22788,BROCANTE COAT RACK,-1,2011-04-07 18:06:00,9.95,14527.0,United Kingdom,-9.95
,22469,HEART OF WICKER SMALL,-1,2011-04-07 18:06:00,1.65,14527.0,United Kingdom,-1.65
,37449,CERAMIC CAKE STAND + HANGING CAKES,-1,2011-04-07 18:10:00,9.95,14395.0,United Kingdom,-9.95
,21876,POTTERING MUG,-3,2011-04-08 09:51:00,1.25,12949.0,United Kingdom,-3.75
,21868,POTTING SHED TEA MUG,-2,2011-04-08 09:51:00,1.25,12949.0,United Kingdom,-2.5
,22697,GREEN REGENCY TEACUP AND SAUCER,-1,2011-04-08 09:51:00,2.95,12949.0,United Kingdom,-2.95
549326,21738,,-5,2011-04-08 10:45:00,0.0,,United Kingdom,-0.0
549328,51008,,-110,2011-04-08 10:49:00,0.0,,United Kingdom,-0.0
549329,84989A,,-1,2011-04-08 10:49:00,0.0,,United Kingdom,-0.0
549330,84251J,,-28,2011-04-08 10:53:00,0.0,,United Kingdom,-0.0
549331,40018F,,-22,2011-04-08 10:54:00,0.0,,United Kingdom,-0.0
549332,84864A,,-2,2011-04-08 10:55:00,0.0,,United Kingdom,-0.0
549340,20774,,-11,2011-04-08 11:02:00,0.0,,United Kingdom,-0.0
549342,35818B,,-53,2011-04-08 11:06:00,0.0,,United Kingdom,-0.0
549343,72815,,-3,2011-04-08 11:07:00,0.0,,United Kingdom,-0.0
549344,21825,,-14,2011-04-08 11:08:00,0.0,,United Kingdom,-0.0
549346,22033,,-50,2011-04-08 11:10:00,0.0,,United Kingdom,-0.0
549348,84251B,,-60,2011-04-08 11:13:00,0.0,,United Kingdom,-0.0
549349,10123G,,-38,2011-04-08 11:13:00,0.0,,United Kingdom,-0.0
549350,84597B,,-13,2011-04-08 11:14:00,0.0,,United Kingdom,-0.0
549351,85006,,-21,2011-04-08 11:14:00,0.0,,United Kingdom,-0.0
549355,84899F,,-5,2011-04-08 11:21:00,0.0,,United Kingdom,-0.0
549371,84921,,-17,2011-04-08 11:27:00,0.0,,United Kingdom,-0.0
549373,85008,,-2,2011-04-08 11:28:00,0.0,,United Kingdom,-0.0
549374,20775,,-29,2011-04-08 11:29:00,0.0,,United Kingdom,-0.0
549375,20863,,-6,2011-04-08 11:29:00,0.0,,United Kingdom,-0.0
549426,22078,,-201,2011-04-08 11:55:00,0.0,,United Kingdom,-0.0
549427,22797,damages,-12,2011-04-08 11:56:00,0.0,,United Kingdom,-0.0
,84750A,PINK SMALL GLASS CAKE STAND,-3,2011-04-08 12:09:00,1.95,13846.0,United Kingdom,-5.85
,22333,RETROSPOT PARTY BAG + STICKER SET,-1,2011-04-08 12:09:00,1.65,13846.0,United Kingdom,-1.65
,22634,CHILDS BREAKFAST SET SPACEBOY ,-1,2011-04-08 12:09:00,9.95,13846.0,United Kingdom,-9.95
,22617,BAKING SET SPACEBOY DESIGN,-1,2011-04-08 12:37:00,4.95,13005.0,United Kingdom,-4.95
,22635,CHILDS BREAKFAST SET DOLLY GIRL ,-2,2011-04-08 12:37:00,9.95,13005.0,United Kingdom,-19.9
,22634,CHILDS BREAKFAST SET SPACEBOY ,-2,2011-04-08 12:37:00,9.95,13005.0,United Kingdom,-19.9
,23183,MOTHER'S KITCHEN SPOON REST ,-1,2011-04-08 12:39:00,3.75,12471.0,Germany,-3.75
,23155,KNICKERBOCKERGLORY MAGNET ASSORTED ,-2,2011-04-08 12:39:00,0.83,12471.0,Germany,-1.66
,22637,PIGGY BANK RETROSPOT ,-4,2011-04-08 14:13:00,2.55,13089.0,United Kingdom,-10.2
,D,Discount,-1,2011-04-08 14:17:00,1867.86,17940.0,United Kingdom,-1867.86
549455,84858C,,-10,2011-04-08 14:18:00,0.0,,United Kingdom,-0.0
549456,47341A,,-6,2011-04-08 14:19:00,0.0,,United Kingdom,-0.0
549457,47344B,,-16,2011-04-08 14:19:00,0.0,,United Kingdom,-0.0
549458,62097B,,-6,2011-04-08 14:19:00,0.0,,United Kingdom,-0.0
549460,20716,,-82,2011-04-08 14:20:00,0.0,,United Kingdom,-0.0
549461,20731,,-16,2011-04-08 14:20:00,0.0,,United Kingdom,-0.0
549462,84910A,,-16,2011-04-08 14:21:00,0.0,,United Kingdom,-0.0
549463,84919,,-17,2011-04-08 14:21:00,0.0,,United Kingdom,-0.0
549464,20701,,-6,2011-04-08 14:21:00,0.0,,United Kingdom,-0.0
549465,84415B,,-5,2011-04-08 14:22:00,0.0,,United Kingdom,-0.0
549466,20816,,-11,2011-04-08 14:22:00,0.0,,United Kingdom,-0.0
549470,46775D,,-8,2011-04-08 14:28:00,0.0,,United Kingdom,-0.0
549506,22415,,-31,2011-04-08 15:07:00,0.0,,United Kingdom,-0.0
549510,84559B,,-158,2011-04-08 15:08:00,0.0,,United Kingdom,-0.0
549514,20820,,-3,2011-04-08 15:09:00,0.0,,United Kingdom,-0.0
549527,21620,mystery! Only ever imported 1800,-1479,2011-04-08 16:03:00,0.0,,United Kingdom,-0.0
549528,21422,,-55,2011-04-08 16:44:00,0.0,,United Kingdom,-0.0
549529,21830,"MERCHANT CHANDLER CREDIT ERROR, STO",-576,2011-04-08 16:56:00,0.0,,United Kingdom,-0.0
,22998,TRAVEL CARD WALLET KEEP CALM,-1,2011-04-08 17:03:00,0.42,13863.0,United Kingdom,-0.42
,22231,JIGSAW TREE WITH BIRDHOUSE,-4,2011-04-08 17:03:00,1.45,13863.0,United Kingdom,-5.8
549531,21622,POSSIBLE DAMAGES OR LOST?,-750,2011-04-08 17:05:00,0.0,,United Kingdom,-0.0
,POST,POSTAGE,-1,2011-04-08 17:07:00,7.06,16217.0,United Kingdom,-7.06
,22628,PICNIC BOXES SET OF 3 RETROSPOT ,-3,2011-04-08 17:08:00,4.95,12408.0,Belgium,-14.85
,22468,BABUSHKA LIGHTS STRING OF 10,-2,2011-04-08 17:14:00,6.75,14110.0,United Kingdom,-13.5
,22443,GROW YOUR OWN HERBS SET OF 3,-1,2011-04-10 10:12:00,7.95,17114.0,United Kingdom,-7.95
,22442,GROW YOUR OWN FLOWERS SET OF 3,-1,2011-04-10 10:12:00,7.95,17114.0,United Kingdom,-7.95
,21035,SET/2 RED RETROSPOT TEA TOWELS ,-100,2011-04-10 11:15:00,2.75,15311.0,United Kingdom,-275.0
,21125,SET 6 FOOTBALL CELEBRATION CANDLES,-1,2011-04-10 11:19:00,1.25,18118.0,United Kingdom,-1.25
,22656,VINTAGE BLUE KITCHEN CABINET,-1,2011-04-10 11:37:00,125.0,16359.0,United Kingdom,-125.0
,22655,VINTAGE RED KITCHEN CABINET,-1,2011-04-10 11:37:00,125.0,16359.0,United Kingdom,-125.0
,22841,ROUND CAKE TIN VINTAGE GREEN,-1,2011-04-10 14:26:00,7.95,13610.0,United Kingdom,-7.95
,22968,ROSE COTTAGE KEEPSAKE BOX ,-3,2011-04-11 09:35:00,9.95,13501.0,Switzerland,-29.85
,22423,REGENCY CAKESTAND 3 TIER,-3,2011-04-11 09:45:00,12.75,12656.0,France,-38.25
,21470,FLOWER VINE RAFFIA FOOD COVER,-1,2011-04-11 12:17:00,3.75,13113.0,United Kingdom,-3.75
,21471,STRAWBERRY RAFFIA FOOD COVER,-1,2011-04-11 12:17:00,3.75,13113.0,United Kingdom,-3.75
,22176,BLUE OWL SOFT TOY,-1,2011-04-11 12:17:00,2.95,13113.0,United Kingdom,-2.95
,21166,COOK WITH WINE METAL SIGN ,-1,2011-04-11 12:17:00,2.08,13113.0,United Kingdom,-2.08
,21530,DAIRY MAID TOASTRACK,-2,2011-04-11 12:17:00,0.79,13113.0,United Kingdom,-1.58
,22469,HEART OF WICKER SMALL,-1,2011-04-11 12:17:00,1.65,13113.0,United Kingdom,-1.65
,22470,HEART OF WICKER LARGE,-1,2011-04-11 12:17:00,2.55,13113.0,United Kingdom,-2.55
,22059,CERAMIC STRAWBERRY DESIGN MUG,-1,2011-04-11 12:17:00,1.49,13113.0,United Kingdom,-1.49
,22063,CERAMIC BOWL WITH STRAWBERRY DESIGN,-1,2011-04-11 12:17:00,2.95,13113.0,United Kingdom,-2.95
,22423,REGENCY CAKESTAND 3 TIER,-1,2011-04-11 12:17:00,10.95,13113.0,United Kingdom,-10.95
,22960,JAM MAKING SET WITH JARS,-1,2011-04-11 12:17:00,4.25,13113.0,United Kingdom,-4.25
,37448,CERAMIC CAKE DESIGN SPOTTED MUG,-1,2011-04-11 12:17:00,1.49,13113.0,United Kingdom,-1.49
,22284,HEN HOUSE DECORATION,-1,2011-04-11 12:17:00,1.65,13113.0,United Kingdom,-1.65
,37447,CERAMIC CAKE DESIGN SPOTTED PLATE,-1,2011-04-11 12:17:00,1.49,13113.0,United Kingdom,-1.49
,84839,SWEETHEART KEY CABINET,-1,2011-04-11 12:17:00,5.55,13113.0,United Kingdom,-5.55
,85064,CREAM SWEETHEART LETTER RACK,-1,2011-04-11 12:17:00,4.65,13113.0,United Kingdom,-4.65
,22055,MINI CAKE STAND  HANGING STRAWBERY,-7,2011-04-11 12:17:00,1.65,13113.0,United Kingdom,-11.55
,37446,MINI CAKE STAND WITH HANGING CAKES,-4,2011-04-11 12:17:00,1.45,13113.0,United Kingdom,-5.8
,22501,PICNIC BASKET WICKER LARGE,-4,2011-04-11 12:17:00,8.5,13113.0,United Kingdom,-34.0
,85132A,CHARLIE + LOLA BISCUITS TINS,-1,2011-04-11 13:26:00,1.95,13266.0,United Kingdom,-1.95
,22978,PANTRY ROLLING PIN,-6,2011-04-11 13:26:00,3.75,15646.0,United Kingdom,-22.5
,20726,LUNCH BAG WOODLAND,-1,2011-04-11 13:36:00,1.65,15449.0,United Kingdom,-1.65
,85053,FRENCH ENAMEL CANDLEHOLDER,-1,2011-04-11 13:43:00,1.69,13668.0,United Kingdom,-1.69
,85040B,SET/4 BLUE FLOWER CANDLES IN BOWL,-2,2011-04-11 13:43:00,1.65,13668.0,United Kingdom,-3.3
,82583,HOT BATHS METAL SIGN,-1,2011-04-11 13:43:00,2.1,13668.0,United Kingdom,-2.1
,22352,LUNCH BOX WITH CUTLERY RETROSPOT ,-1,2011-04-11 13:43:00,2.55,13668.0,United Kingdom,-2.55
,21669,BLUE STRIPE CERAMIC DRAWER KNOB,-1,2011-04-11 13:43:00,1.06,13668.0,United Kingdom,-1.06
,21668,RED STRIPE CERAMIC DRAWER KNOB,-1,2011-04-11 13:43:00,1.06,13668.0,United Kingdom,-1.06
,21671,RED SPOT CERAMIC DRAWER KNOB,-1,2011-04-11 13:43:00,1.06,13668.0,United Kingdom,-1.06
549695,84751B,,-24,2011-04-11 13:50:00,0.0,,United Kingdom,-0.0
,79191C,RETRO PLASTIC ELEPHANT TRAY,-12,2011-04-11 16:05:00,0.85,13995.0,United Kingdom,-10.2
,21399,BLUE POLKADOT COFFEE MUG,-1,2011-04-11 16:36:00,0.39,13266.0,United Kingdom,-0.39
,21746,SMALL RED RETROSPOT WINDMILL,-2,2011-04-11 16:36:00,1.25,13266.0,United Kingdom,-2.5
,21399,BLUE POLKADOT COFFEE MUG,-48,2011-04-11 16:36:00,0.39,13266.0,United Kingdom,-18.72
,22162,HEART GARLAND RUSTIC PADDED,-8,2011-04-12 11:17:00,2.95,13268.0,United Kingdom,-23.6
,22891,TEA FOR ONE POLKADOT,-1,2011-04-12 11:17:00,4.25,13268.0,United Kingdom,-4.25
,84751B,BLACK MEDIUM GLASS CAKE STAND,-1,2011-04-12 11:50:00,0.79,16558.0,United Kingdom,-0.79
,84750B,BLACK SMALL GLASS CAKE STAND,-1,2011-04-12 11:50:00,0.39,16558.0,United Kingdom,-0.39
,22893,MINI CAKE STAND T-LIGHT HOLDER,-3,2011-04-12 11:50:00,0.42,16558.0,United Kingdom,-1.26
,22649,STRAWBERRY FAIRY CAKE TEAPOT,-1,2011-04-12 11:50:00,4.95,16558.0,United Kingdom,-4.95
,22060,LARGE CAKE STAND HANGING HEARTS,-5,2011-04-12 11:50:00,3.95,16558.0,United Kingdom,-19.75
,22960,JAM MAKING SET WITH JARS,-1,2011-04-12 11:50:00,4.25,16558.0,United Kingdom,-4.25
,22345,PARTY PIZZA DISH BLUE POLKADOT,-18,2011-04-12 11:58:00,0.85,14071.0,United Kingdom,-15.3
,22343,PARTY PIZZA DISH RED RETROSPOT,-18,2011-04-12 11:58:00,0.85,14071.0,United Kingdom,-15.3
,22252,BIRDCAGE DECORATION TEALIGHT HOLDER,-6,2011-04-12 11:58:00,1.25,14071.0,United Kingdom,-7.5
,22231,JIGSAW TREE WITH BIRDHOUSE,-12,2011-04-12 11:58:00,1.45,14071.0,United Kingdom,-17.4
,22084,PAPER CHAIN KIT EMPIRE,-5,2011-04-12 11:58:00,2.95,14071.0,United Kingdom,-14.75
,21381,MINI WOODEN HAPPY BIRTHDAY GARLAND,-24,2011-04-12 11:58:00,1.69,14071.0,United Kingdom,-40.56
,21034,REX CASH+CARRY JUMBO SHOPPER,-1,2011-04-12 11:58:00,0.95,14071.0,United Kingdom,-0.95
,22233,JIGSAW RABBIT AND BIRDHOUSE,-6,2011-04-12 11:58:00,1.65,14071.0,United Kingdom,-9.9
,21626,VINTAGE UNION JACK PENNANT,-5,2011-04-12 11:58:00,1.95,14071.0,United Kingdom,-9.75
,22960,JAM MAKING SET WITH JARS,-2,2011-04-12 11:59:00,4.25,13098.0,United Kingdom,-8.5
,84884A,ANT WHITE WIRE HEART SPIRAL,-1,2011-04-12 12:35:00,3.95,12854.0,United Kingdom,-3.95
,22423,REGENCY CAKESTAND 3 TIER,-1,2011-04-12 12:35:00,12.75,12854.0,United Kingdom,-12.75
,22244,3 HOOK HANGER MAGIC GARDEN,-1,2011-04-12 12:35:00,1.95,12854.0,United Kingdom,-1.95
,22139,RETROSPOT TEA SET CERAMIC 11 PC ,-1,2011-04-12 12:40:00,4.95,16875.0,United Kingdom,-4.95
,22698,PINK REGENCY TEACUP AND SAUCER,-1,2011-04-12 12:43:00,2.95,15189.0,United Kingdom,-2.95
,22672,FRENCH BATHROOM SIGN BLUE METAL,-2,2011-04-12 12:43:00,1.65,15189.0,United Kingdom,-3.3
,21713,CITRONELLA CANDLE FLOWERPOT,-3,2011-04-12 12:43:00,2.1,15189.0,United Kingdom,-6.3
,POST,POSTAGE,-2,2011-04-12 12:55:00,3.0,12463.0,Belgium,-6.0
,22697,GREEN REGENCY TEACUP AND SAUCER,-2,2011-04-12 13:51:00,2.95,15189.0,United Kingdom,-5.9
549846,21100,Damaged,-6,2011-04-12 14:30:00,0.0,,United Kingdom,-0.0
549848,84531A,,-34,2011-04-12 14:51:00,0.0,,United Kingdom,-0.0
549849,84531B,,-23,2011-04-12 14:51:00,0.0,,United Kingdom,-0.0
,22486,PLASMATRONIC LAMP,-4,2011-04-12 15:40:00,12.75,16553.0,United Kingdom,-51.0
,85135B,BLUE DRAGONFLY HELICOPTER,-1,2011-04-12 15:48:00,7.95,15363.0,United Kingdom,-7.95
,22678,FRENCH BLUE METAL DOOR SIGN 3,-1,2011-04-12 16:00:00,1.25,13078.0,United Kingdom,-1.25
,21463,MIRRORED DISCO BALL ,-2,2011-04-12 16:00:00,5.95,13078.0,United Kingdom,-11.9
,21735,TWO DOOR CURIO CABINET,-2,2011-04-12 16:00:00,12.75,13078.0,United Kingdom,-25.5
,84949,SILVER HANGING T-LIGHT HOLDER,-7,2011-04-12 16:07:00,1.65,14961.0,United Kingdom,-11.55
,22236,CAKE STAND 3 TIER MAGIC GARDEN,-1,2011-04-12 16:10:00,12.75,17180.0,United Kingdom,-12.75
,37446,MINI CAKE STAND WITH HANGING CAKES,-1,2011-04-12 16:10:00,1.45,17180.0,United Kingdom,-1.45
,22423,REGENCY CAKESTAND 3 TIER,-1,2011-04-12 16:21:00,12.75,17576.0,United Kingdom,-12.75
,21781,MA CAMPAGNE CUTLERY BOX,-2,2011-04-12 16:21:00,14.95,17576.0,United Kingdom,-29.9
,22423,REGENCY CAKESTAND 3 TIER,-3,2011-04-12 16:39:00,10.95,13324.0,United Kingdom,-32.85
,22138,BAKING SET 9 PIECE RETROSPOT ,-1,2011-04-13 09:02:00,4.95,15737.0,United Kingdom,-4.95
,20725,LUNCH BAG RED RETROSPOT,-1,2011-04-13 09:02:00,1.65,15737.0,United Kingdom,-1.65
,22961,JAM MAKING SET PRINTED,-12,2011-04-13 09:02:00,1.45,14267.0,United Kingdom,-17.4
,22675,FRENCH KITCHEN SIGN BLUE METAL,-3,2011-04-13 09:50:00,1.25,15201.0,United Kingdom,-3.75
,22674,FRENCH TOILET SIGN BLUE METAL,-1,2011-04-13 09:50:00,1.25,15201.0,United Kingdom,-1.25
,22672,FRENCH BATHROOM SIGN BLUE METAL,-2,2011-04-13 09:50:00,1.65,15201.0,United Kingdom,-3.3
,82580,BATHROOM METAL SIGN,-1,2011-04-13 09:50:00,0.55,15201.0,United Kingdom,-0.55
,22423,REGENCY CAKESTAND 3 TIER,-1,2011-04-13 09:53:00,12.75,15109.0,United Kingdom,-12.75
,22798,ANTIQUE GLASS DRESSING TABLE POT,-2,2011-04-13 09:53:00,2.95,15109.0,United Kingdom,-5.9
,22637,PIGGY BANK RETROSPOT ,-1,2011-04-13 09:53:00,2.55,15109.0,United Kingdom,-2.55
,22423,REGENCY CAKESTAND 3 TIER,-1,2011-04-13 09:55:00,12.75,15674.0,United Kingdom,-12.75
,M,Manual,-1,2011-04-13 10:36:00,15.05,16454.0,United Kingdom,-15.05
,M,Manual,-1,2011-04-13 10:40:00,97.35,,United Kingdom,-97.35
549935,35915C,damaged,-43,2011-04-13 11:16:00,0.0,,United Kingdom,-0.0
,POST,POSTAGE,-1,2011-04-13 12:39:00,5.95,18270.0,United Kingdom,-5.95
,84968C,SET OF 16 VINTAGE PISTACHIO CUTLERY,-3,2011-04-13 12:39:00,12.75,18270.0,United Kingdom,-38.25
549948,37488A,damaged,-1,2011-04-13 12:55:00,0.0,,United Kingdom,-0.0
549950,37487B,Damaged,-6,2011-04-13 12:57:00,0.0,,United Kingdom,-0.0
549952,37482P,Damaged,-93,2011-04-13 13:05:00,0.0,,United Kingdom,-0.0
,22839,3 TIER CAKE TIN GREEN AND CREAM,-2,2011-04-13 13:38:00,14.95,12359.0,Cyprus,-29.9
,22666,RECIPE BOX PANTRY YELLOW DESIGN,-2,2011-04-13 13:38:00,2.95,12359.0,Cyprus,-5.9
,22423,REGENCY CAKESTAND 3 TIER,-2,2011-04-13 13:49:00,12.75,16652.0,United Kingdom,-25.5
,22423,REGENCY CAKESTAND 3 TIER,-2,2011-04-13 13:51:00,10.95,16652.0,United Kingdom,-21.9
,22151,PLACE SETTING WHITE HEART,-432,2011-04-13 14:24:00,0.36,14064.0,United Kingdom,-155.52
,85152,HAND OVER THE CHOCOLATE   SIGN ,-24,2011-04-13 14:30:00,2.1,17873.0,United Kingdom,-50.4
,82600,NO SINGING METAL SIGN,-24,2011-04-13 14:30:00,1.85,17873.0,United Kingdom,-44.4
,22750,FELTCRAFT PRINCESS LOLA DOLL,-2,2011-04-13 16:03:00,3.75,18178.0,United Kingdom,-7.5
,20829,GLITTER HANGING BUTTERFLY STRING,-1,2011-04-13 16:06:00,2.1,14367.0,United Kingdom,-2.1
,22625,RED KITCHEN SCALES,-1,2011-04-13 16:06:00,8.5,14367.0,United Kingdom,-8.5
,22061,LARGE CAKE STAND  HANGING STRAWBERY,-1,2011-04-13 16:06:00,9.95,14367.0,United Kingdom,-9.95
,84978,HANGING HEART JAR T-LIGHT HOLDER,-1,2011-04-13 16:06:00,1.25,14367.0,United Kingdom,-1.25
,M,Manual,-1,2011-04-14 10:24:00,57.6,16422.0,United Kingdom,-57.6
,84950,ASSORTED COLOUR T-LIGHT HOLDER,-4,2011-04-14 10:29:00,0.55,15299.0,United Kingdom,-2.2
,84856S,SMALL TAHITI BEACH BAG,-1,2011-04-14 10:29:00,3.81,15299.0,United Kingdom,-3.81
,85159B,"WHITE TEA,COFFEE,SUGAR JARS",-1,2011-04-14 10:49:00,1.95,12982.0,United Kingdom,-1.95
,22892,SET OF SALT AND PEPPER TOADSTOOLS,-1,2011-04-14 10:49:00,1.25,12982.0,United Kingdom,-1.25
,22757,LARGE RED BABUSHKA NOTEBOOK ,-1,2011-04-14 10:49:00,1.25,12982.0,United Kingdom,-1.25
,22644,CERAMIC CHERRY CAKE MONEY BANK,-5,2011-04-14 10:49:00,1.45,12982.0,United Kingdom,-7.25
,21877,HOME SWEET HOME MUG,-1,2011-04-14 10:49:00,1.25,12982.0,United Kingdom,-1.25
,21318,GLASS CHALICE BLUE SMALL ,-1,2011-04-14 10:49:00,0.39,12982.0,United Kingdom,-0.39
,23177,TREASURE ISLAND BOOK BOX,-8,2011-04-14 10:52:00,2.25,16133.0,United Kingdom,-18.0
,22423,REGENCY CAKESTAND 3 TIER,-11,2011-04-14 11:19:00,12.75,13089.0,United Kingdom,-140.25
,84949,SILVER HANGING T-LIGHT HOLDER,-14,2011-04-14 11:19:00,1.45,13089.0,United Kingdom,-20.3
,22456,NATURAL SLATE CHALKBOARD LARGE ,-3,2011-04-14 11:19:00,4.95,13089.0,United Kingdom,-14.85
,23076,ICE CREAM SUNDAE LIP GLOSS,-4,2011-04-14 11:22:00,1.25,14339.0,United Kingdom,-5.0
,75049L,LARGE CIRCULAR MIRROR MOBILE,-58,2011-04-14 11:26:00,0.85,14195.0,United Kingdom,-49.3
,22332,SKULLS PARTY BAG + STICKER SET,-1,2011-04-14 11:26:00,1.65,14606.0,United Kingdom,-1.65
,90185C,BLACK DIAMANTE EXPANDABLE RING,-6,2011-04-14 11:27:00,4.25,13539.0,United Kingdom,-25.5
,22627,MINT KITCHEN SCALES,-1,2011-04-14 12:28:00,8.5,16933.0,United Kingdom,-8.5
,20682,RED RETROSPOT CHILDRENS UMBRELLA,-1,2011-04-14 12:28:00,3.25,16933.0,United Kingdom,-3.25
,37449,CERAMIC CAKE STAND + HANGING CAKES,-1,2011-04-14 13:12:00,9.95,15212.0,United Kingdom,-9.95
,37446,MINI CAKE STAND WITH HANGING CAKES,-2,2011-04-14 13:12:00,1.45,15212.0,United Kingdom,-2.9
550133,85099F,,-1092,2011-04-14 13:49:00,0.0,,United Kingdom,-0.0
,POST,POSTAGE,-3,2011-04-14 14:23:00,18.0,12637.0,France,-54.0
550153,85167B,DAMAGED,-1,2011-04-14 14:44:00,0.0,,United Kingdom,-0.0
,22962,JAM JAR WITH PINK LID,-1,2011-04-14 16:34:00,0.85,15358.0,United Kingdom,-0.85
,22962,JAM JAR WITH PINK LID,-1,2011-04-14 16:34:00,0.85,15358.0,United Kingdom,-0.85
,23155,KNICKERBOCKERGLORY MAGNET ASSORTED ,-1,2011-04-14 16:41:00,0.83,14339.0,United Kingdom,-0.83
,22960,JAM MAKING SET WITH JARS,-3,2011-04-14 16:43:00,4.25,17017.0,United Kingdom,-12.75
,20971,PINK BLUE FELT CRAFT TRINKET BOX,-1,2011-04-14 16:53:00,1.25,12585.0,Germany,-1.25
,21736,GOLD SCROLL GLASS T-LIGHT HOLDER,-3,2011-04-14 16:54:00,0.39,17440.0,United Kingdom,-1.17
,22228,BUNNY WOODEN PAINTED WITH BIRD ,-2,2011-04-14 17:07:00,0.85,16394.0,United Kingdom,-1.7
,22229,BUNNY WOODEN PAINTED WITH FLOWER ,-2,2011-04-14 17:07:00,0.85,16394.0,United Kingdom,-1.7
,22997,TRAVEL CARD WALLET UNION JACK,-2,2011-04-14 17:07:00,0.42,16394.0,United Kingdom,-0.84
,23004,TRAVEL CARD WALLET PANTRY,-6,2011-04-14 17:07:00,0.42,16394.0,United Kingdom,-2.52
,23002,TRAVEL CARD WALLET SKULLS,-8,2011-04-14 17:07:00,0.42,16394.0,United Kingdom,-3.36
,20983,12 PENCILS TALL TUBE RED RETROSPOT,-2,2011-04-14 17:07:00,0.85,16394.0,United Kingdom,-1.7
,22768,FAMILY PHOTO FRAME CORNICE,-1,2011-04-14 17:13:00,9.95,14619.0,United Kingdom,-9.95
,23155,KNICKERBOCKERGLORY MAGNET ASSORTED ,-6,2011-04-14 17:13:00,0.83,14619.0,United Kingdom,-4.98
,20726,LUNCH BAG WOODLAND,-2,2011-04-14 17:17:00,1.65,13534.0,United Kingdom,-3.3
,84596F,SMALL MARSHMALLOWS PINK BOWL,-16,2011-04-14 17:43:00,0.42,13069.0,United Kingdom,-6.72
,84596B,SMALL DOLLY MIX DESIGN ORANGE BOWL,-16,2011-04-14 17:43:00,0.42,13069.0,United Kingdom,-6.72
,23206,LUNCH BAG APPLE DESIGN,-5,2011-04-14 17:43:00,1.65,13069.0,United Kingdom,-8.25
,23204,CHARLOTTE BAG APPLES DESIGN,-5,2011-04-14 17:43:00,0.85,13069.0,United Kingdom,-4.25
,22844,VINTAGE CREAM DOG FOOD CONTAINER,-5,2011-04-14 17:43:00,8.5,13069.0,United Kingdom,-42.5
,22748,POPPY'S PLAYHOUSE KITCHEN,-1,2011-04-14 17:43:00,2.1,13069.0,United Kingdom,-2.1
,22381,TOY TIDY PINK POLKADOT,-10,2011-04-14 17:43:00,2.1,13069.0,United Kingdom,-21.0
,22090,PAPER BUNTING RETROSPOT,-10,2011-04-14 17:43:00,2.95,13069.0,United Kingdom,-29.5
,22088,PAPER BUNTING COLOURED LACE,-15,2011-04-14 17:43:00,2.95,13069.0,United Kingdom,-44.25
,22087,PAPER BUNTING WHITE LACE,-10,2011-04-14 17:43:00,2.95,13069.0,United Kingdom,-29.5
,21937,STRAWBERRY   PICNIC BAG,-5,2011-04-14 17:43:00,2.95,13069.0,United Kingdom,-14.75
,21394,RED POLKADOT BEAKER ,-12,2011-04-14 17:43:00,0.39,13069.0,United Kingdom,-4.68
,21244,BLUE POLKADOT PLATE ,-5,2011-04-14 17:43:00,1.69,13069.0,United Kingdom,-8.45
,21243,PINK  POLKADOT PLATE ,-8,2011-04-14 17:43:00,1.69,13069.0,United Kingdom,-13.52
,21242,RED RETROSPOT PLATE ,-10,2011-04-14 17:43:00,1.69,13069.0,United Kingdom,-16.9
,21240,BLUE POLKADOT CUP,-20,2011-04-14 17:43:00,0.85,13069.0,United Kingdom,-17.0
,21239,PINK  POLKADOT CUP,-20,2011-04-14 17:43:00,0.85,13069.0,United Kingdom,-17.0
,21238,RED RETROSPOT CUP,-20,2011-04-14 17:43:00,0.85,13069.0,United Kingdom,-17.0
,20677,PINK POLKADOT BOWL,-5,2011-04-14 17:43:00,1.25,13069.0,United Kingdom,-6.25
,20676,RED RETROSPOT BOWL,-12,2011-04-14 17:43:00,1.25,13069.0,United Kingdom,-15.0
,20675,BLUE POLKADOT BOWL,-4,2011-04-14 17:43:00,1.25,13069.0,United Kingdom,-5.0
,22891,TEA FOR ONE POLKADOT,-1,2011-04-15 09:55:00,4.25,14796.0,United Kingdom,-4.25
,37448,CERAMIC CAKE DESIGN SPOTTED MUG,-1,2011-04-15 09:55:00,1.49,14796.0,United Kingdom,-1.49
,21231,SWEETHEART CERAMIC TRINKET BOX,-1,2011-04-15 09:55:00,1.25,14796.0,United Kingdom,-1.25
,72803A,ROSE SCENT CANDLE JEWELLED DRAWER,-1,2011-04-17 10:10:00,4.25,17243.0,United Kingdom,-4.25
,22846,BREAD BIN DINER STYLE RED ,-1,2011-04-17 10:38:00,16.95,16905.0,United Kingdom,-16.95
,21735,TWO DOOR CURIO CABINET,-1,2011-04-18 09:39:00,10.95,15973.0,United Kingdom,-10.95
,22090,PAPER BUNTING RETROSPOT,-1,2011-04-18 10:29:00,2.95,17841.0,United Kingdom,-2.95
,51020B,STRIPY DESIGN SHOWER CAP,-1,2011-04-18 10:29:00,0.29,17841.0,United Kingdom,-0.29
,51020A,SUMMER FUN DESIGN SHOWER CAP,-2,2011-04-18 10:29:00,0.29,17841.0,United Kingdom,-0.58
,22719,GUMBALL MONOCHROME COAT RACK,-1,2011-04-18 10:29:00,1.25,17841.0,United Kingdom,-1.25
,22654,DELUXE SEWING KIT ,-1,2011-04-18 10:29:00,5.95,17841.0,United Kingdom,-5.95
,21461,BLUE EASTER EGG HUNT START POST,-1,2011-04-18 10:29:00,1.95,17841.0,United Kingdom,-1.95
,M,Manual,-1,2011-04-18 10:29:00,222.75,13811.0,Germany,-222.75
,22907,PACK OF 20 NAPKINS PANTRY DESIGN,-8,2011-04-18 10:34:00,0.85,13458.0,United Kingdom,-6.8
,20794,BLUE  TILE HOOK,-1,2011-04-18 10:34:00,2.55,13458.0,United Kingdom,-2.55
,22501,PICNIC BASKET WICKER LARGE,-4,2011-04-18 10:37:00,8.5,13113.0,United Kingdom,-34.0
,22443,GROW YOUR OWN HERBS SET OF 3,-1,2011-04-18 11:20:00,7.95,16033.0,United Kingdom,-7.95
,22398,MAGNETS PACK OF 4 SWALLOWS,-60,2011-04-18 11:31:00,1.25,12731.0,France,-75.0
,POST,POSTAGE,-1,2011-04-18 11:31:00,11.0,12731.0,France,-11.0
,23054,RECYCLED ACAPULCO MAT LAVENDER,-1,2011-04-18 12:06:00,8.25,14403.0,United Kingdom,-8.25
,23053,RECYCLED ACAPULCO MAT PINK,-1,2011-04-18 12:06:00,8.25,14403.0,United Kingdom,-8.25
,23052,RECYCLED ACAPULCO MAT TURQUOISE,-1,2011-04-18 12:06:00,8.25,14403.0,United Kingdom,-8.25
,23051,RECYCLED ACAPULCO MAT BLUE,-1,2011-04-18 12:06:00,8.25,14403.0,United Kingdom,-8.25
,23050,RECYCLED ACAPULCO MAT GREEN,-1,2011-04-18 12:06:00,8.25,14403.0,United Kingdom,-8.25
,23049,RECYCLED ACAPULCO MAT RED,-1,2011-04-18 12:06:00,8.25,14403.0,United Kingdom,-8.25
,22197,SMALL POPCORN HOLDER,-1,2011-04-18 12:28:00,0.85,16550.0,United Kingdom,-0.85
,21622,VINTAGE UNION JACK CUSHION COVER,-1,2011-04-18 12:28:00,4.95,16550.0,United Kingdom,-4.95
,44234,ASSORTED CIRCULAR MOBILE,-2,2011-04-18 12:28:00,0.21,16550.0,United Kingdom,-0.42
,22825,DECORATIVE PLANT POT WITH FRIEZE,-2,2011-04-18 12:55:00,6.75,17204.0,United Kingdom,-13.5
,22796,PHOTO FRAME 3 CLASSIC HANGING,-4,2011-04-18 12:55:00,8.5,17204.0,United Kingdom,-34.0
,84946,ANTIQUE SILVER T-LIGHT GLASS,-6,2011-04-18 13:00:00,1.25,15615.0,United Kingdom,-7.5
,22423,REGENCY CAKESTAND 3 TIER,-1,2011-04-18 13:02:00,10.95,13098.0,United Kingdom,-10.95
,22383,LUNCH BAG SUKI DESIGN ,-1,2011-04-18 13:02:00,1.65,13098.0,United Kingdom,-1.65
,22382,LUNCH BAG SPACEBOY DESIGN ,-1,2011-04-18 13:02:00,1.65,13098.0,United Kingdom,-1.65
,48185,DOORMAT FAIRY CAKE,-670,2011-04-18 13:08:00,6.75,15749.0,United Kingdom,-4522.5
,47566B,TEA TIME PARTY BUNTING,-1300,2011-04-18 13:08:00,2.55,15749.0,United Kingdom,-3315.0
,85123A,WHITE HANGING HEART T-LIGHT HOLDER,-1930,2011-04-18 13:08:00,2.55,15749.0,United Kingdom,-4921.5
,21175,GIN + TONIC DIET METAL SIGN,-2000,2011-04-18 13:08:00,1.85,15749.0,United Kingdom,-3700.0
,21108,FAIRY CAKE FLANNEL ASSORTED COLOUR,-3114,2011-04-18 13:08:00,2.1,15749.0,United Kingdom,-6539.4
,22382,LUNCH BAG SPACEBOY DESIGN ,-1,2011-04-18 13:28:00,1.65,13157.0,United Kingdom,-1.65
,23176,ABC TREASURE BOOK BOX ,-8,2011-04-18 13:28:00,2.25,13157.0,United Kingdom,-18.0
,22064,PINK DOUGHNUT TRINKET POT ,-2,2011-04-18 13:34:00,1.65,14032.0,United Kingdom,-3.3
,22303,COFFEE MUG APPLES DESIGN,-2,2011-04-18 13:52:00,2.55,18009.0,United Kingdom,-5.1
,37449,CERAMIC CAKE STAND + HANGING CAKES,-7,2011-04-18 13:59:00,8.5,13798.0,United Kingdom,-59.5
,21231,SWEETHEART CERAMIC TRINKET BOX,-5,2011-04-18 13:59:00,1.06,13798.0,United Kingdom,-5.3
,21232,STRAWBERRY CERAMIC TRINKET BOX,-14,2011-04-18 13:59:00,1.06,13798.0,United Kingdom,-14.84
,85099B,JUMBO BAG RED RETROSPOT,-4,2011-04-18 13:59:00,1.79,13798.0,United Kingdom,-7.16
,20711,JUMBO BAG TOYS ,-2,2011-04-18 13:59:00,1.79,13798.0,United Kingdom,-3.58
,21181,PLEASE ONE PERSON METAL SIGN,-1,2011-04-18 13:59:00,1.85,13798.0,United Kingdom,-1.85
,85152,HAND OVER THE CHOCOLATE   SIGN ,-2,2011-04-18 13:59:00,1.85,13798.0,United Kingdom,-3.7
,21166,COOK WITH WINE METAL SIGN ,-1,2011-04-18 13:59:00,1.85,13798.0,United Kingdom,-1.85
,21175,GIN + TONIC DIET METAL SIGN,-1,2011-04-18 13:59:00,2.08,13798.0,United Kingdom,-2.08
,21169,YOU'RE CONFUSING ME METAL SIGN ,-1,2011-04-18 13:59:00,1.45,13798.0,United Kingdom,-1.45
,21163,DO NOT TOUCH MY STUFF DOOR HANGER ,-1,2011-04-18 13:59:00,1.25,13798.0,United Kingdom,-1.25
,20718,RED RETROSPOT SHOPPER BAG,-1,2011-04-18 13:59:00,1.06,13798.0,United Kingdom,-1.06
,21928,JUMBO BAG SCANDINAVIAN BLUE PAISLEY,-1,2011-04-18 13:59:00,1.79,13798.0,United Kingdom,-1.79
,35924,HANGING FAIRY CAKE DECORATION,-6,2011-04-18 13:59:00,1.69,13798.0,United Kingdom,-10.14
,20724,RED RETROSPOT CHARLOTTE BAG,-1,2011-04-18 13:59:00,0.72,13798.0,United Kingdom,-0.72
,20723,STRAWBERRY CHARLOTTE BAG,-3,2011-04-18 13:59:00,0.72,13798.0,United Kingdom,-2.16
,82583,HOT BATHS METAL SIGN,-2,2011-04-18 13:59:00,1.85,13798.0,United Kingdom,-3.7
,82581,TOILET METAL SIGN,-2,2011-04-18 13:59:00,0.42,13798.0,United Kingdom,-0.84
,37450,CERAMIC CAKE BOWL + HANGING CAKES,-2,2011-04-18 13:59:00,2.55,13798.0,United Kingdom,-5.1
,22064,PINK DOUGHNUT TRINKET POT ,-3,2011-04-18 13:59:00,1.45,13798.0,United Kingdom,-4.35
,37446,MINI CAKE STAND WITH HANGING CAKES,-2,2011-04-18 13:59:00,1.25,13798.0,United Kingdom,-2.5
,22843,BISCUIT TIN VINTAGE GREEN,-2,2011-04-18 14:12:00,6.75,17204.0,United Kingdom,-13.5
,22858,EASTER TIN KEEPSAKE,-3,2011-04-18 14:14:00,1.65,16933.0,United Kingdom,-4.95
,22649,STRAWBERRY FAIRY CAKE TEAPOT,-4,2011-04-18 14:15:00,4.95,13317.0,United Kingdom,-19.8
,21232,STRAWBERRY CERAMIC TRINKET BOX,-4,2011-04-18 14:15:00,1.25,13317.0,United Kingdom,-5.0
,22059,CERAMIC STRAWBERRY DESIGN MUG,-9,2011-04-18 14:15:00,1.49,13317.0,United Kingdom,-13.41
,22488,NATURAL SLATE RECTANGLE CHALKBOARD,-2,2011-04-18 14:16:00,1.65,16735.0,United Kingdom,-3.3
,22427,ENAMEL FLOWER JUG CREAM,-6,2011-04-18 14:30:00,5.95,16033.0,United Kingdom,-35.7
,22171,3 HOOK PHOTO SHELF ANTIQUE WHITE,-1,2011-04-18 14:54:00,7.65,15311.0,United Kingdom,-7.65
,40001,WHITE BAMBOO RIBS LAMPSHADE,-2,2011-04-18 14:54:00,0.64,15311.0,United Kingdom,-1.28
,20712,JUMBO BAG WOODLAND ANIMALS,-1,2011-04-18 14:54:00,1.79,15311.0,United Kingdom,-1.79
,82001S,VINYL RECORD FRAME SILVER,-1,2011-04-18 14:54:00,3.39,15311.0,United Kingdom,-3.39
,21314,SMALL GLASS HEART TRINKET POT,-1,2011-04-18 14:54:00,1.85,15311.0,United Kingdom,-1.85
,20829,GLITTER HANGING BUTTERFLY STRING,-1,2011-04-18 14:54:00,1.69,15311.0,United Kingdom,-1.69
,75049L,LARGE CIRCULAR MIRROR MOBILE,-7,2011-04-18 14:54:00,0.85,15311.0,United Kingdom,-5.95
,37449,CERAMIC CAKE STAND + HANGING CAKES,-6,2011-04-18 16:25:00,8.5,13798.0,United Kingdom,-51.0
,M,Manual,-1,2011-04-19 10:49:00,158.21,18102.0,United Kingdom,-158.21
,22555,PLASTERS IN TIN STRONGMAN,-2,2011-04-19 10:52:00,1.65,13082.0,United Kingdom,-3.3
,22557,PLASTERS IN TIN VINTAGE PAISLEY ,-9,2011-04-19 10:52:00,1.65,13082.0,United Kingdom,-14.85
,47566B,TEA TIME PARTY BUNTING,-2,2011-04-19 11:03:00,4.95,17071.0,United Kingdom,-9.9
,85035A,GARDENIA 3 WICK MORRIS BOXED CANDLE,-4,2011-04-19 11:08:00,4.25,14326.0,United Kingdom,-17.0
,22360,GLASS JAR ENGLISH CONFECTIONERY,-18,2011-04-19 11:20:00,2.95,16325.0,United Kingdom,-53.1
,21318,GLASS CHALICE BLUE SMALL ,-3,2011-04-19 11:25:00,0.39,15932.0,United Kingdom,-1.17
,37342,POLKADOT COFFEE CUP & SAUCER PINK,-5,2011-04-19 11:25:00,0.79,15932.0,United Kingdom,-3.95
,37495,FAIRY CAKE BIRTHDAY CANDLE SET,-2,2011-04-19 11:26:00,3.75,17746.0,United Kingdom,-7.5
,22060,LARGE CAKE STAND HANGING HEARTS,-1,2011-04-19 11:26:00,3.95,17746.0,United Kingdom,-3.95
,POST,POSTAGE,-1,2011-04-19 11:31:00,3.82,14339.0,United Kingdom,-3.82
,23155,KNICKERBOCKERGLORY MAGNET ASSORTED ,-12,2011-04-19 11:31:00,0.83,14339.0,United Kingdom,-9.96
,21340,CLASSIC METAL BIRDCAGE PLANT HOLDER,-9,2011-04-19 12:21:00,9.95,14502.0,United Kingdom,-89.55
,22060,LARGE CAKE STAND HANGING HEARTS,-6,2011-04-19 12:23:00,3.95,12569.0,Germany,-23.7
,22968,ROSE COTTAGE KEEPSAKE BOX ,-1,2011-04-19 12:40:00,8.5,13735.0,United Kingdom,-8.5
,22635,CHILDS BREAKFAST SET DOLLY GIRL ,-1,2011-04-19 12:40:00,9.95,13735.0,United Kingdom,-9.95
,84849B,FAIRY SOAP SOAP HOLDER,-1,2011-04-19 12:40:00,1.69,13735.0,United Kingdom,-1.69
,22605,WOODEN CROQUET GARDEN SET,-1,2011-04-19 16:09:00,12.75,15027.0,United Kingdom,-12.75
,82482,WOODEN PICTURE FRAME WHITE FINISH,-1,2011-04-19 16:32:00,2.55,16873.0,United Kingdom,-2.55
,22962,JAM JAR WITH PINK LID,-3,2011-04-19 16:32:00,0.85,16873.0,United Kingdom,-2.55
,22845,VINTAGE CREAM CAT FOOD CONTAINER,-1,2011-04-19 16:32:00,6.35,16873.0,United Kingdom,-6.35
,22457,NATURAL SLATE HEART CHALKBOARD ,-1,2011-04-19 16:32:00,2.95,16873.0,United Kingdom,-2.95
,22960,JAM MAKING SET WITH JARS,-6,2011-04-19 16:33:00,4.25,13134.0,United Kingdom,-25.5
,47599B,BLUE PARTY BAGS ,-2,2011-04-19 16:33:00,2.1,13134.0,United Kingdom,-4.2
,22558,CLOTHES PEGS RETROSPOT PACK 24 ,-2,2011-04-19 16:36:00,1.65,13134.0,United Kingdom,-3.3
,22697,GREEN REGENCY TEACUP AND SAUCER,-1,2011-04-19 16:36:00,2.95,13134.0,United Kingdom,-2.95
,22499,WOODEN UNION JACK BUNTING,-3,2011-04-19 16:39:00,5.95,18171.0,United Kingdom,-17.85
,22699,ROSES REGENCY TEACUP AND SAUCER ,-1,2011-04-20 09:31:00,2.95,16923.0,United Kingdom,-2.95
,22636,CHILDS BREAKFAST SET CIRCUS PARADE,-6,2011-04-20 09:49:00,7.65,12457.0,Switzerland,-45.9
,23199,JUMBO BAG APPLES,-100,2011-04-20 10:10:00,1.79,12457.0,Switzerland,-179.0
,22212,FOUR HOOK  WHITE LOVEBIRDS,-1,2011-04-20 10:53:00,2.1,12997.0,United Kingdom,-2.1
,21231,SWEETHEART CERAMIC TRINKET BOX,-3,2011-04-20 10:53:00,1.25,12997.0,United Kingdom,-3.75
,21232,STRAWBERRY CERAMIC TRINKET BOX,-1,2011-04-20 10:53:00,1.25,12997.0,United Kingdom,-1.25
,22423,REGENCY CAKESTAND 3 TIER,-2,2011-04-20 11:48:00,12.75,15465.0,United Kingdom,-25.5
,22801,ANTIQUE GLASS PEDESTAL BOWL,-1,2011-04-20 11:49:00,3.75,13089.0,United Kingdom,-3.75
550753,84763,Display,-150,2011-04-20 11:53:00,0.0,,United Kingdom,-0.0
550757,16202B,,-9,2011-04-20 12:08:00,0.0,,United Kingdom,-0.0
550758,85017A,,-8,2011-04-20 12:09:00,0.0,,United Kingdom,-0.0
550759,21087,,-7,2011-04-20 12:09:00,0.0,,United Kingdom,-0.0
550760,84750B,,-4,2011-04-20 12:09:00,0.0,,United Kingdom,-0.0
550762,85030,,-9,2011-04-20 12:10:00,0.0,,United Kingdom,-0.0
550763,84666,,-5,2011-04-20 12:11:00,0.0,,United Kingdom,-0.0
,84947,ANTIQUE SILVER TEA GLASS ENGRAVED,-9,2011-04-20 12:59:00,1.06,17856.0,United Kingdom,-9.54
,21320,GLASS CHALICE GREEN  LARGE ,-7,2011-04-20 13:11:00,2.1,17856.0,United Kingdom,-14.7
,84507C,BLUE CIRCLES DESIGN MONKEY DOLL,-1,2011-04-20 13:39:00,2.55,17211.0,United Kingdom,-2.55
,22178,VICTORIAN GLASS HANGING T-LIGHT,-12,2011-04-20 13:39:00,1.25,17211.0,United Kingdom,-15.0
,POST,POSTAGE,-1,2011-04-20 14:08:00,21.78,17450.0,United Kingdom,-21.78
,POST,POSTAGE,-1,2011-04-20 14:08:00,3.96,17450.0,United Kingdom,-3.96
550800,22458,Missing,-65,2011-04-20 14:48:00,0.0,,United Kingdom,-0.0
,22423,REGENCY CAKESTAND 3 TIER,-1,2011-04-20 15:56:00,12.75,13717.0,United Kingdom,-12.75
,22960,JAM MAKING SET WITH JARS,-1,2011-04-20 15:57:00,4.25,14323.0,United Kingdom,-4.25
,22699,ROSES REGENCY TEACUP AND SAUCER ,-1,2011-04-20 15:57:00,2.95,14323.0,United Kingdom,-2.95
,22698,PINK REGENCY TEACUP AND SAUCER,-1,2011-04-20 15:57:00,2.95,14323.0,United Kingdom,-2.95
,22697,GREEN REGENCY TEACUP AND SAUCER,-1,2011-04-20 15:57:00,2.95,14323.0,United Kingdom,-2.95
,22728,ALARM CLOCK BAKELIKE PINK,-1,2011-04-20 15:58:00,3.75,14189.0,United Kingdom,-3.75
,22654,DELUXE SEWING KIT ,-2,2011-04-20 15:58:00,5.95,15135.0,United Kingdom,-11.9
,22180,RETROSPOT LAMP,-1,2011-04-20 16:28:00,9.95,15655.0,United Kingdom,-9.95
,85066,CREAM SWEETHEART MINI CHEST,-2,2011-04-20 16:28:00,12.75,15655.0,United Kingdom,-25.5
,82483,WOOD 2 DRAWER CABINET WHITE FINISH,-2,2011-04-20 16:28:00,6.95,15655.0,United Kingdom,-13.9
,22191,IVORY DINER WALL CLOCK,-1,2011-04-20 16:41:00,8.5,16611.0,United Kingdom,-8.5
,20934,SET/3 POT PLANT CANDLES,-5,2011-04-21 10:00:00,5.45,18177.0,United Kingdom,-27.25
550908,20827,damages,-68,2011-04-21 12:39:00,0.0,,United Kingdom,-0.0
550922,22784,damages,-25,2011-04-21 14:29:00,0.0,,United Kingdom,-0.0
,BANK CHARGES,Bank Charges,-1,2011-04-21 15:12:00,475.69,,United Kingdom,-475.69
,M,Manual,-1,2011-04-21 15:13:00,678.03,,United Kingdom,-678.03
,M,Manual,-1,2011-04-21 15:15:00,194.97,,United Kingdom,-194.97
550943,21316,,-5,2011-04-21 15:51:00,0.0,,United Kingdom,-0.0
550945,79329,,-2,2011-04-21 15:52:00,0.0,,United Kingdom,-0.0
550954,47013A,damaged,-2,2011-04-21 16:18:00,0.0,,United Kingdom,-0.0
,22960,JAM MAKING SET WITH JARS,-1,2011-04-21 16:38:00,4.25,15594.0,United Kingdom,-4.25
,84978,HANGING HEART JAR T-LIGHT HOLDER,-4,2011-04-21 16:40:00,1.06,14428.0,United Kingdom,-4.24
,21754,HOME BUILDING BLOCK WORD,-1,2011-04-21 16:42:00,5.95,14834.0,United Kingdom,-5.95
,22191,IVORY DINER WALL CLOCK,-1,2011-04-21 16:42:00,8.5,14834.0,United Kingdom,-8.5
,22841,ROUND CAKE TIN VINTAGE GREEN,-1,2011-04-21 16:57:00,7.95,17663.0,United Kingdom,-7.95
,21790,VINTAGE SNAP CARDS,-12,2011-04-21 17:00:00,0.85,14152.0,United Kingdom,-10.2
550970,82599,,-11,2011-04-21 17:02:00,0.0,,United Kingdom,-0.0
,23176,ABC TREASURE BOOK BOX ,-4,2011-04-26 11:06:00,2.25,12753.0,Japan,-9.0
,22637,PIGGY BANK RETROSPOT ,-3,2011-04-26 11:06:00,2.1,12753.0,Japan,-6.3
,22364,GLASS JAR DIGESTIVE BISCUITS,-9,2011-04-26 11:06:00,2.55,12753.0,Japan,-22.95
,22361,GLASS JAR DAISY FRESH COTTON WOOL,-1,2011-04-26 11:06:00,2.55,12753.0,Japan,-2.55
,21774,DECORATIVE CATS BATHROOM BOTTLE,-1,2011-04-26 11:06:00,1.25,12753.0,Japan,-1.25
,21452,TOADSTOOL MONEY BOX,-4,2011-04-26 11:06:00,2.55,12753.0,Japan,-10.2
,21218,RED SPOTTY BISCUIT TIN,-10,2011-04-26 11:06:00,3.25,12753.0,Japan,-32.5
,22661,CHARLOTTE BAG DOLLY GIRL DESIGN,-1,2011-04-26 11:06:00,0.72,12753.0,Japan,-0.72
,82483,WOOD 2 DRAWER CABINET WHITE FINISH,-16,2011-04-26 11:16:00,5.95,17975.0,United Kingdom,-95.2
551019,22467,wrong code?,-100,2011-04-26 11:19:00,0.0,,United Kingdom,-0.0
551020,22719,wrong code,-110,2011-04-26 11:19:00,0.0,,United Kingdom,-0.0
,22328,ROUND SNACK BOXES SET OF 4 FRUITS ,-1,2011-04-26 11:19:00,2.95,12705.0,Germany,-2.95
,22667,RECIPE BOX RETROSPOT ,-6,2011-04-26 11:19:00,2.95,12705.0,Germany,-17.7
,22467,GUMBALL COAT RACK,-2,2011-04-26 11:19:00,2.55,12705.0,Germany,-5.1
,22355,CHARLOTTE BAG SUKI DESIGN,-1,2011-04-26 11:19:00,0.85,12705.0,Germany,-0.85
,21426,WOODLAND STORAGE BOX SMALL,-1,2011-04-26 11:19:00,2.1,12705.0,Germany,-2.1
,21424,WOODLAND STORAGE BOX LARGE ,-1,2011-04-26 11:19:00,2.95,12705.0,Germany,-2.95
,21238,RED RETROSPOT CUP,-1,2011-04-26 11:19:00,0.85,12705.0,Germany,-0.85
,20719,WOODLAND CHARLOTTE BAG,-1,2011-04-26 11:19:00,0.85,12705.0,Germany,-0.85
,20712,JUMBO BAG WOODLAND ANIMALS,-2,2011-04-26 11:19:00,1.95,12705.0,Germany,-3.9
,82551,LAUNDRY 15C METAL SIGN,-1,2011-04-26 12:13:00,1.45,16356.0,United Kingdom,-1.45
,21352,EUCALYPTUS & PINECONE  WREATH,-6,2011-04-26 13:10:00,6.75,17061.0,United Kingdom,-40.5
,22467,GUMBALL COAT RACK,-36,2011-04-26 13:10:00,2.1,17061.0,United Kingdom,-75.6
,48194,DOORMAT HEARTS,-1,2011-04-26 13:11:00,7.95,17613.0,United Kingdom,-7.95
,82483,WOOD 2 DRAWER CABINET WHITE FINISH,-1,2011-04-26 16:02:00,6.95,14211.0,United Kingdom,-6.95
551168,85068,,-4,2011-04-26 16:06:00,0.0,,United Kingdom,-0.0
,22325,MOBILE VINTAGE HEARTS ,-1,2011-04-26 17:17:00,4.95,14329.0,United Kingdom,-4.95
,22666,RECIPE BOX PANTRY YELLOW DESIGN,-4,2011-04-26 17:26:00,2.95,15805.0,United Kingdom,-11.8
,21181,PLEASE ONE PERSON METAL SIGN,-3,2011-04-26 17:26:00,2.1,15805.0,United Kingdom,-6.3
,21539,RED RETROSPOT BUTTER DISH,-1,2011-04-26 17:26:00,4.95,15805.0,United Kingdom,-4.95
,M,Manual,-15,2011-04-26 17:29:00,0.24,16422.0,United Kingdom,-3.6
,84536B,FAIRY CAKES NOTEBOOK A7 SIZE,-16,2011-04-26 17:32:00,0.42,14586.0,United Kingdom,-6.72
,84077,WORLD WAR 2 GLIDERS ASSTD DESIGNS,-48,2011-04-26 17:32:00,0.29,14586.0,United Kingdom,-13.92
,22533,MAGIC DRAWING SLATE BAKE A CAKE ,-24,2011-04-26 17:32:00,0.42,14586.0,United Kingdom,-10.08
,22418,10 COLOUR SPACEBOY PEN,-24,2011-04-26 17:32:00,0.85,14586.0,United Kingdom,-20.4
,21212,PACK OF 72 RETROSPOT CAKE CASES,-24,2011-04-26 17:32:00,0.55,14586.0,United Kingdom,-13.2
,20975,12 PENCILS SMALL TUBE RED RETROSPOT,-24,2011-04-26 17:32:00,0.65,14586.0,United Kingdom,-15.6
,D,Discount,-1,2011-04-27 10:22:00,120.0,17940.0,United Kingdom,-120.0
,22501,PICNIC BASKET WICKER LARGE,-8,2011-04-27 11:25:00,8.5,13113.0,United Kingdom,-68.0
,22423,REGENCY CAKESTAND 3 TIER,-2,2011-04-27 11:25:00,10.95,13113.0,United Kingdom,-21.9
,84970S,HANGING HEART ZINC T-LIGHT HOLDER,-1,2011-04-27 11:26:00,0.85,17069.0,United Kingdom,-0.85
,71459,HANGING JAM JAR T-LIGHT HOLDER,-1,2011-04-27 11:26:00,0.85,17069.0,United Kingdom,-0.85
,22667,RECIPE BOX RETROSPOT ,-1,2011-04-27 11:26:00,2.95,17069.0,United Kingdom,-2.95
,22665,RECIPE BOX BLUE SKETCHBOOK DESIGN,-3,2011-04-27 11:26:00,2.95,17069.0,United Kingdom,-8.85
551201,16015,,-620,2011-04-27 11:33:00,0.0,,United Kingdom,-0.0
551243,51020B,adjust,-53,2011-04-27 11:49:00,0.0,,United Kingdom,-0.0
,D,Discount,-1,2011-04-27 12:06:00,11.76,14527.0,United Kingdom,-11.76
,72351B,SET/6 PINK  BUTTERFLY T-LIGHTS,-1,2011-04-27 14:07:00,2.1,15005.0,United Kingdom,-2.1
,82483,WOOD 2 DRAWER CABINET WHITE FINISH,-1,2011-04-27 14:07:00,6.95,15005.0,United Kingdom,-6.95
,22649,STRAWBERRY FAIRY CAKE TEAPOT,-1,2011-04-27 14:07:00,4.95,15005.0,United Kingdom,-4.95
,37450,CERAMIC CAKE BOWL + HANGING CAKES,-1,2011-04-27 14:07:00,2.95,15005.0,United Kingdom,-2.95
,20703,BLUE PADDED SOFT MOBILE,-1,2011-04-27 14:07:00,4.25,15005.0,United Kingdom,-4.25
,21930,JUMBO STORAGE BAG SKULLS,-1,2011-04-27 14:07:00,2.08,15005.0,United Kingdom,-2.08
551302,48189,damaged,-18,2011-04-27 14:55:00,0.0,,United Kingdom,-0.0
,22109,FULL ENGLISH BREAKFAST PLATE,-4,2011-04-27 15:12:00,3.75,15220.0,United Kingdom,-15.0
,21703,BAG 125g SWIRLY MARBLES,-12,2011-04-27 15:12:00,0.42,15220.0,United Kingdom,-5.04
551323,21398,damages,-9,2011-04-27 15:31:00,0.0,,United Kingdom,-0.0
551326,85017A,,-2,2011-04-27 15:51:00,0.0,,United Kingdom,-0.0
551327,84228,crushed,-4,2011-04-27 16:01:00,0.0,,United Kingdom,-0.0
551328,21320,,-23,2011-04-27 16:08:00,0.0,,United Kingdom,-0.0
,21714,CITRONELLA CANDLE GARDEN POT,-2,2011-04-27 16:13:00,1.25,14626.0,United Kingdom,-2.5
,21870,I CAN ONLY PLEASE ONE PERSON MUG,-12,2011-04-27 16:13:00,1.25,14626.0,United Kingdom,-15.0
,22776,SWEETHEART CAKESTAND 3 TIER,-1,2011-04-27 16:17:00,9.95,17115.0,United Kingdom,-9.95
,22768,FAMILY PHOTO FRAME CORNICE,-2,2011-04-27 16:19:00,9.95,16398.0,United Kingdom,-19.9
,22320,BIRDS MOBILE VINTAGE DESIGN,-2,2011-04-27 16:28:00,5.95,12681.0,France,-11.9
,22784,LANTERN CREAM GAZEBO ,-1,2011-04-27 16:44:00,4.95,14198.0,United Kingdom,-4.95
,22914,BLUE COAT RACK PARIS FASHION,-1,2011-04-27 16:44:00,4.95,14198.0,United Kingdom,-4.95
,22960,JAM MAKING SET WITH JARS,-1,2011-04-27 16:53:00,4.25,13993.0,United Kingdom,-4.25
,22990,COTTON APRON PANTRY DESIGN,-100,2011-04-28 09:49:00,4.25,12415.0,Australia,-425.0
,M,Manual,-1,2011-04-28 11:38:00,1.01,16422.0,United Kingdom,-1.01
,22902,TOTE BAG I LOVE LONDON,-12,2011-04-28 11:41:00,2.1,17874.0,United Kingdom,-25.2
551422,22084,,-150,2011-04-28 14:11:00,0.0,,United Kingdom,-0.0
551429,10002,,-3,2011-04-28 15:05:00,0.0,,United Kingdom,-0.0
551430,20966,,-3,2011-04-28 15:06:00,0.0,,United Kingdom,-0.0
551431,44091A,,-2,2011-04-28 15:06:00,0.0,,United Kingdom,-0.0
551432,21923,,-5,2011-04-28 15:06:00,0.0,,United Kingdom,-0.0
551433,21784,,-2,2011-04-28 15:07:00,0.0,,United Kingdom,-0.0
551434,20896,,-5,2011-04-28 15:07:00,0.0,,United Kingdom,-0.0
551435,20825,,-5,2011-04-28 15:08:00,0.0,,United Kingdom,-0.0
551441,85136B,,-4,2011-04-28 15:50:00,0.0,,United Kingdom,-0.0
551442,85060,,-4,2011-04-28 15:50:00,0.0,,United Kingdom,-0.0
551443,35920,,-4,2011-04-28 15:51:00,0.0,,United Kingdom,-0.0
551444,35809B,,-4,2011-04-28 15:58:00,0.0,,United Kingdom,-0.0
551446,35594,,-4,2011-04-28 15:58:00,0.0,,United Kingdom,-0.0
551447,35004C,,-4,2011-04-28 15:59:00,0.0,,United Kingdom,-0.0
551448,22734,,-4,2011-04-28 15:59:00,0.0,,United Kingdom,-0.0
551449,22525,,-4,2011-04-28 16:00:00,0.0,,United Kingdom,-0.0
551450,21410,,-4,2011-04-28 16:00:00,0.0,,United Kingdom,-0.0
551451,21330,,-4,2011-04-28 16:01:00,0.0,,United Kingdom,-0.0
551452,84715,,-3,2011-04-28 16:01:00,0.0,,United Kingdom,-0.0
551453,82494L,,-3,2011-04-28 16:01:00,0.0,,United Kingdom,-0.0
551454,78027,,-3,2011-04-28 16:02:00,0.0,,United Kingdom,-0.0
551455,37333,,-1,2011-04-28 16:03:00,0.0,,United Kingdom,-0.0
551456,22795,,-3,2011-04-28 16:03:00,0.0,,United Kingdom,-0.0
551457,22719,,-3,2011-04-28 16:04:00,0.0,,United Kingdom,-0.0
551459,22173,,-30,2011-04-28 16:04:00,0.0,,United Kingdom,-0.0
551461,21806,,-3,2011-04-28 16:05:00,0.0,,United Kingdom,-0.0
,22411,JUMBO SHOPPER VINTAGE RED PAISLEY,-1,2011-04-28 16:13:00,2.08,13534.0,United Kingdom,-2.08
,23152,IVORY SWEETHEART WIRE LETTER RACK ,-2,2011-04-28 16:13:00,3.75,13534.0,United Kingdom,-7.5
,23142,IVORY WIRE KITCHEN ORGANISER,-1,2011-04-28 16:13:00,10.4,13534.0,United Kingdom,-10.4
,22745,POPPY'S PLAYHOUSE BEDROOM ,-6,2011-04-28 16:15:00,2.1,13085.0,United Kingdom,-12.6
,22418,10 COLOUR SPACEBOY PEN,-48,2011-04-28 16:15:00,0.85,13085.0,United Kingdom,-40.8
,22271,FELTCRAFT DOLL ROSIE,-6,2011-04-28 16:15:00,2.95,13085.0,United Kingdom,-17.7
,22147,FELTCRAFT BUTTERFLY HEARTS,-12,2011-04-28 16:15:00,1.45,13085.0,United Kingdom,-17.4
,22748,POPPY'S PLAYHOUSE KITCHEN,-6,2011-04-28 16:15:00,2.1,13085.0,United Kingdom,-12.6
,22746,POPPY'S PLAYHOUSE LIVINGROOM ,-6,2011-04-28 16:15:00,2.1,13085.0,United Kingdom,-12.6
,22299,PIG KEYRING WITH LIGHT & SOUND ,-24,2011-04-28 16:15:00,1.25,13085.0,United Kingdom,-30.0
,22487,WHITE WOOD GARDEN PLANT LADDER,-1,2011-04-28 16:17:00,9.95,14640.0,United Kingdom,-9.95
,21714,CITRONELLA CANDLE GARDEN POT,-3,2011-04-28 16:17:00,1.25,14640.0,United Kingdom,-3.75
,22697,GREEN REGENCY TEACUP AND SAUCER,-1,2011-04-28 16:17:00,2.95,14640.0,United Kingdom,-2.95
,22859,EASTER TIN BUNNY BOUQUET,-6,2011-04-28 16:18:00,1.65,14189.0,United Kingdom,-9.9
,23194,GYMKHANA TREASURE BOOK BOX,-6,2011-04-28 18:16:00,2.25,13102.0,United Kingdom,-13.5
,23176,ABC TREASURE BOOK BOX ,-8,2011-04-28 18:16:00,2.25,13102.0,United Kingdom,-18.0
,22968,ROSE COTTAGE KEEPSAKE BOX ,-6,2011-04-28 18:27:00,8.5,15845.0,United Kingdom,-51.0
,47566,PARTY BUNTING,-100,2011-04-28 19:43:00,4.15,16163.0,United Kingdom,-415.0
,84818,DANISH ROSE PHOTO FRAME,-6,2011-04-28 19:49:00,2.55,14311.0,United Kingdom,-15.3
,22829,SWEETHEART WIRE WALL TIDY,-2,2011-04-28 19:49:00,9.95,14311.0,United Kingdom,-19.9
,22762,CUPBOARD 3 DRAWER MA CAMPAGNE,-1,2011-04-28 19:49:00,14.95,14311.0,United Kingdom,-14.95
,22697,GREEN REGENCY TEACUP AND SAUCER,-1,2011-04-28 19:49:00,2.95,14311.0,United Kingdom,-2.95
,22424,ENAMEL BREAD BIN CREAM,-1,2011-04-28 19:49:00,12.75,14311.0,United Kingdom,-12.75
,21318,GLASS CHALICE BLUE SMALL ,-5,2011-04-28 19:49:00,0.39,14311.0,United Kingdom,-1.95
,21205,MULTICOLOUR 3D BALLS GARLAND,-5,2011-04-28 19:49:00,2.55,14311.0,United Kingdom,-12.75
,23156,SET OF 5 MINI GROCERY MAGNETS,-12,2011-04-28 19:51:00,2.08,14032.0,United Kingdom,-24.96
,22667,RECIPE BOX RETROSPOT ,-1,2011-04-28 19:52:00,2.95,16592.0,United Kingdom,-2.95
,22191,IVORY DINER WALL CLOCK,-1,2011-04-28 19:52:00,8.5,16592.0,United Kingdom,-8.5
,21232,STRAWBERRY CERAMIC TRINKET BOX,-3,2011-04-28 19:52:00,1.25,16592.0,United Kingdom,-3.75
,22198,LARGE POPCORN HOLDER ,-2,2011-05-01 11:58:00,1.65,16401.0,United Kingdom,-3.3
,22662,LUNCH BAG DOLLY GIRL DESIGN,-1,2011-05-01 11:59:00,1.65,14800.0,United Kingdom,-1.65
,22834,HAND WARMER BABUSHKA DESIGN,-1,2011-05-01 11:59:00,2.1,14800.0,United Kingdom,-2.1
,M,Manual,-1,2011-05-01 12:38:00,1.95,16401.0,United Kingdom,-1.95
,22992,REVOLVER WOODEN RULER ,-12,2011-05-03 08:47:00,1.95,14735.0,United Kingdom,-23.4
,22991,GIRAFFE WOODEN RULER,-12,2011-05-03 08:47:00,1.95,14735.0,United Kingdom,-23.4
,22978,PANTRY ROLLING PIN,-6,2011-05-03 08:47:00,3.75,14735.0,United Kingdom,-22.5
,23127,FELTCRAFT GIRL NICOLE KIT,-8,2011-05-03 08:47:00,4.95,14735.0,United Kingdom,-39.6
,23126,FELTCRAFT GIRL AMELIE KIT,-8,2011-05-03 08:47:00,4.95,14735.0,United Kingdom,-39.6
,22980,PANTRY SCRUBBING BRUSH,-12,2011-05-03 08:47:00,1.65,14735.0,United Kingdom,-19.8
,22982,PANTRY PASTRY BRUSH,-12,2011-05-03 08:47:00,1.25,14735.0,United Kingdom,-15.0
,22993,SET OF 4 PANTRY JELLY MOULDS,-12,2011-05-03 08:47:00,1.25,14735.0,United Kingdom,-15.0
,23128,FELTCRAFT BOY JEAN-PAUL KIT,-4,2011-05-03 08:47:00,4.95,14735.0,United Kingdom,-19.8
,22839,3 TIER CAKE TIN GREEN AND CREAM,-1,2011-05-03 08:49:00,14.95,13692.0,United Kingdom,-14.95
,M,Manual,-1,2011-05-03 10:08:00,0.29,17841.0,United Kingdom,-0.29
,22356,CHARLOTTE BAG PINK POLKADOT,-2,2011-05-03 10:08:00,0.85,17841.0,United Kingdom,-1.7
,21925,UNION STRIPE CUSHION COVER ,-1,2011-05-03 10:08:00,1.25,17841.0,United Kingdom,-1.25
,22719,GUMBALL MONOCHROME COAT RACK,-2,2011-05-03 10:08:00,1.25,17841.0,United Kingdom,-2.5
,23146,TRIPLE HOOK ANTIQUE IVORY ROSE,-2,2011-05-03 10:08:00,3.29,17841.0,United Kingdom,-6.58
,84600,NEW BAROQUE JEWELLERY BOX ,-1,2011-05-03 10:08:00,7.95,17841.0,United Kingdom,-7.95
551553,22521,,-90,2011-05-03 10:15:00,0.0,,United Kingdom,-0.0
551554,22720,,-4,2011-05-03 10:19:00,0.0,,United Kingdom,-0.0
,22501,PICNIC BASKET WICKER LARGE,-6,2011-05-03 10:37:00,8.5,13113.0,United Kingdom,-51.0
551565,85135A,,-7,2011-05-03 11:10:00,0.0,,United Kingdom,-0.0
551568,21038,,-6,2011-05-03 11:12:00,0.0,,United Kingdom,-0.0
551569,85226C,,-6,2011-05-03 11:13:00,0.0,,United Kingdom,-0.0
551570,85189,,-6,2011-05-03 11:13:00,0.0,,United Kingdom,-0.0
551571,47591A,,-6,2011-05-03 11:14:00,0.0,,United Kingdom,-0.0
551572,37424,,-6,2011-05-03 11:15:00,0.0,,United Kingdom,-0.0
551573,22726,,-5,2011-05-03 11:15:00,0.0,,United Kingdom,-0.0
551574,21692,,-6,2011-05-03 11:16:00,0.0,,United Kingdom,-0.0
551575,21412,,-6,2011-05-03 11:16:00,0.0,,United Kingdom,-0.0
551577,90100,,-5,2011-05-03 11:19:00,0.0,,United Kingdom,-0.0
551578,90037D,,-5,2011-05-03 11:19:00,0.0,,United Kingdom,-0.0
551579,85098B,,-5,2011-05-03 11:20:00,0.0,,United Kingdom,-0.0
551580,85084,,-5,2011-05-03 11:20:00,0.0,,United Kingdom,-0.0
551582,84857A,,-5,2011-05-03 11:21:00,0.0,,United Kingdom,-0.0
551583,84482,,-5,2011-05-03 11:21:00,0.0,,United Kingdom,-0.0
,22779,WOODEN OWLS LIGHT GARLAND ,-2,2011-05-03 11:23:00,4.25,12483.0,Sweden,-8.5
551586,21120,,-6,2011-05-03 11:24:00,0.0,,United Kingdom,-0.0
,22776,SWEETHEART CAKESTAND 3 TIER,-1,2011-05-03 11:27:00,9.95,13505.0,Switzerland,-9.95
,21843,RED RETROSPOT CAKE STAND,-3,2011-05-03 11:27:00,10.95,13505.0,Switzerland,-32.85
,22963,JAM JAR WITH GREEN LID,-2,2011-05-03 11:28:00,0.85,12708.0,Germany,-1.7
,22962,JAM JAR WITH PINK LID,-3,2011-05-03 11:28:00,0.85,12708.0,Germany,-2.55
,22326,ROUND SNACK BOXES SET OF4 WOODLAND ,-3,2011-05-03 11:28:00,2.95,12708.0,Germany,-8.85
551589,21854,,-2,2011-05-03 11:30:00,0.0,,United Kingdom,-0.0
,22892,SET OF SALT AND PEPPER TOADSTOOLS,-6,2011-05-03 11:34:00,1.25,17692.0,United Kingdom,-7.5
,79160,HEART SHAPE WIRELESS DOORBELL,-5,2011-05-03 11:58:00,2.1,12888.0,United Kingdom,-10.5
,22941,CHRISTMAS LIGHTS 10 REINDEER,-10,2011-05-03 12:02:00,8.5,14800.0,United Kingdom,-85.0
,21668,RED STRIPE CERAMIC DRAWER KNOB,-3,2011-05-03 12:14:00,1.06,13668.0,United Kingdom,-3.18
,85053,FRENCH ENAMEL CANDLEHOLDER,-1,2011-05-03 12:14:00,2.1,13668.0,United Kingdom,-2.1
,84970S,HANGING HEART ZINC T-LIGHT HOLDER,-1,2011-05-03 12:14:00,0.85,13668.0,United Kingdom,-0.85
,22645,CERAMIC HEART FAIRY CAKE MONEY BANK,-1,2011-05-03 12:14:00,1.25,13668.0,United Kingdom,-1.25
551663,84548,,-70,2011-05-03 12:34:00,0.0,,United Kingdom,-0.0
551664,20933,,-3,2011-05-03 12:34:00,0.0,,United Kingdom,-0.0
551666,84750A,,-10,2011-05-03 12:35:00,0.0,,United Kingdom,-0.0
551668,22444,,-10,2011-05-03 12:37:00,0.0,,United Kingdom,-0.0
551671,20734,,-10,2011-05-03 12:38:00,0.0,,United Kingdom,-0.0
,21314,SMALL GLASS HEART TRINKET POT,-2,2011-05-03 12:38:00,2.1,15898.0,United Kingdom,-4.2
551672,84631,,-4,2011-05-03 12:39:00,0.0,,United Kingdom,-0.0
551673,79192A,,-9,2011-05-03 12:39:00,0.0,,United Kingdom,-0.0
,22305,COFFEE MUG PINK PAISLEY DESIGN,-1,2011-05-03 12:40:00,2.55,16654.0,United Kingdom,-2.55
,22071,SMALL WHITE RETROSPOT MUG IN BOX ,-1,2011-05-03 12:40:00,3.75,16654.0,United Kingdom,-3.75
,22362,GLASS JAR PEACOCK BATH SALTS,-14,2011-05-03 12:47:00,2.95,13209.0,United Kingdom,-41.3
,22456,NATURAL SLATE CHALKBOARD LARGE ,-1,2011-05-03 12:49:00,4.95,12947.0,United Kingdom,-4.95
,POST,POSTAGE,-1,2011-05-03 12:51:00,8142.75,16029.0,United Kingdom,-8142.75
551689,22625,,-9,2011-05-03 13:35:00,0.0,,United Kingdom,-0.0
551690,21143,,-9,2011-05-03 13:35:00,0.0,,United Kingdom,-0.0
551695,22467,,-8,2011-05-03 13:37:00,0.0,,United Kingdom,-0.0
,M,Manual,-1,2011-05-03 14:12:00,6930.0,16029.0,United Kingdom,-6930.0
551700,85144,,-38,2011-05-03 14:13:00,0.0,,United Kingdom,-0.0
551701,84683,,-2,2011-05-03 14:15:00,0.0,,United Kingdom,-0.0
551704,22656,,-2,2011-05-03 14:33:00,0.0,,United Kingdom,-0.0
551705,22655,damages/showroom etc,-11,2011-05-03 14:35:00,0.0,,United Kingdom,-0.0
,22798,ANTIQUE GLASS DRESSING TABLE POT,-1,2011-05-03 15:04:00,2.95,13267.0,United Kingdom,-2.95
551722,20975,,-170,2011-05-03 16:50:00,0.0,,United Kingdom,-0.0
551723,22136,,-23,2011-05-03 16:51:00,0.0,,United Kingdom,-0.0
,22526,WHEELBARROW FOR CHILDREN ,-1,2011-05-04 10:10:00,12.75,15382.0,United Kingdom,-12.75
551735,21656,samples,-19,2011-05-04 10:25:00,0.0,,United Kingdom,-0.0
,20754,RETROSPOT RED WASHING UP GLOVES,-1,2011-05-04 10:52:00,2.1,14606.0,United Kingdom,-2.1
,21231,SWEETHEART CERAMIC TRINKET BOX,-2,2011-05-04 11:23:00,1.25,18220.0,United Kingdom,-2.5
,21232,STRAWBERRY CERAMIC TRINKET BOX,-4,2011-05-04 11:23:00,1.25,18220.0,United Kingdom,-5.0
551837,79164,damages/credits from ASOS.,-1512,2011-05-04 13:23:00,0.0,,United Kingdom,-0.0
551838,35609A,,-51,2011-05-04 13:31:00,0.0,,United Kingdom,-0.0
,22719,GUMBALL MONOCHROME COAT RACK,-4,2011-05-04 13:40:00,1.06,15311.0,United Kingdom,-4.24
,22960,JAM MAKING SET WITH JARS,-1,2011-05-04 15:44:00,4.25,12840.0,United Kingdom,-4.25
,22465,HANGING METAL STAR LANTERN,-1,2011-05-04 15:44:00,1.65,12840.0,United Kingdom,-1.65
,84625C,BLUE NEW BAROQUE CANDLESTICK CANDLE,-1,2011-05-04 16:12:00,0.85,16145.0,United Kingdom,-0.85
,21395,BLUE POLKADOT BEAKER ,-2,2011-05-04 16:12:00,0.39,16145.0,United Kingdom,-0.78
,21394,RED POLKADOT BEAKER ,-2,2011-05-04 16:12:00,0.39,16145.0,United Kingdom,-0.78
,22779,WOODEN OWLS LIGHT GARLAND ,-2,2011-05-04 16:18:00,4.25,12483.0,Sweden,-8.5
,22558,CLOTHES PEGS RETROSPOT PACK 24 ,-1,2011-05-04 16:23:00,1.65,17644.0,United Kingdom,-1.65
,21156,RETROSPOT CHILDRENS APRON,-8,2011-05-04 16:23:00,1.95,17644.0,United Kingdom,-15.6
,21039,RED RETROSPOT SHOPPING BAG,-6,2011-05-04 16:23:00,2.55,17644.0,United Kingdom,-15.3
,22666,RECIPE BOX PANTRY YELLOW DESIGN,-2,2011-05-04 16:27:00,2.95,16227.0,United Kingdom,-5.9
,21459,YELLOW EASTER EGG HUNT START POST,-7,2011-05-05 09:58:00,1.95,16265.0,United Kingdom,-13.65
,22138,BAKING SET 9 PIECE RETROSPOT ,-3,2011-05-05 11:20:00,4.95,15147.0,United Kingdom,-14.85
,22722,SET OF 6 SPICE TINS PANTRY DESIGN,-1,2011-05-05 11:21:00,3.45,17511.0,United Kingdom,-3.45
,22270,HAPPY EASTER HANGING DECORATION,-1,2011-05-05 11:21:00,3.39,17511.0,United Kingdom,-3.39
,21754,HOME BUILDING BLOCK WORD,-1,2011-05-05 11:21:00,5.45,17511.0,United Kingdom,-5.45
,22303,COFFEE MUG APPLES DESIGN,-1,2011-05-05 11:21:00,2.1,17511.0,United Kingdom,-2.1
,21232,STRAWBERRY CERAMIC TRINKET BOX,-4,2011-05-05 11:21:00,1.06,17511.0,United Kingdom,-4.24
,22659,LUNCH BOX I LOVE LONDON,-1,2011-05-05 11:21:00,1.65,17511.0,United Kingdom,-1.65
,22768,FAMILY PHOTO FRAME CORNICE,-1,2011-05-05 11:21:00,8.5,17511.0,United Kingdom,-8.5
,22169,FAMILY ALBUM WHITE PICTURE FRAME,-1,2011-05-05 11:21:00,7.65,17511.0,United Kingdom,-7.65
,84931B,BLUE SCOTTIE DOG W FLOWER PATTERN,-3,2011-05-05 11:22:00,2.55,14149.0,United Kingdom,-7.65
,22767,TRIPLE PHOTO FRAME CORNICE ,-1,2011-05-05 15:53:00,9.95,14911.0,EIRE,-9.95
,23183,MOTHER'S KITCHEN SPOON REST ,-6,2011-05-05 17:29:00,3.75,13552.0,United Kingdom,-22.5
,22457,NATURAL SLATE HEART CHALKBOARD ,-1,2011-05-05 17:35:00,2.95,15708.0,United Kingdom,-2.95
,22456,NATURAL SLATE CHALKBOARD LARGE ,-1,2011-05-05 17:35:00,4.95,15708.0,United Kingdom,-4.95
,22332,SKULLS PARTY BAG + STICKER SET,-1,2011-05-05 17:37:00,1.65,16722.0,United Kingdom,-1.65
,22697,GREEN REGENCY TEACUP AND SAUCER,-1,2011-05-05 17:38:00,2.95,15696.0,United Kingdom,-2.95
,21749,LARGE RED RETROSPOT WINDMILL,-1,2011-05-05 17:46:00,2.1,14227.0,United Kingdom,-2.1
,84945,MULTI COLOUR SILVER T-LIGHT HOLDER,-1,2011-05-05 17:46:00,0.85,14227.0,United Kingdom,-0.85
,22189,CREAM HEART CARD HOLDER,-1,2011-05-05 17:47:00,3.95,18183.0,United Kingdom,-3.95
,22359,GLASS JAR KINGS CHOICE,-1,2011-05-05 17:47:00,2.95,18183.0,United Kingdom,-2.95
,22963,JAM JAR WITH GREEN LID,-51,2011-05-05 17:57:00,0.72,15125.0,United Kingdom,-36.72
,22465,HANGING METAL STAR LANTERN,-4,2011-05-05 17:58:00,1.65,12840.0,United Kingdom,-6.6
,22990,COTTON APRON PANTRY DESIGN,-2,2011-05-05 18:01:00,4.95,14961.0,United Kingdom,-9.9
,22801,ANTIQUE GLASS PEDESTAL BOWL,-1,2011-05-05 18:09:00,3.39,16705.0,United Kingdom,-3.39
,23132,SMALL IVORY HEART WALL ORGANISER,-1,2011-05-05 18:11:00,5.75,15622.0,United Kingdom,-5.75
,22684,FRENCH BLUE METAL DOOR SIGN 9,-1,2011-05-05 18:11:00,1.25,15622.0,United Kingdom,-1.25
,22681,FRENCH BLUE METAL DOOR SIGN 6,-1,2011-05-05 18:11:00,1.25,15622.0,United Kingdom,-1.25
,22294,HEART FILIGREE DOVE  SMALL,-2,2011-05-05 18:11:00,1.25,15622.0,United Kingdom,-2.5
,21844,RED RETROSPOT MUG,-2,2011-05-05 18:11:00,2.95,15622.0,United Kingdom,-5.9
,20983,12 PENCILS TALL TUBE RED RETROSPOT,-1,2011-05-05 18:11:00,0.85,15622.0,United Kingdom,-0.85
,20982,12 PENCILS TALL TUBE SKULLS,-1,2011-05-05 18:11:00,0.85,15622.0,United Kingdom,-0.85
,84978,HANGING HEART JAR T-LIGHT HOLDER,-7,2011-05-05 18:12:00,1.25,15189.0,United Kingdom,-8.75
,22423,REGENCY CAKESTAND 3 TIER,-14,2011-05-05 18:14:00,10.95,13089.0,United Kingdom,-153.3
,22364,GLASS JAR DIGESTIVE BISCUITS,-10,2011-05-05 18:14:00,2.55,13089.0,United Kingdom,-25.5
,22360,GLASS JAR ENGLISH CONFECTIONERY,-10,2011-05-05 18:14:00,2.55,13089.0,United Kingdom,-25.5
,84949,SILVER HANGING T-LIGHT HOLDER,-5,2011-05-05 18:14:00,1.65,13089.0,United Kingdom,-8.25
,22467,GUMBALL COAT RACK,-2,2011-05-06 09:07:00,2.55,12476.0,Germany,-5.1
,22236,CAKE STAND 3 TIER MAGIC GARDEN,-1,2011-05-06 09:55:00,12.75,14796.0,United Kingdom,-12.75
,22926,IVORY GIANT GARDEN THERMOMETER,-4,2011-05-06 10:00:00,5.95,17548.0,United Kingdom,-23.8
,22585,PACK OF 6 BIRDY GIFT TAGS,-24,2011-05-06 10:00:00,1.25,17548.0,United Kingdom,-30.0
,22082,RIBBON REEL STRIPES DESIGN ,-10,2011-05-06 10:00:00,1.65,17548.0,United Kingdom,-16.5
,22081,RIBBON REEL FLORA + FAUNA ,-10,2011-05-06 10:00:00,1.65,17548.0,United Kingdom,-16.5
,22079,RIBBON REEL HEARTS DESIGN ,-10,2011-05-06 10:00:00,1.65,17548.0,United Kingdom,-16.5
552050,84916,,-32,2011-05-06 10:08:00,0.0,,United Kingdom,-0.0
552052,84917,,-8,2011-05-06 10:10:00,0.0,,United Kingdom,-0.0
,85116,BLACK CANDELABRA T-LIGHT HOLDER,-24,2011-05-06 13:06:00,2.1,15144.0,United Kingdom,-50.4
,21830,ASSORTED CREEPY CRAWLIES,-24,2011-05-06 14:11:00,0.42,12748.0,United Kingdom,-10.08
,M,Manual,-1,2011-05-06 14:56:00,189.44,,United Kingdom,-189.44
,23127,FELTCRAFT GIRL NICOLE KIT,-3,2011-05-06 15:08:00,4.95,17422.0,United Kingdom,-14.85
,23126,FELTCRAFT GIRL AMELIE KIT,-1,2011-05-06 15:08:00,4.95,17422.0,United Kingdom,-4.95
,22251,BIRDHOUSE DECORATION MAGIC GARDEN,-4,2011-05-06 15:10:00,1.25,13499.0,United Kingdom,-5.0
,21314,SMALL GLASS HEART TRINKET POT,-2,2011-05-06 15:10:00,2.1,13499.0,United Kingdom,-4.2
552214,84872A,,-12,2011-05-06 15:11:00,0.0,,United Kingdom,-0.0
552215,17096,,-41,2011-05-06 15:12:00,0.0,,United Kingdom,-0.0
552216,21363,,-19,2011-05-06 15:12:00,0.0,,United Kingdom,-0.0
552218,84406B,,-38,2011-05-06 15:15:00,0.0,,United Kingdom,-0.0
552219,22073,,-56,2011-05-06 15:16:00,0.0,,United Kingdom,-0.0
552221,21043,,-38,2011-05-06 15:20:00,0.0,,United Kingdom,-0.0
552222,21974,,-45,2011-05-06 15:22:00,0.0,,United Kingdom,-0.0
552223,22524,,-49,2011-05-06 15:24:00,0.0,,United Kingdom,-0.0
552224,84766,,-37,2011-05-06 15:25:00,0.0,,United Kingdom,-0.0
552225,22775,,-40,2011-05-06 15:26:00,0.0,,United Kingdom,-0.0
552226,22035,,-160,2011-05-06 15:26:00,0.0,,United Kingdom,-0.0
552228,84912B,,-93,2011-05-06 15:29:00,0.0,,United Kingdom,-0.0
,22550,HOLIDAY FUN LUDO,-1,2011-05-06 16:44:00,3.75,14056.0,United Kingdom,-3.75
,22380,TOY TIDY SPACEBOY  ,-1,2011-05-06 16:44:00,2.1,14056.0,United Kingdom,-2.1
,22441,GROW YOUR OWN BASIL IN ENAMEL MUG,-1,2011-05-06 16:44:00,2.1,14056.0,United Kingdom,-2.1
,22569,FELTCRAFT CUSHION BUTTERFLY,-1,2011-05-06 17:38:00,3.75,14676.0,United Kingdom,-3.75
,21258,VICTORIAN SEWING BOX LARGE,-1,2011-05-08 11:09:00,12.75,16923.0,United Kingdom,-12.75
,21166,COOK WITH WINE METAL SIGN ,-1,2011-05-08 11:09:00,2.08,16923.0,United Kingdom,-2.08
,84755,COLOUR GLASS T-LIGHT HOLDER HANGING,-4,2011-05-08 14:45:00,0.65,14606.0,United Kingdom,-2.6
,21426,WOODLAND STORAGE BOX SMALL,-1,2011-05-08 14:50:00,2.1,17323.0,United Kingdom,-2.1
,21424,WOODLAND STORAGE BOX LARGE ,-1,2011-05-08 14:50:00,2.95,17323.0,United Kingdom,-2.95
,POST,POSTAGE,-2,2011-05-08 16:12:00,18.0,12700.0,France,-36.0
552331,22667,damaged,-30,2011-05-09 10:24:00,0.0,,United Kingdom,-0.0
,22925,BLUE GIANT GARDEN THERMOMETER,-1,2011-05-09 11:24:00,5.95,12853.0,United Kingdom,-5.95
,22626,BLACK KITCHEN SCALES,-2,2011-05-09 11:25:00,8.5,12683.0,France,-17.0
,22925,BLUE GIANT GARDEN THERMOMETER,-1,2011-05-09 12:04:00,5.95,14667.0,United Kingdom,-5.95
,M,Manual,-1,2011-05-09 12:09:00,125.0,15521.0,United Kingdom,-125.0
,21658,GLASS  BEURRE DISH,-2,2011-05-09 12:39:00,3.39,12709.0,Germany,-6.78
,22467,GUMBALL COAT RACK,-3,2011-05-09 12:39:00,2.1,12709.0,Germany,-6.3
,22605,WOODEN CROQUET GARDEN SET,-2,2011-05-09 12:39:00,10.95,12709.0,Germany,-21.9
,22625,RED KITCHEN SCALES,-1,2011-05-09 12:39:00,7.65,12709.0,Germany,-7.65
,D,Discount,-1,2011-05-09 12:44:00,11.84,14527.0,United Kingdom,-11.84
552443,22796,Not rcvd in 10/11/2010 delivery,-360,2011-05-09 13:05:00,0.0,,United Kingdom,-0.0
,M,Manual,-1,2011-05-09 14:38:00,587.08,,United Kingdom,-587.08
,BANK CHARGES,Bank Charges,-1,2011-05-09 14:41:00,440.29,,United Kingdom,-440.29
,M,Manual,-1,2011-05-09 14:44:00,598.59,,United Kingdom,-598.59
,22720,SET OF 3 CAKE TINS PANTRY DESIGN ,-1,2011-05-09 14:47:00,4.95,16242.0,United Kingdom,-4.95
,21735,TWO DOOR CURIO CABINET,-1,2011-05-10 09:59:00,12.75,13269.0,United Kingdom,-12.75
,22502,PICNIC BASKET WICKER SMALL,-1,2011-05-10 09:59:00,5.95,13269.0,United Kingdom,-5.95
,22501,PICNIC BASKET WICKER LARGE,-1,2011-05-10 09:59:00,9.95,13269.0,United Kingdom,-9.95
,22087,PAPER BUNTING WHITE LACE,-11,2011-05-10 10:33:00,2.95,13767.0,United Kingdom,-32.45
,48129,DOORMAT TOPIARY,-10,2011-05-10 10:51:00,6.75,16525.0,United Kingdom,-67.5
,22829,SWEETHEART WIRE WALL TIDY,-8,2011-05-10 10:51:00,8.5,16525.0,United Kingdom,-68.0
,22796,PHOTO FRAME 3 CLASSIC HANGING,-12,2011-05-10 10:51:00,8.5,16525.0,United Kingdom,-102.0
,22494,EMERGENCY FIRST AID TIN ,-24,2011-05-10 10:51:00,1.25,16525.0,United Kingdom,-30.0
,22219,LOVEBIRD HANGING DECORATION WHITE ,-12,2011-05-10 10:51:00,0.85,16525.0,United Kingdom,-10.2
,22169,FAMILY ALBUM WHITE PICTURE FRAME,-8,2011-05-10 10:51:00,7.65,16525.0,United Kingdom,-61.2
,22090,PAPER BUNTING RETROSPOT,-40,2011-05-10 10:51:00,2.55,16525.0,United Kingdom,-102.0
,21181,PLEASE ONE PERSON METAL SIGN,-48,2011-05-10 10:51:00,1.85,16525.0,United Kingdom,-88.8
,M,Manual,-1,2011-05-10 10:51:00,334.71,15674.0,United Kingdom,-334.71
,21980,PACK OF 12 RED RETROSPOT TISSUES ,-72,2011-05-10 11:21:00,0.29,17504.0,United Kingdom,-20.88
,21754,HOME BUILDING BLOCK WORD,-3,2011-05-10 11:21:00,5.95,17504.0,United Kingdom,-17.85
,21524,DOORMAT SPOTTY HOME SWEET HOME,-2,2011-05-10 11:21:00,7.95,17504.0,United Kingdom,-15.9
,21080,SET/20 RED RETROSPOT PAPER NAPKINS ,-12,2011-05-10 11:21:00,0.85,17504.0,United Kingdom,-10.2
,84946,ANTIQUE SILVER T-LIGHT GLASS,-24,2011-05-10 11:21:00,1.25,17504.0,United Kingdom,-30.0
,84945,MULTI COLOUR SILVER T-LIGHT HOLDER,-24,2011-05-10 11:21:00,0.85,17504.0,United Kingdom,-20.4
,48184,DOORMAT ENGLISH ROSE ,-2,2011-05-10 11:21:00,7.95,17504.0,United Kingdom,-15.9
,23299,FOOD COVER WITH BEADS SET 2 ,-6,2011-05-10 11:21:00,3.75,17504.0,United Kingdom,-22.5
,23230,WRAP ALPHABET DESIGN,-25,2011-05-10 11:21:00,0.42,17504.0,United Kingdom,-10.5
,23194,GYMKHANA TREASURE BOOK BOX,-8,2011-05-10 11:21:00,2.25,17504.0,United Kingdom,-18.0
,23144,ZINC T-LIGHT HOLDER STARS SMALL,-24,2011-05-10 11:21:00,0.83,17504.0,United Kingdom,-19.92
,22847,BREAD BIN DINER STYLE IVORY,-2,2011-05-10 11:21:00,16.95,17504.0,United Kingdom,-33.9
,22722,SET OF 6 SPICE TINS PANTRY DESIGN,-4,2011-05-10 11:21:00,3.95,17504.0,United Kingdom,-15.8
,23201,JUMBO BAG ALPHABET,-200,2011-05-10 11:55:00,1.79,13694.0,United Kingdom,-358.0
,23199,JUMBO BAG APPLES,-200,2011-05-10 11:55:00,1.79,13694.0,United Kingdom,-358.0
,84077,WORLD WAR 2 GLIDERS ASSTD DESIGNS,-960,2011-05-10 12:04:00,0.21,12901.0,United Kingdom,-201.6
,D,Discount,-240,2011-05-10 12:06:00,0.03,12901.0,United Kingdom,-7.2
,21464,DISCO BALL ROTATOR BATTERY OPERATED,-2,2011-05-10 12:07:00,4.25,15676.0,United Kingdom,-8.5
,21463,MIRRORED DISCO BALL ,-2,2011-05-10 12:07:00,5.95,15676.0,United Kingdom,-11.9
,82483,WOOD 2 DRAWER CABINET WHITE FINISH,-1,2011-05-10 12:35:00,6.95,17841.0,United Kingdom,-6.95
,79066K,RETRO MOD TRAY,-1,2011-05-10 12:35:00,0.85,17841.0,United Kingdom,-0.85
,D,Discount,-18,2011-05-10 14:03:00,1.45,16672.0,United Kingdom,-26.1
552653,22926,,-48,2011-05-10 14:12:00,0.0,,United Kingdom,-0.0
,22697,GREEN REGENCY TEACUP AND SAUCER,-1,2011-05-10 15:50:00,2.95,13448.0,United Kingdom,-2.95
,22650,CERAMIC PIRATE CHEST MONEY BANK,-2,2011-05-10 15:56:00,1.45,14587.0,United Kingdom,-2.9
,71053,WHITE METAL LANTERN,-1,2011-05-10 15:58:00,3.75,16094.0,United Kingdom,-3.75
,20750,RED RETROSPOT MINI CASES,-1,2011-05-10 15:58:00,7.95,16094.0,United Kingdom,-7.95
,22729,ALARM CLOCK BAKELIKE ORANGE,-1,2011-05-10 16:05:00,3.39,13098.0,United Kingdom,-3.39
,20914,SET/5 RED RETROSPOT LID GLASS BOWLS,-2,2011-05-10 16:05:00,2.55,13098.0,United Kingdom,-5.1
,20728,LUNCH BAG CARS BLUE,-2,2011-05-10 16:05:00,1.45,13098.0,United Kingdom,-2.9
,21733,RED HANGING HEART T-LIGHT HOLDER,-1,2011-05-10 16:05:00,2.55,13098.0,United Kingdom,-2.55
,22136,LOVE HEART SOCK HANGER,-1,2011-05-10 16:05:00,1.45,13098.0,United Kingdom,-1.45
,22423,REGENCY CAKESTAND 3 TIER,-1,2011-05-10 16:05:00,10.95,13098.0,United Kingdom,-10.95
,22925,BLUE GIANT GARDEN THERMOMETER,-1,2011-05-10 16:06:00,5.95,15620.0,United Kingdom,-5.95
,37446,MINI CAKE STAND WITH HANGING CAKES,-1,2011-05-10 16:15:00,1.45,13014.0,United Kingdom,-1.45
,21843,RED RETROSPOT CAKE STAND,-1,2011-05-10 16:15:00,10.95,13014.0,United Kingdom,-10.95
,22501,PICNIC BASKET WICKER LARGE,-1,2011-05-10 16:16:00,9.95,15696.0,United Kingdom,-9.95
,23150,IVORY SWEETHEART SOAP DISH,-1,2011-05-10 16:27:00,2.49,12886.0,United Kingdom,-2.49
,23146,TRIPLE HOOK ANTIQUE IVORY ROSE,-3,2011-05-10 16:27:00,3.29,12886.0,United Kingdom,-9.87
,22796,PHOTO FRAME 3 CLASSIC HANGING,-1,2011-05-10 16:27:00,9.95,12886.0,United Kingdom,-9.95
,22494,EMERGENCY FIRST AID TIN ,-4,2011-05-10 16:27:00,1.25,12886.0,United Kingdom,-5.0
,84929,ASSTD FRUIT+FLOWERS FRIDGE MAGNETS,-12,2011-05-11 09:43:00,0.55,14462.0,United Kingdom,-6.6
,22838,3 TIER CAKE TIN RED AND CREAM,-2,2011-05-11 09:47:00,12.75,13098.0,United Kingdom,-25.5
,84817,DANISH ROSE DECORATIVE PLATE,-2,2011-05-11 09:49:00,2.1,18272.0,United Kingdom,-4.2
,20932,PINK POT PLANT CANDLE,-1,2011-05-11 09:49:00,2.95,18272.0,United Kingdom,-2.95
,22969,HOMEMADE JAM SCENTED CANDLES,-2,2011-05-11 09:49:00,1.45,18272.0,United Kingdom,-2.9
,22204,MILK PAN BLUE POLKADOT,-1,2011-05-11 09:49:00,3.75,18272.0,United Kingdom,-3.75
,22962,JAM JAR WITH PINK LID,-7,2011-05-11 10:17:00,0.85,12720.0,Germany,-5.95
552733,23059,Thrown away-rusty,-2376,2011-05-11 10:48:00,0.0,,United Kingdom,-0.0
,POST,POSTAGE,-1,2011-05-11 11:15:00,3.15,16297.0,United Kingdom,-3.15
552763,21137,,-25,2011-05-11 11:33:00,0.0,,United Kingdom,-0.0
,22180,RETROSPOT LAMP,-1,2011-05-11 11:40:00,9.95,16554.0,United Kingdom,-9.95
552766,22084,,-56,2011-05-11 11:41:00,0.0,,United Kingdom,-0.0
552767,79164,,-47,2011-05-11 11:42:00,0.0,,United Kingdom,-0.0
552768,22087,,-26,2011-05-11 11:43:00,0.0,,United Kingdom,-0.0
,84951A,SET OF 4 PISTACHIO LOVEBIRD COASTER,-24,2011-05-11 12:34:00,0.79,14149.0,United Kingdom,-18.96
,22107,PIZZA PLATE IN BOX,-4,2011-05-11 12:34:00,3.75,14149.0,United Kingdom,-15.0
,22896,PEG BAG APPLES DESIGN,-6,2011-05-11 12:34:00,2.55,14149.0,United Kingdom,-15.3
,22558,CLOTHES PEGS RETROSPOT PACK 24 ,-12,2011-05-11 12:34:00,1.65,14149.0,United Kingdom,-19.8
,21155,RED RETROSPOT PEG BAG,-6,2011-05-11 12:34:00,2.55,14149.0,United Kingdom,-15.3
,22327,ROUND SNACK BOXES SET OF 4 SKULLS,-6,2011-05-11 12:34:00,2.95,14149.0,United Kingdom,-17.7
,22326,ROUND SNACK BOXES SET OF4 WOODLAND ,-6,2011-05-11 12:34:00,2.95,14149.0,United Kingdom,-17.7
,21361,LOVE LARGE WOOD LETTERS ,-2,2011-05-11 12:34:00,12.75,14149.0,United Kingdom,-25.5
,21363,HOME SMALL WOOD LETTERS,-3,2011-05-11 12:34:00,4.95,14149.0,United Kingdom,-14.85
,22668,PINK BABY BUNTING,-5,2011-05-11 12:34:00,2.95,14149.0,United Kingdom,-14.75
,21090,SET/6 COLLAGE PAPER PLATES,-12,2011-05-11 12:34:00,0.39,14149.0,United Kingdom,-4.68
,22839,3 TIER CAKE TIN GREEN AND CREAM,-1,2011-05-11 14:28:00,14.95,15827.0,United Kingdom,-14.95
,22838,3 TIER CAKE TIN RED AND CREAM,-1,2011-05-11 14:28:00,14.95,15827.0,United Kingdom,-14.95
,22840,ROUND CAKE TIN VINTAGE RED,-1,2011-05-11 14:28:00,7.95,15827.0,United Kingdom,-7.95
,22841,ROUND CAKE TIN VINTAGE GREEN,-2,2011-05-11 14:28:00,7.95,15827.0,United Kingdom,-15.9
,22842,BISCUIT TIN VINTAGE RED,-2,2011-05-11 14:28:00,6.75,15827.0,United Kingdom,-13.5
,22843,BISCUIT TIN VINTAGE GREEN,-2,2011-05-11 14:28:00,6.75,15827.0,United Kingdom,-13.5
,85123A,WHITE HANGING HEART T-LIGHT HOLDER,-12,2011-05-11 14:52:00,2.95,14367.0,United Kingdom,-35.4
,22804,CANDLEHOLDER PINK HANGING HEART,-6,2011-05-11 14:52:00,2.95,14367.0,United Kingdom,-17.7
,21733,RED HANGING HEART T-LIGHT HOLDER,-3,2011-05-11 14:52:00,2.95,14367.0,United Kingdom,-8.85
,22423,REGENCY CAKESTAND 3 TIER,-1,2011-05-11 15:17:00,12.75,14288.0,United Kingdom,-12.75
,22180,RETROSPOT LAMP,-1,2011-05-11 15:46:00,9.95,14180.0,United Kingdom,-9.95
,22770,MIRROR CORNICE,-1,2011-05-11 15:46:00,14.95,14180.0,United Kingdom,-14.95
,22848,BREAD BIN DINER STYLE PINK,-1,2011-05-11 15:46:00,16.95,14180.0,United Kingdom,-16.95
,M,Manual,-1,2011-05-11 16:52:00,5.1,13012.0,United Kingdom,-5.1
,M,Manual,-1,2011-05-12 09:48:00,929.9,13235.0,United Kingdom,-929.9
,20725,LUNCH BAG RED RETROSPOT,-1,2011-05-12 10:29:00,1.65,14606.0,United Kingdom,-1.65
,21558,SKULL LUNCH BOX WITH CUTLERY ,-1,2011-05-12 11:23:00,2.55,13282.0,United Kingdom,-2.55
,22501,PICNIC BASKET WICKER LARGE,-6,2011-05-12 11:29:00,8.5,13113.0,United Kingdom,-51.0
,21246,RED RETROSPOT BIG BOWL,-1,2011-05-12 11:40:00,4.95,17811.0,United Kingdom,-4.95
552979,35970,,-217,2011-05-12 14:49:00,0.0,,United Kingdom,-0.0
,M,Manual,-1350,2011-05-12 15:19:00,0.16,18133.0,United Kingdom,-216.0
,M,Manual,-1,2011-05-12 19:04:00,557.72,12757.0,Portugal,-557.72
,22801,ANTIQUE GLASS PEDESTAL BOWL,-2,2011-05-12 19:09:00,3.75,12921.0,United Kingdom,-7.5
,22062,CERAMIC BOWL WITH LOVE HEART DESIGN,-6,2011-05-12 19:27:00,0.83,13952.0,United Kingdom,-4.98
,23190,BUNDLE OF 3 SCHOOL EXERCISE BOOKS  ,-1,2011-05-12 19:28:00,1.65,13136.0,United Kingdom,-1.65
,23203,JUMBO BAG DOILEY PATTERNS,-10,2011-05-12 19:33:00,2.08,13971.0,United Kingdom,-20.8
,22766,PHOTO FRAME CORNICE,-1,2011-05-12 19:33:00,2.95,13971.0,United Kingdom,-2.95
,22722,SET OF 6 SPICE TINS PANTRY DESIGN,-2,2011-05-12 19:33:00,3.95,13971.0,United Kingdom,-7.9
,22666,RECIPE BOX PANTRY YELLOW DESIGN,-1,2011-05-12 19:33:00,2.95,13971.0,United Kingdom,-2.95
,22547,MINI JIGSAW DINOSAUR ,-2,2011-05-12 19:33:00,0.42,13971.0,United Kingdom,-0.84
,37370,RETRO COFFEE MUGS ASSORTED,-1,2011-05-12 19:35:00,1.25,15249.0,United Kingdom,-1.25
,21868,POTTING SHED TEA MUG,-1,2011-05-12 19:35:00,1.25,15249.0,United Kingdom,-1.25
,22925,BLUE GIANT GARDEN THERMOMETER,-1,2011-05-12 19:35:00,5.95,15249.0,United Kingdom,-5.95
,21314,SMALL GLASS HEART TRINKET POT,-1,2011-05-12 19:38:00,2.1,13741.0,United Kingdom,-2.1
,22156,HEART DECORATION WITH PEARLS ,-2,2011-05-12 19:39:00,0.85,15194.0,United Kingdom,-1.7
,21314,SMALL GLASS HEART TRINKET POT,-2,2011-05-12 19:39:00,2.1,15194.0,United Kingdom,-4.2
,20821,GOLDIE LOOKING MIRROR,-6,2011-05-12 19:41:00,4.95,14201.0,United Kingdom,-29.7
,22149,FELTCRAFT 6 FLOWER FRIENDS,-1,2011-05-12 19:42:00,2.1,18142.0,United Kingdom,-2.1
,22301,COFFEE MUG CAT + BIRD DESIGN,-1,2011-05-12 19:43:00,2.55,13908.0,United Kingdom,-2.55
,22300,COFFEE MUG DOG + BALL DESIGN,-1,2011-05-12 19:43:00,2.55,13908.0,United Kingdom,-2.55
,21533,RETROSPOT LARGE MILK JUG,-3,2011-05-12 19:43:00,4.95,13908.0,United Kingdom,-14.85
,21240,BLUE POLKADOT CUP,-3,2011-05-12 19:43:00,0.85,13908.0,United Kingdom,-2.55
,22891,TEA FOR ONE POLKADOT,-3,2011-05-12 19:44:00,4.25,13320.0,United Kingdom,-12.75
,22631,CIRCUS PARADE LUNCH BOX ,-3,2011-05-12 19:44:00,1.95,13320.0,United Kingdom,-5.85
,22148,EASTER CRAFT 4 CHICKS ,-12,2011-05-12 19:44:00,1.95,13320.0,United Kingdom,-23.4
,22840,ROUND CAKE TIN VINTAGE RED,-2,2011-05-12 19:50:00,7.95,13883.0,United Kingdom,-15.9
,22982,PANTRY PASTRY BRUSH,-12,2011-05-12 19:50:00,1.25,13883.0,United Kingdom,-15.0
,21216,"SET 3 RETROSPOT TEA,COFFEE,SUGAR",-1,2011-05-12 19:50:00,4.95,13883.0,United Kingdom,-4.95
,21156,RETROSPOT CHILDRENS APRON,-8,2011-05-12 19:50:00,1.95,13883.0,United Kingdom,-15.6
,22995,TRAVEL CARD WALLET SUKI,-24,2011-05-12 19:50:00,0.42,13883.0,United Kingdom,-10.08
,POST,POSTAGE,-1,2011-05-12 19:50:00,3.5,13883.0,United Kingdom,-3.5
553041,22521,,-9,2011-05-13 09:01:00,0.0,,United Kingdom,-0.0
553147,84879,damaged,-160,2011-05-13 13:58:00,0.0,,United Kingdom,-0.0
,82482,WOODEN PICTURE FRAME WHITE FINISH,-1,2011-05-13 14:22:00,2.55,17841.0,United Kingdom,-2.55
,22676,FRENCH BLUE METAL DOOR SIGN 1,-1,2011-05-13 14:22:00,1.25,17841.0,United Kingdom,-1.25
,22677,FRENCH BLUE METAL DOOR SIGN 2,-1,2011-05-13 14:22:00,1.25,17841.0,United Kingdom,-1.25
,23182,TOILET SIGN OCCUPIED OR VACANT,-1,2011-05-13 14:22:00,0.83,17841.0,United Kingdom,-0.83
,47566,PARTY BUNTING,-1,2011-05-16 10:10:00,4.95,13662.0,United Kingdom,-4.95
,23201,JUMBO BAG ALPHABET,-1,2011-05-16 10:10:00,2.08,13662.0,United Kingdom,-2.08
,20821,GOLDIE LOOKING MIRROR,-6,2011-05-16 11:09:00,4.95,14201.0,United Kingdom,-29.7
,AMAZONFEE,AMAZON FEE,-1,2011-05-16 13:54:00,5876.4,,United Kingdom,-5876.4
,AMAZONFEE,AMAZON FEE,-1,2011-05-16 13:58:00,7006.83,,United Kingdom,-7006.83
,POST,POSTAGE,-1,2011-05-16 14:30:00,19.29,,United Kingdom,-19.29
,M,Manual,-1,2011-05-16 14:30:00,260.7,,United Kingdom,-260.7
,POST,POSTAGE,-1,2011-05-16 14:37:00,35.65,,United Kingdom,-35.65
,M,Manual,-1,2011-05-16 14:37:00,293.08,,United Kingdom,-293.08
,POST,POSTAGE,-1,2011-05-16 14:48:00,16.85,,United Kingdom,-16.85
,M,Manual,-1,2011-05-16 14:48:00,233.37,,United Kingdom,-233.37
,POST,POSTAGE,-1,2011-05-16 14:56:00,18.75,,United Kingdom,-18.75
,M,Manual,-1,2011-05-16 14:56:00,273.79,,United Kingdom,-273.79
,POST,POSTAGE,-1,2011-05-16 15:02:00,27.42,,United Kingdom,-27.42
,M,Manual,-1,2011-05-16 15:02:00,269.7,,United Kingdom,-269.7
553391,37370,sold as set/6 by dotcom,-786,2011-05-16 16:42:00,0.0,,United Kingdom,-0.0
553394,15058A,wet/rusty,-30,2011-05-16 16:47:00,0.0,,United Kingdom,-0.0
553395,15058C,wet/rusty,-30,2011-05-16 16:47:00,0.0,,United Kingdom,-0.0
553396,22423,damages,-21,2011-05-16 16:48:00,0.0,,United Kingdom,-0.0
,22863,SOAP DISH BROCANTE,-1,2011-05-16 16:58:00,2.95,17841.0,United Kingdom,-2.95
553398,37370,damages/dotcom?,-590,2011-05-16 17:07:00,0.0,,United Kingdom,-0.0
553399,84789,,-2,2011-05-16 17:08:00,0.0,,United Kingdom,-0.0
553400,20803,damages,-40,2011-05-16 17:09:00,0.0,,United Kingdom,-0.0
553401,22060,,-16,2011-05-16 17:10:00,0.0,,United Kingdom,-0.0
,POST,POSTAGE,-1,2011-05-17 08:58:00,40.0,15768.0,United Kingdom,-40.0
,22978,PANTRY ROLLING PIN,-6,2011-05-17 09:23:00,3.75,18136.0,United Kingdom,-22.5
553413,21259,,-51,2011-05-17 09:45:00,0.0,,United Kingdom,-0.0
,POST,POSTAGE,-1,2011-05-17 09:57:00,18.0,12600.0,Germany,-18.0
,21238,RED RETROSPOT CUP,-1,2011-05-17 10:31:00,0.85,17811.0,United Kingdom,-0.85
,22847,BREAD BIN DINER STYLE IVORY,-1,2011-05-17 11:47:00,16.95,17677.0,United Kingdom,-16.95
,23172,REGENCY TEA PLATE PINK,-1,2011-05-17 11:47:00,1.65,17677.0,United Kingdom,-1.65
,23082,SET 6 PAPER TABLE LANTERN HEARTS ,-1,2011-05-17 11:47:00,3.75,17677.0,United Kingdom,-3.75
,23174,REGENCY SUGAR BOWL GREEN,-2,2011-05-17 11:50:00,4.15,13098.0,United Kingdom,-8.3
,22699,ROSES REGENCY TEACUP AND SAUCER ,-1,2011-05-17 11:50:00,2.95,13098.0,United Kingdom,-2.95
,D,Discount,-1,2011-05-17 12:07:00,9.84,14527.0,United Kingdom,-9.84
,84800L,LARGE WHITE/PINK ROSE ART FLOWER,-24,2011-05-17 12:10:00,1.69,17527.0,United Kingdom,-40.56
,71459,HANGING JAM JAR T-LIGHT HOLDER,-24,2011-05-17 12:29:00,0.72,17423.0,United Kingdom,-17.28
,23082,SET 6 PAPER TABLE LANTERN HEARTS ,-5,2011-05-17 13:03:00,3.75,17677.0,United Kingdom,-18.75
,84950,ASSORTED COLOUR T-LIGHT HOLDER,-3,2011-05-17 13:44:00,0.65,14000.0,United Kingdom,-1.95
,POST,POSTAGE,-1,2011-05-17 13:46:00,1.0,14342.0,United Kingdom,-1.0
,23112,PARISIENNE CURIO CABINET,-3,2011-05-17 13:46:00,6.65,14342.0,United Kingdom,-19.95
,BANK CHARGES,Bank Charges,-1,2011-05-17 13:49:00,86.9,,United Kingdom,-86.9
,22890,NOVELTY BISCUITS CAKE STAND 3 TIER,-1,2011-05-17 13:50:00,9.95,15005.0,United Kingdom,-9.95
,84688,BEACH HUT DESIGN BLACKBOARD,-1,2011-05-17 13:50:00,4.25,15005.0,United Kingdom,-4.25
,22997,TRAVEL CARD WALLET UNION JACK,-1,2011-05-17 13:50:00,0.42,15005.0,United Kingdom,-0.42
,S,SAMPLES,-1,2011-05-17 13:58:00,9.99,,United Kingdom,-9.99
,S,SAMPLES,-1,2011-05-17 13:58:00,103.58,,United Kingdom,-103.58
,22283,6 EGG HOUSE PAINTED WOOD,-2,2011-05-17 13:58:00,7.95,17700.0,United Kingdom,-15.9
,22776,SWEETHEART CAKESTAND 3 TIER,-2,2011-05-17 14:07:00,9.95,14911.0,EIRE,-19.9
,21658,GLASS  BEURRE DISH,-1,2011-05-17 14:07:00,3.95,14911.0,EIRE,-3.95
,21713,CITRONELLA CANDLE FLOWERPOT,-3,2011-05-17 14:09:00,2.1,14209.0,United Kingdom,-6.3
,22487,WHITE WOOD GARDEN PLANT LADDER,-1,2011-05-17 14:14:00,8.5,16642.0,United Kingdom,-8.5
,22138,BAKING SET 9 PIECE RETROSPOT ,-2,2011-05-17 14:16:00,4.95,18218.0,United Kingdom,-9.9
,BANK CHARGES,Bank Charges,-1,2011-05-17 14:58:00,82.73,,United Kingdom,-82.73
,22838,3 TIER CAKE TIN RED AND CREAM,-1,2011-05-17 15:01:00,14.95,18118.0,United Kingdom,-14.95
,72802A,ROSE SCENT CANDLE IN JEWELLED BOX,-1,2011-05-17 15:08:00,3.81,13777.0,United Kingdom,-3.81
,35004B,SET OF 3 BLACK FLYING DUCKS,-1,2011-05-17 15:08:00,4.65,13777.0,United Kingdom,-4.65
,22646,CERAMIC STRAWBERRY CAKE MONEY BANK,-5,2011-05-17 15:08:00,1.24,13777.0,United Kingdom,-6.2
,S,SAMPLES,-1,2011-05-17 15:09:00,2.98,,United Kingdom,-2.98
,S,SAMPLES,-1,2011-05-17 15:09:00,5.0,,United Kingdom,-5.0
,S,SAMPLES,-1,2011-05-17 15:09:00,16.0,,United Kingdom,-16.0
,S,SAMPLES,-1,2011-05-17 15:09:00,86.99,,United Kingdom,-86.99
,S,SAMPLES,-1,2011-05-17 15:09:00,15.5,,United Kingdom,-15.5
,S,SAMPLES,-1,2011-05-17 15:09:00,76.0,,United Kingdom,-76.0
,S,SAMPLES,-1,2011-05-17 15:09:00,87.01,,United Kingdom,-87.01
,90076,MONTANA DIAMOND CLUSTER EARRINGS,-1,2011-05-17 15:13:00,2.55,14911.0,EIRE,-2.55
,23158,SET OF 5 LUCKY CAT MAGNETS ,-12,2011-05-17 15:13:00,2.08,14911.0,EIRE,-24.96
,22770,MIRROR CORNICE,-1,2011-05-17 15:13:00,14.95,17612.0,United Kingdom,-14.95
,22167, OVAL WALL MIRROR DIAMANTE ,-1,2011-05-17 15:13:00,9.95,17612.0,United Kingdom,-9.95
,21088,SET/6 FRUIT SALAD PAPER CUPS,-12,2011-05-17 15:13:00,0.19,17612.0,United Kingdom,-2.28
,21467,CHERRY CROCHET FOOD COVER,-1,2011-05-17 15:15:00,3.75,14849.0,United Kingdom,-3.75
,23173,REGENCY TEAPOT ROSES ,-2,2011-05-17 15:24:00,8.15,14051.0,United Kingdom,-16.3
553548,75131,,-48,2011-05-17 15:57:00,0.0,,United Kingdom,-0.0
,21746,SMALL RED RETROSPOT WINDMILL,-1,2011-05-17 17:03:00,1.25,13266.0,United Kingdom,-1.25
,85132A,CHARLIE + LOLA BISCUITS TINS,-1,2011-05-17 17:03:00,1.95,13266.0,United Kingdom,-1.95
,21452,TOADSTOOL MONEY BOX,-6,2011-05-17 17:11:00,2.95,14112.0,United Kingdom,-17.7
,M,Manual,-1,2011-05-17 17:14:00,293.0,14931.0,Channel Islands,-293.0
,22502,PICNIC BASKET WICKER SMALL,-1,2011-05-17 17:24:00,5.95,15596.0,United Kingdom,-5.95
,21843,RED RETROSPOT CAKE STAND,-1,2011-05-17 17:24:00,10.95,15596.0,United Kingdom,-10.95
,23199,JUMBO BAG APPLES,-1,2011-05-17 17:26:00,2.08,13534.0,United Kingdom,-2.08
,23112,PARISIENNE CURIO CABINET,-6,2011-05-17 17:39:00,6.65,14342.0,United Kingdom,-39.9
,22826,LOVE SEAT ANTIQUE WHITE METAL,-1,2011-05-17 17:43:00,195.0,17581.0,United Kingdom,-195.0
,82482,WOODEN PICTURE FRAME WHITE FINISH,-2,2011-05-18 09:20:00,2.55,13650.0,United Kingdom,-5.1
,22423,REGENCY CAKESTAND 3 TIER,-2,2011-05-18 09:20:00,10.95,13650.0,United Kingdom,-21.9
,22796,PHOTO FRAME 3 CLASSIC HANGING,-2,2011-05-18 09:23:00,9.95,16116.0,United Kingdom,-19.9
553651,46126A,,-23,2011-05-18 11:06:00,0.0,,United Kingdom,-0.0
553652,20826,,-168,2011-05-18 11:06:00,0.0,,United Kingdom,-0.0
,22607,WOODEN ROUNDERS GARDEN SET ,-1,2011-05-18 11:21:00,8.5,17389.0,United Kingdom,-8.5
,22606,WOODEN SKITTLES GARDEN SET,-1,2011-05-18 11:21:00,12.75,17389.0,United Kingdom,-12.75
553659,20967,,-77,2011-05-18 11:47:00,0.0,,United Kingdom,-0.0
,D,Discount,-1,2011-05-18 12:16:00,15.96,14527.0,United Kingdom,-15.96
,22507,MEMO BOARD RETROSPOT  DESIGN,-1,2011-05-18 12:21:00,4.95,14755.0,United Kingdom,-4.95
,84816,DANISH ROSE BEDSIDE CABINET,-1,2011-05-18 12:21:00,39.95,14755.0,United Kingdom,-39.95
,POST,POSTAGE,-1,2011-05-18 12:24:00,3.71,15128.0,United Kingdom,-3.71
,22241,GARLAND WOODEN HAPPY EASTER,-1,2011-05-18 14:01:00,1.06,15311.0,United Kingdom,-1.06
,75049L,LARGE CIRCULAR MIRROR MOBILE,-3,2011-05-18 14:01:00,0.85,15311.0,United Kingdom,-2.55
,22646,CERAMIC STRAWBERRY CAKE MONEY BANK,-1,2011-05-18 14:01:00,1.25,15311.0,United Kingdom,-1.25
,85099B,JUMBO BAG RED RETROSPOT,-1,2011-05-18 14:01:00,1.79,15311.0,United Kingdom,-1.79
,22778,GLASS CLOCHE SMALL,-2,2011-05-18 14:01:00,3.39,15311.0,United Kingdom,-6.78
553743,21318,,-62,2011-05-19 09:44:00,0.0,,United Kingdom,-0.0
553744,85141,,-7,2011-05-19 09:44:00,0.0,,United Kingdom,-0.0
,21658,GLASS  BEURRE DISH,-2,2011-05-19 09:57:00,3.95,16676.0,United Kingdom,-7.9
,22191,IVORY DINER WALL CLOCK,-1,2011-05-19 09:57:00,8.5,16676.0,United Kingdom,-8.5
,22194,BLACK DINER WALL CLOCK,-2,2011-05-19 09:57:00,8.5,16676.0,United Kingdom,-17.0
,23112,PARISIENNE CURIO CABINET,-1,2011-05-19 10:39:00,7.5,15081.0,United Kingdom,-7.5
,22487,WHITE WOOD GARDEN PLANT LADDER,-1,2011-05-19 10:39:00,9.95,15081.0,United Kingdom,-9.95
,22725,ALARM CLOCK BAKELIKE CHOCOLATE,-2,2011-05-19 10:53:00,3.75,15730.0,United Kingdom,-7.5
,21870,I CAN ONLY PLEASE ONE PERSON MUG,-2,2011-05-19 10:53:00,1.25,15730.0,United Kingdom,-2.5
,21871,SAVE THE PLANET MUG,-2,2011-05-19 10:53:00,1.25,15730.0,United Kingdom,-2.5
,22236,CAKE STAND 3 TIER MAGIC GARDEN,-24,2011-05-19 11:05:00,10.95,17526.0,United Kingdom,-262.8
,22423,REGENCY CAKESTAND 3 TIER,-2,2011-05-19 12:15:00,10.95,12471.0,Germany,-21.9
,D,Discount,-48,2011-05-19 12:19:00,0.2,16029.0,United Kingdom,-9.6
,21539,RED RETROSPOT BUTTER DISH,-1,2011-05-19 13:04:00,4.95,15811.0,United Kingdom,-4.95
,21531,RED RETROSPOT SUGAR JAM BOWL,-1,2011-05-19 13:04:00,2.55,15811.0,United Kingdom,-2.55
,21535,RED RETROSPOT SMALL MILK JUG,-2,2011-05-19 13:04:00,2.55,15811.0,United Kingdom,-5.1
,22053,EMPIRE DESIGN ROSETTE,-1,2011-05-19 13:13:00,1.25,,United Kingdom,-1.25
,21703,BAG 125g SWIRLY MARBLES,-1,2011-05-19 13:13:00,0.42,,United Kingdom,-0.42
,22891,TEA FOR ONE POLKADOT,-1,2011-05-19 13:13:00,4.25,,United Kingdom,-4.25
,84945,MULTI COLOUR SILVER T-LIGHT HOLDER,-1,2011-05-19 14:05:00,10.76,,United Kingdom,-10.76
,S,SAMPLES,-1,2011-05-19 14:10:00,16.5,,United Kingdom,-16.5
,79337,BLUE FLOCK GLASS CANDLEHOLDER,-6,2011-05-19 14:14:00,0.38,14620.0,United Kingdom,-2.28
,62043B,BLUE CHECK BAG W HANDLE 34X20CM,-1,2011-05-19 14:14:00,0.83,14620.0,United Kingdom,-0.83
,37370,RETRO COFFEE MUGS ASSORTED,-3,2011-05-19 14:14:00,1.25,14620.0,United Kingdom,-3.75
,21845,DAIRY MAID STRIPE MUG,-16,2011-05-19 14:14:00,0.79,14620.0,United Kingdom,-12.64
,23184,BULL DOG BOTTLE OPENER,-8,2011-05-19 14:44:00,4.95,15660.0,United Kingdom,-39.6
,22960,JAM MAKING SET WITH JARS,-2,2011-05-19 14:47:00,4.25,13319.0,United Kingdom,-8.5
,21533,RETROSPOT LARGE MILK JUG,-1,2011-05-19 14:47:00,4.95,13319.0,United Kingdom,-4.95
,23155,KNICKERBOCKERGLORY MAGNET ASSORTED ,-96,2011-05-19 15:23:00,0.72,13762.0,United Kingdom,-69.12
,22464,HANGING METAL HEART LANTERN,-72,2011-05-19 15:23:00,1.45,13762.0,United Kingdom,-104.4
,22055,MINI CAKE STAND  HANGING STRAWBERY,-8,2011-05-19 15:23:00,1.65,13762.0,United Kingdom,-13.2
,21232,STRAWBERRY CERAMIC TRINKET BOX,-24,2011-05-19 15:23:00,1.25,13762.0,United Kingdom,-30.0
,21231,SWEETHEART CERAMIC TRINKET BOX,-24,2011-05-19 15:23:00,1.25,13762.0,United Kingdom,-30.0
,21124,SET/10 BLUE POLKADOT PARTY CANDLES,-24,2011-05-19 15:23:00,1.25,13762.0,United Kingdom,-30.0
,21122,SET/10 PINK POLKADOT PARTY CANDLES,-24,2011-05-19 15:23:00,1.25,13762.0,United Kingdom,-30.0
,22847,BREAD BIN DINER STYLE IVORY,-1,2011-05-19 18:08:00,16.95,17671.0,United Kingdom,-16.95
,22424,ENAMEL BREAD BIN CREAM,-8,2011-05-19 18:08:00,10.95,17671.0,United Kingdom,-87.6
,23298,SPOTTY BUNTING,-32,2011-05-19 18:10:00,4.95,13081.0,United Kingdom,-158.4
,22897,OVEN MITT APPLES DESIGN,-11,2011-05-19 18:10:00,1.45,13081.0,United Kingdom,-15.95
,23064,CINDERELLA CHANDELIER ,-1,2011-05-19 18:11:00,49.95,15622.0,United Kingdom,-49.95
,23132,SMALL IVORY HEART WALL ORGANISER,-2,2011-05-19 18:13:00,5.75,16554.0,United Kingdom,-11.5
,22776,SWEETHEART CAKESTAND 3 TIER,-1,2011-05-19 18:13:00,9.95,16554.0,United Kingdom,-9.95
,21313,GLASS HEART T-LIGHT HOLDER ,-2,2011-05-19 18:13:00,0.85,16554.0,United Kingdom,-1.7
,82482,WOODEN PICTURE FRAME WHITE FINISH,-1,2011-05-19 18:13:00,2.55,16554.0,United Kingdom,-2.55
,22800,ANTIQUE TALL SWIRLGLASS TRINKET POT,-1,2011-05-19 18:13:00,3.75,16554.0,United Kingdom,-3.75
,22798,ANTIQUE GLASS DRESSING TABLE POT,-3,2011-05-19 18:13:00,2.95,16554.0,United Kingdom,-8.85
,22854,CREAM SWEETHEART EGG HOLDER,-1,2011-05-19 18:13:00,4.95,16554.0,United Kingdom,-4.95
,22342,HOME GARLAND PAINTED ZINC ,-12,2011-05-19 18:13:00,1.65,16554.0,United Kingdom,-19.8
,22464,HANGING METAL HEART LANTERN,-1,2011-05-19 18:13:00,1.65,16554.0,United Kingdom,-1.65
,23056,FLOWERS CHANDELIER T-LIGHT HOLDER,-2,2011-05-19 18:13:00,6.25,16554.0,United Kingdom,-12.5
,22891,TEA FOR ONE POLKADOT,-1,2011-05-19 19:02:00,4.25,18168.0,United Kingdom,-4.25
,21537,RED RETROSPOT PUDDING BOWL,-1,2011-05-19 19:02:00,4.25,18168.0,United Kingdom,-4.25
,21232,STRAWBERRY CERAMIC TRINKET BOX,-1,2011-05-19 19:02:00,1.25,18168.0,United Kingdom,-1.25
,22064,PINK DOUGHNUT TRINKET POT ,-1,2011-05-19 19:02:00,1.65,18168.0,United Kingdom,-1.65
,85066,CREAM SWEETHEART MINI CHEST,-2,2011-05-19 19:50:00,12.75,18109.0,United Kingdom,-25.5
,84279P,CHERRY BLOSSOM  DECORATIVE FLASK,-2,2011-05-19 19:50:00,3.75,18109.0,United Kingdom,-7.5
,84279B,CHERRY BLOSSOM DECORATIVE FLASK,-2,2011-05-19 19:50:00,3.75,18109.0,United Kingdom,-7.5
,22487,WHITE WOOD GARDEN PLANT LADDER,-1,2011-05-19 19:50:00,9.95,18109.0,United Kingdom,-9.95
,22849,BREAD BIN DINER STYLE MINT,-1,2011-05-20 09:34:00,14.95,12476.0,Germany,-14.95
,22847,BREAD BIN DINER STYLE IVORY,-1,2011-05-20 09:34:00,14.95,12476.0,Germany,-14.95
,22847,BREAD BIN DINER STYLE IVORY,-1,2011-05-20 11:50:00,16.95,16618.0,United Kingdom,-16.95
,23169,CLASSIC GLASS COOKIE JAR,-2,2011-05-20 11:52:00,4.15,13408.0,United Kingdom,-8.3
,22488,NATURAL SLATE RECTANGLE CHALKBOARD,-1,2011-05-20 11:54:00,1.65,16818.0,United Kingdom,-1.65
,POST,POSTAGE,-1,2011-05-20 12:09:00,6.5,13692.0,United Kingdom,-6.5
,22138,BAKING SET 9 PIECE RETROSPOT ,-2,2011-05-20 12:21:00,4.95,15367.0,United Kingdom,-9.9
,21747,SMALL SKULL WINDMILL,-12,2011-05-20 12:23:00,1.25,15620.0,United Kingdom,-15.0
,22509,SEWING BOX RETROSPOT DESIGN ,-12,2011-05-20 12:25:00,14.95,13418.0,United Kingdom,-179.4
,22284,HEN HOUSE DECORATION,-12,2011-05-20 12:25:00,1.65,13418.0,United Kingdom,-19.8
,22508,DOORSTOP RETROSPOT HEART,-12,2011-05-20 12:25:00,3.75,13418.0,United Kingdom,-45.0
,POST,POSTAGE,-1,2011-05-20 12:44:00,75.0,17940.0,United Kingdom,-75.0
,21430,SET/3 RED GINGHAM ROSE STORAGE BOX,-2,2011-05-20 12:55:00,3.75,13151.0,United Kingdom,-7.5
,22139,RETROSPOT TEA SET CERAMIC 11 PC ,-2,2011-05-20 12:56:00,4.95,15125.0,United Kingdom,-9.9
,22429,ENAMEL MEASURING JUG CREAM,-2,2011-05-20 12:56:00,4.25,15125.0,United Kingdom,-8.5
554017,22520,,-101,2011-05-20 13:15:00,0.0,,United Kingdom,-0.0
554020,22518,,-30,2011-05-20 13:17:00,0.0,,United Kingdom,-0.0
554021,20886,,-65,2011-05-20 13:18:00,0.0,,United Kingdom,-0.0
554023,82613B,,-71,2011-05-20 13:20:00,0.0,,United Kingdom,-0.0
554024,20998,,-11,2011-05-20 13:21:00,0.0,,United Kingdom,-0.0
,20795,LARGE BLUE PROVENCAL CERAMIC BALL,-5,2011-05-20 13:34:00,2.1,14565.0,United Kingdom,-10.5
,22423,REGENCY CAKESTAND 3 TIER,-1,2011-05-20 13:54:00,12.75,12681.0,France,-12.75
,22303,COFFEE MUG APPLES DESIGN,-2,2011-05-20 13:54:00,2.55,12681.0,France,-5.1
,M,Manual,-1,2011-05-22 13:27:00,0.85,15555.0,United Kingdom,-0.85
,15044D,RED PAPER PARASOL,-1,2011-05-22 13:27:00,2.95,15555.0,United Kingdom,-2.95
,21802,CHRISTMAS TREE HEART DECORATION,-1,2011-05-22 13:27:00,0.42,15555.0,United Kingdom,-0.42
,84879,ASSORTED COLOUR BIRD ORNAMENT,-1,2011-05-22 13:27:00,1.69,15555.0,United Kingdom,-1.69
,71477,COLOUR GLASS. STAR T-LIGHT HOLDER,-1,2011-05-22 13:27:00,3.25,15555.0,United Kingdom,-3.25
,20725,LUNCH BAG RED RETROSPOT,-1,2011-05-22 13:27:00,1.65,15555.0,United Kingdom,-1.65
,82482,WOODEN PICTURE FRAME WHITE FINISH,-1,2011-05-22 13:27:00,2.55,15555.0,United Kingdom,-2.55
,22162,HEART GARLAND RUSTIC PADDED,-3,2011-05-22 13:27:00,2.95,15555.0,United Kingdom,-8.85
,22859,EASTER TIN BUNNY BOUQUET,-1,2011-05-22 13:27:00,1.65,15555.0,United Kingdom,-1.65
,22858,EASTER TIN KEEPSAKE,-1,2011-05-22 13:27:00,1.65,15555.0,United Kingdom,-1.65
,16235,RECYCLED PENCIL WITH RABBIT ERASER,-1,2011-05-22 13:27:00,0.21,15555.0,United Kingdom,-0.21
,M,Manual,-96,2011-05-23 09:24:00,5.0,17949.0,United Kingdom,-480.0
554128,84563A,damaged,-4,2011-05-23 09:26:00,0.0,,United Kingdom,-0.0
554133,84596J,,-3,2011-05-23 09:46:00,0.0,,United Kingdom,-0.0
,84978,HANGING HEART JAR T-LIGHT HOLDER,-1,2011-05-23 10:02:00,1.25,14239.0,United Kingdom,-1.25
,85141,JARDIN ETCHED GLASS FRUITBOWL,-4,2011-05-23 10:34:00,3.95,13004.0,United Kingdom,-15.8
554143,79030G,damages,-413,2011-05-23 10:40:00,0.0,,United Kingdom,-0.0
554144,79030D,damages,-664,2011-05-23 10:42:00,0.0,,United Kingdom,-0.0
554145,84313C,,-12,2011-05-23 10:43:00,0.0,,United Kingdom,-0.0
,22763,KEY CABINET MA CAMPAGNE,-1,2011-05-23 11:07:00,9.95,14573.0,United Kingdom,-9.95
,22762,CUPBOARD 3 DRAWER MA CAMPAGNE,-1,2011-05-23 11:07:00,14.95,14573.0,United Kingdom,-14.95
,21042,RED RETROSPOT APRON ,-1,2011-05-23 11:07:00,5.95,14573.0,United Kingdom,-5.95
,22933,BAKING MOULD EASTER EGG MILK CHOC,-12,2011-05-23 11:21:00,2.95,18257.0,United Kingdom,-35.4
,21534,DAIRY MAID LARGE MILK JUG,-2,2011-05-23 11:21:00,4.95,16033.0,United Kingdom,-9.9
,M,Manual,-1,2011-05-23 11:24:00,1241.98,12757.0,Portugal,-1241.98
,21781,MA CAMPAGNE CUTLERY BOX,-1,2011-05-23 12:14:00,14.95,14573.0,United Kingdom,-14.95
,85132C,CHARLIE AND LOLA FIGURES TINS,-1,2011-05-23 12:14:00,1.95,14573.0,United Kingdom,-1.95
,85132C,CHARLIE AND LOLA FIGURES TINS,-1,2011-05-23 12:16:00,1.95,14573.0,United Kingdom,-1.95
,23199,JUMBO BAG APPLES,-2,2011-05-23 12:48:00,2.08,12474.0,Germany,-4.16
,23126,FELTCRAFT GIRL AMELIE KIT,-1,2011-05-23 12:48:00,4.95,12474.0,Germany,-4.95
,22431,WATERING CAN BLUE ELEPHANT,-1,2011-05-23 12:48:00,1.95,12474.0,Germany,-1.95
,22433,WATERING CAN GREEN DINOSAUR,-1,2011-05-23 12:48:00,1.95,12474.0,Germany,-1.95
,22244,3 HOOK HANGER MAGIC GARDEN,-5,2011-05-23 12:48:00,1.95,12474.0,Germany,-9.75
,22723,SET OF 6 HERB TINS SKETCHBOOK,-1,2011-05-23 13:09:00,3.95,13883.0,United Kingdom,-3.95
554276,22966,,-58,2011-05-23 13:19:00,0.0,,United Kingdom,-0.0
554287,22700,smashed,-48,2011-05-23 14:17:00,0.0,,United Kingdom,-0.0
554299,20975,,-39,2011-05-23 14:28:00,0.0,,United Kingdom,-0.0
,82486,WOOD S/3 CABINET ANT WHITE FINISH,-1,2011-05-23 14:33:00,8.95,13455.0,United Kingdom,-8.95
,M,Manual,-1,2011-05-23 14:50:00,1241.98,12757.0,Portugal,-1241.98
,M,Manual,-1,2011-05-23 14:52:00,15.0,12757.0,Portugal,-15.0
,M,Manual,-1,2011-05-23 15:00:00,557.72,12757.0,Portugal,-557.72
554311,84743C,,-16,2011-05-23 15:28:00,0.0,,United Kingdom,-0.0
554312,84741C,,-2,2011-05-23 15:28:00,0.0,,United Kingdom,-0.0
554313,21144,,-63,2011-05-23 15:28:00,0.0,,United Kingdom,-0.0
554314,85195,,-13,2011-05-23 15:29:00,0.0,,United Kingdom,-0.0
554316,21195,,-1,2011-05-23 15:29:00,0.0,,United Kingdom,-0.0
554317,85198,,-11,2011-05-23 15:29:00,0.0,,United Kingdom,-0.0
554318,84535A,,-65,2011-05-23 15:30:00,0.0,,United Kingdom,-0.0
554319,47574B,,-13,2011-05-23 15:31:00,0.0,,United Kingdom,-0.0
554320,16053,,-102,2011-05-23 15:32:00,0.0,,United Kingdom,-0.0
554321,16244B,,-5,2011-05-23 15:32:00,0.0,,United Kingdom,-0.0
554328,21609,,-46,2011-05-23 16:49:00,0.0,,United Kingdom,-0.0
,22072,RED RETROSPOT TEA CUP AND SAUCER ,-3,2011-05-23 17:08:00,3.75,12749.0,United Kingdom,-11.25
,22637,PIGGY BANK RETROSPOT ,-2,2011-05-23 17:08:00,2.55,12749.0,United Kingdom,-5.1
,23174,REGENCY SUGAR BOWL GREEN,-1,2011-05-23 17:08:00,4.15,12749.0,United Kingdom,-4.15
,23170,REGENCY TEA PLATE ROSES ,-1,2011-05-23 17:08:00,1.65,12749.0,United Kingdom,-1.65
,22767,TRIPLE PHOTO FRAME CORNICE ,-1,2011-05-23 17:08:00,9.95,12749.0,United Kingdom,-9.95
,22697,GREEN REGENCY TEACUP AND SAUCER,-1,2011-05-23 17:08:00,2.95,12749.0,United Kingdom,-2.95
,22423,REGENCY CAKESTAND 3 TIER,-1,2011-05-23 17:08:00,12.75,12749.0,United Kingdom,-12.75
,21843,RED RETROSPOT CAKE STAND,-1,2011-05-23 17:08:00,10.95,12749.0,United Kingdom,-10.95
,21735,TWO DOOR CURIO CABINET,-1,2011-05-23 17:08:00,12.75,12749.0,United Kingdom,-12.75
,21535,RED RETROSPOT SMALL MILK JUG,-1,2011-05-23 17:08:00,2.55,12749.0,United Kingdom,-2.55
,20914,SET/5 RED RETROSPOT LID GLASS BOWLS,-1,2011-05-23 17:08:00,2.95,12749.0,United Kingdom,-2.95
,22847,BREAD BIN DINER STYLE IVORY,-2,2011-05-23 17:13:00,14.95,16523.0,United Kingdom,-29.9
,23167,SMALL CERAMIC TOP STORAGE JAR ,-1,2011-05-23 17:14:00,0.83,14009.0,United Kingdom,-0.83
,22967,SET 3 SONG BIRD PAPER EGGS ASSORTED,-3,2011-05-23 17:14:00,2.95,14009.0,United Kingdom,-8.85
,85123A,WHITE HANGING HEART T-LIGHT HOLDER,-3,2011-05-23 17:15:00,2.95,13310.0,United Kingdom,-8.85
,84945,MULTI COLOUR SILVER T-LIGHT HOLDER,-2,2011-05-23 17:15:00,0.85,13310.0,United Kingdom,-1.7
,22427,ENAMEL FLOWER JUG CREAM,-3,2011-05-23 17:16:00,5.95,13089.0,United Kingdom,-17.85
,23002,TRAVEL CARD WALLET SKULLS,-3,2011-05-23 17:18:00,0.42,15201.0,United Kingdom,-1.26
,22994,TRAVEL CARD WALLET RETROSPOT,-1,2011-05-23 17:18:00,0.42,15201.0,United Kingdom,-0.42
,21154,RED RETROSPOT OVEN GLOVE ,-1,2011-05-23 17:18:00,1.25,15201.0,United Kingdom,-1.25
,23199,JUMBO BAG APPLES,-2,2011-05-23 17:20:00,2.08,12474.0,Germany,-4.16
,23126,FELTCRAFT GIRL AMELIE KIT,-1,2011-05-23 17:20:00,4.95,12474.0,Germany,-4.95
,22431,WATERING CAN BLUE ELEPHANT,-1,2011-05-23 17:20:00,1.95,12474.0,Germany,-1.95
,22433,WATERING CAN GREEN DINOSAUR,-1,2011-05-23 17:20:00,1.95,12474.0,Germany,-1.95
,20914,SET/5 RED RETROSPOT LID GLASS BOWLS,-2,2011-05-23 17:29:00,2.95,14038.0,United Kingdom,-5.9
,22625,RED KITCHEN SCALES,-1,2011-05-23 17:39:00,8.5,15128.0,United Kingdom,-8.5
,22960,JAM MAKING SET WITH JARS,-3,2011-05-23 17:40:00,3.75,17017.0,United Kingdom,-11.25
,20979,36 PENCILS TUBE RED RETROSPOT,-16,2011-05-23 17:40:00,1.25,17017.0,United Kingdom,-20.0
,22927,GREEN GIANT GARDEN THERMOMETER,-1,2011-05-23 17:41:00,5.95,15630.0,United Kingdom,-5.95
,22728,ALARM CLOCK BAKELIKE PINK,-1,2011-05-23 17:42:00,3.75,16912.0,United Kingdom,-3.75
,84945,MULTI COLOUR SILVER T-LIGHT HOLDER,-2,2011-05-23 17:43:00,0.85,14859.0,United Kingdom,-1.7
,22064,PINK DOUGHNUT TRINKET POT ,-1,2011-05-23 17:44:00,1.65,14032.0,United Kingdom,-1.65
,22421,LIPSTICK PEN FUSCHIA,-2,2011-05-23 17:44:00,0.42,14032.0,United Kingdom,-0.84
,22729,ALARM CLOCK BAKELIKE ORANGE,-1,2011-05-23 17:47:00,3.75,13767.0,United Kingdom,-3.75
,22730,ALARM CLOCK BAKELIKE IVORY,-2,2011-05-23 17:47:00,3.75,13767.0,United Kingdom,-7.5
,23173,REGENCY TEAPOT ROSES ,-1,2011-05-23 17:48:00,9.95,18260.0,United Kingdom,-9.95
,23118,PARISIENNE JEWELLERY DRAWER ,-1,2011-05-23 17:48:00,7.5,18260.0,United Kingdom,-7.5
,23111,PARISIENNE SEWING BOX,-1,2011-05-23 17:48:00,12.5,18260.0,United Kingdom,-12.5
554360,22524,,-13,2011-05-24 09:59:00,0.0,,United Kingdom,-0.0
,21246,RED RETROSPOT BIG BOWL,-1,2011-05-24 10:15:00,4.95,17811.0,United Kingdom,-4.95
,22371,AIRLINE BAG VINTAGE TOKYO 78,-2,2011-05-24 11:23:00,3.75,16998.0,United Kingdom,-7.5
,22900, SET 2 TEA TOWELS I LOVE LONDON ,-6,2011-05-24 11:27:00,3.25,15128.0,United Kingdom,-19.5
,22666,RECIPE BOX PANTRY YELLOW DESIGN,-1,2011-05-24 11:27:00,2.95,15128.0,United Kingdom,-2.95
554432,85132A,damaged,-97,2011-05-24 12:16:00,0.0,,United Kingdom,-0.0
,85099B,JUMBO BAG RED RETROSPOT,-1,2011-05-24 12:44:00,2.08,16086.0,United Kingdom,-2.08
,82483,WOOD 2 DRAWER CABINET WHITE FINISH,-1,2011-05-24 13:25:00,6.95,13168.0,United Kingdom,-6.95
,82582,AREA PATROLLED METAL SIGN,-1,2011-05-24 13:25:00,2.1,13168.0,United Kingdom,-2.1
554488,84913A,,-75,2011-05-24 13:35:00,0.0,,United Kingdom,-0.0
,84616,SILVER ROCCOCO CHANDELIER,-1,2011-05-24 13:59:00,29.95,16818.0,United Kingdom,-29.95
,D,Discount,-1,2011-05-24 16:50:00,13.88,14527.0,United Kingdom,-13.88
,21232,STRAWBERRY CERAMIC TRINKET BOX,-4,2011-05-24 16:55:00,1.25,15434.0,United Kingdom,-5.0
,23118,PARISIENNE JEWELLERY DRAWER ,-2,2011-05-24 16:55:00,7.5,15434.0,United Kingdom,-15.0
,23110,PARISIENNE KEY CABINET ,-2,2011-05-24 16:55:00,5.75,15434.0,United Kingdom,-11.5
,23111,PARISIENNE SEWING BOX,-1,2011-05-24 16:55:00,12.5,15434.0,United Kingdom,-12.5
,23168,CLASSIC CAFE SUGAR DISPENSER,-3,2011-05-24 16:58:00,1.25,16592.0,United Kingdom,-3.75
,22464,HANGING METAL HEART LANTERN,-3,2011-05-24 16:58:00,1.65,16592.0,United Kingdom,-4.95
,85099B,JUMBO BAG RED RETROSPOT,-1,2011-05-24 16:59:00,2.08,13549.0,United Kingdom,-2.08
,22848,BREAD BIN DINER STYLE PINK,-1,2011-05-24 17:11:00,16.95,14407.0,United Kingdom,-16.95
,22892,SET OF SALT AND PEPPER TOADSTOOLS,-5,2011-05-24 17:12:00,1.25,18223.0,United Kingdom,-6.25
,37449,CERAMIC CAKE STAND + HANGING CAKES,-2,2011-05-24 17:17:00,8.5,12863.0,United Kingdom,-17.0
,21658,GLASS  BEURRE DISH,-1,2011-05-24 17:19:00,3.95,15093.0,United Kingdom,-3.95
,23167,SMALL CERAMIC TOP STORAGE JAR ,-21,2011-05-24 17:25:00,0.69,15251.0,United Kingdom,-14.49
,23166,MEDIUM CERAMIC TOP STORAGE JAR,-9,2011-05-24 17:25:00,1.04,15251.0,United Kingdom,-9.36
,23165,LARGE CERAMIC TOP STORAGE JAR,-18,2011-05-24 17:25:00,1.45,15251.0,United Kingdom,-26.1
,23110,PARISIENNE KEY CABINET ,-4,2011-05-24 17:26:00,5.75,14217.0,United Kingdom,-23.0
,23174,REGENCY SUGAR BOWL GREEN,-1,2011-05-24 17:27:00,4.15,14226.0,United Kingdom,-4.15
,23075,PARLOUR CERAMIC WALL HOOK,-1,2011-05-24 17:27:00,4.15,14226.0,United Kingdom,-4.15
,22502,PICNIC BASKET WICKER SMALL,-1,2011-05-24 17:28:00,5.95,15596.0,United Kingdom,-5.95
,21843,RED RETROSPOT CAKE STAND,-1,2011-05-24 17:28:00,10.95,15596.0,United Kingdom,-10.95
,72741,GRAND CHOCOLATECANDLE,-2,2011-05-24 17:30:00,1.45,12463.0,Belgium,-2.9
,21494,ROTATING LEAVES T-LIGHT HOLDER,-2,2011-05-24 17:30:00,1.25,12463.0,Belgium,-2.5
,47566,PARTY BUNTING,-4,2011-05-24 17:32:00,4.95,14194.0,United Kingdom,-19.8
,23201,JUMBO BAG ALPHABET,-1,2011-05-24 17:32:00,2.08,14194.0,United Kingdom,-2.08
,23205,CHARLOTTE BAG VINTAGE ALPHABET ,-1,2011-05-24 17:32:00,0.85,14194.0,United Kingdom,-0.85
,23146,TRIPLE HOOK ANTIQUE IVORY ROSE,-1,2011-05-24 17:32:00,3.29,14194.0,United Kingdom,-3.29
,21260,FIRST AID TIN,-40,2011-05-24 17:33:00,3.25,16923.0,United Kingdom,-130.0
,M,Manual,-1,2011-05-24 17:36:00,60.0,17940.0,United Kingdom,-60.0
,22467,GUMBALL COAT RACK,-1,2011-05-24 17:38:00,2.1,16705.0,United Kingdom,-2.1
,22061,LARGE CAKE STAND  HANGING STRAWBERY,-1,2011-05-24 17:45:00,9.95,16057.0,United Kingdom,-9.95
,21876,POTTERING MUG,-12,2011-05-24 17:45:00,1.25,16057.0,United Kingdom,-15.0
,23111,PARISIENNE SEWING BOX,-1,2011-05-24 17:47:00,12.5,14911.0,EIRE,-12.5
,85159B,"WHITE TEA,COFFEE,SUGAR JARS",-4,2011-05-24 17:47:00,1.95,14911.0,EIRE,-7.8
,23167,SMALL CERAMIC TOP STORAGE JAR ,-3,2011-05-24 17:49:00,0.69,15125.0,United Kingdom,-2.07
,23165,LARGE CERAMIC TOP STORAGE JAR,-1,2011-05-24 17:49:00,1.45,15125.0,United Kingdom,-1.45
,23142,IVORY WIRE KITCHEN ORGANISER,-1,2011-05-24 17:49:00,9.15,15125.0,United Kingdom,-9.15
,22847,BREAD BIN DINER STYLE IVORY,-2,2011-05-24 17:49:00,14.95,15125.0,United Kingdom,-29.9
,22461,SAVOY ART DECO CLOCK,-3,2011-05-24 17:50:00,10.95,13078.0,United Kingdom,-32.85
,M,Manual,-1,2011-05-25 09:34:00,102.64,,United Kingdom,-102.64
554551,47566B,reverse previous adjustment,-1300,2011-05-25 09:58:00,0.0,,United Kingdom,-0.0
554553,47566B,incorrectly credited C550456 see 47,-1300,2011-05-25 09:59:00,0.0,,United Kingdom,-0.0
,22892,SET OF SALT AND PEPPER TOADSTOOLS,-1,2011-05-25 10:24:00,1.25,13268.0,United Kingdom,-1.25
,21232,STRAWBERRY CERAMIC TRINKET BOX,-1,2011-05-25 10:24:00,1.25,13268.0,United Kingdom,-1.25
554559,16151A,,-2,2011-05-25 10:28:00,0.0,,United Kingdom,-0.0
554675,20903,,-33,2011-05-25 16:01:00,0.0,,United Kingdom,-0.0
554676,71143,,-31,2011-05-25 16:03:00,0.0,,United Kingdom,-0.0
554678,85086A,,-30,2011-05-25 16:03:00,0.0,,United Kingdom,-0.0
554679,35916A,,-21,2011-05-25 16:04:00,0.0,,United Kingdom,-0.0
554680,35916B,,-21,2011-05-25 16:04:00,0.0,,United Kingdom,-0.0
554681,35916C,,-32,2011-05-25 16:04:00,0.0,,United Kingdom,-0.0
,22487,WHITE WOOD GARDEN PLANT LADDER,-1,2011-05-25 16:30:00,9.95,16161.0,United Kingdom,-9.95
,23111,PARISIENNE SEWING BOX,-1,2011-05-25 16:30:00,12.5,16161.0,United Kingdom,-12.5
,20682,RED RETROSPOT CHILDRENS UMBRELLA,-1,2011-05-25 16:30:00,3.25,16161.0,United Kingdom,-3.25
,23110,PARISIENNE KEY CABINET ,-4,2011-05-25 16:43:00,5.75,15729.0,United Kingdom,-23.0
,22776,SWEETHEART CAKESTAND 3 TIER,-1,2011-05-25 16:49:00,9.95,13479.0,United Kingdom,-9.95
,22637,PIGGY BANK RETROSPOT ,-1,2011-05-25 16:50:00,2.55,14442.0,Channel Islands,-2.55
,23092,LARGE ANTIQUE WHITE PHOTO FRAME,-1,2011-05-25 16:50:00,7.9,14442.0,Channel Islands,-7.9
,22644,CERAMIC CHERRY CAKE MONEY BANK,-1,2011-05-25 16:51:00,1.45,15027.0,United Kingdom,-1.45
,22846,BREAD BIN DINER STYLE RED ,-2,2011-05-25 16:56:00,16.95,16871.0,United Kingdom,-33.9
,22847,BREAD BIN DINER STYLE IVORY,-1,2011-05-25 16:56:00,16.95,16871.0,United Kingdom,-16.95
,22456,NATURAL SLATE CHALKBOARD LARGE ,-1,2011-05-25 16:57:00,4.25,12921.0,United Kingdom,-4.25
,22960,JAM MAKING SET WITH JARS,-1,2011-05-25 16:57:00,4.25,12935.0,United Kingdom,-4.25
,23203,JUMBO BAG DOILEY PATTERNS,-10,2011-05-25 16:59:00,2.08,14292.0,United Kingdom,-20.8
,22061,LARGE CAKE STAND  HANGING STRAWBERY,-1,2011-05-26 11:02:00,9.95,13658.0,United Kingdom,-9.95
,22423,REGENCY CAKESTAND 3 TIER,-3,2011-05-26 11:02:00,12.75,13658.0,United Kingdom,-38.25
,21231,SWEETHEART CERAMIC TRINKET BOX,-2,2011-05-26 11:02:00,1.25,13658.0,United Kingdom,-2.5
,22662,LUNCH BAG DOLLY GIRL DESIGN,-1,2011-05-26 11:03:00,1.65,,United Kingdom,-1.65
,23206,LUNCH BAG APPLE DESIGN,-1,2011-05-26 11:03:00,1.65,,United Kingdom,-1.65
,22423,REGENCY CAKESTAND 3 TIER,-9,2011-05-26 11:04:00,10.95,13089.0,United Kingdom,-98.55
,84949,SILVER HANGING T-LIGHT HOLDER,-12,2011-05-26 11:04:00,1.45,13089.0,United Kingdom,-17.4
,21929,JUMBO BAG PINK VINTAGE PAISLEY,-1,2011-05-26 11:44:00,1.95,14245.0,United Kingdom,-1.95
,22961,JAM MAKING SET PRINTED,-4,2011-05-26 12:10:00,1.45,14911.0,EIRE,-5.8
,84077,WORLD WAR 2 GLIDERS ASSTD DESIGNS,-96,2011-05-26 12:41:00,0.11,12901.0,United Kingdom,-10.56
,22424,ENAMEL BREAD BIN CREAM,-1,2011-05-26 19:55:00,12.75,16700.0,United Kingdom,-12.75
,22423,REGENCY CAKESTAND 3 TIER,-1,2011-05-26 19:56:00,12.75,12909.0,United Kingdom,-12.75
,23298,SPOTTY BUNTING,-3,2011-05-26 19:56:00,4.95,12909.0,United Kingdom,-14.85
,82484,WOOD BLACK BOARD ANT WHITE FINISH,-1,2011-05-26 19:56:00,7.95,13659.0,United Kingdom,-7.95
,21314,SMALL GLASS HEART TRINKET POT,-1,2011-05-26 19:56:00,2.1,13659.0,United Kingdom,-2.1
,21642,ASSORTED TUTTI FRUTTI PEN,-12,2011-05-26 19:56:00,0.85,13659.0,United Kingdom,-10.2
,85170B,SET/6 BLACK BIRD T-LIGHT CANDLES,-1,2011-05-26 19:56:00,2.1,13659.0,United Kingdom,-2.1
,22055,MINI CAKE STAND  HANGING STRAWBERY,-1,2011-05-26 19:58:00,1.45,17865.0,United Kingdom,-1.45
,22423,REGENCY CAKESTAND 3 TIER,-3,2011-05-26 19:58:00,10.95,17865.0,United Kingdom,-32.85
,21231,SWEETHEART CERAMIC TRINKET BOX,-1,2011-05-26 19:58:00,1.06,17865.0,United Kingdom,-1.06
,21232,STRAWBERRY CERAMIC TRINKET BOX,-2,2011-05-26 19:58:00,1.06,17865.0,United Kingdom,-2.12
,22617,BAKING SET SPACEBOY DESIGN,-1,2011-05-27 09:17:00,4.95,16463.0,United Kingdom,-4.95
554852,21272,?,-212,2011-05-27 09:24:00,0.0,,United Kingdom,-0.0
,21528,DAIRY MAID TRADITIONAL TEAPOT ,-1,2011-05-27 09:55:00,6.95,17166.0,United Kingdom,-6.95
,21534,DAIRY MAID LARGE MILK JUG,-2,2011-05-27 09:55:00,4.95,17166.0,United Kingdom,-9.9
,22784,LANTERN CREAM GAZEBO ,-2,2011-05-27 10:34:00,4.25,13468.0,United Kingdom,-8.5
,22960,JAM MAKING SET WITH JARS,-1,2011-05-27 10:35:00,4.25,15660.0,United Kingdom,-4.25
,22460,EMBOSSED GLASS TEALIGHT HOLDER,-1,2011-05-27 10:35:00,1.25,15660.0,United Kingdom,-1.25
,22962,JAM JAR WITH PINK LID,-4,2011-05-27 10:36:00,0.85,15122.0,United Kingdom,-3.4
,22960,JAM MAKING SET WITH JARS,-1,2011-05-27 10:36:00,4.25,15122.0,United Kingdom,-4.25
,21896,POTTING SHED TWINE,-2,2011-05-27 10:48:00,2.1,13050.0,United Kingdom,-4.2
,82484,WOOD BLACK BOARD ANT WHITE FINISH,-1,2011-05-27 10:48:00,7.95,13050.0,United Kingdom,-7.95
,21937,STRAWBERRY   PICNIC BAG,-1,2011-05-27 10:48:00,2.95,13050.0,United Kingdom,-2.95
,22666,RECIPE BOX PANTRY YELLOW DESIGN,-1,2011-05-27 10:48:00,2.95,13050.0,United Kingdom,-2.95
,21175,GIN + TONIC DIET METAL SIGN,-3,2011-05-27 10:57:00,2.55,15078.0,United Kingdom,-7.65
,21716,BOYS VINTAGE TIN SEASIDE BUCKET,-8,2011-05-27 10:58:00,2.55,18225.0,United Kingdom,-20.4
,84818,DANISH ROSE PHOTO FRAME,-6,2011-05-27 10:58:00,2.55,18225.0,United Kingdom,-15.3
,22960,JAM MAKING SET WITH JARS,-2,2011-05-27 10:58:00,4.25,18225.0,United Kingdom,-8.5
,85099B,JUMBO BAG RED RETROSPOT,-1,2011-05-27 10:59:00,2.08,16341.0,United Kingdom,-2.08
,23155,KNICKERBOCKERGLORY MAGNET ASSORTED ,-2,2011-05-27 10:59:00,0.83,16341.0,United Kingdom,-1.66
,20981,12 PENCILS TALL TUBE WOODLAND,-2,2011-05-27 10:59:00,0.85,16341.0,United Kingdom,-1.7
,23099,FRENCH CARRIAGE LANTERN,-1,2011-05-27 11:00:00,6.65,13988.0,United Kingdom,-6.65
,22767,TRIPLE PHOTO FRAME CORNICE ,-1,2011-05-27 11:02:00,9.95,15615.0,United Kingdom,-9.95
,15044C,PURPLE PAPER PARASOL,-1,2011-05-27 11:17:00,2.95,14191.0,United Kingdom,-2.95
,15044B,BLUE PAPER PARASOL ,-1,2011-05-27 11:17:00,2.95,14191.0,United Kingdom,-2.95
,15044A,PINK PAPER PARASOL ,-1,2011-05-27 11:17:00,2.95,14191.0,United Kingdom,-2.95
,15058A,BLUE POLKADOT GARDEN PARASOL,-2,2011-05-27 11:17:00,7.95,14191.0,United Kingdom,-15.9
554907,40003,,-11,2011-05-27 11:45:00,0.0,,United Kingdom,-0.0
,22197,SMALL POPCORN HOLDER,-1,2011-05-27 12:57:00,0.85,17272.0,United Kingdom,-0.85
,21890,S/6 WOODEN SKITTLES IN COTTON BAG,-1,2011-05-27 12:57:00,3.25,17272.0,United Kingdom,-3.25
,20975,12 PENCILS SMALL TUBE RED RETROSPOT,-24,2011-05-27 12:59:00,0.65,16422.0,United Kingdom,-15.6
554928,21763,,-3,2011-05-27 13:03:00,0.0,,United Kingdom,-0.0
,21648,ASSORTED TUTTI FRUTTI SMALL PURSE,-1,2011-05-27 13:21:00,1.25,17841.0,United Kingdom,-1.25
,21670,BLUE SPOT CERAMIC DRAWER KNOB,-1,2011-05-27 13:21:00,1.25,17841.0,United Kingdom,-1.25
,21671,RED SPOT CERAMIC DRAWER KNOB,-1,2011-05-27 13:21:00,1.25,17841.0,United Kingdom,-1.25
,22682,FRENCH BLUE METAL DOOR SIGN 7,-1,2011-05-27 13:21:00,1.25,17841.0,United Kingdom,-1.25
,23091,ZINC HERB GARDEN CONTAINER,-4,2011-05-27 16:48:00,6.25,14976.0,United Kingdom,-25.0
,47590B,PINK HAPPY BIRTHDAY BUNTING,-20,2011-05-29 12:18:00,4.65,17152.0,United Kingdom,-93.0
,47590A,BLUE HAPPY BIRTHDAY BUNTING,-20,2011-05-29 12:18:00,4.65,17152.0,United Kingdom,-93.0
,23301,GARDENERS KNEELING PAD KEEP CALM ,-48,2011-05-31 09:51:00,1.45,13694.0,United Kingdom,-69.6
,23300,GARDENERS KNEELING PAD CUP OF TEA ,-96,2011-05-31 09:51:00,1.45,13694.0,United Kingdom,-139.2
,23112,PARISIENNE CURIO CABINET,-1,2011-05-31 10:44:00,7.5,12601.0,Germany,-7.5
,22055,MINI CAKE STAND  HANGING STRAWBERY,-3,2011-05-31 10:45:00,1.65,13113.0,United Kingdom,-4.95
,15058B,PINK POLKADOT GARDEN PARASOL,-3,2011-05-31 10:45:00,7.95,13113.0,United Kingdom,-23.85
,15058A,BLUE POLKADOT GARDEN PARASOL,-1,2011-05-31 10:45:00,6.75,13113.0,United Kingdom,-6.75
,22501,PICNIC BASKET WICKER LARGE,-52,2011-05-31 10:45:00,8.5,13113.0,United Kingdom,-442.0
,22859,EASTER TIN BUNNY BOUQUET,-6,2011-05-31 11:29:00,1.65,12431.0,Australia,-9.9
,21843,RED RETROSPOT CAKE STAND,-1,2011-05-31 11:32:00,10.95,14903.0,United Kingdom,-10.95
,22784,LANTERN CREAM GAZEBO ,-1,2011-05-31 11:32:00,4.95,14903.0,United Kingdom,-4.95
,84947,ANTIQUE SILVER TEA GLASS ENGRAVED,-2,2011-05-31 11:32:00,1.25,14903.0,United Kingdom,-2.5
,23175,REGENCY MILK JUG PINK ,-1,2011-05-31 11:44:00,3.25,16837.0,United Kingdom,-3.25
,22848,BREAD BIN DINER STYLE PINK,-1,2011-05-31 13:45:00,16.95,12493.0,France,-16.95
,22726,ALARM CLOCK BAKELIKE GREEN,-1,2011-05-31 14:09:00,3.75,17841.0,United Kingdom,-3.75
,POST,POSTAGE,-2,2011-06-01 10:18:00,18.0,12473.0,Germany,-36.0
,85213,MINI  ZINC GARDEN DECORATIONS ,-1,2011-06-01 11:40:00,0.85,14606.0,United Kingdom,-0.85
,22507,MEMO BOARD RETROSPOT  DESIGN,-1,2011-06-01 11:40:00,4.95,14606.0,United Kingdom,-4.95
,20970,PINK FLORAL FELTCRAFT SHOULDER BAG,-1,2011-06-01 11:40:00,3.75,14606.0,United Kingdom,-3.75
,84978,HANGING HEART JAR T-LIGHT HOLDER,-5,2011-06-01 11:45:00,1.06,17739.0,United Kingdom,-5.3
,22722,SET OF 6 SPICE TINS PANTRY DESIGN,-1,2011-06-01 13:00:00,3.95,15039.0,United Kingdom,-3.95
,22796,PHOTO FRAME 3 CLASSIC HANGING,-4,2011-06-01 14:11:00,9.95,12779.0,Poland,-39.8
,22061,LARGE CAKE STAND  HANGING STRAWBERY,-1,2011-06-01 14:11:00,9.95,12779.0,Poland,-9.95
,21929,JUMBO BAG PINK VINTAGE PAISLEY,-2,2011-06-01 14:11:00,2.08,12779.0,Poland,-4.16
,23108,SET OF 10 LED DOLLY LIGHTS,-1,2011-06-01 14:33:00,6.25,13662.0,United Kingdom,-6.25
,23112,PARISIENNE CURIO CABINET,-2,2011-06-01 14:49:00,7.5,17682.0,United Kingdom,-15.0
,23110,PARISIENNE KEY CABINET ,-1,2011-06-01 15:13:00,5.75,12987.0,United Kingdom,-5.75
,22794,SWEETHEART WIRE MAGAZINE RACK,-1,2011-06-01 15:13:00,7.95,12987.0,United Kingdom,-7.95
,22699,ROSES REGENCY TEACUP AND SAUCER ,-1,2011-06-01 15:14:00,2.95,17820.0,United Kingdom,-2.95
,23174,REGENCY SUGAR BOWL GREEN,-1,2011-06-01 15:14:00,4.15,17820.0,United Kingdom,-4.15
,23175,REGENCY MILK JUG PINK ,-1,2011-06-01 15:17:00,3.25,14740.0,United Kingdom,-3.25
,23173,REGENCY TEAPOT ROSES ,-1,2011-06-01 15:17:00,9.95,14740.0,United Kingdom,-9.95
,22698,PINK REGENCY TEACUP AND SAUCER,-2,2011-06-01 15:17:00,2.95,14740.0,United Kingdom,-5.9
,22699,ROSES REGENCY TEACUP AND SAUCER ,-2,2011-06-01 15:17:00,2.95,14740.0,United Kingdom,-5.9
,22423,REGENCY CAKESTAND 3 TIER,-4,2011-06-01 15:19:00,10.95,17621.0,United Kingdom,-43.8
,22776,SWEETHEART CAKESTAND 3 TIER,-1,2011-06-01 15:21:00,9.95,15955.0,United Kingdom,-9.95
,22839,3 TIER CAKE TIN GREEN AND CREAM,-1,2011-06-01 15:29:00,14.95,12947.0,United Kingdom,-14.95
,22384,LUNCH BAG PINK POLKADOT,-1,2011-06-01 15:37:00,1.65,16873.0,United Kingdom,-1.65
,23298,SPOTTY BUNTING,-3,2011-06-01 15:39:00,4.95,12909.0,United Kingdom,-14.85
,23084,RABBIT NIGHT LIGHT,-1,2011-06-01 16:06:00,2.08,13599.0,United Kingdom,-2.08
,84836,ZINC METAL HEART DECORATION,-23,2011-06-01 16:15:00,1.25,16359.0,United Kingdom,-28.75
,22980,PANTRY SCRUBBING BRUSH,-5,2011-06-01 16:17:00,1.65,18257.0,United Kingdom,-8.25
,23057,BEADED CHANDELIER T-LIGHT HOLDER,-1,2011-06-01 16:17:00,4.95,18257.0,United Kingdom,-4.95
,84970S,HANGING HEART ZINC T-LIGHT HOLDER,-5,2011-06-01 16:21:00,0.85,15140.0,United Kingdom,-4.25
,23172,REGENCY TEA PLATE PINK,-2,2011-06-01 16:26:00,1.65,14338.0,United Kingdom,-3.3
,23081,GREEN METAL BOX ARMY SUPPLIES,-3,2011-06-01 16:26:00,8.25,14338.0,United Kingdom,-24.75
,22386,JUMBO BAG PINK POLKADOT,-10,2011-06-01 16:29:00,2.08,16496.0,United Kingdom,-20.8
,22384,LUNCH BAG PINK POLKADOT,-10,2011-06-01 16:29:00,1.65,16496.0,United Kingdom,-16.5
,21535,RED RETROSPOT SMALL MILK JUG,-2,2011-06-01 16:33:00,2.55,12708.0,Germany,-5.1
,21531,RED RETROSPOT SUGAR JAM BOWL,-1,2011-06-01 16:33:00,2.55,12708.0,Germany,-2.55
,22328,ROUND SNACK BOXES SET OF 4 FRUITS ,-2,2011-06-01 16:33:00,2.95,12708.0,Germany,-5.9
,22326,ROUND SNACK BOXES SET OF4 WOODLAND ,-3,2011-06-01 16:33:00,2.95,12708.0,Germany,-8.85
,23112,PARISIENNE CURIO CABINET,-1,2011-06-01 16:34:00,7.5,14911.0,EIRE,-7.5
,84945,MULTI COLOUR SILVER T-LIGHT HOLDER,-6,2011-06-02 09:57:00,0.85,12431.0,Australia,-5.1
,23079,TOADSTOOL BEDSIDE LIGHT ,-2,2011-06-02 09:57:00,8.95,12431.0,Australia,-17.9
,84755,COLOUR GLASS T-LIGHT HOLDER HANGING,-2,2011-06-02 11:07:00,0.65,16449.0,United Kingdom,-1.3
,22768,FAMILY PHOTO FRAME CORNICE,-2,2011-06-02 11:07:00,9.95,16449.0,United Kingdom,-19.9
,22766,PHOTO FRAME CORNICE,-4,2011-06-02 11:07:00,2.95,16449.0,United Kingdom,-11.8
,23110,PARISIENNE KEY CABINET ,-1,2011-06-02 11:08:00,5.75,15622.0,United Kingdom,-5.75
555330,84804A,wet damaged,-125,2011-06-02 11:11:00,0.0,,United Kingdom,-0.0
555331,84800L,wet damaged,-144,2011-06-02 11:11:00,0.0,,United Kingdom,-0.0
555332,84801A,wet damaged,-48,2011-06-02 11:11:00,0.0,,United Kingdom,-0.0
555333,84805B,wet damaged,-96,2011-06-02 11:12:00,0.0,,United Kingdom,-0.0
555334,84805A,wet damaged,-96,2011-06-02 11:12:00,0.0,,United Kingdom,-0.0
555335,84804B,,-96,2011-06-02 11:13:00,0.0,,United Kingdom,-0.0
,84906,PINK BUTTERFLY CUSHION COVER,-1,2011-06-02 11:13:00,1.95,16729.0,United Kingdom,-1.95
,22413,METAL SIGN TAKE IT OR LEAVE IT ,-6,2011-06-02 11:22:00,2.95,14323.0,United Kingdom,-17.7
,M,Manual,-1,2011-06-02 11:32:00,11.7,16422.0,United Kingdom,-11.7
,85141,JARDIN ETCHED GLASS FRUITBOWL,-4,2011-06-02 11:42:00,3.95,13004.0,United Kingdom,-15.8
,21399,BLUE POLKADOT COFFEE MUG,-48,2011-06-02 11:42:00,0.39,17578.0,United Kingdom,-18.72
,22630,DOLLY GIRL LUNCH BOX,-2,2011-06-02 11:51:00,1.95,13267.0,United Kingdom,-3.9
,22636,CHILDS BREAKFAST SET CIRCUS PARADE,-1,2011-06-02 11:54:00,8.5,12710.0,Germany,-8.5
,22634,CHILDS BREAKFAST SET SPACEBOY ,-1,2011-06-02 11:54:00,9.95,12710.0,Germany,-9.95
,21326,AGED GLASS SILVER T-LIGHT HOLDER,-1,2011-06-02 13:26:00,0.65,16566.0,United Kingdom,-0.65
,35810B,ENAMEL BLUE RIM COFFEE CONTAINER,-12,2011-06-02 13:27:00,0.83,15841.0,United Kingdom,-9.96
,22465,HANGING METAL STAR LANTERN,-12,2011-06-02 13:38:00,1.45,16422.0,United Kingdom,-17.4
,22699,ROSES REGENCY TEACUP AND SAUCER ,-1,2011-06-02 13:43:00,2.95,13854.0,United Kingdom,-2.95
,23168,CLASSIC CAFE SUGAR DISPENSER,-5,2011-06-02 14:06:00,1.25,16133.0,United Kingdom,-6.25
,23169,CLASSIC GLASS COOKIE JAR,-6,2011-06-02 14:06:00,4.15,16133.0,United Kingdom,-24.9
,71053,WHITE METAL LANTERN,-1,2011-06-02 14:12:00,3.75,13308.0,United Kingdom,-3.75
,23165,LARGE CERAMIC TOP STORAGE JAR,-1,2011-06-02 14:12:00,1.65,13308.0,United Kingdom,-1.65
,23111,PARISIENNE SEWING BOX,-1,2011-06-02 14:12:00,12.5,13308.0,United Kingdom,-12.5
,23155,KNICKERBOCKERGLORY MAGNET ASSORTED ,-1,2011-06-02 14:15:00,0.83,15785.0,United Kingdom,-0.83
,21843,RED RETROSPOT CAKE STAND,-1,2011-06-02 14:17:00,10.95,14903.0,United Kingdom,-10.95
,22784,LANTERN CREAM GAZEBO ,-1,2011-06-02 14:17:00,4.95,14903.0,United Kingdom,-4.95
,84947,ANTIQUE SILVER TEA GLASS ENGRAVED,-2,2011-06-02 14:17:00,1.25,14903.0,United Kingdom,-2.5
,23066,SMALL DECO JEWELLERY STAND,-1,2011-06-02 14:24:00,8.25,15791.0,United Kingdom,-8.25
,22355,CHARLOTTE BAG SUKI DESIGN,-2,2011-06-02 14:25:00,0.72,12590.0,Germany,-1.44
,20723,STRAWBERRY CHARLOTTE BAG,-2,2011-06-02 14:25:00,0.72,12590.0,Germany,-1.44
,23199,JUMBO BAG APPLES,-1,2011-06-02 15:20:00,2.08,13534.0,United Kingdom,-2.08
,22411,JUMBO SHOPPER VINTAGE RED PAISLEY,-1,2011-06-02 15:20:00,2.08,13534.0,United Kingdom,-2.08
,22357,KINGS CHOICE BISCUIT TIN,-1,2011-06-02 15:20:00,4.25,13534.0,United Kingdom,-4.25
,21929,JUMBO BAG PINK VINTAGE PAISLEY,-1,2011-06-02 15:20:00,2.08,13534.0,United Kingdom,-2.08
,21155,RED RETROSPOT PEG BAG,-1,2011-06-02 15:20:00,2.55,13534.0,United Kingdom,-2.55
,23175,REGENCY MILK JUG PINK ,-1,2011-06-02 15:23:00,3.25,15194.0,United Kingdom,-3.25
555387,22276,,-59,2011-06-02 15:30:00,0.0,,United Kingdom,-0.0
555391,22501,,-10,2011-06-02 16:29:00,0.0,,United Kingdom,-0.0
,20703,BLUE PADDED SOFT MOBILE,-3,2011-06-02 17:30:00,4.25,17375.0,United Kingdom,-12.75
,22325,MOBILE VINTAGE HEARTS ,-3,2011-06-02 17:30:00,4.95,17375.0,United Kingdom,-14.85
,90147,CHUNKY SILVER NECKLACE PASTEL FLOWE,-2,2011-06-02 18:28:00,9.95,17231.0,United Kingdom,-19.9
,22699,ROSES REGENCY TEACUP AND SAUCER ,-7,2011-06-03 09:18:00,2.55,13854.0,United Kingdom,-17.85
,22694,WICKER STAR ,-40,2011-06-03 09:46:00,2.1,13069.0,United Kingdom,-84.0
,23108,SET OF 10 LED DOLLY LIGHTS,-4,2011-06-03 10:36:00,6.25,12779.0,Poland,-25.0
,22149,FELTCRAFT 6 FLOWER FRIENDS,-1,2011-06-03 12:11:00,2.1,18232.0,United Kingdom,-2.1
,21906,PHARMACIE FIRST AID TIN,-1,2011-06-03 12:11:00,6.75,18232.0,United Kingdom,-6.75
,85040A,S/4 PINK FLOWER CANDLES IN BOWL,-1,2011-06-03 12:11:00,1.65,18232.0,United Kingdom,-1.65
,23169,CLASSIC GLASS COOKIE JAR,-6,2011-06-03 13:21:00,4.15,16484.0,United Kingdom,-24.9
555503,84313C,damaged,-1,2011-06-03 15:39:00,0.0,,United Kingdom,-0.0
555505,79030G,Water damaged,-16,2011-06-03 15:48:00,0.0,,United Kingdom,-0.0
555506,21397,damaged,-57,2011-06-03 16:03:00,0.0,,United Kingdom,-0.0
,22698,PINK REGENCY TEACUP AND SAUCER,-24,2011-06-05 11:45:00,2.95,16923.0,United Kingdom,-70.8
,21623,VINTAGE UNION JACK MEMOBOARD,-1,2011-06-05 12:01:00,9.95,15722.0,United Kingdom,-9.95
,22470,HEART OF WICKER LARGE,-2,2011-06-05 12:01:00,2.95,15722.0,United Kingdom,-5.9
,21361,LOVE LARGE WOOD LETTERS ,-2,2011-06-05 12:01:00,12.75,15722.0,United Kingdom,-25.5
,23146,TRIPLE HOOK ANTIQUE IVORY ROSE,-1,2011-06-05 14:48:00,3.29,17841.0,United Kingdom,-3.29
,15060B,FAIRY CAKE DESIGN UMBRELLA,-1,2011-06-05 14:48:00,3.75,17841.0,United Kingdom,-3.75
,23168,CLASSIC CAFE SUGAR DISPENSER,-1,2011-06-06 10:14:00,1.25,17652.0,United Kingdom,-1.25
,22652,TRAVEL SEWING KIT,-1,2011-06-06 10:14:00,1.65,17652.0,United Kingdom,-1.65
,47013C,WINE BOTTLE DRESSING DARK BLUE,-12,2011-06-06 10:14:00,0.12,17652.0,United Kingdom,-1.44
,23147,SINGLE ANTIQUE ROSE HOOK IVORY,-2,2011-06-06 10:17:00,1.45,17644.0,United Kingdom,-2.9
,23146,TRIPLE HOOK ANTIQUE IVORY ROSE,-4,2011-06-06 10:17:00,3.29,17644.0,United Kingdom,-13.16
,D,Discount,-1,2011-06-06 10:19:00,42.0,15796.0,United Kingdom,-42.0
,22699,ROSES REGENCY TEACUP AND SAUCER ,-1,2011-06-06 10:57:00,2.95,15095.0,United Kingdom,-2.95
,22698,PINK REGENCY TEACUP AND SAUCER,-1,2011-06-06 10:57:00,2.95,15095.0,United Kingdom,-2.95
,22826,LOVE SEAT ANTIQUE WHITE METAL,-1,2011-06-06 10:59:00,195.0,17190.0,United Kingdom,-195.0
,23200,JUMBO BAG PEARS,-10,2011-06-06 11:17:00,2.08,12633.0,Germany,-20.8
,23204,CHARLOTTE BAG APPLES DESIGN,-3,2011-06-06 11:17:00,0.85,12633.0,Germany,-2.55
,22971,QUEENS GUARD COFFEE MUG,-2,2011-06-06 11:38:00,2.55,15281.0,United Kingdom,-5.1
,22320,BIRDS MOBILE VINTAGE DESIGN,-3,2011-06-06 11:38:00,5.95,15281.0,United Kingdom,-17.85
,22784,LANTERN CREAM GAZEBO ,-1,2011-06-06 11:38:00,4.95,15281.0,United Kingdom,-4.95
,22270,HAPPY EASTER HANGING DECORATION,-4,2011-06-06 12:04:00,3.75,14543.0,United Kingdom,-15.0
,79321,CHILLI LIGHTS,-4,2011-06-06 12:33:00,5.75,15073.0,United Kingdom,-23.0
,47566,PARTY BUNTING,-4,2011-06-06 12:33:00,4.95,15073.0,United Kingdom,-19.8
,23140,TRIPLE WIRE HOOK IVORY HEART,-12,2011-06-06 12:33:00,4.15,15073.0,United Kingdom,-49.8
,23138,SINGLE WIRE HOOK IVORY HEART,-12,2011-06-06 12:33:00,1.45,15073.0,United Kingdom,-17.4
,23108,SET OF 10 LED DOLLY LIGHTS,-12,2011-06-06 12:33:00,5.39,15073.0,United Kingdom,-64.68
,23099,FRENCH CARRIAGE LANTERN,-4,2011-06-06 12:33:00,6.65,15073.0,United Kingdom,-26.6
,22855,FINE WICKER HEART ,-12,2011-06-06 12:33:00,1.25,15073.0,United Kingdom,-15.0
,22686,FRENCH BLUE METAL DOOR SIGN No,-12,2011-06-06 12:33:00,1.25,15073.0,United Kingdom,-15.0
,22685,FRENCH BLUE METAL DOOR SIGN 0,-10,2011-06-06 12:33:00,1.25,15073.0,United Kingdom,-12.5
,22684,FRENCH BLUE METAL DOOR SIGN 9,-10,2011-06-06 12:33:00,1.25,15073.0,United Kingdom,-12.5
,22683,FRENCH BLUE METAL DOOR SIGN 8,-10,2011-06-06 12:33:00,1.25,15073.0,United Kingdom,-12.5
,22682,FRENCH BLUE METAL DOOR SIGN 7,-10,2011-06-06 12:33:00,1.25,15073.0,United Kingdom,-12.5
,22681,FRENCH BLUE METAL DOOR SIGN 6,-10,2011-06-06 12:33:00,1.25,15073.0,United Kingdom,-12.5
,22680,FRENCH BLUE METAL DOOR SIGN 5,-10,2011-06-06 12:33:00,1.25,15073.0,United Kingdom,-12.5
,22679,FRENCH BLUE METAL DOOR SIGN 4,-10,2011-06-06 12:33:00,1.25,15073.0,United Kingdom,-12.5
,22678,FRENCH BLUE METAL DOOR SIGN 3,-10,2011-06-06 12:33:00,1.25,15073.0,United Kingdom,-12.5
,22677,FRENCH BLUE METAL DOOR SIGN 2,-10,2011-06-06 12:33:00,1.25,15073.0,United Kingdom,-12.5
,22676,FRENCH BLUE METAL DOOR SIGN 1,-10,2011-06-06 12:33:00,1.25,15073.0,United Kingdom,-12.5
,22675,FRENCH KITCHEN SIGN BLUE METAL,-12,2011-06-06 12:33:00,1.25,15073.0,United Kingdom,-15.0
,22674,FRENCH TOILET SIGN BLUE METAL,-12,2011-06-06 12:33:00,1.25,15073.0,United Kingdom,-15.0
,22673,FRENCH GARDEN SIGN BLUE METAL,-12,2011-06-06 12:33:00,1.25,15073.0,United Kingdom,-15.0
,21770,OPEN CLOSED METAL SIGN,-6,2011-06-06 12:33:00,4.95,15073.0,United Kingdom,-29.7
,22766,PHOTO FRAME CORNICE,-1,2011-06-06 12:58:00,2.95,13458.0,United Kingdom,-2.95
,21754,HOME BUILDING BLOCK WORD,-1,2011-06-06 12:58:00,5.95,13458.0,United Kingdom,-5.95
,22784,LANTERN CREAM GAZEBO ,-2,2011-06-06 12:58:00,4.95,13458.0,United Kingdom,-9.9
,22501,PICNIC BASKET WICKER LARGE,-1,2011-06-06 13:22:00,9.95,16520.0,United Kingdom,-9.95
,84946,ANTIQUE SILVER T-LIGHT GLASS,-6,2011-06-06 14:11:00,1.06,13094.0,United Kingdom,-6.36
,22171,3 HOOK PHOTO SHELF ANTIQUE WHITE,-2,2011-06-06 16:21:00,8.5,15737.0,United Kingdom,-17.0
,22171,3 HOOK PHOTO SHELF ANTIQUE WHITE,-2,2011-06-06 16:21:00,8.5,15737.0,United Kingdom,-17.0
,23112,PARISIENNE CURIO CABINET,-2,2011-06-06 16:24:00,7.5,15737.0,United Kingdom,-15.0
,22171,3 HOOK PHOTO SHELF ANTIQUE WHITE,-2,2011-06-06 16:24:00,8.5,15737.0,United Kingdom,-17.0
,23094,LE GRAND TRAY CHIC SET,-1,2011-06-06 16:50:00,12.5,13552.0,United Kingdom,-12.5
,23118,PARISIENNE JEWELLERY DRAWER ,-1,2011-06-06 16:50:00,7.5,13552.0,United Kingdom,-7.5
,23111,PARISIENNE SEWING BOX,-8,2011-06-06 16:50:00,10.4,13552.0,United Kingdom,-83.2
,23110,PARISIENNE KEY CABINET ,-1,2011-06-06 16:50:00,5.75,13552.0,United Kingdom,-5.75
,23093,SMALL PARISIENNE HEART PHOTO FRAME ,-1,2011-06-06 16:50:00,2.49,13552.0,United Kingdom,-2.49
,23092,LARGE ANTIQUE WHITE PHOTO FRAME,-1,2011-06-06 16:50:00,7.9,13552.0,United Kingdom,-7.9
,22768,FAMILY PHOTO FRAME CORNICE,-1,2011-06-06 16:50:00,9.95,13552.0,United Kingdom,-9.95
,22842,BISCUIT TIN VINTAGE RED,-1,2011-06-06 16:51:00,6.75,14625.0,United Kingdom,-6.75
555821,21399,,-116,2011-06-07 12:01:00,0.0,,United Kingdom,-0.0
555822,35809A,,-13,2011-06-07 12:04:00,0.0,,United Kingdom,-0.0
555823,47021G,,-52,2011-06-07 12:06:00,0.0,,United Kingdom,-0.0
555824,21043,,-12,2011-06-07 12:06:00,0.0,,United Kingdom,-0.0
555838,22966,,-6,2011-06-07 12:37:00,0.0,,United Kingdom,-0.0
,22891,TEA FOR ONE POLKADOT,-2,2011-06-07 12:37:00,4.25,16092.0,United Kingdom,-8.5
,22847,BREAD BIN DINER STYLE IVORY,-1,2011-06-07 14:24:00,16.95,16763.0,United Kingdom,-16.95
,23174,REGENCY SUGAR BOWL GREEN,-2,2011-06-07 14:29:00,4.15,15189.0,United Kingdom,-8.3
,23084,RABBIT NIGHT LIGHT,-5,2011-06-07 14:29:00,2.08,15189.0,United Kingdom,-10.4
,23110,PARISIENNE KEY CABINET ,-1,2011-06-07 14:29:00,5.75,15189.0,United Kingdom,-5.75
,22361,GLASS JAR DAISY FRESH COTTON WOOL,-1,2011-06-07 15:12:00,2.95,15498.0,United Kingdom,-2.95
,21735,TWO DOOR CURIO CABINET,-1,2011-06-07 15:12:00,12.75,15498.0,United Kingdom,-12.75
,23080,RED METAL BOX TOP SECRET,-1,2011-06-07 15:14:00,8.25,17162.0,United Kingdom,-8.25
,82486,WOOD S/3 CABINET ANT WHITE FINISH,-1,2011-06-07 15:28:00,8.15,16218.0,United Kingdom,-8.15
,23147,SINGLE ANTIQUE ROSE HOOK IVORY,-2,2011-06-07 15:28:00,1.45,16218.0,United Kingdom,-2.9
,23146,TRIPLE HOOK ANTIQUE IVORY ROSE,-4,2011-06-07 15:28:00,3.29,16218.0,United Kingdom,-13.16
,22646,CERAMIC STRAWBERRY CAKE MONEY BANK,-1,2011-06-07 15:28:00,1.45,16218.0,United Kingdom,-1.45
,21232,STRAWBERRY CERAMIC TRINKET BOX,-2,2011-06-07 15:28:00,1.25,16218.0,United Kingdom,-2.5
,23089,GLASS BON BON JAR,-1,2011-06-07 15:28:00,1.65,16218.0,United Kingdom,-1.65
,15056BL,EDWARDIAN PARASOL BLACK,-1,2011-06-07 15:31:00,4.95,14292.0,United Kingdom,-4.95
,23169,CLASSIC GLASS COOKIE JAR,-1,2011-06-07 15:32:00,4.15,15643.0,United Kingdom,-4.15
,22556,PLASTERS IN TIN CIRCUS PARADE ,-1,2011-06-07 15:37:00,1.65,12473.0,Germany,-1.65
,22328,ROUND SNACK BOXES SET OF 4 FRUITS ,-1,2011-06-07 15:37:00,2.95,12473.0,Germany,-2.95
,21918,SET 12 KIDS COLOUR  CHALK STICKS,-3,2011-06-07 15:37:00,0.42,12473.0,Germany,-1.26
,21498,RED RETROSPOT WRAP ,-25,2011-06-07 15:37:00,0.42,12473.0,Germany,-10.5
,20981,12 PENCILS TALL TUBE WOODLAND,-4,2011-06-07 15:37:00,0.85,12473.0,Germany,-3.4
,22704,WRAP RED APPLES ,-25,2011-06-07 15:37:00,0.42,12473.0,Germany,-10.5
,22907,PACK OF 20 NAPKINS PANTRY DESIGN,-12,2011-06-07 15:37:00,0.85,12473.0,Germany,-10.2
,22842,BISCUIT TIN VINTAGE RED,-1,2011-06-07 15:40:00,6.75,14625.0,United Kingdom,-6.75
,23169,CLASSIC GLASS COOKIE JAR,-3,2011-06-07 15:42:00,4.15,13862.0,United Kingdom,-12.45
,22978,PANTRY ROLLING PIN,-1,2011-06-07 15:50:00,3.75,14842.0,United Kingdom,-3.75
,22193,RED DINER WALL CLOCK,-1,2011-06-07 15:50:00,8.5,14842.0,United Kingdom,-8.5
,22656,VINTAGE BLUE KITCHEN CABINET,-1,2011-06-07 16:01:00,125.0,13476.0,United Kingdom,-125.0
,21749,LARGE RED RETROSPOT WINDMILL,-1,2011-06-07 16:03:00,2.1,14227.0,United Kingdom,-2.1
,23165,LARGE CERAMIC TOP STORAGE JAR,-1,2011-06-07 16:08:00,1.65,15687.0,United Kingdom,-1.65
,23232,WRAP VINTAGE PETALS  DESIGN,-25,2011-06-08 09:14:00,0.42,12567.0,France,-10.5
,23208,LUNCH BAG VINTAGE LEAF DESIGN,-10,2011-06-08 09:14:00,1.65,12567.0,France,-16.5
,23207,LUNCH BAG ALPHABET DESIGN,-10,2011-06-08 09:14:00,1.65,12567.0,France,-16.5
,23206,LUNCH BAG APPLE DESIGN,-20,2011-06-08 09:14:00,1.65,12567.0,France,-33.0
,23076,ICE CREAM SUNDAE LIP GLOSS,-24,2011-06-08 09:14:00,1.25,12567.0,France,-30.0
,23049,RECYCLED ACAPULCO MAT RED,-2,2011-06-08 09:14:00,8.25,12567.0,France,-16.5
,22705,WRAP GREEN PEARS ,-25,2011-06-08 09:14:00,0.42,12567.0,France,-10.5
,22628,PICNIC BOXES SET OF 3 RETROSPOT ,-4,2011-06-08 09:14:00,4.95,12567.0,France,-19.8
,22456,NATURAL SLATE CHALKBOARD LARGE ,-6,2011-06-08 09:14:00,4.95,12567.0,France,-29.7
,22432,WATERING CAN PINK BUNNY,-6,2011-06-08 09:14:00,1.95,12567.0,France,-11.7
,22431,WATERING CAN BLUE ELEPHANT,-6,2011-06-08 09:14:00,1.95,12567.0,France,-11.7
,22382,LUNCH BAG SPACEBOY DESIGN ,-10,2011-06-08 09:14:00,1.65,12567.0,France,-16.5
,22328,ROUND SNACK BOXES SET OF 4 FRUITS ,-6,2011-06-08 09:14:00,2.95,12567.0,France,-17.7
,21090,SET/6 COLLAGE PAPER PLATES,-12,2011-06-08 09:14:00,0.39,12567.0,France,-4.68
,21084,SET/6 COLLAGE PAPER CUPS,-24,2011-06-08 09:14:00,0.19,12567.0,France,-4.56
,20979,36 PENCILS TUBE RED RETROSPOT,-16,2011-06-08 09:14:00,1.25,12567.0,France,-20.0
,20726,LUNCH BAG WOODLAND,-10,2011-06-08 09:14:00,1.65,12567.0,France,-16.5
556012,15044B,,-27,2011-06-08 11:45:00,0.0,,United Kingdom,-0.0
,23155,KNICKERBOCKERGLORY MAGNET ASSORTED ,-6,2011-06-08 11:45:00,0.83,14475.0,United Kingdom,-4.98
556013,21662,,-17,2011-06-08 11:46:00,0.0,,United Kingdom,-0.0
556014,37476,,-3,2011-06-08 11:46:00,0.0,,United Kingdom,-0.0
556015,37501,,-13,2011-06-08 11:50:00,0.0,,United Kingdom,-0.0
,D,Discount,-1,2011-06-08 12:37:00,20.92,14527.0,United Kingdom,-20.92
556046,21890,missing,-140,2011-06-08 12:56:00,0.0,,United Kingdom,-0.0
,22456,NATURAL SLATE CHALKBOARD LARGE ,-1,2011-06-08 13:50:00,4.95,14221.0,United Kingdom,-4.95
556061,20906,,-21,2011-06-08 14:04:00,0.0,,United Kingdom,-0.0
556069,84226,,-34,2011-06-08 14:41:00,0.0,,United Kingdom,-0.0
556074,22519,,-19,2011-06-08 15:14:00,0.0,,United Kingdom,-0.0
,23084,RABBIT NIGHT LIGHT,-1,2011-06-08 15:29:00,2.08,13599.0,United Kingdom,-2.08
,23169,CLASSIC GLASS COOKIE JAR,-1,2011-06-08 16:06:00,4.15,15643.0,United Kingdom,-4.15
,47503A,ASS FLORAL PRINT MULTI SCREWDRIVER,-12,2011-06-09 09:44:00,1.25,12802.0,Netherlands,-15.0
556122,85019C,Damaged,-108,2011-06-09 10:12:00,0.0,,United Kingdom,-0.0
556123,22272,Damaged,-15,2011-06-09 10:13:00,0.0,,United Kingdom,-0.0
556124,17007B,,-4,2011-06-09 10:14:00,0.0,,United Kingdom,-0.0
556232,21135,sold as set on dotcom,-304,2011-06-09 15:15:00,0.0,,United Kingdom,-0.0
556233,21136,sold as set on dotcom,-272,2011-06-09 15:20:00,0.0,,United Kingdom,-0.0
556242,21700,sold as set on dotcom and amazon,-1206,2011-06-09 16:06:00,0.0,,United Kingdom,-0.0
556260,37340,sold as set on dotcom,-18,2011-06-09 18:02:00,0.0,,United Kingdom,-0.0
556261,79051A,sold as set on dotcom,-6,2011-06-09 18:03:00,0.0,,United Kingdom,-0.0
556262,37327,sold as set on dotcom,-95,2011-06-09 18:04:00,0.0,,United Kingdom,-0.0
,D,Discount,-1,2011-06-09 19:24:00,28.04,16684.0,United Kingdom,-28.04
,20723,STRAWBERRY CHARLOTTE BAG,-1,2011-06-09 19:34:00,0.85,13317.0,United Kingdom,-0.85
,22776,SWEETHEART CAKESTAND 3 TIER,-2,2011-06-09 19:34:00,9.95,13317.0,United Kingdom,-19.9
,22699,ROSES REGENCY TEACUP AND SAUCER ,-1,2011-06-09 19:34:00,2.95,13317.0,United Kingdom,-2.95
,22072,RED RETROSPOT TEA CUP AND SAUCER ,-6,2011-06-09 19:34:00,3.75,13317.0,United Kingdom,-22.5
,22180,RETROSPOT LAMP,-1,2011-06-09 19:34:00,9.95,13317.0,United Kingdom,-9.95
,85066,CREAM SWEETHEART MINI CHEST,-2,2011-06-09 19:34:00,12.75,13317.0,United Kingdom,-25.5
,84978,HANGING HEART JAR T-LIGHT HOLDER,-1,2011-06-09 19:34:00,1.25,13317.0,United Kingdom,-1.25
,20794,BLUE  TILE HOOK,-8,2011-06-09 19:36:00,2.55,13456.0,United Kingdom,-20.4
,22636,CHILDS BREAKFAST SET CIRCUS PARADE,-1,2011-06-09 19:36:00,8.5,13456.0,United Kingdom,-8.5
,21520,BOOZE & WOMEN GREETING CARD ,-2,2011-06-09 19:37:00,0.42,14232.0,United Kingdom,-0.84
,22766,PHOTO FRAME CORNICE,-3,2011-06-09 19:43:00,2.95,15159.0,United Kingdom,-8.85
,23302,KNEELING MAT HOUSEWORK  DESIGN,-4,2011-06-09 19:44:00,1.65,13534.0,United Kingdom,-6.6
,M,Manual,-1,2011-06-09 19:46:00,600.0,15299.0,United Kingdom,-600.0
,22333,RETROSPOT PARTY BAG + STICKER SET,-6,2011-06-09 19:48:00,1.65,13115.0,United Kingdom,-9.9
,78033,FLAG OF ST GEORGE CHAIR,-1,2011-06-09 19:48:00,5.95,14696.0,United Kingdom,-5.95
,79163,BLACK CHAMPAGNE GLASS,-2,2011-06-09 19:48:00,0.39,14696.0,United Kingdom,-0.78
,82001S,VINYL RECORD FRAME SILVER,-1,2011-06-09 19:52:00,3.39,12980.0,United Kingdom,-3.39
,84078A,SET/4 WHITE RETRO STORAGE CUBES ,-2,2011-06-09 19:52:00,34.95,12980.0,United Kingdom,-69.9
,23181,BULL DOG BOTTLE TOP WALL CLOCK,-1,2011-06-09 19:53:00,8.25,13462.0,United Kingdom,-8.25
,POST,POSTAGE,-1,2011-06-09 20:32:00,4.05,14040.0,United Kingdom,-4.05
556286,16052,,-16,2011-06-10 09:22:00,0.0,,United Kingdom,-0.0
556287,16043,,-45,2011-06-10 09:22:00,0.0,,United Kingdom,-0.0
556289,20823,,-102,2011-06-10 09:23:00,0.0,,United Kingdom,-0.0
556292,21472,,-1,2011-06-10 09:24:00,0.0,,United Kingdom,-0.0
,85123A,WHITE HANGING HEART T-LIGHT HOLDER,-18,2011-06-10 09:30:00,2.95,13094.0,United Kingdom,-53.1
,84946,ANTIQUE SILVER T-LIGHT GLASS,-72,2011-06-10 09:30:00,1.06,13094.0,United Kingdom,-76.32
,22791,T-LIGHT GLASS FLUTED ANTIQUE,-72,2011-06-10 09:30:00,1.06,13094.0,United Kingdom,-76.32
,22960,JAM MAKING SET WITH JARS,-2,2011-06-10 09:34:00,4.25,15108.0,European Community,-8.5
,23209,LUNCH BAG DOILEY PATTERN ,-1,2011-06-10 09:37:00,1.65,13662.0,United Kingdom,-1.65
,22797,CHEST OF DRAWERS GINGHAM HEART ,-1,2011-06-10 09:55:00,16.95,15609.0,United Kingdom,-16.95
,23110,PARISIENNE KEY CABINET ,-2,2011-06-10 09:55:00,5.75,15609.0,United Kingdom,-11.5
556299,21937,?,-161,2011-06-10 10:17:00,0.0,,United Kingdom,-0.0
556300,20735,,-472,2011-06-10 10:18:00,0.0,,United Kingdom,-0.0
556301,22968,water damage,-50,2011-06-10 10:18:00,0.0,,United Kingdom,-0.0
556306,37479B,sold as set by dotcom,-30,2011-06-10 10:38:00,0.0,,United Kingdom,-0.0
556307,37479P,sold as set on dotcom,-30,2011-06-10 10:39:00,0.0,,United Kingdom,-0.0
556308,22130,sold as set on dotcom,-390,2011-06-10 10:43:00,0.0,,United Kingdom,-0.0
556309,22856,sold as set on dotcom,-30,2011-06-10 10:44:00,0.0,,United Kingdom,-0.0
556310,22944,sold as set on dotcom,-42,2011-06-10 10:44:00,0.0,,United Kingdom,-0.0
556311,37471,sold as set on dotcom,-12,2011-06-10 10:45:00,0.0,,United Kingdom,-0.0
556312,22924,sold as set on dotcom,-30,2011-06-10 10:46:00,0.0,,United Kingdom,-0.0
556313,22923,sold as set on dotcom,-12,2011-06-10 10:46:00,0.0,,United Kingdom,-0.0
556314,23155,sold as set on dotcom,-84,2011-06-10 10:47:00,0.0,,United Kingdom,-0.0
556315,22948,sold as set on dotcom,-108,2011-06-10 10:47:00,0.0,,United Kingdom,-0.0
556316,22128,sold as set on dotcom,-24,2011-06-10 10:48:00,0.0,,United Kingdom,-0.0
556317,22857,sold as set on dotcom,-48,2011-06-10 10:48:00,0.0,,United Kingdom,-0.0
556319,22945,sold as set on dotcom,-618,2011-06-10 10:49:00,0.0,,United Kingdom,-0.0
556320,22922,sold as set on dotcom,-42,2011-06-10 10:50:00,0.0,,United Kingdom,-0.0
556321,79163,sold as set on dotcom,-24,2011-06-10 10:50:00,0.0,,United Kingdom,-0.0
556322,22915,sold as set on dotcom,-204,2011-06-10 10:51:00,0.0,,United Kingdom,-0.0
,POST,POSTAGE,-1,2011-06-10 11:15:00,5.0,14287.0,United Kingdom,-5.0
,21787,RAIN PONCHO RETROSPOT,-24,2011-06-10 11:15:00,0.85,14287.0,United Kingdom,-20.4
,21700,BIG DOUGHNUT FRIDGE MAGNETS,-36,2011-06-10 11:22:00,0.85,17659.0,United Kingdom,-30.6
,22327,ROUND SNACK BOXES SET OF 4 SKULLS,-2,2011-06-10 12:14:00,2.95,13985.0,United Kingdom,-5.9
,22456,NATURAL SLATE CHALKBOARD LARGE ,-6,2011-06-10 12:14:00,4.95,13985.0,United Kingdom,-29.7
,21559,STRAWBERRY LUNCH BOX WITH CUTLERY,-1,2011-06-10 14:28:00,2.55,16358.0,United Kingdom,-2.55
,M,Manual,-1,2011-06-10 15:31:00,38970.0,15098.0,United Kingdom,-38970.0
,22502,PICNIC BASKET WICKER SMALL,-60,2011-06-10 15:39:00,4.95,15098.0,United Kingdom,-297.0
,21622,VINTAGE UNION JACK CUSHION COVER,-6,2011-06-10 16:33:00,4.95,14525.0,United Kingdom,-29.7
,72760B,VINTAGE CREAM 3 BASKET CAKE STAND,-1,2011-06-10 16:50:00,4.65,15856.0,United Kingdom,-4.65
,21843,RED RETROSPOT CAKE STAND,-1,2011-06-10 16:50:00,10.95,15856.0,United Kingdom,-10.95
,37449,CERAMIC CAKE STAND + HANGING CAKES,-5,2011-06-10 16:50:00,6.75,15856.0,United Kingdom,-33.75
,21786,POLKADOT RAIN HAT ,-22,2011-06-10 17:21:00,0.42,15491.0,United Kingdom,-9.24
,82483,WOOD 2 DRAWER CABINET WHITE FINISH,-1,2011-06-12 14:56:00,6.95,17802.0,United Kingdom,-6.95
,21429,RED GINGHAM ROSE JEWELLERY BOX,-3,2011-06-12 14:56:00,1.95,17802.0,United Kingdom,-5.85
,21900,"KEY FOB , SHED",-1,2011-06-12 14:56:00,0.65,17802.0,United Kingdom,-0.65
,21899,"KEY FOB , GARAGE DESIGN",-1,2011-06-12 14:56:00,0.65,17802.0,United Kingdom,-0.65
,82486,WOOD S/3 CABINET ANT WHITE FINISH,-1,2011-06-12 14:56:00,8.95,17802.0,United Kingdom,-8.95
,22662,LUNCH BAG DOLLY GIRL DESIGN,-1,2011-06-12 14:56:00,1.65,17802.0,United Kingdom,-1.65
,22171,3 HOOK PHOTO SHELF ANTIQUE WHITE,-1,2011-06-12 14:56:00,8.5,17802.0,United Kingdom,-8.5
,23228,FILIGREE HEART BIRD WHITE ,-144,2011-06-13 10:42:00,1.04,16525.0,United Kingdom,-149.76
,20901,VINTAGE KEEPSAKE BOX PINK FLOWER,-2,2011-06-13 10:53:00,6.35,16794.0,United Kingdom,-12.7
,22920,HERB MARKER BASIL,-1515,2011-06-13 11:21:00,0.55,16938.0,United Kingdom,-833.25
,22501,PICNIC BASKET WICKER LARGE,-3,2011-06-13 11:42:00,9.95,18109.0,United Kingdom,-29.85
,79000,MOROCCAN TEA GLASS,-4,2011-06-13 11:53:00,0.65,13856.0,United Kingdom,-2.6
,23082,SET 6 PAPER TABLE LANTERN HEARTS ,-1,2011-06-13 11:53:00,3.75,13856.0,United Kingdom,-3.75
,82486,WOOD S/3 CABINET ANT WHITE FINISH,-1,2011-06-13 12:23:00,8.95,17169.0,United Kingdom,-8.95
,23103,JINGLE BELL HEART DECORATION,-1,2011-06-13 12:23:00,1.65,17169.0,United Kingdom,-1.65
,22464,HANGING METAL HEART LANTERN,-1,2011-06-13 12:23:00,1.65,17169.0,United Kingdom,-1.65
,21216,"SET 3 RETROSPOT TEA,COFFEE,SUGAR",-2,2011-06-13 15:10:00,4.95,17696.0,United Kingdom,-9.9
,84971S,SMALL HEART FLOWERS HOOK ,-1,2011-06-13 15:10:00,0.85,17696.0,United Kingdom,-0.85
,22730,ALARM CLOCK BAKELIKE IVORY,-2,2011-06-13 15:22:00,3.75,17675.0,United Kingdom,-7.5
,23089,GLASS BON BON JAR,-2,2011-06-13 15:25:00,1.65,13505.0,Switzerland,-3.3
,22699,ROSES REGENCY TEACUP AND SAUCER ,-1,2011-06-13 15:25:00,2.95,13505.0,Switzerland,-2.95
,22697,GREEN REGENCY TEACUP AND SAUCER,-1,2011-06-13 15:25:00,2.95,13505.0,Switzerland,-2.95
,22423,REGENCY CAKESTAND 3 TIER,-1,2011-06-13 15:25:00,12.75,13505.0,Switzerland,-12.75
,23168,CLASSIC CAFE SUGAR DISPENSER,-5,2011-06-13 15:32:00,1.25,15382.0,United Kingdom,-6.25
,22090,PAPER BUNTING RETROSPOT,-2,2011-06-13 15:32:00,2.95,15382.0,United Kingdom,-5.9
,22088,PAPER BUNTING COLOURED LACE,-1,2011-06-13 15:32:00,2.95,15382.0,United Kingdom,-2.95
,84078A,SET/4 WHITE RETRO STORAGE CUBES ,-2,2011-06-13 15:35:00,39.95,14231.0,United Kingdom,-79.9
,23082,SET 6 PAPER TABLE LANTERN HEARTS ,-5,2011-06-13 15:37:00,3.75,13856.0,United Kingdom,-18.75
,22283,6 EGG HOUSE PAINTED WOOD,-2,2011-06-13 15:44:00,7.95,13148.0,United Kingdom,-15.9
,21735,TWO DOOR CURIO CABINET,-2,2011-06-13 15:44:00,12.75,13148.0,United Kingdom,-25.5
,22191,IVORY DINER WALL CLOCK,-1,2011-06-13 15:44:00,8.5,13148.0,United Kingdom,-8.5
,23147,SINGLE ANTIQUE ROSE HOOK IVORY,-2,2011-06-13 15:44:00,1.45,13148.0,United Kingdom,-2.9
,23148,MINIATURE ANTIQUE ROSE HOOK IVORY,-1,2011-06-13 15:44:00,0.83,13148.0,United Kingdom,-0.83
,23146,TRIPLE HOOK ANTIQUE IVORY ROSE,-2,2011-06-13 15:48:00,3.29,17841.0,United Kingdom,-6.58
,22893,MINI CAKE STAND T-LIGHT HOLDER,-2,2011-06-13 15:48:00,0.42,17841.0,United Kingdom,-0.84
,21452,TOADSTOOL MONEY BOX,-1,2011-06-13 15:48:00,2.95,17841.0,United Kingdom,-2.95
,22423,REGENCY CAKESTAND 3 TIER,-1,2011-06-13 16:06:00,12.75,17115.0,United Kingdom,-12.75
,22699,ROSES REGENCY TEACUP AND SAUCER ,-1,2011-06-13 16:06:00,2.95,17115.0,United Kingdom,-2.95
,22430,ENAMEL WATERING CAN CREAM,-1,2011-06-13 16:06:00,4.95,17115.0,United Kingdom,-4.95
,71477,COLOUR GLASS. STAR T-LIGHT HOLDER,-1,2011-06-13 16:08:00,2.75,13771.0,United Kingdom,-2.75
,23169,CLASSIC GLASS COOKIE JAR,-2,2011-06-13 16:10:00,4.15,18221.0,United Kingdom,-8.3
,22993,SET OF 4 PANTRY JELLY MOULDS,-12,2011-06-13 16:14:00,1.25,13012.0,United Kingdom,-15.0
,22502,PICNIC BASKET WICKER SMALL,-4,2011-06-13 16:14:00,5.95,13012.0,United Kingdom,-23.8
,22501,PICNIC BASKET WICKER LARGE,-4,2011-06-13 16:14:00,9.95,13012.0,United Kingdom,-39.8
,22488,NATURAL SLATE RECTANGLE CHALKBOARD,-12,2011-06-13 16:14:00,1.65,13012.0,United Kingdom,-19.8
,22456,NATURAL SLATE CHALKBOARD LARGE ,-3,2011-06-13 16:14:00,4.95,13012.0,United Kingdom,-14.85
,22424,ENAMEL BREAD BIN CREAM,-1,2011-06-13 16:14:00,12.75,13012.0,United Kingdom,-12.75
,21878,PACK OF 6 SANDCASTLE FLAGS ASSORTED,-12,2011-06-13 16:14:00,0.85,13012.0,United Kingdom,-10.2
,21870,I CAN ONLY PLEASE ONE PERSON MUG,-12,2011-06-13 16:14:00,1.25,13012.0,United Kingdom,-15.0
,21703,BAG 125g SWIRLY MARBLES,-12,2011-06-13 16:14:00,0.42,13012.0,United Kingdom,-5.04
,21231,SWEETHEART CERAMIC TRINKET BOX,-12,2011-06-13 16:14:00,1.25,13012.0,United Kingdom,-15.0
,21181,PLEASE ONE PERSON METAL SIGN,-12,2011-06-13 16:14:00,2.1,13012.0,United Kingdom,-25.2
,21175,GIN + TONIC DIET METAL SIGN,-12,2011-06-13 16:14:00,2.55,13012.0,United Kingdom,-30.6
,21169,YOU'RE CONFUSING ME METAL SIGN ,-12,2011-06-13 16:14:00,1.69,13012.0,United Kingdom,-20.28
,20750,RED RETROSPOT MINI CASES,-2,2011-06-13 16:14:00,7.95,13012.0,United Kingdom,-15.9
,82583,HOT BATHS METAL SIGN,-24,2011-06-13 16:14:00,2.1,13012.0,United Kingdom,-50.4
,23081,GREEN METAL BOX ARMY SUPPLIES,-2,2011-06-13 16:14:00,8.25,13012.0,United Kingdom,-16.5
,37495,FAIRY CAKE BIRTHDAY CANDLE SET,-2,2011-06-13 16:15:00,3.75,16038.0,United Kingdom,-7.5
,22061,LARGE CAKE STAND  HANGING STRAWBERY,-1,2011-06-13 16:15:00,9.95,16038.0,United Kingdom,-9.95
,23108,SET OF 10 LED DOLLY LIGHTS,-2,2011-06-13 16:15:00,6.25,15238.0,United Kingdom,-12.5
,22832,BROCANTE SHELF WITH HOOKS,-1,2011-06-13 16:21:00,10.75,13148.0,United Kingdom,-10.75
,22796,PHOTO FRAME 3 CLASSIC HANGING,-4,2011-06-13 16:21:00,9.95,13148.0,United Kingdom,-39.8
,22457,NATURAL SLATE HEART CHALKBOARD ,-1,2011-06-13 16:21:00,2.95,13148.0,United Kingdom,-2.95
,84978,HANGING HEART JAR T-LIGHT HOLDER,-4,2011-06-13 16:21:00,1.25,13148.0,United Kingdom,-5.0
,21314,SMALL GLASS HEART TRINKET POT,-2,2011-06-13 16:21:00,2.1,13148.0,United Kingdom,-4.2
,22963,JAM JAR WITH GREEN LID,-6,2011-06-13 16:26:00,0.85,15827.0,United Kingdom,-5.1
,22962,JAM JAR WITH PINK LID,-3,2011-06-13 16:26:00,0.85,15827.0,United Kingdom,-2.55
,22720,SET OF 3 CAKE TINS PANTRY DESIGN ,-1,2011-06-13 16:26:00,4.95,15827.0,United Kingdom,-4.95
,22139,RETROSPOT TEA SET CERAMIC 11 PC ,-3,2011-06-13 16:28:00,4.95,16133.0,United Kingdom,-14.85
,23168,CLASSIC CAFE SUGAR DISPENSER,-12,2011-06-13 16:28:00,1.25,16133.0,United Kingdom,-15.0
,22656,VINTAGE BLUE KITCHEN CABINET,-1,2011-06-13 17:08:00,125.0,16949.0,United Kingdom,-125.0
,M,Manual,-1,2011-06-13 17:13:00,20.0,16013.0,United Kingdom,-20.0
,23243,SET OF TEA COFFEE SUGAR TINS PANTRY,-1,2011-06-13 17:18:00,4.95,13397.0,United Kingdom,-4.95
,23169,CLASSIC GLASS COOKIE JAR,-2,2011-06-13 17:19:00,4.15,15643.0,United Kingdom,-8.3
,23064,CINDERELLA CHANDELIER ,-4,2011-06-13 17:21:00,41.75,13658.0,United Kingdom,-167.0
556687,23003,Printing smudges/thrown away,-9058,2011-06-14 10:36:00,0.0,,United Kingdom,-0.0
556690,23005,printing smudges/thrown away,-9600,2011-06-14 10:37:00,0.0,,United Kingdom,-0.0
556691,23005,printing smudges/thrown away,-9600,2011-06-14 10:37:00,0.0,,United Kingdom,-0.0
,23112,PARISIENNE CURIO CABINET,-1,2011-06-14 11:37:00,7.5,13319.0,United Kingdom,-7.5
,22423,REGENCY CAKESTAND 3 TIER,-1,2011-06-14 11:37:00,12.75,13319.0,United Kingdom,-12.75
,23165,LARGE CERAMIC TOP STORAGE JAR,-2,2011-06-14 11:37:00,1.65,13319.0,United Kingdom,-3.3
,22169,FAMILY ALBUM WHITE PICTURE FRAME,-2,2011-06-14 12:01:00,8.5,14527.0,United Kingdom,-17.0
,20914,SET/5 RED RETROSPOT LID GLASS BOWLS,-8,2011-06-14 13:26:00,2.95,16745.0,United Kingdom,-23.6
,22697,GREEN REGENCY TEACUP AND SAUCER,-1,2011-06-14 13:54:00,2.95,12818.0,Austria,-2.95
,22357,KINGS CHOICE BISCUIT TIN,-5,2011-06-14 13:54:00,4.25,12818.0,Austria,-21.25
,D,Discount,-96,2011-06-14 14:40:00,0.7,16013.0,United Kingdom,-67.2
,POST,POSTAGE,-1,2011-06-14 15:43:00,14.95,,United Kingdom,-14.95
,M,Manual,-1,2011-06-14 15:43:00,91.58,,United Kingdom,-91.58
,22456,NATURAL SLATE CHALKBOARD LARGE ,-1,2011-06-15 10:01:00,4.95,17284.0,United Kingdom,-4.95
,21042,RED RETROSPOT APRON ,-1,2011-06-15 10:01:00,5.95,17284.0,United Kingdom,-5.95
,23146,TRIPLE HOOK ANTIQUE IVORY ROSE,-4,2011-06-15 11:46:00,3.29,13199.0,United Kingdom,-13.16
,M,Manual,-1,2011-06-15 11:47:00,306.6,,United Kingdom,-306.6
,BANK CHARGES,Bank Charges,-1,2011-06-15 11:49:00,464.52,,United Kingdom,-464.52
,M,Manual,-1,2011-06-15 11:51:00,702.38,,United Kingdom,-702.38
,D,Discount,-1,2011-06-15 12:00:00,129.9,15498.0,United Kingdom,-129.9
,23172,REGENCY TEA PLATE PINK,-1,2011-06-15 12:12:00,1.65,18073.0,United Kingdom,-1.65
,22697,GREEN REGENCY TEACUP AND SAUCER,-1,2011-06-15 12:12:00,2.95,18073.0,United Kingdom,-2.95
,84946,ANTIQUE SILVER T-LIGHT GLASS,-8,2011-06-15 12:12:00,1.06,18073.0,United Kingdom,-8.48
556884,22698,,-61,2011-06-15 12:27:00,0.0,,United Kingdom,-0.0
,20723,STRAWBERRY CHARLOTTE BAG,-1,2011-06-15 12:37:00,0.85,15005.0,United Kingdom,-0.85
,85123A,WHITE HANGING HEART T-LIGHT HOLDER,-1,2011-06-15 12:37:00,2.95,15005.0,United Kingdom,-2.95
,82482,WOODEN PICTURE FRAME WHITE FINISH,-1,2011-06-15 12:37:00,2.55,15005.0,United Kingdom,-2.55
,82494L,WOODEN FRAME ANTIQUE WHITE ,-1,2011-06-15 12:37:00,2.95,15005.0,United Kingdom,-2.95
,22064,PINK DOUGHNUT TRINKET POT ,-1,2011-06-15 12:37:00,1.65,15005.0,United Kingdom,-1.65
,37450,CERAMIC CAKE BOWL + HANGING CAKES,-1,2011-06-15 12:37:00,2.95,15005.0,United Kingdom,-2.95
,22167, OVAL WALL MIRROR DIAMANTE ,-1,2011-06-15 12:37:00,9.95,15005.0,United Kingdom,-9.95
,21899,"KEY FOB , GARAGE DESIGN",-6,2011-06-15 12:51:00,0.65,12843.0,United Kingdom,-3.9
,21902,"KEY FOB , FRONT  DOOR ",-8,2011-06-15 12:51:00,0.65,12843.0,United Kingdom,-5.2
,21901,"KEY FOB , BACK DOOR ",-9,2011-06-15 12:51:00,0.65,12843.0,United Kingdom,-5.85
,21900,"KEY FOB , SHED",-4,2011-06-15 12:51:00,0.65,12843.0,United Kingdom,-2.6
,21792,CLASSIC FRENCH STYLE BASKET GREEN ,-1,2011-06-15 12:51:00,3.95,12843.0,United Kingdom,-3.95
,D,Discount,-1,2011-06-15 12:56:00,14.42,14527.0,United Kingdom,-14.42
,22423,REGENCY CAKESTAND 3 TIER,-1,2011-06-15 13:25:00,10.95,17511.0,United Kingdom,-10.95
,23108,SET OF 10 LED DOLLY LIGHTS,-2,2011-06-15 13:25:00,5.39,17511.0,United Kingdom,-10.78
,POST,POSTAGE,-1,2011-06-15 13:46:00,2.17,17511.0,United Kingdom,-2.17
,21658,GLASS  BEURRE DISH,-1,2011-06-15 13:49:00,3.95,13047.0,United Kingdom,-3.95
,23126,FELTCRAFT GIRL AMELIE KIT,-2,2011-06-15 13:49:00,4.95,13047.0,United Kingdom,-9.9
,21932,SCANDINAVIAN PAISLEY PICNIC BAG,-30,2011-06-15 14:03:00,1.65,15400.0,United Kingdom,-49.5
,71477,COLOUR GLASS. STAR T-LIGHT HOLDER,-420,2011-06-15 14:23:00,2.75,16013.0,United Kingdom,-1155.0
,21868,POTTING SHED TEA MUG,-12,2011-06-15 15:28:00,1.25,15625.0,United Kingdom,-15.0
,21868,POTTING SHED TEA MUG,-1,2011-06-15 16:15:00,1.25,15625.0,United Kingdom,-1.25
556943,84809A,,-126,2011-06-15 16:54:00,0.0,,United Kingdom,-0.0
556944,84800L,,-29,2011-06-15 16:54:00,0.0,,United Kingdom,-0.0
,22467,GUMBALL COAT RACK,-2,2011-06-16 09:04:00,2.1,12705.0,Germany,-4.2
556963,35965,found some more on shelf,-9,2011-06-16 09:40:00,0.0,,United Kingdom,-0.0
,22072,RED RETROSPOT TEA CUP AND SAUCER ,-2,2011-06-16 09:55:00,3.75,13523.0,United Kingdom,-7.5
,23253,16 PIECE CUTLERY SET PANTRY DESIGN,-1,2011-06-16 09:55:00,15.95,13523.0,United Kingdom,-15.95
,23169,CLASSIC GLASS COOKIE JAR,-2,2011-06-16 09:55:00,4.15,13523.0,United Kingdom,-8.3
,22760,"TRAY, BREAKFAST IN BED",-1,2011-06-16 09:55:00,12.75,13523.0,United Kingdom,-12.75
,22827,RUSTIC  SEVENTEEN DRAWER SIDEBOARD,-1,2011-06-16 09:55:00,165.0,13523.0,United Kingdom,-165.0
,85159B,"WHITE TEA,COFFEE,SUGAR JARS",-1,2011-06-16 11:16:00,1.95,16729.0,United Kingdom,-1.95
,22776,SWEETHEART CAKESTAND 3 TIER,-2,2011-06-16 12:56:00,9.95,16942.0,United Kingdom,-19.9
,23146,TRIPLE HOOK ANTIQUE IVORY ROSE,-2,2011-06-16 12:56:00,3.29,16942.0,United Kingdom,-6.58
557025,22192,,-9,2011-06-16 13:09:00,0.0,,United Kingdom,-0.0
557028,79071B,,-4,2011-06-16 13:25:00,0.0,,United Kingdom,-0.0
557029,22480,,-24,2011-06-16 13:29:00,0.0,,United Kingdom,-0.0
557030,21446,,-50,2011-06-16 13:30:00,0.0,,United Kingdom,-0.0
557031,21447,,-65,2011-06-16 13:31:00,0.0,,United Kingdom,-0.0
557035,82583,?,-220,2011-06-16 13:52:00,0.0,,United Kingdom,-0.0
557036,20867,?,-271,2011-06-16 13:53:00,0.0,,United Kingdom,-0.0
,22192,BLUE DINER WALL CLOCK,-1,2011-06-16 13:56:00,8.5,16814.0,United Kingdom,-8.5
,23148,MINIATURE ANTIQUE ROSE HOOK IVORY,-1,2011-06-16 14:33:00,0.83,14245.0,United Kingdom,-0.83
,23146,TRIPLE HOOK ANTIQUE IVORY ROSE,-1,2011-06-16 14:33:00,3.29,14245.0,United Kingdom,-3.29
,22839,3 TIER CAKE TIN GREEN AND CREAM,-1,2011-06-16 14:36:00,14.95,13488.0,United Kingdom,-14.95
,22838,3 TIER CAKE TIN RED AND CREAM,-2,2011-06-16 14:36:00,14.95,13488.0,United Kingdom,-29.9
,72807C,SET/3 VANILLA SCENTED CANDLE IN BOX,-1,2011-06-16 14:43:00,4.25,17828.0,Malta,-4.25
,72807A,SET/3 ROSE CANDLE IN JEWELLED BOX,-2,2011-06-16 14:43:00,4.25,17828.0,Malta,-8.5
,22781,GUMBALL MAGAZINE RACK,-1,2011-06-16 14:51:00,6.75,16672.0,United Kingdom,-6.75
,21781,MA CAMPAGNE CUTLERY BOX,-1,2011-06-16 14:54:00,14.95,17725.0,United Kingdom,-14.95
,22360,GLASS JAR ENGLISH CONFECTIONERY,-5,2011-06-16 14:55:00,2.95,14895.0,United Kingdom,-14.75
,85177,BASKET OF FLOWERS SEWING KIT,-1,2011-06-16 14:56:00,0.85,13213.0,United Kingdom,-0.85
,84950,ASSORTED COLOUR T-LIGHT HOLDER,-2,2011-06-16 14:56:00,0.65,13213.0,United Kingdom,-1.3
557108,23113,Damaged,-1440,2011-06-16 15:58:00,0.0,,United Kingdom,-0.0
,21621,VINTAGE UNION JACK BUNTING,-12,2011-06-16 16:27:00,8.5,17865.0,United Kingdom,-102.0
,84378,SET OF 3 HEART COOKIE CUTTERS,-12,2011-06-17 10:06:00,1.25,12678.0,France,-15.0
,22965,3 TRADITIONAl BISCUIT CUTTERS  SET,-12,2011-06-17 10:06:00,2.1,12678.0,France,-25.2
,23177,TREASURE ISLAND BOOK BOX,-6,2011-06-17 10:52:00,2.25,13735.0,United Kingdom,-13.5
,23193,BUFFALO BILL TREASURE BOOK BOX,-6,2011-06-17 10:52:00,2.25,13735.0,United Kingdom,-13.5
,23176,ABC TREASURE BOOK BOX ,-6,2011-06-17 10:52:00,2.25,13735.0,United Kingdom,-13.5
,23194,GYMKHANA TREASURE BOOK BOX,-6,2011-06-17 10:52:00,2.25,13735.0,United Kingdom,-13.5
,23245,SET OF 3 REGENCY CAKE TINS,-2,2011-06-17 11:07:00,4.95,15296.0,United Kingdom,-9.9
,82486,WOOD S/3 CABINET ANT WHITE FINISH,-2,2011-06-17 11:07:00,8.95,15296.0,United Kingdom,-17.9
,85087,CANDY SPOT CUSHION COVER,-1,2011-06-17 11:10:00,2.95,15238.0,United Kingdom,-2.95
,23084,RABBIT NIGHT LIGHT,-1,2011-06-17 11:13:00,2.08,16170.0,United Kingdom,-2.08
,22962,JAM JAR WITH PINK LID,-3,2011-06-17 11:13:00,0.85,16170.0,United Kingdom,-2.55
,75049L,LARGE CIRCULAR MIRROR MOBILE,-5,2011-06-17 13:22:00,0.85,15311.0,United Kingdom,-4.25
,84978,HANGING HEART JAR T-LIGHT HOLDER,-2,2011-06-17 13:22:00,1.06,15311.0,United Kingdom,-2.12
,82483,WOOD 2 DRAWER CABINET WHITE FINISH,-2,2011-06-17 13:22:00,5.95,15311.0,United Kingdom,-11.9
,85099B,JUMBO BAG RED RETROSPOT,-5,2011-06-17 13:22:00,1.79,15311.0,United Kingdom,-8.95
,22778,GLASS CLOCHE SMALL,-5,2011-06-17 13:22:00,3.39,15311.0,United Kingdom,-16.95
,84816,DANISH ROSE BEDSIDE CABINET,-2,2011-06-17 15:34:00,39.95,16817.0,United Kingdom,-79.9
,84687,BEACH HUT SHELF W 3 DRAWERS,-2,2011-06-17 15:34:00,5.95,16817.0,United Kingdom,-11.9
,23300,GARDENERS KNEELING PAD CUP OF TEA ,-6,2011-06-17 15:34:00,1.65,16817.0,United Kingdom,-9.9
,22364,GLASS JAR DIGESTIVE BISCUITS,-1,2011-06-19 11:27:00,2.95,13097.0,United Kingdom,-2.95
,22781,GUMBALL MAGAZINE RACK,-2,2011-06-19 11:27:00,7.65,13097.0,United Kingdom,-15.3
,22467,GUMBALL COAT RACK,-8,2011-06-19 11:27:00,2.55,13097.0,United Kingdom,-20.4
,85159B,"WHITE TEA,COFFEE,SUGAR JARS",-1,2011-06-19 11:27:00,1.95,13097.0,United Kingdom,-1.95
,22728,ALARM CLOCK BAKELIKE PINK,-1,2011-06-19 11:27:00,3.75,13097.0,United Kingdom,-3.75
,23181,BULL DOG BOTTLE TOP WALL CLOCK,-1,2011-06-19 11:27:00,8.25,13097.0,United Kingdom,-8.25
,22423,REGENCY CAKESTAND 3 TIER,-1,2011-06-19 11:27:00,12.75,13097.0,United Kingdom,-12.75
,21428,SET3 BOOK BOX GREEN GINGHAM FLOWER ,-1,2011-06-19 12:25:00,4.25,13632.0,United Kingdom,-4.25
,22470,HEART OF WICKER LARGE,-4,2011-06-19 12:48:00,2.95,18109.0,United Kingdom,-11.8
,M,Manual,-1,2011-06-19 14:05:00,0.77,12421.0,Spain,-0.77
,M,Manual,-1,2011-06-20 11:01:00,1216.12,,EIRE,-1216.12
,M,Manual,-1,2011-06-20 11:02:00,1917.0,,EIRE,-1917.0
557390,21360,Show Samples,-4,2011-06-20 11:12:00,0.0,,United Kingdom,-0.0
,23245,SET OF 3 REGENCY CAKE TINS,-1,2011-06-20 11:28:00,4.95,12708.0,Germany,-4.95
,23243,SET OF TEA COFFEE SUGAR TINS PANTRY,-3,2011-06-20 11:28:00,4.95,12708.0,Germany,-14.85
,23240,SET OF 4 KNICK KNACK TINS DOILEY ,-3,2011-06-20 11:28:00,4.15,12708.0,Germany,-12.45
,23236,DOILEY STORAGE TIN,-1,2011-06-20 11:28:00,2.89,12708.0,Germany,-2.89
,79191C,RETRO PLASTIC ELEPHANT TRAY,-12,2011-06-20 11:33:00,0.85,12621.0,Germany,-10.2
,23110,PARISIENNE KEY CABINET ,-2,2011-06-20 11:37:00,5.75,13343.0,United Kingdom,-11.5
,23094,LE GRAND TRAY CHIC SET,-1,2011-06-20 11:37:00,12.5,13343.0,United Kingdom,-12.5
,22960,JAM MAKING SET WITH JARS,-6,2011-06-20 11:37:00,4.25,13343.0,United Kingdom,-25.5
,21626,VINTAGE UNION JACK PENNANT,-1,2011-06-20 11:39:00,1.95,14701.0,United Kingdom,-1.95
,23176,ABC TREASURE BOOK BOX ,-1,2011-06-20 11:39:00,2.25,14701.0,United Kingdom,-2.25
,23193,BUFFALO BILL TREASURE BOOK BOX,-1,2011-06-20 11:39:00,2.25,14701.0,United Kingdom,-2.25
557417,84809B,damaged,-324,2011-06-20 11:51:00,0.0,,United Kingdom,-0.0
,22606,WOODEN SKITTLES GARDEN SET,-4,2011-06-20 13:03:00,3.25,14584.0,United Kingdom,-13.0
,22057,CERAMIC PLATE STRAWBERRY DESIGN,-3,2011-06-20 13:07:00,1.49,14796.0,United Kingdom,-4.47
,23239,SET OF 4 KNICK KNACK TINS POPPIES,-1,2011-06-20 13:13:00,4.15,17157.0,United Kingdom,-4.15
,23237,SET OF 4 KNICK KNACK TINS LEAVES ,-2,2011-06-20 13:13:00,4.15,17157.0,United Kingdom,-8.3
,84660A,WHITE STITCHED WALL CLOCK,-1,2011-06-20 13:33:00,3.75,13517.0,United Kingdom,-3.75
,22720,SET OF 3 CAKE TINS PANTRY DESIGN ,-3,2011-06-20 13:52:00,4.25,13408.0,United Kingdom,-12.75
,22720,SET OF 3 CAKE TINS PANTRY DESIGN ,-2,2011-06-20 13:56:00,4.25,16700.0,United Kingdom,-8.5
,21877,HOME SWEET HOME MUG,-19,2011-06-20 14:44:00,1.25,14796.0,United Kingdom,-23.75
,22960,JAM MAKING SET WITH JARS,-5,2011-06-20 16:05:00,3.75,17490.0,United Kingdom,-18.75
,23167,SMALL CERAMIC TOP STORAGE JAR ,-480,2011-06-20 16:13:00,0.69,16684.0,United Kingdom,-331.2
,23166,MEDIUM CERAMIC TOP STORAGE JAR,-240,2011-06-20 16:13:00,1.04,16684.0,United Kingdom,-249.6
,22922,FRIDGE MAGNETS US DINER ASSORTED,-24,2011-06-20 16:52:00,0.85,15700.0,United Kingdom,-20.4
,21428,SET3 BOOK BOX GREEN GINGHAM FLOWER ,-2,2011-06-20 16:52:00,4.25,15700.0,United Kingdom,-8.5
,21390,FILIGRIS HEART WITH BUTTERFLY,-3,2011-06-20 16:52:00,1.25,15700.0,United Kingdom,-3.75
,72802B,OCEAN SCENT CANDLE IN JEWELLED BOX,-1,2011-06-20 17:05:00,4.25,17463.0,United Kingdom,-4.25
,22470,HEART OF WICKER LARGE,-2,2011-06-20 17:05:00,2.95,17463.0,United Kingdom,-5.9
,23322,LARGE WHITE HEART OF WICKER,-1,2011-06-20 17:05:00,2.95,17463.0,United Kingdom,-2.95
,21429,RED GINGHAM ROSE JEWELLERY BOX,-1,2011-06-20 17:05:00,1.95,17463.0,United Kingdom,-1.95
,22171,3 HOOK PHOTO SHELF ANTIQUE WHITE,-1,2011-06-20 17:07:00,8.5,17651.0,United Kingdom,-8.5
,23146,TRIPLE HOOK ANTIQUE IVORY ROSE,-2,2011-06-20 17:07:00,3.29,17651.0,United Kingdom,-6.58
,22784,LANTERN CREAM GAZEBO ,-1,2011-06-20 17:15:00,4.95,16739.0,United Kingdom,-4.95
,21535,RED RETROSPOT SMALL MILK JUG,-1,2011-06-20 17:15:00,2.55,16739.0,United Kingdom,-2.55
,21844,RED RETROSPOT MUG,-1,2011-06-20 17:15:00,2.95,16739.0,United Kingdom,-2.95
,22784,LANTERN CREAM GAZEBO ,-1,2011-06-20 17:18:00,4.95,15291.0,United Kingdom,-4.95
,21668,RED STRIPE CERAMIC DRAWER KNOB,-3,2011-06-20 17:18:00,1.25,15291.0,United Kingdom,-3.75
,84422,PINK/BLUE DISC/MIRROR STRING,-48,2011-06-20 17:20:00,0.39,13694.0,United Kingdom,-18.72
,23240,SET OF 4 KNICK KNACK TINS DOILEY ,-2,2011-06-20 17:23:00,4.15,17193.0,United Kingdom,-8.3
,84945,MULTI COLOUR SILVER T-LIGHT HOLDER,-1,2011-06-21 10:39:00,0.85,15998.0,United Kingdom,-0.85
,22103,MIRROR MOSAIC T-LIGHT HOLDER ROUND,-2,2011-06-21 10:39:00,1.65,15998.0,United Kingdom,-3.3
,22465,HANGING METAL STAR LANTERN,-1,2011-06-21 10:39:00,1.65,15998.0,United Kingdom,-1.65
557596,23114,Damaged,-1440,2011-06-21 11:33:00,0.0,,United Kingdom,-0.0
557597,23115,Damaged,-1440,2011-06-21 11:33:00,0.0,,United Kingdom,-0.0
557599,23116,Damaged,-1440,2011-06-21 11:34:00,0.0,,United Kingdom,-0.0
557600,23117,Damaged,-1440,2011-06-21 11:35:00,0.0,,United Kingdom,-0.0
,M,Manual,-1,2011-06-21 14:22:00,0.75,16422.0,United Kingdom,-0.75
,17003,BROCADE RING PURSE ,-1,2011-06-21 14:22:00,57.6,16422.0,United Kingdom,-57.6
,M,Manual,-1,2011-06-21 14:22:00,5.8,16422.0,United Kingdom,-5.8
,23242,TREASURE TIN BUFFALO BILL ,-6,2011-06-21 14:52:00,2.08,14776.0,United Kingdom,-12.48
,84946,ANTIQUE SILVER T-LIGHT GLASS,-1,2011-06-21 16:00:00,1.25,13630.0,United Kingdom,-1.25
,22778,GLASS CLOCHE SMALL,-1,2011-06-21 16:00:00,3.95,13630.0,United Kingdom,-3.95
,22178,VICTORIAN GLASS HANGING T-LIGHT,-2,2011-06-21 16:00:00,1.25,13630.0,United Kingdom,-2.5
,POST,POSTAGE,-1,2011-06-21 16:01:00,545.58,17450.0,United Kingdom,-545.58
,22988,SOLDIERS EGG CUP ,-13,2011-06-21 17:11:00,1.06,17306.0,United Kingdom,-13.78
,23286,BLUE VINTAGE SPOT BEAKER,-1,2011-06-21 17:13:00,0.85,17139.0,United Kingdom,-0.85
,22423,REGENCY CAKESTAND 3 TIER,-1,2011-06-21 17:13:00,12.75,17139.0,United Kingdom,-12.75
,22197,POPCORN HOLDER,-3,2011-06-21 17:14:00,0.72,17677.0,United Kingdom,-2.16
,21735,TWO DOOR CURIO CABINET,-1,2011-06-21 17:15:00,12.75,15498.0,United Kingdom,-12.75
,22844,VINTAGE CREAM DOG FOOD CONTAINER,-1,2011-06-21 17:17:00,8.5,15152.0,United Kingdom,-8.5
,22839,3 TIER CAKE TIN GREEN AND CREAM,-2,2011-06-21 17:17:00,14.95,15152.0,United Kingdom,-29.9
,23092,LARGE ANTIQUE WHITE PHOTO FRAME,-1,2011-06-21 17:20:00,7.9,17428.0,United Kingdom,-7.9
,23175,REGENCY MILK JUG PINK ,-2,2011-06-21 17:20:00,2.75,17428.0,United Kingdom,-5.5
,23173,REGENCY TEAPOT ROSES ,-2,2011-06-21 17:20:00,8.15,17428.0,United Kingdom,-16.3
,84944,SET OF 6 KASHMIR FOLKART BAUBLES,-10,2011-06-21 17:21:00,1.65,16145.0,United Kingdom,-16.5
,85099F,JUMBO BAG STRAWBERRY,-1,2011-06-21 17:25:00,2.08,14040.0,United Kingdom,-2.08
,20725,LUNCH BAG RED RETROSPOT,-1,2011-06-21 17:25:00,1.65,14040.0,United Kingdom,-1.65
,84946,ANTIQUE SILVER T-LIGHT GLASS,-4,2011-06-21 17:25:00,1.25,14040.0,United Kingdom,-5.0
,22423,REGENCY CAKESTAND 3 TIER,-4,2011-06-21 17:25:00,10.95,14040.0,United Kingdom,-43.8
,23243,SET OF TEA COFFEE SUGAR TINS PANTRY,-1,2011-06-21 17:34:00,4.95,14243.0,United Kingdom,-4.95
,23236,DOILEY STORAGE TIN,-1,2011-06-21 17:34:00,2.89,14243.0,United Kingdom,-2.89
,23240,SET OF 4 KNICK KNACK TINS DOILEY ,-2,2011-06-21 17:34:00,4.15,14243.0,United Kingdom,-8.3
,21533,RETROSPOT LARGE MILK JUG,-1,2011-06-21 17:36:00,4.25,15125.0,United Kingdom,-4.25
,M,Manual,-3,2011-06-21 17:37:00,4.25,14001.0,United Kingdom,-12.75
,22776,SWEETHEART CAKESTAND 3 TIER,-2,2011-06-21 17:40:00,8.5,13763.0,United Kingdom,-17.0
,84946,ANTIQUE SILVER T-LIGHT GLASS,-1,2011-06-21 17:41:00,1.25,13630.0,United Kingdom,-1.25
,22778,GLASS CLOCHE SMALL,-1,2011-06-21 17:41:00,3.95,13630.0,United Kingdom,-3.95
,22178,VICTORIAN GLASS HANGING T-LIGHT,-2,2011-06-21 17:41:00,1.25,13630.0,United Kingdom,-2.5
,20971,PINK BLUE FELT CRAFT TRINKET BOX,-12,2011-06-21 17:42:00,1.25,16186.0,United Kingdom,-15.0
,85053,FRENCH ENAMEL CANDLEHOLDER,-4,2011-06-21 17:43:00,2.1,13999.0,United Kingdom,-8.4
,90174,BUTTERFLY HAIR BAND,-6,2011-06-21 17:44:00,2.55,13936.0,United Kingdom,-15.3
,C2,CARRIAGE,-1,2011-06-21 17:59:00,15.0,,EIRE,-15.0
,85172,HYACINTH BULB T-LIGHT CANDLES,-1,2011-06-21 17:59:00,0.42,,EIRE,-0.42
,85169C,EAU DE NIL LOVE BIRD CANDLE,-12,2011-06-21 17:59:00,1.25,,EIRE,-15.0
,85169A,IVORY LOVE BIRD CANDLE,-12,2011-06-21 17:59:00,1.25,,EIRE,-15.0
,84879,ASSORTED COLOUR BIRD ORNAMENT,-24,2011-06-21 17:59:00,1.69,,EIRE,-40.56
,84809A,WHITE CHRYSANTHEMUMS ART FLOWER,-2,2011-06-21 17:59:00,2.1,,EIRE,-4.2
,84803B,WHITE ALLIUM  ARTIFICIAL FLOWER,-3,2011-06-21 17:59:00,1.69,,EIRE,-5.07
,84798B,PURPLE FOXGLOVE ARTIIFCIAL FLOWER,-4,2011-06-21 17:59:00,2.55,,EIRE,-10.2
,84692,BOX OF 24 COCKTAIL PARASOLS,-25,2011-06-21 17:59:00,0.42,,EIRE,-10.5
,84380,SET OF 3 BUTTERFLY COOKIE CUTTERS,-12,2011-06-21 17:59:00,1.25,,EIRE,-15.0
,22983,CARD BILLBOARD FONT,-48,2011-06-21 17:59:00,0.42,,EIRE,-20.16
,22965,3 TRADITIONAl BISCUIT CUTTERS  SET,-12,2011-06-21 17:59:00,2.1,,EIRE,-25.2
,22730,ALARM CLOCK BAKELIKE IVORY,-9,2011-06-21 17:59:00,3.75,,EIRE,-33.75
,22726,ALARM CLOCK BAKELIKE GREEN,-9,2011-06-21 17:59:00,3.75,,EIRE,-33.75
,22630,DOLLY GIRL LUNCH BOX,-9,2011-06-21 17:59:00,1.95,,EIRE,-17.55
,22567,20 DOLLY PEGS RETROSPOT,-9,2011-06-21 17:59:00,1.25,,EIRE,-11.25
,22503,CABIN BAG VINTAGE PAISLEY,-6,2011-06-21 17:59:00,24.95,,EIRE,-149.7
,22411,JUMBO SHOPPER VINTAGE RED PAISLEY,-12,2011-06-21 17:59:00,1.95,,EIRE,-23.4
,22312,OFFICE MUG WARMER POLKADOT,-24,2011-06-21 17:59:00,2.95,,EIRE,-70.8
,22083,PAPER CHAIN KIT RETROSPOT,-9,2011-06-21 17:59:00,2.95,,EIRE,-26.55
,21984,PACK OF 12 PINK PAISLEY TISSUES ,-36,2011-06-21 17:59:00,0.29,,EIRE,-10.44
,21980,PACK OF 12 RED RETROSPOT TISSUES ,-36,2011-06-21 17:59:00,0.29,,EIRE,-10.44
,21933,PINK VINTAGE PAISLEY PICNIC BAG,-10,2011-06-21 17:59:00,2.95,,EIRE,-29.5
,21832,CHOCOLATE CALCULATOR,-25,2011-06-21 17:59:00,1.65,,EIRE,-41.25
,21792,CLASSIC FRENCH STYLE BASKET GREEN ,-8,2011-06-21 17:59:00,6.75,,EIRE,-54.0
,21754,HOME BUILDING BLOCK WORD,-9,2011-06-21 17:59:00,5.95,,EIRE,-53.55
,21340,CLASSIC METAL BIRDCAGE PLANT HOLDER,-4,2011-06-21 17:59:00,12.75,,EIRE,-51.0
,21259,VICTORIAN SEWING BOX SMALL ,-4,2011-06-21 17:59:00,5.95,,EIRE,-23.8
,21212,PACK OF 72 RETROSPOT CAKE CASES,-24,2011-06-21 17:59:00,0.55,,EIRE,-13.2
,21212,PACK OF 72 RETROSPOT CAKE CASES,-48,2011-06-21 17:59:00,0.55,,EIRE,-26.4
,21121,SET/10 RED POLKADOT PARTY CANDLES,-24,2011-06-21 17:59:00,1.25,,EIRE,-30.0
,21121,SET/10 RED POLKADOT PARTY CANDLES,-24,2011-06-21 17:59:00,1.25,,EIRE,-30.0
,20725,LUNCH BAG RED RETROSPOT,-12,2011-06-21 17:59:00,1.65,,EIRE,-19.8
,20718,RED RETROSPOT SHOPPER BAG,-11,2011-06-21 17:59:00,1.25,,EIRE,-13.75
,20717,STRAWBERRY SHOPPER BAG,-12,2011-06-21 17:59:00,1.25,,EIRE,-15.0
,20658,RED RETROSPOT LUGGAGE TAG,-12,2011-06-21 17:59:00,1.25,,EIRE,-15.0
,15056N,EDWARDIAN PARASOL NATURAL,-12,2011-06-21 17:59:00,5.95,,EIRE,-71.4
,47566,PARTY BUNTING,-9,2011-06-21 17:59:00,4.95,,EIRE,-44.55
,22847,BREAD BIN DINER STYLE IVORY,-1,2011-06-21 18:00:00,14.95,,EIRE,-14.95
,23183,MOTHER'S KITCHEN SPOON REST ,-1,2011-06-21 18:00:00,3.75,,EIRE,-3.75
,23237,SET OF 4 KNICK KNACK TINS LEAVES ,-1,2011-06-21 18:02:00,4.15,13384.0,United Kingdom,-4.15
,22843,BISCUIT TIN VINTAGE GREEN,-1,2011-06-21 18:02:00,6.75,13384.0,United Kingdom,-6.75
,22846,BREAD BIN DINER STYLE RED ,-1,2011-06-21 18:03:00,16.95,12947.0,United Kingdom,-16.95
,22720,SET OF 3 CAKE TINS PANTRY DESIGN ,-2,2011-06-22 10:39:00,4.95,15840.0,United Kingdom,-9.9
557756,22567,,-14,2011-06-22 13:18:00,0.0,,United Kingdom,-0.0
,22854,CREAM SWEETHEART EGG HOLDER,-1,2011-06-22 14:55:00,4.95,15059.0,United Kingdom,-4.95
557777,44265,,-5,2011-06-22 15:11:00,0.0,,United Kingdom,-0.0
557778,21161,,-38,2011-06-22 15:11:00,0.0,,United Kingdom,-0.0
,23168,CLASSIC CAFE SUGAR DISPENSER,-4,2011-06-22 15:12:00,1.25,13004.0,United Kingdom,-5.0
557784,21421,damaged,-5,2011-06-22 15:49:00,0.0,,United Kingdom,-0.0
,23181,BULL DOG BOTTLE TOP WALL CLOCK,-1,2011-06-22 16:36:00,8.25,14099.0,United Kingdom,-8.25
,22483,RED GINGHAM TEDDY BEAR ,-1,2011-06-22 16:36:00,2.95,14099.0,United Kingdom,-2.95
557806,84706D,,-5,2011-06-23 10:32:00,0.0,,United Kingdom,-0.0
,20727,LUNCH BAG  BLACK SKULL.,-1,2011-06-23 10:42:00,1.65,14159.0,United Kingdom,-1.65
,22664,TOY TIDY DOLLY GIRL DESIGN,-1,2011-06-23 10:42:00,2.1,14159.0,United Kingdom,-2.1
,22891,TEA FOR ONE POLKADOT,-1,2011-06-23 10:42:00,4.25,14159.0,United Kingdom,-4.25
,37327,ASSTD MULTICOLOUR CIRCLES MUG,-4,2011-06-23 10:42:00,0.39,14159.0,United Kingdom,-1.56
557851,85130A,,-23,2011-06-23 10:57:00,0.0,,United Kingdom,-0.0
,22961,JAM MAKING SET PRINTED,-1,2011-06-23 13:05:00,1.45,14911.0,EIRE,-1.45
,23245,SET OF 3 REGENCY CAKE TINS,-1,2011-06-23 13:10:00,4.95,18223.0,United Kingdom,-4.95
,22720,SET OF 3 CAKE TINS PANTRY DESIGN ,-2,2011-06-23 13:10:00,4.95,18223.0,United Kingdom,-9.9
,22960,JAM MAKING SET WITH JARS,-1,2011-06-23 13:15:00,4.25,14911.0,EIRE,-4.25
,71459,HANGING JAM JAR T-LIGHT HOLDER,-72,2011-06-23 13:23:00,0.85,15061.0,United Kingdom,-61.2
,90200B,BLACK SWEETHEART BRACELET,-1,2011-06-23 13:30:00,4.25,17611.0,United Kingdom,-4.25
,79191C,RETRO PLASTIC ELEPHANT TRAY,-1,2011-06-23 13:30:00,0.85,17611.0,United Kingdom,-0.85
,20914,SET/5 RED RETROSPOT LID GLASS BOWLS,-3,2011-06-23 13:54:00,2.95,17204.0,United Kingdom,-8.85
,22656,VINTAGE BLUE KITCHEN CABINET,-1,2011-06-23 14:20:00,125.0,15834.0,United Kingdom,-125.0
,D,Discount,-1,2011-06-23 14:56:00,10.0,16029.0,United Kingdom,-10.0
,22659,LUNCH BOX I LOVE LONDON,-164,2011-06-23 16:00:00,1.65,12901.0,United Kingdom,-270.6
,22900,SET 2 TEA TOWELS I LOVE LONDON ,-160,2011-06-23 16:00:00,2.32,12901.0,United Kingdom,-371.2
,23146,TRIPLE HOOK ANTIQUE IVORY ROSE,-3,2011-06-23 16:09:00,3.29,14217.0,United Kingdom,-9.87
,23169,CLASSIC GLASS COOKIE JAR,-1,2011-06-23 16:10:00,4.15,15669.0,United Kingdom,-4.15
,22460,EMBOSSED GLASS TEALIGHT HOLDER,-2,2011-06-23 16:10:00,1.25,15669.0,United Kingdom,-2.5
,85099C,JUMBO  BAG BAROQUE BLACK WHITE,-1,2011-06-23 16:11:00,2.08,18223.0,United Kingdom,-2.08
,22467,GUMBALL COAT RACK,-4,2011-06-23 16:13:00,2.55,17340.0,United Kingdom,-10.2
,84949,SILVER HANGING T-LIGHT HOLDER,-9,2011-06-23 16:13:00,1.65,17340.0,United Kingdom,-14.85
,22423,REGENCY CAKESTAND 3 TIER,-4,2011-06-23 16:15:00,10.95,13089.0,United Kingdom,-43.8
,20682,RED RETROSPOT CHILDRENS UMBRELLA,-1,2011-06-24 09:32:00,3.25,13115.0,United Kingdom,-3.25
,37449,CERAMIC CAKE STAND + HANGING CAKES,-1,2011-06-24 10:15:00,9.95,18118.0,United Kingdom,-9.95
,22384,LUNCH BAG PINK POLKADOT,-2,2011-06-24 11:47:00,1.65,12826.0,United Kingdom,-3.3
,20726,LUNCH BAG WOODLAND,-1,2011-06-24 11:47:00,1.65,12826.0,United Kingdom,-1.65
,20727,LUNCH BAG  BLACK SKULL.,-1,2011-06-24 11:47:00,1.65,12826.0,United Kingdom,-1.65
558032,22443,,-7,2011-06-24 12:14:00,0.0,,United Kingdom,-0.0
558033,84876B,,-59,2011-06-24 12:15:00,0.0,,United Kingdom,-0.0
558034,20658,,-78,2011-06-24 12:17:00,0.0,,United Kingdom,-0.0
,AMAZONFEE,AMAZON FEE,-1,2011-06-24 12:31:00,5791.18,,United Kingdom,-5791.18
,AMAZONFEE,AMAZON FEE,-1,2011-06-24 12:33:00,4534.24,,United Kingdom,-4534.24
,M,Manual,-1,2011-06-24 13:52:00,542.2,,EIRE,-542.2
,23243,SET OF TEA COFFEE SUGAR TINS PANTRY,-1,2011-06-24 15:03:00,4.95,14194.0,United Kingdom,-4.95
,82600,NO SINGING METAL SIGN,-2,2011-06-24 15:03:00,1.85,14194.0,United Kingdom,-3.7
,22988,SOLDIERS EGG CUP ,-1,2011-06-24 15:05:00,1.06,17809.0,United Kingdom,-1.06
,23245,SET OF 3 REGENCY CAKE TINS,-1,2011-06-24 15:15:00,4.95,12809.0,Portugal,-4.95
,22847,BREAD BIN DINER STYLE IVORY,-1,2011-06-26 11:35:00,16.95,15104.0,United Kingdom,-16.95
,22840,ROUND CAKE TIN VINTAGE RED,-1,2011-06-26 11:35:00,7.95,15104.0,United Kingdom,-7.95
,22838,3 TIER CAKE TIN RED AND CREAM,-3,2011-06-26 11:42:00,14.95,18172.0,United Kingdom,-44.85
,84945,MULTI COLOUR SILVER T-LIGHT HOLDER,-2,2011-06-26 11:43:00,0.85,16239.0,United Kingdom,-1.7
,22430,ENAMEL WATERING CAN CREAM,-8,2011-06-26 11:43:00,4.95,16239.0,United Kingdom,-39.6
,22767,TRIPLE PHOTO FRAME CORNICE ,-10,2011-06-26 12:08:00,9.95,14475.0,United Kingdom,-99.5
,22929,SCHOOL DESK AND CHAIR ,-1,2011-06-26 12:52:00,65.0,14808.0,United Kingdom,-65.0
,23210,WHITE ROCKING HORSE HAND PAINTED,-144,2011-06-26 13:13:00,1.04,15046.0,United Kingdom,-149.76
,22167, OVAL WALL MIRROR DIAMANTE ,-2,2011-06-26 13:29:00,9.95,15532.0,United Kingdom,-19.9
,22796,PHOTO FRAME 3 CLASSIC HANGING,-1,2011-06-26 13:29:00,9.95,15532.0,United Kingdom,-9.95
,85040A,S/4 PINK FLOWER CANDLES IN BOWL,-1,2011-06-26 13:29:00,1.65,15532.0,United Kingdom,-1.65
,22167, OVAL WALL MIRROR DIAMANTE ,-1,2011-06-26 13:29:00,9.95,15532.0,United Kingdom,-9.95
,22891,TEA FOR ONE POLKADOT,-1,2011-06-26 13:29:00,4.25,15532.0,United Kingdom,-4.25
,82483,WOOD 2 DRAWER CABINET WHITE FINISH,-2,2011-06-26 13:29:00,6.95,15532.0,United Kingdom,-13.9
,21669,BLUE STRIPE CERAMIC DRAWER KNOB,-1,2011-06-26 14:59:00,1.25,13668.0,United Kingdom,-1.25
,22427,ENAMEL FLOWER JUG CREAM,-1,2011-06-26 14:59:00,5.95,13668.0,United Kingdom,-5.95
,21181,PLEASE ONE PERSON METAL SIGN,-1,2011-06-26 14:59:00,2.1,13668.0,United Kingdom,-2.1
,22433,WATERING CAN GREEN DINOSAUR,-1,2011-06-26 14:59:00,1.95,13668.0,United Kingdom,-1.95
,21467,CHERRY CROCHET FOOD COVER,-1,2011-06-26 14:59:00,3.75,13668.0,United Kingdom,-3.75
,47599A,PINK PARTY BAGS,-6,2011-06-26 15:47:00,2.1,17731.0,United Kingdom,-12.6
,47566,PARTY BUNTING,-8,2011-06-26 15:47:00,4.95,17731.0,United Kingdom,-39.6
,23108,SET OF 10 LED DOLLY LIGHTS,-2,2011-06-26 15:47:00,6.25,17731.0,United Kingdom,-12.5
,23084,RABBIT NIGHT LIGHT,-12,2011-06-26 15:47:00,2.08,17731.0,United Kingdom,-24.96
,23079,TOADSTOOL BEDSIDE LIGHT ,-2,2011-06-26 15:47:00,8.95,17731.0,United Kingdom,-17.9
,23010,CIRCUS PARADE BABY GIFT SET,-2,2011-06-26 15:47:00,16.95,17731.0,United Kingdom,-33.9
,23008,DOLLY GIRL BABY GIFT SET,-2,2011-06-26 15:47:00,16.95,17731.0,United Kingdom,-33.9
,22969,HOMEMADE JAM SCENTED CANDLES,-12,2011-06-26 15:47:00,1.45,17731.0,United Kingdom,-17.4
,22951,60 CAKE CASES DOLLY GIRL DESIGN,-24,2011-06-26 15:47:00,0.55,17731.0,United Kingdom,-13.2
,22768,FAMILY PHOTO FRAME CORNICE,-2,2011-06-26 15:47:00,9.95,17731.0,United Kingdom,-19.9
,22767,TRIPLE PHOTO FRAME CORNICE ,-2,2011-06-26 15:47:00,9.95,17731.0,United Kingdom,-19.9
,22427,ENAMEL FLOWER JUG CREAM,-3,2011-06-26 15:47:00,5.95,17731.0,United Kingdom,-17.85
,22169,FAMILY ALBUM WHITE PICTURE FRAME,-2,2011-06-26 15:47:00,8.5,17731.0,United Kingdom,-17.0
,22128,PARTY CONES CANDY ASSORTED,-12,2011-06-26 15:47:00,1.25,17731.0,United Kingdom,-15.0
,84507C,BLUE CIRCLES DESIGN MONKEY DOLL,-6,2011-06-26 15:47:00,2.55,17731.0,United Kingdom,-15.3
,22423,REGENCY CAKESTAND 3 TIER,-4,2011-06-26 15:47:00,12.75,17731.0,United Kingdom,-51.0
,82486,WOOD S/3 CABINET ANT WHITE FINISH,-1,2011-06-26 16:08:00,8.95,17114.0,United Kingdom,-8.95
,82482,WOODEN PICTURE FRAME WHITE FINISH,-2,2011-06-26 16:08:00,2.55,17114.0,United Kingdom,-5.1
,23091,ZINC HERB GARDEN CONTAINER,-1,2011-06-26 16:08:00,6.25,17114.0,United Kingdom,-6.25
,22796,PHOTO FRAME 3 CLASSIC HANGING,-1,2011-06-26 16:08:00,9.95,17114.0,United Kingdom,-9.95
,22171,3 HOOK PHOTO SHELF ANTIQUE WHITE,-1,2011-06-26 16:08:00,8.5,17114.0,United Kingdom,-8.5
,22170,PICTURE FRAME WOOD TRIPLE PORTRAIT,-1,2011-06-26 16:08:00,6.75,17114.0,United Kingdom,-6.75
,23270,SET OF 2 CERAMIC PAINTED HEARTS ,-6,2011-06-27 11:14:00,1.45,13742.0,United Kingdom,-8.7
,21257,VICTORIAN SEWING BOX MEDIUM,-2,2011-06-27 11:18:00,7.95,12919.0,United Kingdom,-15.9
,84631,FRUIT TREE AND BIRDS WALL PLAQUE,-2,2011-06-27 12:16:00,7.95,15996.0,United Kingdom,-15.9
,21673,WHITE SPOT BLUE CERAMIC DRAWER KNOB,-1,2011-06-27 13:24:00,1.25,17841.0,United Kingdom,-1.25
,21671,RED SPOT CERAMIC DRAWER KNOB,-1,2011-06-27 13:24:00,1.25,17841.0,United Kingdom,-1.25
,23180,MUM'S KITCHEN CLOCK,-1,2011-06-27 13:24:00,4.95,17841.0,United Kingdom,-4.95
558238,22722,,-21,2011-06-27 15:04:00,0.0,,United Kingdom,-0.0
,21890,S/6 WOODEN SKITTLES IN COTTON BAG,-1,2011-06-27 15:24:00,3.25,16966.0,United Kingdom,-3.25
558244,84796B,,-2,2011-06-27 15:52:00,0.0,,United Kingdom,-0.0
,37495,FAIRY CAKE BIRTHDAY CANDLE SET,-4,2011-06-27 16:59:00,3.75,17562.0,United Kingdom,-15.0
,22429,ENAMEL MEASURING JUG CREAM,-2,2011-06-27 17:02:00,4.25,18155.0,United Kingdom,-8.5
,22427,ENAMEL FLOWER JUG CREAM,-2,2011-06-27 17:02:00,5.95,18155.0,United Kingdom,-11.9
,22156,HEART DECORATION WITH PEARLS ,-4,2011-06-27 17:02:00,0.85,18155.0,United Kingdom,-3.4
,22741,FUNKY DIVA PEN,-1,2011-06-27 17:04:00,0.85,13611.0,United Kingdom,-0.85
,22429,ENAMEL MEASURING JUG CREAM,-3,2011-06-27 17:04:00,4.25,13611.0,United Kingdom,-12.75
,21843,RED RETROSPOT CAKE STAND,-1,2011-06-27 17:05:00,10.95,16670.0,United Kingdom,-10.95
,22784,LANTERN CREAM GAZEBO ,-1,2011-06-27 17:05:00,4.95,16670.0,United Kingdom,-4.95
,22699,ROSES REGENCY TEACUP AND SAUCER ,-1,2011-06-27 17:06:00,2.95,12955.0,United Kingdom,-2.95
,22381,TOY TIDY PINK POLKADOT,-2,2011-06-27 17:08:00,2.1,13552.0,United Kingdom,-4.2
,21155,RED RETROSPOT PEG BAG,-6,2011-06-27 17:08:00,2.55,13552.0,United Kingdom,-15.3
,23032,DRAWER KNOB CRACKLE GLAZE IVORY,-3,2011-06-27 17:27:00,1.65,18198.0,United Kingdom,-4.95
,23031,DRAWER KNOB CRACKLE GLAZE PINK,-4,2011-06-27 17:27:00,1.65,18198.0,United Kingdom,-6.6
,23029,DRAWER KNOB CRACKLE GLAZE GREEN,-3,2011-06-27 17:27:00,1.65,18198.0,United Kingdom,-4.95
,23028,DRAWER KNOB CRACKLE GLAZE BLUE,-5,2011-06-27 17:27:00,1.65,18198.0,United Kingdom,-8.25
,22423,REGENCY CAKESTAND 3 TIER,-2,2011-06-27 17:28:00,10.95,13014.0,United Kingdom,-21.9
,22055,MINI CAKE STAND  HANGING STRAWBERY,-2,2011-06-27 17:28:00,1.65,13014.0,United Kingdom,-3.3
558268,21351,damaged,-220,2011-06-28 10:17:00,0.0,,United Kingdom,-0.0
558306,85232D,mix up with c,-118,2011-06-28 10:59:00,0.0,,United Kingdom,-0.0
558307,22088,,-39,2011-06-28 11:02:00,0.0,,United Kingdom,-0.0
558308,84576,,-10,2011-06-28 11:02:00,0.0,,United Kingdom,-0.0
558309,85132B,,-42,2011-06-28 11:03:00,0.0,,United Kingdom,-0.0
,22699,ROSES REGENCY TEACUP AND SAUCER ,-1,2011-06-28 11:30:00,2.95,12955.0,United Kingdom,-2.95
,23245,SET OF 3 REGENCY CAKE TINS,-3,2011-06-28 11:31:00,4.95,13870.0,United Kingdom,-14.85
,22629,SPACEBOY LUNCH BOX ,-1,2011-06-28 11:31:00,1.95,13870.0,United Kingdom,-1.95
558318,85232A,,-14,2011-06-28 11:52:00,0.0,,United Kingdom,-0.0
,22720,SET OF 3 CAKE TINS PANTRY DESIGN ,-1,2011-06-28 11:59:00,4.95,13300.0,United Kingdom,-4.95
,22551,PLASTERS IN TIN SPACEBOY,-1,2011-06-28 11:59:00,1.65,13300.0,United Kingdom,-1.65
,46000S,POLYESTER FILLER PAD 40x40cm,-24,2011-06-28 12:04:00,1.45,17900.0,United Kingdom,-34.8
,21927,BLUE/CREAM STRIPE CUSHION COVER ,-12,2011-06-28 12:04:00,1.25,17900.0,United Kingdom,-15.0
,21926,RED/CREAM STRIPE CUSHION COVER ,-12,2011-06-28 12:04:00,1.25,17900.0,United Kingdom,-15.0
,46000S,POLYESTER FILLER PAD 40x40cm,-12,2011-06-28 12:09:00,1.45,17900.0,United Kingdom,-17.4
,21927,BLUE/CREAM STRIPE CUSHION COVER ,-12,2011-06-28 12:09:00,1.25,17900.0,United Kingdom,-15.0
,S,SAMPLES,-1,2011-06-28 14:47:00,4.95,,United Kingdom,-4.95
,S,SAMPLES,-1,2011-06-28 14:47:00,6.15,,United Kingdom,-6.15
,S,SAMPLES,-1,2011-06-28 14:47:00,3.59,,United Kingdom,-3.59
,S,SAMPLES,-1,2011-06-28 14:47:00,16.0,,United Kingdom,-16.0
,S,SAMPLES,-1,2011-06-28 14:47:00,14.92,,United Kingdom,-14.92
,S,SAMPLES,-1,2011-06-28 14:47:00,9.9,,United Kingdom,-9.9
,BANK CHARGES,Bank Charges,-1,2011-06-28 14:50:00,82.89,,United Kingdom,-82.89
,23155,KNICKERBOCKERGLORY MAGNET ASSORTED ,-5,2011-06-28 14:57:00,0.83,14854.0,United Kingdom,-4.15
,22493,PAINT YOUR OWN CANVAS SET,-1,2011-06-28 14:57:00,1.65,14854.0,United Kingdom,-1.65
,22999,TRAVEL CARD WALLET VINTAGE LEAF,-2,2011-06-28 14:57:00,0.42,14854.0,United Kingdom,-0.84
,23191,BUNDLE OF 3 RETRO NOTE BOOKS,-2,2011-06-28 14:57:00,1.65,14854.0,United Kingdom,-3.3
,75049L,LARGE CIRCULAR MIRROR MOBILE,-8,2011-06-28 15:04:00,0.85,15502.0,United Kingdom,-6.8
,22112,CHOCOLATE HOT WATER BOTTLE,-1,2011-06-28 15:04:00,4.37,15502.0,United Kingdom,-4.37
,M,Manual,-2,2011-06-28 15:04:00,3.56,15502.0,United Kingdom,-7.12
,S,SAMPLES,-1,2011-06-28 15:10:00,570.0,,United Kingdom,-570.0
,21530,DAIRY MAID TOASTRACK,-12,2011-06-28 15:10:00,0.79,16701.0,United Kingdom,-9.48
,79163,BLACK CHAMPAGNE GLASS,-7,2011-06-28 15:10:00,0.39,16701.0,United Kingdom,-2.73
,23168,CLASSIC CAFE SUGAR DISPENSER,-1,2011-06-28 15:10:00,1.25,16701.0,United Kingdom,-1.25
,82001S,VINYL RECORD FRAME SILVER,-1,2011-06-28 15:13:00,3.75,15128.0,United Kingdom,-3.75
,23238,SET OF 4 KNICK KNACK TINS LONDON ,-1,2011-06-28 15:13:00,4.15,15128.0,United Kingdom,-4.15
,23168,CLASSIC CAFE SUGAR DISPENSER,-3,2011-06-28 15:13:00,1.25,15128.0,United Kingdom,-3.75
,21429,RED GINGHAM ROSE JEWELLERY BOX,-2,2011-06-28 15:13:00,1.95,15128.0,United Kingdom,-3.9
,21232,STRAWBERRY CERAMIC TRINKET BOX,-1,2011-06-28 15:13:00,1.25,15128.0,United Kingdom,-1.25
,POST,POSTAGE,-1,2011-06-28 15:20:00,3.95,,United Kingdom,-3.95
,22960,JAM MAKING SET WITH JARS,-1,2011-06-28 15:20:00,8.29,,United Kingdom,-8.29
558377,37423,,-17,2011-06-28 16:24:00,0.0,,United Kingdom,-0.0
558378,79161A,,-13,2011-06-28 16:27:00,0.0,,United Kingdom,-0.0
558379,22618,"mouldy, unsaleable.",-1681,2011-06-28 16:34:00,0.0,,United Kingdom,-0.0
,22720,SET OF 3 CAKE TINS PANTRY DESIGN ,-16,2011-06-29 10:30:00,4.25,13881.0,United Kingdom,-68.0
,23300,GARDENERS KNEELING PAD CUP OF TEA ,-1,2011-06-29 11:54:00,1.65,16779.0,United Kingdom,-1.65
,71053,WHITE METAL LANTERN,-16,2011-06-29 11:54:00,3.39,16779.0,United Kingdom,-54.24
,22998,TRAVEL CARD WALLET KEEP CALM,-24,2011-06-29 11:54:00,0.42,16779.0,United Kingdom,-10.08
,21890,S/6 WOODEN SKITTLES IN COTTON BAG,-1,2011-06-29 12:05:00,2.75,16966.0,United Kingdom,-2.75
,21708,FOLDING UMBRELLA CREAM POLKADOT,-1,2011-06-29 12:31:00,4.95,14606.0,United Kingdom,-4.95
,23175,REGENCY MILK JUG PINK ,-1,2011-06-29 12:36:00,3.25,15304.0,United Kingdom,-3.25
,22699,ROSES REGENCY TEACUP AND SAUCER ,-2,2011-06-29 12:36:00,2.95,15304.0,United Kingdom,-5.9
,22492,MINI PAINT SET VINTAGE ,-36,2011-06-29 12:45:00,0.65,15805.0,United Kingdom,-23.4
,84978,HANGING HEART JAR T-LIGHT HOLDER,-7,2011-06-29 12:51:00,1.06,15189.0,United Kingdom,-7.42
,22804,CANDLEHOLDER PINK HANGING HEART,-2,2011-06-29 12:53:00,2.95,12584.0,Italy,-5.9
,22848,BREAD BIN DINER STYLE PINK,-1,2011-06-29 12:53:00,16.95,12584.0,Italy,-16.95
,22849,BREAD BIN DINER STYLE MINT,-1,2011-06-29 12:53:00,16.95,12584.0,Italy,-16.95
,75049L,LARGE CIRCULAR MIRROR MOBILE,-4,2011-06-29 13:29:00,0.85,15311.0,United Kingdom,-3.4
,21313,GLASS HEART T-LIGHT HOLDER ,-1,2011-06-29 13:29:00,0.64,15311.0,United Kingdom,-0.64
,84978,HANGING HEART JAR T-LIGHT HOLDER,-1,2011-06-29 13:29:00,1.06,15311.0,United Kingdom,-1.06
,21314,SMALL GLASS HEART TRINKET POT,-5,2011-06-29 13:29:00,1.85,15311.0,United Kingdom,-9.25
,82483,WOOD 2 DRAWER CABINET WHITE FINISH,-1,2011-06-29 13:29:00,5.95,15311.0,United Kingdom,-5.95
,40001,WHITE BAMBOO RIBS LAMPSHADE,-2,2011-06-29 13:29:00,0.64,15311.0,United Kingdom,-1.28
,23206,LUNCH BAG APPLE DESIGN,-1,2011-06-29 13:29:00,1.45,15311.0,United Kingdom,-1.45
,22778,GLASS CLOCHE SMALL,-1,2011-06-29 13:29:00,3.39,15311.0,United Kingdom,-3.39
,21033,JUMBO BAG CHARLIE AND LOLA TOYS,-1,2011-06-29 13:29:00,1.79,15311.0,United Kingdom,-1.79
,21929,JUMBO BAG PINK VINTAGE PAISLEY,-1,2011-06-29 13:29:00,1.79,15311.0,United Kingdom,-1.79
,85099B,JUMBO BAG RED RETROSPOT,-1,2011-06-29 13:29:00,1.76,15311.0,United Kingdom,-1.76
,22386,JUMBO BAG PINK POLKADOT,-1,2011-06-29 13:29:00,1.79,15311.0,United Kingdom,-1.79
558445,22034,,-18,2011-06-29 13:39:00,0.0,,United Kingdom,-0.0
558446,22164,,-80,2011-06-29 13:40:00,0.0,,United Kingdom,-0.0
558448,22163,,-90,2011-06-29 13:40:00,0.0,,United Kingdom,-0.0
558449,21807,,-35,2011-06-29 13:40:00,0.0,,United Kingdom,-0.0
558451,21817,,-80,2011-06-29 13:41:00,0.0,,United Kingdom,-0.0
558457,21147,?,-95,2011-06-29 13:59:00,0.0,,United Kingdom,-0.0
,84029E,RED WOOLLY HOTTIE WHITE HEART.,-1,2011-06-29 15:14:00,3.95,13982.0,United Kingdom,-3.95
,21535,RED RETROSPOT SMALL MILK JUG,-1,2011-06-29 15:14:00,2.55,13982.0,United Kingdom,-2.55
,21531,RED RETROSPOT SUGAR JAM BOWL,-1,2011-06-29 15:14:00,2.55,13982.0,United Kingdom,-2.55
,22464,HANGING METAL HEART LANTERN,-1,2011-06-29 15:14:00,1.65,13982.0,United Kingdom,-1.65
558464,35966,,-20,2011-06-29 15:17:00,0.0,,United Kingdom,-0.0
,22729,ALARM CLOCK BAKELIKE ORANGE,-1,2011-06-29 15:19:00,3.75,13418.0,United Kingdom,-3.75
,21110,LARGE CAKE TOWEL PINK SPOTS,-2,2011-06-29 15:20:00,6.75,12951.0,United Kingdom,-13.5
,22607,WOODEN ROUNDERS GARDEN SET ,-1,2011-06-29 15:23:00,8.5,17389.0,United Kingdom,-8.5
,23243,SET OF TEA COFFEE SUGAR TINS PANTRY,-4,2011-06-29 15:31:00,4.95,17757.0,United Kingdom,-19.8
,22974,CHILDRENS DOLLY GIRL MUG,-1,2011-06-29 15:38:00,1.65,12408.0,Belgium,-1.65
558476,84597B,damages,-6,2011-06-29 16:04:00,0.0,,United Kingdom,-0.0
558477,84597C,,-1,2011-06-29 16:04:00,0.0,,United Kingdom,-0.0
558520,21896,,-38,2011-06-30 10:25:00,0.0,,United Kingdom,-0.0
,15058B,PINK POLKADOT GARDEN PARASOL,-2,2011-06-30 10:31:00,6.75,13113.0,United Kingdom,-13.5
,23298,SPOTTY BUNTING,-2,2011-06-30 10:31:00,4.15,13113.0,United Kingdom,-8.3
,22429,ENAMEL MEASURING JUG CREAM,-5,2011-06-30 10:33:00,4.25,15932.0,United Kingdom,-21.25
,M,Manual,-7,2011-06-30 10:52:00,1.95,13113.0,United Kingdom,-13.65
,22171,3 HOOK PHOTO SHELF ANTIQUE WHITE,-2,2011-06-30 11:26:00,8.5,15039.0,United Kingdom,-17.0
,22424,ENAMEL BREAD BIN CREAM,-1,2011-06-30 11:31:00,12.75,15039.0,United Kingdom,-12.75
,23170,REGENCY TEA PLATE ROSES ,-576,2011-06-30 12:44:00,1.45,17949.0,United Kingdom,-835.2
,20749,ASSORTED COLOUR MINI CASES,-1,2011-06-30 13:20:00,7.95,17648.0,United Kingdom,-7.95
,22693,GROW A FLYTRAP OR SUNFLOWER IN TIN,-24,2011-06-30 14:58:00,1.25,12674.0,France,-30.0
,21845,DAIRY MAID STRIPE MUG,-4,2011-06-30 16:20:00,0.79,17719.0,United Kingdom,-3.16
,20719,WOODLAND CHARLOTTE BAG,-1,2011-07-01 12:11:00,0.85,16746.0,United Kingdom,-0.85
,23205,CHARLOTTE BAG VINTAGE ALPHABET ,-1,2011-07-01 12:11:00,0.85,16746.0,United Kingdom,-0.85
,20725,LUNCH BAG RED RETROSPOT,-1,2011-07-01 12:11:00,1.65,16746.0,United Kingdom,-1.65
,M,Manual,-1,2011-07-01 13:06:00,2.95,17338.0,United Kingdom,-2.95
,21735,TWO DOOR CURIO CABINET,-1,2011-07-01 13:06:00,12.75,17338.0,United Kingdom,-12.75
,82482,WOODEN PICTURE FRAME WHITE FINISH,-2,2011-07-01 13:06:00,2.55,17338.0,United Kingdom,-5.1
,51014L,"FEATHER PEN,LIGHT PINK",-12,2011-07-01 13:22:00,0.39,17888.0,United Kingdom,-4.68
,51014C,"FEATHER PEN,COAL BLACK",-12,2011-07-01 13:22:00,0.39,17888.0,United Kingdom,-4.68
,23002,TRAVEL CARD WALLET SKULLS,-24,2011-07-01 13:22:00,0.42,17888.0,United Kingdom,-10.08
,22998,TRAVEL CARD WALLET KEEP CALM,-24,2011-07-01 13:22:00,0.42,17888.0,United Kingdom,-10.08
,22997,TRAVEL CARD WALLET UNION JACK,-24,2011-07-01 13:22:00,0.42,17888.0,United Kingdom,-10.08
,22992,REVOLVER WOODEN RULER ,-12,2011-07-01 13:22:00,1.95,17888.0,United Kingdom,-23.4
,22418,10 COLOUR SPACEBOY PEN,-10,2011-07-01 13:22:00,0.85,17888.0,United Kingdom,-8.5
,22374,AIRLINE BAG VINTAGE JET SET RED,-2,2011-07-01 13:22:00,4.25,17888.0,United Kingdom,-8.5
,22372,AIRLINE BAG VINTAGE WORLD CHAMPION ,-1,2011-07-01 13:22:00,4.25,17888.0,United Kingdom,-4.25
,22371,AIRLINE BAG VINTAGE TOKYO 78,-2,2011-07-01 13:22:00,4.25,17888.0,United Kingdom,-8.5
,21829,DINOSAUR KEYRINGS ASSORTED,-108,2011-07-01 13:22:00,0.21,17888.0,United Kingdom,-22.68
,16259,PIECE OF CAMO STATIONERY SET,-108,2011-07-01 13:22:00,0.08,17888.0,United Kingdom,-8.64
,10133,COLOURING PENCILS BROWN TUBE,-10,2011-07-01 13:22:00,0.42,17888.0,United Kingdom,-4.2
,22838,3 TIER CAKE TIN RED AND CREAM,-12,2011-07-01 14:18:00,12.75,12901.0,United Kingdom,-153.0
558723,84865,damaged,-7,2011-07-01 14:28:00,0.0,,United Kingdom,-0.0
,17003,BROCADE RING PURSE ,-1,2011-07-01 14:32:00,57.6,16422.0,United Kingdom,-57.6
,22333,RETROSPOT PARTY BAG + STICKER SET,-1,2011-07-01 14:35:00,1.65,12709.0,Germany,-1.65
,22423,REGENCY CAKESTAND 3 TIER,-1,2011-07-01 14:35:00,10.95,12709.0,Germany,-10.95
,21658,GLASS  BEURRE DISH,-2,2011-07-01 14:35:00,3.39,12709.0,Germany,-6.78
,22605,WOODEN CROQUET GARDEN SET,-1,2011-07-01 14:35:00,10.95,12709.0,Germany,-10.95
,20914,SET/5 RED RETROSPOT LID GLASS BOWLS,-1,2011-07-01 14:35:00,2.55,12709.0,Germany,-2.55
,23168,CLASSIC CAFE SUGAR DISPENSER,-1,2011-07-01 14:35:00,1.25,12709.0,Germany,-1.25
558728,20826,,-1,2011-07-01 14:50:00,0.0,,United Kingdom,-0.0
558730,22060,damaged,-1,2011-07-01 14:51:00,0.0,,United Kingdom,-0.0
558732,47341A,,-1,2011-07-01 14:55:00,0.0,,United Kingdom,-0.0
,22990,COTTON APRON PANTRY DESIGN,-3,2011-07-01 15:06:00,4.95,16498.0,United Kingdom,-14.85
,22424,ENAMEL BREAD BIN CREAM,-1,2011-07-01 15:09:00,12.75,16700.0,United Kingdom,-12.75
,82484,WOOD BLACK BOARD ANT WHITE FINISH,-1,2011-07-01 15:14:00,7.95,18075.0,United Kingdom,-7.95
,23146,TRIPLE HOOK ANTIQUE IVORY ROSE,-2,2011-07-01 15:14:00,3.29,18075.0,United Kingdom,-6.58
,21471,STRAWBERRY RAFFIA FOOD COVER,-1,2011-07-01 15:14:00,3.75,18075.0,United Kingdom,-3.75
,84970S,HANGING HEART ZINC T-LIGHT HOLDER,-12,2011-07-01 15:35:00,0.85,16570.0,United Kingdom,-10.2
,84755,COLOUR GLASS T-LIGHT HOLDER HANGING,-20,2011-07-01 15:35:00,0.65,16570.0,United Kingdom,-13.0
558741,37444C,,-1,2011-07-01 15:52:00,0.0,,United Kingdom,-0.0
558742,62043B,,-1,2011-07-01 15:56:00,0.0,,United Kingdom,-0.0
558743,35810B,,-4,2011-07-01 15:56:00,0.0,,United Kingdom,-0.0
,20712,JUMBO BAG WOODLAND ANIMALS,-1,2011-07-01 17:02:00,2.08,14415.0,United Kingdom,-2.08
,22377,BOTTLE BAG RETROSPOT ,-8,2011-07-01 17:02:00,2.1,14415.0,United Kingdom,-16.8
,20723,STRAWBERRY CHARLOTTE BAG,-9,2011-07-01 17:02:00,0.85,14415.0,United Kingdom,-7.65
,22243,5 HOOK HANGER RED MAGIC TOADSTOOL,-1,2011-07-01 17:02:00,1.65,14415.0,United Kingdom,-1.65
,21314,SMALL GLASS HEART TRINKET POT,-1,2011-07-01 17:02:00,2.1,14415.0,United Kingdom,-2.1
,21733,RED HANGING HEART T-LIGHT HOLDER,-1,2011-07-01 17:02:00,2.95,14415.0,United Kingdom,-2.95
,21844,RED RETROSPOT MUG,-1,2011-07-01 17:02:00,2.95,14415.0,United Kingdom,-2.95
,23182,TOILET SIGN OCCUPIED OR VACANT,-1,2011-07-01 17:02:00,0.83,14415.0,United Kingdom,-0.83
,37500,TEA TIME TEAPOT IN GIFT BOX,-1,2011-07-03 11:54:00,4.95,15033.0,United Kingdom,-4.95
,21359,RELAX LARGE WOOD LETTERS,-1,2011-07-03 11:54:00,3.95,15033.0,United Kingdom,-3.95
,21364,PEACE SMALL WOOD LETTERS,-1,2011-07-03 11:54:00,6.75,15033.0,United Kingdom,-6.75
,23243,SET OF TEA COFFEE SUGAR TINS PANTRY,-8,2011-07-03 13:08:00,4.95,15023.0,United Kingdom,-39.6
,22781,GUMBALL MAGAZINE RACK,-1,2011-07-04 12:17:00,7.65,17841.0,United Kingdom,-7.65
,23089,GLASS BON BON JAR,-5,2011-07-04 14:47:00,1.65,13767.0,United Kingdom,-8.25
,21314,SMALL GLASS HEART TRINKET POT,-3,2011-07-04 14:47:00,2.1,13767.0,United Kingdom,-6.3
,23108,SET OF 10 LED DOLLY LIGHTS,-4,2011-07-04 14:51:00,6.25,17063.0,United Kingdom,-25.0
,22890,NOVELTY BISCUITS CAKE STAND 3 TIER,-1,2011-07-04 14:53:00,8.5,13763.0,United Kingdom,-8.5
558890,84857C,,-24,2011-07-04 15:34:00,0.0,,United Kingdom,-0.0
,M,Manual,-1,2011-07-04 15:55:00,389.68,12619.0,Germany,-389.68
,22798,ANTIQUE GLASS DRESSING TABLE POT,-1,2011-07-04 15:59:00,2.95,14952.0,United Kingdom,-2.95
,22667,RECIPE BOX RETROSPOT ,-1,2011-07-04 15:59:00,2.95,14952.0,United Kingdom,-2.95
,22637,PIGGY BANK RETROSPOT ,-8,2011-07-04 15:59:00,2.55,14952.0,United Kingdom,-20.4
,22927,GREEN GIANT GARDEN THERMOMETER,-1,2011-07-04 16:00:00,5.95,14338.0,United Kingdom,-5.95
,22456,NATURAL SLATE CHALKBOARD LARGE ,-1,2011-07-04 16:07:00,4.95,18171.0,United Kingdom,-4.95
,22492,MINI PAINT SET VINTAGE ,-1,2011-07-04 16:09:00,0.65,13115.0,United Kingdom,-0.65
,POST,POSTAGE,-1,2011-07-04 16:27:00,4.9,13826.0,United Kingdom,-4.9
,72760B,VINTAGE CREAM 3 BASKET CAKE STAND,-1,2011-07-04 16:27:00,9.95,13826.0,United Kingdom,-9.95
,22727,ALARM CLOCK BAKELIKE RED ,-1,2011-07-05 11:01:00,3.75,16729.0,United Kingdom,-3.75
,22728,ALARM CLOCK BAKELIKE PINK,-1,2011-07-05 11:01:00,3.75,16729.0,United Kingdom,-3.75
,M,Manual,-2,2011-07-05 11:01:00,3.52,16729.0,United Kingdom,-7.04
,22801,ANTIQUE GLASS PEDESTAL BOWL,-6,2011-07-05 12:19:00,3.75,13089.0,United Kingdom,-22.5
,21928,JUMBO BAG SCANDINAVIAN BLUE PAISLEY,-11,2011-07-05 12:42:00,2.08,13534.0,United Kingdom,-22.88
,23110,PARISIENNE KEY CABINET ,-2,2011-07-05 12:42:00,5.75,13534.0,United Kingdom,-11.5
,22570,FELTCRAFT CUSHION RABBIT,-1,2011-07-05 12:44:00,3.75,15518.0,United Kingdom,-3.75
,22568,FELTCRAFT CUSHION OWL,-1,2011-07-05 12:44:00,3.75,15518.0,United Kingdom,-3.75
,22900,SET 2 TEA TOWELS I LOVE LONDON ,-6,2011-07-05 12:50:00,3.25,17017.0,United Kingdom,-19.5
,23122,PARTY CHARMS 50 PIECES,-1,2011-07-05 12:50:00,0.83,17017.0,United Kingdom,-0.83
,22971,QUEENS GUARD COFFEE MUG,-3,2011-07-05 12:50:00,2.55,17017.0,United Kingdom,-7.65
,21810,CHRISTMAS HANGING STAR WITH BELL,-48,2011-07-05 13:10:00,1.25,14034.0,United Kingdom,-60.0
,23212,HEART WREATH DECORATION WITH BELL,-36,2011-07-05 13:10:00,1.25,14034.0,United Kingdom,-45.0
,21824,PAINTED METAL STAR WITH HOLLY BELLS,-24,2011-07-05 13:10:00,1.45,14034.0,United Kingdom,-34.8
,22465,HANGING METAL STAR LANTERN,-3,2011-07-05 13:18:00,1.65,13021.0,United Kingdom,-4.95
,84857C,PINK MONTE CARLO HANDBAG,-1,2011-07-05 14:51:00,1.95,16571.0,United Kingdom,-1.95
,84510A,SET OF 4 ENGLISH ROSE COASTERS,-1,2011-07-05 14:51:00,1.25,16571.0,United Kingdom,-1.25
,23240,SET OF 4 KNICK KNACK TINS DOILEY ,-2,2011-07-05 14:51:00,4.15,16571.0,United Kingdom,-8.3
,22720,SET OF 3 CAKE TINS PANTRY DESIGN ,-1,2011-07-05 14:51:00,4.95,16571.0,United Kingdom,-4.95
,22645,CERAMIC HEART FAIRY CAKE MONEY BANK,-2,2011-07-05 14:51:00,1.45,16571.0,United Kingdom,-2.9
,21915,RED  HARMONICA IN BOX ,-1,2011-07-05 14:51:00,1.25,16571.0,United Kingdom,-1.25
,21868,POTTING SHED TEA MUG,-2,2011-07-05 14:51:00,1.25,16571.0,United Kingdom,-2.5
,21794,CLASSIC FRENCH STYLE BASKET NATURAL,-2,2011-07-05 14:51:00,3.95,16571.0,United Kingdom,-7.9
,20984,12 PENCILS TALL TUBE POSY,-24,2011-07-05 14:51:00,0.29,16571.0,United Kingdom,-6.96
,82580,BATHROOM METAL SIGN,-250,2011-07-05 14:53:00,0.42,15985.0,United Kingdom,-105.0
,22760,"TRAY, BREAKFAST IN BED",-1,2011-07-05 14:54:00,10.95,17389.0,United Kingdom,-10.95
,23079,TOADSTOOL BEDSIDE LIGHT ,-2,2011-07-05 15:50:00,8.95,12494.0,France,-17.9
,23444,Next Day Carriage,-1,2011-07-06 10:00:00,15.0,13338.0,United Kingdom,-15.0
,21927,BLUE/CREAM STRIPE CUSHION COVER ,-1,2011-07-06 10:44:00,1.25,17841.0,United Kingdom,-1.25
,46000M,POLYESTER FILLER PAD 45x45cm,-1,2011-07-06 10:44:00,1.55,17841.0,United Kingdom,-1.55
,46138B,BLUE CHENILLE SHAGGY CUSHION COVER ,-3,2011-07-06 10:44:00,0.85,17841.0,United Kingdom,-2.55
,23148,MINIATURE ANTIQUE ROSE HOOK IVORY,-1,2011-07-06 10:44:00,0.83,17841.0,United Kingdom,-0.83
,84509A,SET OF 4 ENGLISH ROSE PLACEMATS,-1,2011-07-06 10:44:00,3.75,17841.0,United Kingdom,-3.75
,23202,JUMBO BAG VINTAGE LEAF,-1,2011-07-06 11:10:00,2.08,16393.0,United Kingdom,-2.08
,20726,LUNCH BAG WOODLAND,-1,2011-07-06 11:10:00,1.65,16393.0,United Kingdom,-1.65
,20728,LUNCH BAG CARS BLUE,-1,2011-07-06 11:10:00,1.65,16393.0,United Kingdom,-1.65
,22138,BAKING SET 9 PIECE RETROSPOT ,-3,2011-07-06 11:10:00,4.95,16393.0,United Kingdom,-14.85
,22139,RETROSPOT TEA SET CERAMIC 11 PC ,-1,2011-07-06 13:21:00,4.25,17511.0,United Kingdom,-4.25
,37340,MULTICOLOUR SPRING FLOWER MUG,-1,2011-07-06 13:21:00,0.39,17511.0,United Kingdom,-0.39
,84970S,HANGING HEART ZINC T-LIGHT HOLDER,-5,2011-07-06 13:21:00,0.64,17511.0,United Kingdom,-3.2
,23108,SET OF 10 LED DOLLY LIGHTS,-1,2011-07-06 13:21:00,5.39,17511.0,United Kingdom,-5.39
,22197,POPCORN HOLDER,-2,2011-07-06 13:21:00,0.72,17511.0,United Kingdom,-1.44
,23288,GREEN VINTAGE SPOT BEAKER,-1,2011-07-06 13:21:00,0.72,17511.0,United Kingdom,-0.72
,21788,KIDS RAIN MAC BLUE,-1,2011-07-06 13:21:00,0.65,17511.0,United Kingdom,-0.65
,22383,LUNCH BAG SUKI DESIGN ,-1,2011-07-06 13:21:00,1.45,17511.0,United Kingdom,-1.45
,21974,SET OF 36 PAISLEY FLOWER DOILIES,-12,2011-07-06 13:42:00,1.45,13420.0,United Kingdom,-17.4
,21936,RED RETROSPOT PICNIC BAG,-5,2011-07-06 14:47:00,2.95,17469.0,United Kingdom,-14.75
,23146,TRIPLE HOOK ANTIQUE IVORY ROSE,-4,2011-07-06 14:47:00,3.29,17469.0,United Kingdom,-13.16
,22960,JAM MAKING SET WITH JARS,-11,2011-07-07 10:17:00,4.25,12507.0,Spain,-46.75
,22232,JIGSAW TOADSTOOLS 3 PIECE,-16,2011-07-07 10:25:00,0.59,12626.0,Germany,-9.44
,22028,PENNY FARTHING BIRTHDAY CARD,-12,2011-07-07 10:25:00,0.42,12626.0,Germany,-5.04
,22659,LUNCH BOX I LOVE LONDON,-1,2011-07-07 10:26:00,1.95,12379.0,Belgium,-1.95
,84078A,SET/4 WHITE RETRO STORAGE CUBES ,-4,2011-07-07 11:42:00,34.95,12980.0,United Kingdom,-139.8
,23237,SET OF 4 KNICK KNACK TINS LEAF,-1,2011-07-07 11:44:00,4.15,12472.0,Germany,-4.15
,23236,DOILEY STORAGE TIN,-1,2011-07-07 11:44:00,2.89,12472.0,Germany,-2.89
,22556,PLASTERS IN TIN CIRCUS PARADE ,-1,2011-07-07 11:44:00,1.65,12472.0,Germany,-1.65
,22467,GUMBALL COAT RACK,-2,2011-07-07 11:44:00,2.55,12472.0,Germany,-5.1
,22430,ENAMEL WATERING CAN CREAM,-1,2011-07-07 11:44:00,4.95,12472.0,Germany,-4.95
,22333,RETROSPOT PARTY BAG + STICKER SET,-1,2011-07-07 11:44:00,1.65,12472.0,Germany,-1.65
,22326,ROUND SNACK BOXES SET OF4 WOODLAND ,-1,2011-07-07 11:44:00,2.95,12472.0,Germany,-2.95
,21671,RED SPOT CERAMIC DRAWER KNOB,-2,2011-07-07 11:44:00,1.25,12472.0,Germany,-2.5
,21669,BLUE STRIPE CERAMIC DRAWER KNOB,-1,2011-07-07 11:44:00,1.25,12472.0,Germany,-1.25
,23242,TREASURE TIN BUFFALO BILL ,-20,2011-07-07 12:29:00,2.08,17861.0,United Kingdom,-41.6
,22367,CHILDRENS APRON SPACEBOY DESIGN,-2,2011-07-07 12:49:00,1.95,13510.0,United Kingdom,-3.9
,23168,CLASSIC CAFE SUGAR DISPENSER,-2,2011-07-07 12:49:00,1.25,13510.0,United Kingdom,-2.5
,22727,ALARM CLOCK BAKELIKE RED ,-4,2011-07-07 13:18:00,3.75,17719.0,United Kingdom,-15.0
559314,84584,?,-50,2011-07-07 13:51:00,0.0,,United Kingdom,-0.0
,20897,VINTAGE NOTEBOOK PARIS DAYS,-6,2011-07-07 15:50:00,2.95,16581.0,United Kingdom,-17.7
,20898,VINTAGE NOTEBOOK TRAVELOGUE,-6,2011-07-07 15:50:00,2.95,16581.0,United Kingdom,-17.7
,22606,WOODEN SKITTLES GARDEN SET,-1,2011-07-07 17:09:00,15.95,17837.0,United Kingdom,-15.95
,21439,BASKET OF TOADSTOOLS,-408,2011-07-07 17:16:00,1.06,13984.0,United Kingdom,-432.48
,M,Manual,-1,2011-07-07 17:22:00,2.88,18072.0,United Kingdom,-2.88
,85159A,"BLACK TEA,COFFEE,SUGAR JARS",-24,2011-07-07 17:22:00,1.95,18072.0,United Kingdom,-46.8
,85032C,CURIOUS IMAGES GIFT WRAP SET,-12,2011-07-07 17:22:00,0.65,18072.0,United Kingdom,-7.8
,85032D,YULETIDE IMAGES GIFT WRAP SET,-12,2011-07-07 17:22:00,0.65,18072.0,United Kingdom,-7.8
,35965,FOLKART HEART NAPKIN RINGS,-24,2011-07-07 17:22:00,0.79,18072.0,United Kingdom,-18.96
,22771,CLEAR DRAWER KNOB ACRYLIC EDWARDIAN,-12,2011-07-07 17:22:00,1.25,18072.0,United Kingdom,-15.0
,22209,WOOD STAMP SET HAPPY BIRTHDAY,-12,2011-07-07 17:22:00,0.83,18072.0,United Kingdom,-9.96
,22208,WOOD STAMP SET THANK YOU,-12,2011-07-07 17:22:00,0.83,18072.0,United Kingdom,-9.96
,22161,HEART DECORATION RUSTIC HANGING ,-24,2011-07-07 17:22:00,0.19,18072.0,United Kingdom,-4.56
,21673,WHITE SPOT BLUE CERAMIC DRAWER KNOB,-24,2011-07-07 17:22:00,1.25,18072.0,United Kingdom,-30.0
,21672,WHITE SPOT RED CERAMIC DRAWER KNOB,-12,2011-07-07 17:22:00,1.25,18072.0,United Kingdom,-15.0
,21671,RED SPOT CERAMIC DRAWER KNOB,-12,2011-07-07 17:22:00,1.25,18072.0,United Kingdom,-15.0
,21670,BLUE SPOT CERAMIC DRAWER KNOB,-12,2011-07-07 17:22:00,1.25,18072.0,United Kingdom,-15.0
,21373,MIRRORED WALL ART SNOWFLAKES,-12,2011-07-07 17:22:00,0.75,18072.0,United Kingdom,-9.0
,20840,FRENCH FLORAL CUSHION COVER ,-12,2011-07-07 17:22:00,0.85,18072.0,United Kingdom,-10.2
,20838,FRENCH LATTICE CUSHION COVER ,-12,2011-07-07 17:22:00,0.85,18072.0,United Kingdom,-10.2
,20836,FRENCH PAISLEY CUSHION COVER,-12,2011-07-07 17:22:00,0.83,18072.0,United Kingdom,-9.96
,M,Manual,-1,2011-07-07 17:22:00,9.36,18072.0,United Kingdom,-9.36
,47594A,CAROUSEL DESIGN WASHBAG,-1,2011-07-07 17:25:00,1.95,16550.0,United Kingdom,-1.95
,75049L,LARGE CIRCULAR MIRROR MOBILE,-2,2011-07-07 17:25:00,0.85,16550.0,United Kingdom,-1.7
,23275,SET OF 3 HANGING OWLS OLLIE BEAK,-48,2011-07-07 17:42:00,1.25,13408.0,United Kingdom,-60.0
559365,22451,,-3,2011-07-08 08:53:00,0.0,,United Kingdom,-0.0
559373,16156S,,-110,2011-07-08 10:36:00,0.0,,United Kingdom,-0.0
559374,22050,,-100,2011-07-08 10:37:00,0.0,,United Kingdom,-0.0
559375,22051,?,-300,2011-07-08 10:37:00,0.0,,United Kingdom,-0.0
559376,48116,,-35,2011-07-08 10:38:00,0.0,,United Kingdom,-0.0
559378,21781,damages?,-39,2011-07-08 10:40:00,0.0,,United Kingdom,-0.0
559379,79337,,-8,2011-07-08 10:42:00,0.0,,United Kingdom,-0.0
559390,21700,,-110,2011-07-08 10:46:00,0.0,,United Kingdom,-0.0
559398,21169,,-70,2011-07-08 10:48:00,0.0,,United Kingdom,-0.0
559402,21635,,-8,2011-07-08 10:49:00,0.0,,United Kingdom,-0.0
559405,22863,,-7,2011-07-08 10:50:00,0.0,,United Kingdom,-0.0
559410,84341B,,-179,2011-07-08 10:51:00,0.0,,United Kingdom,-0.0
559414,22855,,-4,2011-07-08 10:52:00,0.0,,United Kingdom,-0.0
,22617,BAKING SET SPACEBOY DESIGN,-1,2011-07-08 11:08:00,4.95,13115.0,United Kingdom,-4.95
559423,71143,,-14,2011-07-08 12:06:00,0.0,,United Kingdom,-0.0
,21427,SKULLS STORAGE BOX SMALL,-1,2011-07-08 13:04:00,2.1,14680.0,United Kingdom,-2.1
,21930,JUMBO STORAGE BAG SKULLS,-1,2011-07-08 13:04:00,2.08,14680.0,United Kingdom,-2.08
,23201,JUMBO BAG ALPHABET,-1,2011-07-08 13:04:00,2.08,14680.0,United Kingdom,-2.08
,22383,LUNCH BAG SUKI DESIGN ,-1,2011-07-08 13:04:00,1.65,14680.0,United Kingdom,-1.65
,22384,LUNCH BAG PINK POLKADOT,-1,2011-07-08 13:04:00,1.65,14680.0,United Kingdom,-1.65
,20727,LUNCH BAG  BLACK SKULL.,-1,2011-07-08 13:04:00,1.65,14680.0,United Kingdom,-1.65
,85099B,JUMBO BAG RED RETROSPOT,-2,2011-07-08 13:04:00,2.08,14680.0,United Kingdom,-4.16
,20725,LUNCH BAG RED RETROSPOT,-10,2011-07-08 13:04:00,1.65,14680.0,United Kingdom,-16.5
,20726,LUNCH BAG WOODLAND,-3,2011-07-08 13:04:00,1.65,14680.0,United Kingdom,-4.95
,22628,PICNIC BOXES SET OF 3 RETROSPOT ,-1,2011-07-08 13:04:00,4.95,14680.0,United Kingdom,-4.95
,21464,DISCO BALL ROTATOR BATTERY OPERATED,-1,2011-07-08 13:33:00,4.25,13078.0,United Kingdom,-4.25
,75049L,LARGE CIRCULAR MIRROR MOBILE,-13,2011-07-08 13:36:00,1.25,14905.0,United Kingdom,-16.25
,22193,RED DINER WALL CLOCK,-1,2011-07-08 13:38:00,8.5,15615.0,United Kingdom,-8.5
,71477,COLOUR GLASS. STAR T-LIGHT HOLDER,-1,2011-07-08 13:40:00,2.75,13769.0,United Kingdom,-2.75
,22726,ALARM CLOCK BAKELIKE GREEN,-1,2011-07-08 13:41:00,3.75,13078.0,United Kingdom,-3.75
,22727,ALARM CLOCK BAKELIKE RED ,-1,2011-07-08 13:41:00,3.75,13078.0,United Kingdom,-3.75
,23245,SET OF 3 REGENCY CAKE TINS,-2,2011-07-08 13:51:00,4.95,13047.0,United Kingdom,-9.9
,23236,DOILEY STORAGE TIN,-1,2011-07-08 13:51:00,2.89,13047.0,United Kingdom,-2.89
,23110,PARISIENNE KEY CABINET ,-2,2011-07-08 13:51:00,5.75,13047.0,United Kingdom,-11.5
,23118,PARISIENNE JEWELLERY DRAWER ,-1,2011-07-08 13:51:00,7.5,13047.0,United Kingdom,-7.5
,22423,REGENCY CAKESTAND 3 TIER,-1,2011-07-08 13:51:00,12.75,13047.0,United Kingdom,-12.75
,23028,DRAWER KNOB CRACKLE GLAZE BLUE,-1,2011-07-08 13:51:00,1.65,13047.0,United Kingdom,-1.65
,22720,SET OF 3 CAKE TINS PANTRY DESIGN ,-1,2011-07-08 13:51:00,4.95,13047.0,United Kingdom,-4.95
,23029,DRAWER KNOB CRACKLE GLAZE GREEN,-1,2011-07-08 13:51:00,1.65,13047.0,United Kingdom,-1.65
,85123A,WHITE HANGING HEART T-LIGHT HOLDER,-1,2011-07-08 13:51:00,2.95,13047.0,United Kingdom,-2.95
,23111,PARISIENNE SEWING BOX,-1,2011-07-08 13:51:00,12.5,13047.0,United Kingdom,-12.5
,23112,PARISIENNE CURIO CABINET,-2,2011-07-08 13:51:00,7.5,13047.0,United Kingdom,-15.0
,23288,GREEN VINTAGE SPOT BEAKER,-1,2011-07-08 13:54:00,0.85,14267.0,United Kingdom,-0.85
,23245,SET OF 3 REGENCY CAKE TINS,-1,2011-07-08 13:54:00,4.95,14267.0,United Kingdom,-4.95
,21931,JUMBO STORAGE BAG SUKI,-2,2011-07-08 14:06:00,2.08,15078.0,United Kingdom,-4.16
,23245,SET OF 3 REGENCY CAKE TINS,-2,2011-07-08 14:06:00,4.95,15078.0,United Kingdom,-9.9
,21735,TWO DOOR CURIO CABINET,-1,2011-07-08 14:27:00,12.75,14016.0,EIRE,-12.75
,22427,ENAMEL FLOWER JUG CREAM,-2,2011-07-08 14:53:00,5.95,13338.0,United Kingdom,-11.9
,22423,REGENCY CAKESTAND 3 TIER,-1,2011-07-08 14:53:00,12.75,13338.0,United Kingdom,-12.75
,21913,VINTAGE SEASIDE JIGSAW PUZZLES,-1,2011-07-08 14:53:00,3.75,13338.0,United Kingdom,-3.75
,22362,GLASS JAR PEACOCK BATH SALTS,-4,2011-07-08 14:53:00,2.95,13338.0,United Kingdom,-11.8
,22655,VINTAGE RED KITCHEN CABINET,-1,2011-07-10 12:04:00,125.0,14808.0,United Kingdom,-125.0
,22846,BREAD BIN DINER STYLE RED ,-1,2011-07-10 12:07:00,16.95,14808.0,United Kingdom,-16.95
,20914,SET/5 RED RETROSPOT LID GLASS BOWLS,-1,2011-07-10 12:10:00,2.95,17126.0,United Kingdom,-2.95
,47594B,SCOTTIES DESIGN WASHBAG,-2,2011-07-10 12:11:00,1.95,16283.0,United Kingdom,-3.9
,21850,BLUE  DIAMANTE PEN IN GIFT BOX,-36,2011-07-10 12:39:00,4.25,18024.0,United Kingdom,-153.0
,22423,REGENCY CAKESTAND 3 TIER,-1,2011-07-11 11:09:00,12.75,13627.0,United Kingdom,-12.75
,22158,3 HEARTS HANGING DECORATION RUSTIC,-3,2011-07-11 11:44:00,2.95,14690.0,United Kingdom,-8.85
,84879,ASSORTED COLOUR BIRD ORNAMENT,-1,2011-07-11 11:44:00,1.69,14690.0,United Kingdom,-1.69
,22581,WOOD STOCKING CHRISTMAS SCANDISPOT,-2,2011-07-11 11:44:00,0.85,14690.0,United Kingdom,-1.7
,22601,CHRISTMAS RETROSPOT ANGEL WOOD,-1,2011-07-11 11:44:00,0.85,14690.0,United Kingdom,-0.85
,22294,HEART FILIGREE DOVE  SMALL,-24,2011-07-11 12:43:00,1.25,13184.0,United Kingdom,-30.0
559655,21166,?,-124,2011-07-11 12:57:00,0.0,,United Kingdom,-0.0
,23243,SET OF TEA COFFEE SUGAR TINS PANTRY,-1,2011-07-11 13:07:00,4.95,14796.0,United Kingdom,-4.95
,21166,COOK WITH WINE METAL SIGN ,-1,2011-07-11 13:07:00,2.08,14796.0,United Kingdom,-2.08
,22649,STRAWBERRY FAIRY CAKE TEAPOT,-1,2011-07-11 13:33:00,4.95,17706.0,United Kingdom,-4.95
,22191,IVORY DINER WALL CLOCK,-1,2011-07-11 13:33:00,8.5,17706.0,United Kingdom,-8.5
,22072,RED RETROSPOT TEA CUP AND SAUCER ,-2,2011-07-11 13:33:00,3.75,17706.0,United Kingdom,-7.5
,21703,BAG 125g SWIRLY MARBLES,-1,2011-07-11 13:34:00,0.42,18142.0,United Kingdom,-0.42
,22149,FELTCRAFT 6 FLOWER FRIENDS,-1,2011-07-11 13:34:00,2.1,18142.0,United Kingdom,-2.1
,23207,LUNCH BAG ALPHABET DESIGN,-1,2011-07-11 13:37:00,1.65,14389.0,United Kingdom,-1.65
,22661,CHARLOTTE BAG DOLLY GIRL DESIGN,-1,2011-07-11 13:37:00,0.85,14389.0,United Kingdom,-0.85
,22383,LUNCH BAG SUKI DESIGN ,-2,2011-07-11 13:37:00,1.65,14389.0,United Kingdom,-3.3
,23168,CLASSIC CAFE SUGAR DISPENSER,-2,2011-07-11 13:38:00,1.25,13267.0,United Kingdom,-2.5
,22699,ROSES REGENCY TEACUP AND SAUCER ,-2,2011-07-11 13:38:00,2.95,13267.0,United Kingdom,-5.9
,23031,DRAWER KNOB CRACKLE GLAZE PINK,-2,2011-07-11 13:51:00,1.65,16033.0,United Kingdom,-3.3
,22670,FRENCH WC SIGN BLUE METAL,-1,2011-07-11 13:51:00,1.25,16033.0,United Kingdom,-1.25
,22667,RECIPE BOX RETROSPOT ,-1,2011-07-11 13:51:00,2.95,16033.0,United Kingdom,-2.95
,46138B,BLUE CHENILLE SHAGGY CUSHION COVER ,-10,2011-07-11 14:21:00,0.85,13745.0,United Kingdom,-8.5
,POST,POSTAGE,-1,2011-07-11 14:51:00,50.0,12717.0,Greece,-50.0
,82486,WOOD S/3 CABINET ANT WHITE FINISH,-1,2011-07-11 14:56:00,8.95,17337.0,United Kingdom,-8.95
,20725,LUNCH BAG RED RETROSPOT,-1,2011-07-12 09:58:00,1.65,15719.0,United Kingdom,-1.65
,22607,WOODEN ROUNDERS GARDEN SET ,-1,2011-07-12 10:56:00,9.95,18193.0,United Kingdom,-9.95
,17003,BROCADE RING PURSE ,-1,2011-07-12 11:07:00,57.6,16422.0,United Kingdom,-57.6
,20985,HEART CALCULATOR,-3,2011-07-12 11:08:00,1.06,17381.0,United Kingdom,-3.18
,72741,GRAND CHOCOLATECANDLE,-1,2011-07-12 11:10:00,1.45,13013.0,United Kingdom,-1.45
,22978,PANTRY ROLLING PIN,-1,2011-07-12 11:10:00,3.75,13013.0,United Kingdom,-3.75
,22989,SET 2 PANTRY DESIGN TEA TOWELS,-6,2011-07-12 11:11:00,3.25,14267.0,United Kingdom,-19.5
,22960,JAM MAKING SET WITH JARS,-12,2011-07-12 11:11:00,3.75,14267.0,United Kingdom,-45.0
,22956,36 FOIL HEART CAKE CASES,-6,2011-07-12 11:11:00,2.1,14267.0,United Kingdom,-12.6
,22666,RECIPE BOX PANTRY YELLOW DESIGN,-6,2011-07-12 11:11:00,2.95,14267.0,United Kingdom,-17.7
,22423,REGENCY CAKESTAND 3 TIER,-6,2011-07-12 11:11:00,12.75,14267.0,United Kingdom,-76.5
,21877,HOME SWEET HOME MUG,-12,2011-07-12 11:11:00,1.25,14267.0,United Kingdom,-15.0
,21164,HOME SWEET HOME METAL SIGN ,-6,2011-07-12 11:11:00,2.95,14267.0,United Kingdom,-17.7
,22798,ANTIQUE GLASS DRESSING TABLE POT,-1,2011-07-12 11:12:00,2.95,13599.0,United Kingdom,-2.95
,22098,BOUDOIR SQUARE TISSUE BOX,-12,2011-07-12 11:12:00,0.39,13599.0,United Kingdom,-4.68
,22768,FAMILY PHOTO FRAME CORNICE,-1,2011-07-12 11:13:00,9.95,15416.0,United Kingdom,-9.95
,85159A,"BLACK TEA,COFFEE,SUGAR JARS",-5,2011-07-12 11:23:00,1.95,17069.0,United Kingdom,-9.75
,79030D,TUMBLER BAROQUE,-1,2011-07-12 11:23:00,0.39,17069.0,United Kingdom,-0.39
559792,21067,,-66,2011-07-12 12:31:00,0.0,,United Kingdom,-0.0
,15036,ASSORTED COLOURS SILK FAN,-72,2011-07-12 13:49:00,0.83,16701.0,United Kingdom,-59.76
,21891,TRADITIONAL WOODEN SKIPPING ROPE,-1,2011-07-12 14:49:00,1.45,13743.0,United Kingdom,-1.45
,22371,AIRLINE BAG VINTAGE TOKYO 78,-2,2011-07-13 09:45:00,3.95,14483.0,United Kingdom,-7.9
,M,Manual,-1,2011-07-13 09:49:00,0.48,16998.0,United Kingdom,-0.48
,71038,WHITE HANGING BEADS CANDLE HOLDER,-4,2011-07-13 11:32:00,5.45,15493.0,United Kingdom,-21.8
,23106,ZINC HEARTS PLANT POT HOLDER,-12,2011-07-13 11:34:00,2.89,16156.0,United Kingdom,-34.68
,POST,POSTAGE,-1,2011-07-13 11:34:00,7.62,16156.0,United Kingdom,-7.62
,21871,SAVE THE PLANET MUG,-72,2011-07-13 13:56:00,1.06,14088.0,United Kingdom,-76.32
,AMAZONFEE,AMAZON FEE,-1,2011-07-13 15:18:00,4383.62,,United Kingdom,-4383.62
,AMAZONFEE,AMAZON FEE,-1,2011-07-13 15:21:00,6497.47,,United Kingdom,-6497.47
,84688,BEACH HUT DESIGN BLACKBOARD,-12,2011-07-14 10:19:00,4.25,14426.0,United Kingdom,-51.0
,82484,WOOD BLACK BOARD ANT WHITE FINISH,-12,2011-07-14 10:19:00,6.75,14426.0,United Kingdom,-81.0
,22937,BAKING MOULD CHOCOLATE CUPCAKES,-6,2011-07-14 10:19:00,2.55,14426.0,United Kingdom,-15.3
,22847,BREAD BIN DINER STYLE IVORY,-1,2011-07-14 10:19:00,16.95,14426.0,United Kingdom,-16.95
,22750,FELTCRAFT PRINCESS LOLA DOLL,-4,2011-07-14 10:19:00,3.75,14426.0,United Kingdom,-15.0
,22718,CARD CAT AND TREE ,-12,2011-07-14 10:19:00,0.42,14426.0,United Kingdom,-5.04
,22714,CARD BIRTHDAY COWBOY,-12,2011-07-14 10:19:00,0.42,14426.0,United Kingdom,-5.04
,22647,CERAMIC LOVE HEART MONEY BANK,-12,2011-07-14 10:19:00,1.45,14426.0,United Kingdom,-17.4
,22570,FELTCRAFT CUSHION RABBIT,-4,2011-07-14 10:19:00,3.75,14426.0,United Kingdom,-15.0
,22568,FELTCRAFT CUSHION OWL,-4,2011-07-14 10:19:00,3.75,14426.0,United Kingdom,-15.0
,22464,HANGING METAL HEART LANTERN,-12,2011-07-14 10:19:00,1.65,14426.0,United Kingdom,-19.8
,22456,NATURAL SLATE CHALKBOARD LARGE ,-3,2011-07-14 10:19:00,4.95,14426.0,United Kingdom,-14.85
,22435,SET OF 9 HEART SHAPED BALLOONS,-12,2011-07-14 10:19:00,1.25,14426.0,United Kingdom,-15.0
,22318,FIVE HEART HANGING DECORATION,-6,2011-07-14 10:19:00,2.95,14426.0,United Kingdom,-17.7
,22151,PLACE SETTING WHITE HEART,-24,2011-07-14 10:19:00,0.42,14426.0,United Kingdom,-10.08
,22150,3 STRIPEY MICE FELTCRAFT,-6,2011-07-14 10:19:00,1.95,14426.0,United Kingdom,-11.7
,22147,FELTCRAFT BUTTERFLY HEARTS,-14,2011-07-14 10:19:00,1.45,14426.0,United Kingdom,-20.3
,22132,RED LOVE HEART SHAPE CUP,-12,2011-07-14 10:19:00,0.85,14426.0,United Kingdom,-10.2
,22082,RIBBON REEL STRIPES DESIGN ,-10,2011-07-14 10:19:00,1.65,14426.0,United Kingdom,-16.5
,22079,RIBBON REEL HEARTS DESIGN ,-10,2011-07-14 10:19:00,1.65,14426.0,United Kingdom,-16.5
,22031,BOTANICAL LAVENDER BIRTHDAY CARD,-12,2011-07-14 10:19:00,0.42,14426.0,United Kingdom,-5.04
,22026,BANQUET BIRTHDAY  CARD  ,-12,2011-07-14 10:19:00,0.42,14426.0,United Kingdom,-5.04
,22025,RING OF ROSES BIRTHDAY CARD,-12,2011-07-14 10:19:00,0.42,14426.0,United Kingdom,-5.04
,22024,RAINY LADIES BIRTHDAY CARD,-12,2011-07-14 10:19:00,0.42,14426.0,United Kingdom,-5.04
,22023,EMPIRE BIRTHDAY CARD,-12,2011-07-14 10:19:00,0.42,14426.0,United Kingdom,-5.04
,21977,PACK OF 60 PINK PAISLEY CAKE CASES,-24,2011-07-14 10:19:00,0.55,14426.0,United Kingdom,-13.2
,21733,RED HANGING HEART T-LIGHT HOLDER,-6,2011-07-14 10:19:00,2.95,14426.0,United Kingdom,-17.7
,21507,"ELEPHANT, BIRTHDAY CARD, ",-12,2011-07-14 10:19:00,0.42,14426.0,United Kingdom,-5.04
,21506,"FANCY FONT BIRTHDAY CARD, ",-12,2011-07-14 10:19:00,0.42,14426.0,United Kingdom,-5.04
,21428,SET3 BOOK BOX GREEN GINGHAM FLOWER ,-4,2011-07-14 10:19:00,4.25,14426.0,United Kingdom,-17.0
,21232,STRAWBERRY CERAMIC TRINKET BOX,-12,2011-07-14 10:19:00,1.25,14426.0,United Kingdom,-15.0
,21212,PACK OF 72 RETROSPOT CAKE CASES,-24,2011-07-14 10:19:00,0.55,14426.0,United Kingdom,-13.2
559943,21578,?,-251,2011-07-14 10:21:00,0.0,,United Kingdom,-0.0
,20914,SET/5 RED RETROSPOT LID GLASS BOWLS,-32,2011-07-14 10:27:00,2.55,16701.0,United Kingdom,-81.6
,21868,POTTING SHED TEA MUG,-36,2011-07-14 10:27:00,1.06,16701.0,United Kingdom,-38.16
,22699,ROSES REGENCY TEACUP AND SAUCER ,-2,2011-07-14 10:42:00,2.95,,EIRE,-5.9
,M,Manual,-3,2011-07-14 10:47:00,2.1,14562.0,United Kingdom,-6.3
,84952B,BLACK LOVE BIRD T-LIGHT HOLDER,-3,2011-07-14 10:47:00,3.75,14562.0,United Kingdom,-11.25
,23147,SINGLE ANTIQUE ROSE HOOK IVORY,-7,2011-07-14 10:57:00,1.45,17696.0,United Kingdom,-10.15
,23146,TRIPLE HOOK ANTIQUE IVORY ROSE,-3,2011-07-14 10:57:00,3.29,17696.0,United Kingdom,-9.87
,21534,DAIRY MAID LARGE MILK JUG,-2,2011-07-14 10:57:00,4.95,17696.0,United Kingdom,-9.9
,21258,VICTORIAN SEWING BOX LARGE,-2,2011-07-14 10:57:00,6.95,17696.0,United Kingdom,-13.9
,37448,CERAMIC CAKE DESIGN SPOTTED MUG,-1,2011-07-14 10:57:00,1.49,17696.0,United Kingdom,-1.49
,23169,CLASSIC GLASS COOKIE JAR,-3,2011-07-14 11:00:00,4.15,13815.0,Germany,-12.45
,23301,GARDENERS KNEELING PAD KEEP CALM ,-6,2011-07-14 11:41:00,1.65,14562.0,United Kingdom,-9.9
,23300,GARDENERS KNEELING PAD CUP OF TEA ,-6,2011-07-14 11:41:00,1.65,14562.0,United Kingdom,-9.9
,22918,HERB MARKER PARSLEY,-12,2011-07-14 11:41:00,0.65,14562.0,United Kingdom,-7.8
,22920,HERB MARKER BASIL,-12,2011-07-14 11:41:00,0.65,14562.0,United Kingdom,-7.8
,22916,HERB MARKER THYME,-12,2011-07-14 11:41:00,0.65,14562.0,United Kingdom,-7.8
,22919,HERB MARKER MINT,-12,2011-07-14 11:41:00,0.65,14562.0,United Kingdom,-7.8
,22917,HERB MARKER ROSEMARY,-12,2011-07-14 11:41:00,0.65,14562.0,United Kingdom,-7.8
,22910,PAPER CHAIN KIT VINTAGE CHRISTMAS,-5,2011-07-14 11:41:00,2.95,14562.0,United Kingdom,-14.75
,22086,PAPER CHAIN KIT 50'S CHRISTMAS ,-6,2011-07-14 11:41:00,2.95,14562.0,United Kingdom,-17.7
,23313,VINTAGE CHRISTMAS BUNTING,-8,2011-07-14 11:41:00,4.95,14562.0,United Kingdom,-39.6
,22921,HERB MARKER CHIVES ,-12,2011-07-14 11:41:00,0.65,14562.0,United Kingdom,-7.8
,85066,CREAM SWEETHEART MINI CHEST,-1,2011-07-14 11:41:00,12.75,14562.0,United Kingdom,-12.75
,23082,SET 6 PAPER TABLE LANTERN HEARTS ,-12,2011-07-14 11:41:00,3.75,14562.0,United Kingdom,-45.0
,23083,SET 6 PAPER TABLE LANTERN STARS ,-12,2011-07-14 11:41:00,3.75,14562.0,United Kingdom,-45.0
,22487,WHITE WOOD GARDEN PLANT LADDER,-2,2011-07-14 11:41:00,9.95,14562.0,United Kingdom,-19.9
,D,Discount,-1,2011-07-14 12:30:00,13.99,14527.0,United Kingdom,-13.99
560037,22242,,-34,2011-07-14 14:00:00,0.0,,United Kingdom,-0.0
560039,20713,wrongly marked. 23343 in box,-3100,2011-07-14 14:27:00,0.0,,United Kingdom,-0.0
,21704,BAG 250g SWIRLY MARBLES,-2,2011-07-14 14:47:00,0.72,16656.0,United Kingdom,-1.44
,22776,SWEETHEART CAKESTAND 3 TIER,-2,2011-07-14 14:47:00,9.95,14258.0,United Kingdom,-19.9
,84692,BOX OF 24 COCKTAIL PARASOLS,-1,2011-07-14 14:51:00,0.42,16779.0,United Kingdom,-0.42
,71477,COLOUR GLASS. STAR T-LIGHT HOLDER,-1,2011-07-14 14:51:00,2.75,16779.0,United Kingdom,-2.75
,71053,WHITE METAL LANTERN,-2,2011-07-14 14:51:00,3.39,16779.0,United Kingdom,-6.78
,23092,LARGE ANTIQUE WHITE PHOTO FRAME,-1,2011-07-14 14:55:00,7.9,17049.0,United Kingdom,-7.9
560091,44236,,-10,2011-07-14 17:03:00,0.0,,United Kingdom,-0.0
,84692,BOX OF 24 COCKTAIL PARASOLS,-5,2011-07-14 17:47:00,0.42,16779.0,United Kingdom,-2.1
,M,Manual,-1,2011-07-14 17:51:00,7.88,16422.0,United Kingdom,-7.88
560110,21673,,-40,2011-07-15 09:51:00,0.0,,United Kingdom,-0.0
560111,84874B,,-3,2011-07-15 09:52:00,0.0,,United Kingdom,-0.0
560112,21683,,-38,2011-07-15 09:52:00,0.0,,United Kingdom,-0.0
560113,21865,,-40,2011-07-15 09:52:00,0.0,,United Kingdom,-0.0
560114,75172,,-35,2011-07-15 09:53:00,0.0,,United Kingdom,-0.0
,21936,RED RETROSPOT PICNIC BAG,-2,2011-07-15 10:35:00,2.95,16782.0,United Kingdom,-5.9
,21326,AGED GLASS SILVER T-LIGHT HOLDER,-6,2011-07-15 10:36:00,0.65,17440.0,United Kingdom,-3.9
,84945,MULTI COLOUR SILVER T-LIGHT HOLDER,-5,2011-07-15 10:36:00,0.85,17440.0,United Kingdom,-4.25
,20713,JUMBO BAG OWLS,-100,2011-07-15 11:10:00,1.79,15769.0,United Kingdom,-179.0
,23209,LUNCH BAG DOILEY PATTERN ,-1,2011-07-15 12:30:00,1.65,17652.0,United Kingdom,-1.65
,23202,JUMBO BAG VINTAGE LEAF,-10,2011-07-15 13:56:00,2.08,17068.0,United Kingdom,-20.8
,22978,PANTRY ROLLING PIN,-5,2011-07-15 13:58:00,3.75,13013.0,United Kingdom,-18.75
560213,10123C,,-18,2011-07-15 15:05:00,0.0,,United Kingdom,-0.0
560214,16162L,,-54,2011-07-15 15:07:00,0.0,,United Kingdom,-0.0
560215,16162M,,-84,2011-07-15 15:08:00,0.0,,United Kingdom,-0.0
,84012,MAGIC SHEEP WOOL GROWING FROM PAPER,-120,2011-07-15 15:22:00,0.85,12451.0,Switzerland,-102.0
,22423,REGENCY CAKESTAND 3 TIER,-1,2011-07-15 15:22:00,12.75,14572.0,United Kingdom,-12.75
,22456,NATURAL SLATE CHALKBOARD LARGE ,-2,2011-07-15 15:23:00,4.25,13408.0,United Kingdom,-8.5
,22501,PICNIC BASKET WICKER LARGE,-1,2011-07-17 12:03:00,9.95,14659.0,United Kingdom,-9.95
,22501,PICNIC BASKET WICKER LARGE,-1,2011-07-17 12:04:00,9.95,14659.0,United Kingdom,-9.95
,22766,PHOTO FRAME CORNICE,-3,2011-07-18 10:14:00,2.95,16398.0,United Kingdom,-8.85
,84816,DANISH ROSE BEDSIDE CABINET,-1,2011-07-18 10:14:00,39.95,16398.0,United Kingdom,-39.95
,22197,POPCORN HOLDER,-7,2011-07-18 10:14:00,0.85,16398.0,United Kingdom,-5.95
,23198,PANTRY MAGNETIC  SHOPPING LIST,-1,2011-07-18 10:34:00,1.45,14159.0,United Kingdom,-1.45
,22927,GREEN GIANT GARDEN THERMOMETER,-2,2011-07-18 10:54:00,5.95,15527.0,United Kingdom,-11.9
,21730,GLASS STAR FROSTED T-LIGHT HOLDER,-1,2011-07-18 10:54:00,4.95,15527.0,United Kingdom,-4.95
,22374,AIRLINE BAG VINTAGE JET SET RED,-1,2011-07-18 11:10:00,4.25,17841.0,United Kingdom,-4.25
,72351B,SET/6 PINK  BUTTERFLY T-LIGHTS,-1,2011-07-18 11:10:00,2.1,17841.0,United Kingdom,-2.1
,22981,PANTRY APPLE CORER,-1,2011-07-18 11:10:00,1.45,17841.0,United Kingdom,-1.45
,22649,STRAWBERRY FAIRY CAKE TEAPOT,-1,2011-07-18 11:20:00,4.95,17706.0,United Kingdom,-4.95
,22891,TEA FOR ONE POLKADOT,-1,2011-07-18 11:20:00,4.25,17706.0,United Kingdom,-4.25
,23284,DOORMAT KEEP CALM AND COME IN,-1,2011-07-18 12:17:00,7.95,14390.0,United Kingdom,-7.95
,23080,RED METAL BOX TOP SECRET,-1,2011-07-18 12:17:00,8.25,14390.0,United Kingdom,-8.25
,M,Manual,-1,2011-07-18 12:26:00,4287.63,17448.0,United Kingdom,-4287.63
,M,Manual,-1,2011-07-18 12:52:00,125.0,14808.0,United Kingdom,-125.0
,POST,POSTAGE,-1,2011-07-18 12:55:00,9.72,,United Kingdom,-9.72
,22698,PINK REGENCY TEACUP AND SAUCER,-1,2011-07-18 13:20:00,2.95,12930.0,United Kingdom,-2.95
,22698,PINK REGENCY TEACUP AND SAUCER,-1,2011-07-18 13:21:00,2.95,12930.0,United Kingdom,-2.95
,22892,SET OF SALT AND PEPPER TOADSTOOLS,-24,2011-07-18 13:47:00,1.06,15125.0,United Kingdom,-25.44
,22846,BREAD BIN DINER STYLE RED ,-2,2011-07-18 13:47:00,14.95,15125.0,United Kingdom,-29.9
,22579,WOODEN TREE CHRISTMAS SCANDINAVIAN,-96,2011-07-18 13:49:00,0.85,18087.0,United Kingdom,-81.6
,22578,WOODEN STAR CHRISTMAS SCANDINAVIAN,-96,2011-07-18 13:49:00,0.85,18087.0,United Kingdom,-81.6
,22577,WOODEN HEART CHRISTMAS SCANDINAVIAN,-96,2011-07-18 13:49:00,0.85,18087.0,United Kingdom,-81.6
,M,Manual,-1,2011-07-18 14:24:00,550.64,13564.0,United Kingdom,-550.64
,85123A,WHITE HANGING HEART T-LIGHT HOLDER,-6,2011-07-18 14:24:00,2.95,16717.0,United Kingdom,-17.7
,84949,SILVER HANGING T-LIGHT HOLDER,-6,2011-07-18 14:24:00,1.65,16717.0,United Kingdom,-9.9
,84755,COLOUR GLASS T-LIGHT HOLDER HANGING,-16,2011-07-18 14:24:00,0.65,16717.0,United Kingdom,-10.4
,84078A,SET/4 WHITE RETRO STORAGE CUBES ,-1,2011-07-18 14:24:00,39.95,16717.0,United Kingdom,-39.95
,82494L,WOODEN FRAME ANTIQUE WHITE ,-6,2011-07-18 14:24:00,2.95,16717.0,United Kingdom,-17.7
,82486,WOOD S/3 CABINET ANT WHITE FINISH,-4,2011-07-18 14:24:00,8.95,16717.0,United Kingdom,-35.8
,82483,WOOD 2 DRAWER CABINET WHITE FINISH,-4,2011-07-18 14:24:00,6.95,16717.0,United Kingdom,-27.8
,82482,WOODEN PICTURE FRAME WHITE FINISH,-6,2011-07-18 14:24:00,2.55,16717.0,United Kingdom,-15.3
,71459,HANGING JAM JAR T-LIGHT HOLDER,-12,2011-07-18 14:24:00,0.85,16717.0,United Kingdom,-10.2
,48184,DOORMAT ENGLISH ROSE ,-2,2011-07-18 14:24:00,7.95,16717.0,United Kingdom,-15.9
,48138,DOORMAT UNION FLAG,-2,2011-07-18 14:24:00,7.95,16717.0,United Kingdom,-15.9
,23233,WRAP POPPIES  DESIGN,-25,2011-07-18 14:24:00,0.42,16717.0,United Kingdom,-10.5
,23232,WRAP VINTAGE LEAF DESIGN,-25,2011-07-18 14:24:00,0.42,16717.0,United Kingdom,-10.5
,23075,PARLOUR CERAMIC WALL HOOK,-4,2011-07-18 14:24:00,4.15,16717.0,United Kingdom,-16.6
,22986,WRAP GINGHAM ROSE ,-25,2011-07-18 14:24:00,0.42,16717.0,United Kingdom,-10.5
,22897,OVEN MITT APPLES DESIGN,-10,2011-07-18 14:24:00,1.45,16717.0,United Kingdom,-14.5
,22798,ANTIQUE GLASS DRESSING TABLE POT,-8,2011-07-18 14:24:00,2.95,16717.0,United Kingdom,-23.6
,22794,SWEETHEART WIRE MAGAZINE RACK,-2,2011-07-18 14:24:00,7.95,16717.0,United Kingdom,-15.9
,22784,LANTERN CREAM GAZEBO ,-3,2011-07-18 14:24:00,4.95,16717.0,United Kingdom,-14.85
,22776,SWEETHEART CAKESTAND 3 TIER,-2,2011-07-18 14:24:00,9.95,16717.0,United Kingdom,-19.9
,22704,WRAP RED APPLES ,-25,2011-07-18 14:24:00,0.42,16717.0,United Kingdom,-10.5
,22675,FRENCH KITCHEN SIGN BLUE METAL,-12,2011-07-18 14:24:00,1.25,16717.0,United Kingdom,-15.0
,22672,FRENCH BATHROOM SIGN BLUE METAL,-12,2011-07-18 14:24:00,1.65,16717.0,United Kingdom,-19.8
,22485,SET OF 2 WOODEN MARKET CRATES,-2,2011-07-18 14:24:00,12.75,16717.0,United Kingdom,-25.5
,21755,LOVE BUILDING BLOCK WORD,-3,2011-07-18 14:24:00,5.95,16717.0,United Kingdom,-17.85
,21749,LARGE RED RETROSPOT WINDMILL,-6,2011-07-18 14:24:00,2.1,16717.0,United Kingdom,-12.6
,21746,SMALL RED RETROSPOT WINDMILL,-12,2011-07-18 14:24:00,1.25,16717.0,United Kingdom,-15.0
,21523,DOORMAT FANCY FONT HOME SWEET HOME,-2,2011-07-18 14:24:00,7.95,16717.0,United Kingdom,-15.9
,20718,RED RETROSPOT SHOPPER BAG,-10,2011-07-18 14:24:00,1.25,16717.0,United Kingdom,-12.5
,20717,STRAWBERRY SHOPPER BAG,-10,2011-07-18 14:24:00,1.25,16717.0,United Kingdom,-12.5
,15036,ASSORTED COLOURS SILK FAN,-24,2011-07-18 14:24:00,0.83,16717.0,United Kingdom,-19.92
,M,Manual,-1,2011-07-18 14:35:00,550.64,13564.0,United Kingdom,-550.64
,M,Manual,-1,2011-07-18 15:01:00,717.23,17809.0,United Kingdom,-717.23
,M,Manual,-1,2011-07-18 15:11:00,1592.49,15369.0,United Kingdom,-1592.49
560423,16169K,,-25,2011-07-18 15:15:00,0.0,,United Kingdom,-0.0
560424,21503,,-84,2011-07-18 15:15:00,0.0,,United Kingdom,-0.0
560425,81950B,,-23,2011-07-18 15:15:00,0.0,,United Kingdom,-0.0
560427,84629,,-2,2011-07-18 15:16:00,0.0,,United Kingdom,-0.0
560428,21634,,-169,2011-07-18 15:17:00,0.0,,United Kingdom,-0.0
,M,Manual,-1,2011-07-18 15:21:00,611.86,13154.0,United Kingdom,-611.86
,M,Manual,-1,2011-07-18 16:01:00,294.92,17603.0,United Kingdom,-294.92
,M,Manual,-1,2011-07-18 16:04:00,705.45,17603.0,United Kingdom,-705.45
560440,84029E,,-1,2011-07-18 16:36:00,0.0,,United Kingdom,-0.0
,21429,RED GINGHAM ROSE JEWELLERY BOX,-2,2011-07-19 10:46:00,1.95,12705.0,Germany,-3.9
,22197,POPCORN HOLDER,-4,2011-07-19 11:57:00,0.72,16401.0,United Kingdom,-2.88
,20725,LUNCH BAG RED RETROSPOT,-2,2011-07-19 11:57:00,1.65,16401.0,United Kingdom,-3.3
,22493,PAINT YOUR OWN CANVAS SET,-2,2011-07-19 12:00:00,1.65,16488.0,United Kingdom,-3.3
,23192,BUNDLE OF 3 ALPHABET EXERCISE BOOKS,-2,2011-07-19 12:00:00,1.65,16488.0,United Kingdom,-3.3
,85099B,JUMBO BAG RED RETROSPOT,-1,2011-07-19 12:26:00,2.08,12415.0,Australia,-2.08
,23307,SET OF 60 PANTRY DESIGN CAKE CASES ,-1,2011-07-19 12:26:00,0.55,12415.0,Australia,-0.55
,23306,SET OF 36 DOILIES PANTRY DESIGN,-1,2011-07-19 12:26:00,1.45,12415.0,Australia,-1.45
,23297,SET 40 HEART SHAPE PETIT FOUR CASES,-2,2011-07-19 12:26:00,1.65,12415.0,Australia,-3.3
,23296,SET OF 6 TEA TIME BAKING CASES,-2,2011-07-19 12:26:00,1.25,12415.0,Australia,-2.5
,23295,SET OF 12 MINI LOAF BAKING CASES,-2,2011-07-19 12:26:00,0.83,12415.0,Australia,-1.66
,23294,SET OF 6 SNACK LOAF BAKING CASES,-2,2011-07-19 12:26:00,0.83,12415.0,Australia,-1.66
,23293,SET OF 12 FAIRY CAKE BAKING CASES,-2,2011-07-19 12:26:00,0.83,12415.0,Australia,-1.66
,23291,DOLLY GIRL CHILDRENS CUP,-1,2011-07-19 12:26:00,1.25,12415.0,Australia,-1.25
,23256,CHILDRENS CUTLERY SPACEBOY ,-1,2011-07-19 12:26:00,4.15,12415.0,Australia,-4.15
,23255,CHILDRENS CUTLERY CIRCUS PARADE,-1,2011-07-19 12:26:00,4.15,12415.0,Australia,-4.15
,23254,CHILDRENS CUTLERY DOLLY GIRL ,-1,2011-07-19 12:26:00,4.15,12415.0,Australia,-4.15
,23245,SET OF 3 REGENCY CAKE TINS,-1,2011-07-19 12:26:00,4.95,12415.0,Australia,-4.95
,23244,ROUND STORAGE TIN VINTAGE LEAF,-1,2011-07-19 12:26:00,1.95,12415.0,Australia,-1.95
,23243,SET OF TEA COFFEE SUGAR TINS PANTRY,-1,2011-07-19 12:26:00,4.95,12415.0,Australia,-4.95
,23242,TREASURE TIN BUFFALO BILL ,-1,2011-07-19 12:26:00,2.08,12415.0,Australia,-2.08
,23241,TREASURE TIN GYMKHANA DESIGN,-1,2011-07-19 12:26:00,2.08,12415.0,Australia,-2.08
,23240,SET OF 4 KNICK KNACK TINS DOILEY ,-1,2011-07-19 12:26:00,4.15,12415.0,Australia,-4.15
,23237,SET OF 4 KNICK KNACK TINS LEAF,-1,2011-07-19 12:26:00,4.15,12415.0,Australia,-4.15
,23236,DOILEY STORAGE TIN,-1,2011-07-19 12:26:00,2.89,12415.0,Australia,-2.89
,23235,STORAGE TIN VINTAGE LEAF,-1,2011-07-19 12:26:00,2.89,12415.0,Australia,-2.89
,23232,WRAP VINTAGE LEAF DESIGN,-1,2011-07-19 12:26:00,0.42,12415.0,Australia,-0.42
,23229,VINTAGE DONKEY TAIL GAME ,-1,2011-07-19 12:26:00,3.75,12415.0,Australia,-3.75
,23209,LUNCH BAG DOILEY PATTERN ,-1,2011-07-19 12:26:00,1.65,12415.0,Australia,-1.65
,23207,LUNCH BAG ALPHABET DESIGN,-1,2011-07-19 12:26:00,1.65,12415.0,Australia,-1.65
,23206,LUNCH BAG APPLE DESIGN,-1,2011-07-19 12:26:00,1.65,12415.0,Australia,-1.65
,23203,JUMBO BAG DOILEY PATTERNS,-1,2011-07-19 12:26:00,2.08,12415.0,Australia,-2.08
,23201,JUMBO BAG ALPHABET,-1,2011-07-19 12:26:00,2.08,12415.0,Australia,-2.08
,23192,BUNDLE OF 3 ALPHABET EXERCISE BOOKS,-1,2011-07-19 12:26:00,1.65,12415.0,Australia,-1.65
,23190,BUNDLE OF 3 SCHOOL EXERCISE BOOKS  ,-1,2011-07-19 12:26:00,1.65,12415.0,Australia,-1.65
,23174,REGENCY SUGAR BOWL GREEN,-1,2011-07-19 12:26:00,4.15,12415.0,Australia,-4.15
,23167,SMALL CERAMIC TOP STORAGE JAR ,-1,2011-07-19 12:26:00,0.83,12415.0,Australia,-0.83
,23166,MEDIUM CERAMIC TOP STORAGE JAR,-1,2011-07-19 12:26:00,1.25,12415.0,Australia,-1.25
,23165,LARGE CERAMIC TOP STORAGE JAR,-1,2011-07-19 12:26:00,1.65,12415.0,Australia,-1.65
,23159,SET OF 5 PANCAKE DAY MAGNETS,-1,2011-07-19 12:26:00,2.08,12415.0,Australia,-2.08
,23154,SET OF 4 JAM JAR MAGNETS,-1,2011-07-19 12:26:00,2.08,12415.0,Australia,-2.08
,23108,SET OF 10 LED DOLLY LIGHTS,-1,2011-07-19 12:26:00,6.25,12415.0,Australia,-6.25
,22973,CHILDREN'S CIRCUS PARADE MUG,-1,2011-07-19 12:26:00,1.65,12415.0,Australia,-1.65
,22720,SET OF 3 CAKE TINS PANTRY DESIGN ,-1,2011-07-19 12:26:00,4.95,12415.0,Australia,-4.95
,22546,MINI JIGSAW PURDEY,-1,2011-07-19 12:26:00,0.42,12415.0,Australia,-0.42
,22545,MINI JIGSAW BUNNIES,-1,2011-07-19 12:26:00,0.42,12415.0,Australia,-0.42
,22492,MINI PAINT SET VINTAGE ,-36,2011-07-19 12:26:00,0.65,12415.0,Australia,-23.4
,22150,3 STRIPEY MICE FELTCRAFT,-1,2011-07-19 12:26:00,1.95,12415.0,Australia,-1.95
,22147,FELTCRAFT BUTTERFLY HEARTS,-1,2011-07-19 12:26:00,1.45,12415.0,Australia,-1.45
,22138,BAKING SET 9 PIECE RETROSPOT ,-1,2011-07-19 12:26:00,4.95,12415.0,Australia,-4.95
,21974,SET OF 36 PAISLEY FLOWER DOILIES,-1,2011-07-19 12:26:00,1.45,12415.0,Australia,-1.45
,21936,RED RETROSPOT PICNIC BAG,-1,2011-07-19 12:26:00,2.95,12415.0,Australia,-2.95
,21933,PINK VINTAGE PAISLEY PICNIC BAG,-1,2011-07-19 12:26:00,1.65,12415.0,Australia,-1.65
,21929,JUMBO BAG PINK VINTAGE PAISLEY,-1,2011-07-19 12:26:00,2.08,12415.0,Australia,-2.08
,21917,SET 12 KIDS  WHITE CHALK STICKS,-1,2011-07-19 12:26:00,0.42,12415.0,Australia,-0.42
,21843,RED RETROSPOT CAKE STAND,-1,2011-07-19 12:26:00,10.95,12415.0,Australia,-10.95
,21503,TOYBOX  WRAP ,-1,2011-07-19 12:26:00,0.42,12415.0,Australia,-0.42
,21210,SET OF 72 RETROSPOT PAPER  DOILIES,-1,2011-07-19 12:26:00,1.45,12415.0,Australia,-1.45
,20979,36 PENCILS TUBE RED RETROSPOT,-1,2011-07-19 12:26:00,1.25,12415.0,Australia,-1.25
,20725,LUNCH BAG RED RETROSPOT,-1,2011-07-19 12:26:00,1.65,12415.0,Australia,-1.65
,23292,SPACEBOY CHILDRENS CUP,-1,2011-07-19 12:26:00,1.25,12415.0,Australia,-1.25
,21918,SET 12 KIDS COLOUR  CHALK STICKS,-1,2011-07-19 12:26:00,0.42,12415.0,Australia,-0.42
,85103,SILVER T-LIGHT SETTING,-37,2011-07-19 12:47:00,5.95,12971.0,United Kingdom,-220.15
,84949,SILVER HANGING T-LIGHT HOLDER,-5,2011-07-19 13:04:00,1.65,13089.0,United Kingdom,-8.25
,23171,REGENCY TEA PLATE GREEN ,-1,2011-07-19 13:04:00,1.65,13089.0,United Kingdom,-1.65
,22360,GLASS JAR ENGLISH CONFECTIONERY,-2,2011-07-19 13:04:00,2.95,13089.0,United Kingdom,-5.9
,22364,GLASS JAR DIGESTIVE BISCUITS,-4,2011-07-19 13:04:00,2.95,13089.0,United Kingdom,-11.8
,23170,REGENCY TEA PLATE ROSES ,-2,2011-07-19 13:22:00,1.65,12921.0,United Kingdom,-3.3
,21314,SMALL GLASS HEART TRINKET POT,-3,2011-07-19 13:24:00,0.85,16145.0,United Kingdom,-2.55
,21067,VINTAGE RED TEATIME MUG,-3,2011-07-19 13:24:00,1.25,16145.0,United Kingdom,-3.75
,20914,SET/5 RED RETROSPOT LID GLASS BOWLS,-1,2011-07-19 13:24:00,2.95,16145.0,United Kingdom,-2.95
,22423,REGENCY CAKESTAND 3 TIER,-1,2011-07-19 13:26:00,12.75,17738.0,United Kingdom,-12.75
,22699,ROSES REGENCY TEACUP AND SAUCER ,-1,2011-07-19 13:26:00,2.95,17738.0,United Kingdom,-2.95
,22171,3 HOOK PHOTO SHELF ANTIQUE WHITE,-1,2011-07-19 13:28:00,8.5,17651.0,United Kingdom,-8.5
,23146,TRIPLE HOOK ANTIQUE IVORY ROSE,-3,2011-07-19 13:28:00,3.29,17651.0,United Kingdom,-9.87
,23173,REGENCY TEAPOT ROSES ,-1,2011-07-19 13:37:00,9.95,14911.0,EIRE,-9.95
,23174,REGENCY SUGAR BOWL GREEN,-2,2011-07-19 13:37:00,4.15,14911.0,EIRE,-8.3
,22326,ROUND SNACK BOXES SET OF4 WOODLAND ,-1,2011-07-19 13:42:00,2.95,12468.0,Germany,-2.95
,22352,LUNCH BOX WITH CUTLERY RETROSPOT ,-1,2011-07-19 13:42:00,2.55,12468.0,Germany,-2.55
,M,Manual,-1,2011-07-19 14:45:00,112.35,17065.0,United Kingdom,-112.35
,M,Manual,-1,2011-07-19 14:56:00,106.4,14437.0,United Kingdom,-106.4
560583,17096,,-7,2011-07-19 15:31:00,0.0,,United Kingdom,-0.0
,22179,SET 10 NIGHT OWL LIGHTS,-21,2011-07-19 15:47:00,5.95,13941.0,United Kingdom,-124.95
,23089,GLASS BON BON JAR,-2,2011-07-19 15:49:00,1.65,13767.0,United Kingdom,-3.3
,22699,ROSES REGENCY TEACUP AND SAUCER ,-1,2011-07-19 15:49:00,2.95,13767.0,United Kingdom,-2.95
,85132C,CHARLIE AND LOLA FIGURES TINS,-2,2011-07-19 15:50:00,1.95,15249.0,United Kingdom,-3.9
,23031,DRAWER KNOB CRACKLE GLAZE PINK,-1,2011-07-19 15:50:00,1.65,15249.0,United Kingdom,-1.65
,23029,DRAWER KNOB CRACKLE GLAZE GREEN,-1,2011-07-19 15:50:00,1.65,15249.0,United Kingdom,-1.65
,21868,POTTING SHED TEA MUG,-11,2011-07-19 15:50:00,1.25,15249.0,United Kingdom,-13.75
,20982,12 PENCILS TALL TUBE SKULLS,-2,2011-07-19 15:50:00,0.85,15249.0,United Kingdom,-1.7
560600,18007,,-2834,2011-07-19 17:04:00,0.0,,United Kingdom,-0.0
,15056P,EDWARDIAN PARASOL PINK,-1,2011-07-20 10:35:00,5.95,16271.0,United Kingdom,-5.95
,22461,SAVOY ART DECO CLOCK,-1,2011-07-20 11:09:00,3.95,17866.0,United Kingdom,-3.95
,M,Manual,-1,2011-07-20 11:23:00,451.42,15802.0,United Kingdom,-451.42
,M,Manual,-1,2011-07-20 11:31:00,3060.6,18102.0,United Kingdom,-3060.6
,84857B,BLUE MONTE CARLO HANDBAG,-2,2011-07-20 11:35:00,1.95,17581.0,United Kingdom,-3.9
,21845,DAIRY MAID STRIPE MUG,-4,2011-07-20 11:35:00,0.79,17581.0,United Kingdom,-3.16
,21530,DAIRY MAID TOASTRACK,-8,2011-07-20 11:35:00,0.79,17581.0,United Kingdom,-6.32
,23202,JUMBO BAG VINTAGE LEAF,-1,2011-07-20 11:39:00,2.08,16393.0,United Kingdom,-2.08
,23206,LUNCH BAG APPLE DESIGN,-1,2011-07-20 11:39:00,1.65,16393.0,United Kingdom,-1.65
,M,Manual,-1,2011-07-20 11:40:00,451.42,15802.0,United Kingdom,-451.42
,23026,DRAWER KNOB VINTAGE GLASS STAR,-2,2011-07-20 11:40:00,2.08,16255.0,United Kingdom,-4.16
,23147,SINGLE ANTIQUE ROSE HOOK IVORY,-1,2011-07-20 11:40:00,1.45,16255.0,United Kingdom,-1.45
,22156,HEART DECORATION WITH PEARLS ,-27,2011-07-20 11:51:00,0.85,14606.0,United Kingdom,-22.95
,22998,TRAVEL CARD WALLET KEEP CALM,-1,2011-07-20 11:51:00,0.42,14606.0,United Kingdom,-0.42
,15039,SANDALWOOD FAN,-4,2011-07-20 12:32:00,0.85,13217.0,United Kingdom,-3.4
560717,84576,damaged,-3,2011-07-20 13:28:00,0.0,,United Kingdom,-0.0
560719,84877A,,-21,2011-07-20 13:30:00,0.0,,United Kingdom,-0.0
560722,16049,,-31,2011-07-20 13:37:00,0.0,,United Kingdom,-0.0
560730,84797B,,-2,2011-07-20 14:53:00,0.0,,United Kingdom,-0.0
,71477,COLOUR GLASS. STAR T-LIGHT HOLDER,-360,2011-07-20 14:55:00,2.75,15298.0,United Kingdom,-990.0
,71477,COLOUR GLASS. STAR T-LIGHT HOLDER,-360,2011-07-20 14:59:00,2.75,16013.0,United Kingdom,-990.0
560737,84798B,,-109,2011-07-20 15:34:00,0.0,,United Kingdom,-0.0
,22842,BISCUIT TIN VINTAGE RED,-1,2011-07-21 10:52:00,6.75,17811.0,United Kingdom,-6.75
,22197,POPCORN HOLDER,-1,2011-07-21 10:52:00,0.72,17811.0,United Kingdom,-0.72
,M,Manual,-1,2011-07-21 11:20:00,770.26,,United Kingdom,-770.26
,BANK CHARGES,Bank Charges,-1,2011-07-21 11:22:00,21.9,,United Kingdom,-21.9
,M,Manual,-1,2011-07-21 11:23:00,367.38,,United Kingdom,-367.38
560830,81953B,,-6,2011-07-21 12:03:00,0.0,,United Kingdom,-0.0
560831,81950V,,-1,2011-07-21 12:04:00,0.0,,United Kingdom,-0.0
,23243,SET OF TEA COFFEE SUGAR TINS PANTRY,-1,2011-07-21 12:07:00,4.95,13488.0,United Kingdom,-4.95
,D,Discount,-1,2011-07-21 12:25:00,12.15,14527.0,United Kingdom,-12.15
,22742,MAKE YOUR OWN PLAYTIME CARD KIT,-2,2011-07-21 13:00:00,2.95,14410.0,United Kingdom,-5.9
,23177,TREASURE ISLAND BOOK BOX,-2,2011-07-21 13:00:00,2.25,14410.0,United Kingdom,-4.5
,23193,BUFFALO BILL TREASURE BOOK BOX,-2,2011-07-21 13:00:00,2.25,14410.0,United Kingdom,-4.5
,23176,ABC TREASURE BOOK BOX ,-1,2011-07-21 13:00:00,2.25,14410.0,United Kingdom,-2.25
,21248,DOOR HANGER  MUM + DADS ROOM,-1,2011-07-21 13:00:00,1.45,14410.0,United Kingdom,-1.45
,21623,VINTAGE UNION JACK MEMOBOARD,-1,2011-07-21 13:00:00,9.95,14410.0,United Kingdom,-9.95
,47591D,PINK FAIRY CAKE CHILDRENS APRON,-1,2011-07-21 13:00:00,1.95,14410.0,United Kingdom,-1.95
,22367,CHILDRENS APRON SPACEBOY DESIGN,-1,2011-07-21 13:00:00,1.95,14410.0,United Kingdom,-1.95
,22367,CHILDRENS APRON SPACEBOY DESIGN,-1,2011-07-21 13:00:00,1.95,14410.0,United Kingdom,-1.95
,22899,CHILDREN'S APRON DOLLY GIRL ,-1,2011-07-21 13:00:00,2.1,14410.0,United Kingdom,-2.1
,21156,RETROSPOT CHILDRENS APRON,-1,2011-07-21 13:00:00,1.95,14410.0,United Kingdom,-1.95
,22968,ROSE COTTAGE KEEPSAKE BOX ,-1,2011-07-21 13:00:00,9.95,14410.0,United Kingdom,-9.95
,21205,MULTICOLOUR 3D BALLS GARLAND,-1,2011-07-21 13:00:00,2.55,14410.0,United Kingdom,-2.55
,21205,MULTICOLOUR 3D BALLS GARLAND,-2,2011-07-21 13:00:00,2.55,14410.0,United Kingdom,-5.1
,21206,STRAWBERRY HONEYCOMB  GARLAND ,-2,2011-07-21 13:00:00,1.65,14410.0,United Kingdom,-3.3
,21209,MULTICOLOUR HONEYCOMB FAN,-2,2011-07-21 13:00:00,0.39,14410.0,United Kingdom,-0.78
,23178,JAM CLOCK MAGNET,-1,2011-07-21 13:00:00,2.89,14410.0,United Kingdom,-2.89
,47574A,ENGLISH ROSE SCENTED HANGING FLOWER,-2,2011-07-21 13:00:00,0.75,14410.0,United Kingdom,-1.5
,47504H,ENGLISH ROSE SPIRIT LEVEL ,-4,2011-07-21 13:00:00,1.25,14410.0,United Kingdom,-5.0
,22666,RECIPE BOX PANTRY YELLOW DESIGN,-1,2011-07-21 13:00:00,2.95,14410.0,United Kingdom,-2.95
,23194,GYMKHANA TREASURE BOOK BOX,-2,2011-07-21 13:00:00,2.25,14410.0,United Kingdom,-4.5
,22811,SET OF 6 T-LIGHTS CACTI ,-1,2011-07-21 13:00:00,2.95,14410.0,United Kingdom,-2.95
,85173,SET/6 FROG PRINCE T-LIGHT CANDLES,-5,2011-07-21 13:00:00,2.55,14410.0,United Kingdom,-12.75
,20934,SET/3 POT PLANT CANDLES,-6,2011-07-21 13:00:00,5.45,14410.0,United Kingdom,-32.7
,21875,KINGS CHOICE MUG,-1,2011-07-21 13:00:00,1.25,14410.0,United Kingdom,-1.25
,21874,GIN AND TONIC MUG,-3,2011-07-21 13:00:00,1.25,14410.0,United Kingdom,-3.75
,21873,IF YOU CAN'T STAND THE HEAT MUG,-4,2011-07-21 13:00:00,1.25,14410.0,United Kingdom,-5.0
,21872,GLAMOROUS  MUG,-4,2011-07-21 13:00:00,1.25,14410.0,United Kingdom,-5.0
,21877,HOME SWEET HOME MUG,-5,2011-07-21 13:00:00,1.25,14410.0,United Kingdom,-6.25
,21871,SAVE THE PLANET MUG,-5,2011-07-21 13:00:00,1.25,14410.0,United Kingdom,-6.25
,22241,GARLAND WOODEN HAPPY EASTER,-2,2011-07-21 13:00:00,1.25,14410.0,United Kingdom,-2.5
,21456,2 PICTURE BOOK EGGS EASTER CHICKS,-1,2011-07-21 13:00:00,1.25,14410.0,United Kingdom,-1.25
,22262,FELT EGG COSY CHICKEN,-4,2011-07-21 13:00:00,0.85,14410.0,United Kingdom,-3.4
,22260,FELT EGG COSY BLUE RABBIT ,-4,2011-07-21 13:00:00,0.85,14410.0,United Kingdom,-3.4
,22261,FELT EGG COSY WHITE RABBIT ,-4,2011-07-21 13:00:00,0.85,14410.0,United Kingdom,-3.4
,84452,METAL RABBIT LADDER EASTER ,-4,2011-07-21 13:00:00,0.85,14410.0,United Kingdom,-3.4
,85188A,GREEN METAL SWINGING BUNNY,-3,2011-07-21 13:00:00,0.85,14410.0,United Kingdom,-2.55
,85186C,BUNNY EGG GARLAND,-20,2011-07-21 13:00:00,0.42,14410.0,United Kingdom,-8.4
,22859,EASTER TIN BUNNY BOUQUET,-12,2011-07-21 13:00:00,1.65,14410.0,United Kingdom,-19.8
,22858,EASTER TIN KEEPSAKE,-6,2011-07-21 13:00:00,1.65,14410.0,United Kingdom,-9.9
,22860,EASTER TIN CHICKS PINK DAISY,-9,2011-07-21 13:00:00,1.65,14410.0,United Kingdom,-14.85
,22847,BREAD BIN DINER STYLE IVORY,-1,2011-07-21 13:30:00,16.95,13668.0,United Kingdom,-16.95
,35921,EASTER BUNNY HANGING GARLAND,-1,2011-07-21 14:04:00,1.25,14410.0,United Kingdom,-1.25
,22325,MOBILE VINTAGE HEARTS ,-1,2011-07-21 14:04:00,4.95,14410.0,United Kingdom,-4.95
,47563A,RETRO LONGBOARD IRONING BOARD COVER,-4,2011-07-21 14:04:00,1.25,14410.0,United Kingdom,-5.0
,22444,GROW YOUR OWN PLANT IN A CAN ,-28,2011-07-21 14:04:00,1.25,14410.0,United Kingdom,-35.0
560867,21891,,-21,2011-07-21 14:10:00,0.0,,United Kingdom,-0.0
,D,Discount,-1,2011-07-21 14:32:00,66.24,12830.0,United Kingdom,-66.24
,23176,ABC TREASURE BOOK BOX ,-3,2011-07-21 14:53:00,2.25,17677.0,United Kingdom,-6.75
,23194,GYMKHANA TREASURE BOOK BOX,-3,2011-07-21 14:53:00,2.25,17677.0,United Kingdom,-6.75
,23064,CINDERELLA CHANDELIER ,-1,2011-07-21 15:14:00,49.95,16859.0,United Kingdom,-49.95
,22977,DOLLY GIRL CHILDRENS EGG CUP,-1,2011-07-21 15:39:00,1.25,15152.0,United Kingdom,-1.25
,22666,RECIPE BOX PANTRY YELLOW DESIGN,-3,2011-07-21 15:39:00,2.95,15152.0,United Kingdom,-8.85
,85066,CREAM SWEETHEART MINI CHEST,-1,2011-07-21 17:30:00,12.75,12722.0,France,-12.75
,22797,CHEST OF DRAWERS GINGHAM HEART ,-2,2011-07-21 17:30:00,16.95,12722.0,France,-33.9
,84978,HANGING HEART JAR T-LIGHT HOLDER,-24,2011-07-21 17:32:00,1.25,15260.0,United Kingdom,-30.0
,22508,DOORSTOP RETROSPOT HEART,-4,2011-07-21 17:45:00,3.75,17593.0,United Kingdom,-15.0
,37340,MULTICOLOUR SPRING FLOWER MUG,-2,2011-07-21 17:45:00,0.39,17593.0,United Kingdom,-0.78
,22178,VICTORIAN GLASS HANGING T-LIGHT,-75,2011-07-21 17:47:00,1.06,18198.0,United Kingdom,-79.5
,M,Manual,-1,2011-07-21 17:51:00,8.95,14875.0,United Kingdom,-8.95
,23146,TRIPLE HOOK ANTIQUE IVORY ROSE,-3,2011-07-21 17:54:00,3.29,13468.0,United Kingdom,-9.87
,84997A,CHILDRENS CUTLERY POLKADOT GREEN ,-3,2011-07-21 17:55:00,4.15,16875.0,United Kingdom,-12.45
,20725,LUNCH BAG RED RETROSPOT,-1,2011-07-21 17:56:00,1.65,13590.0,United Kingdom,-1.65
,84997C,CHILDRENS CUTLERY POLKADOT BLUE,-1,2011-07-21 17:56:00,4.15,13590.0,United Kingdom,-4.15
,21539,RED RETROSPOT BUTTER DISH,-1,2011-07-21 17:57:00,4.95,14733.0,United Kingdom,-4.95
,22461,SAVOY ART DECO CLOCK,-5,2011-07-21 17:57:00,3.95,14733.0,United Kingdom,-19.75
,23252,VINTAGE RED ENAMEL TRIM JUG ,-4,2011-07-21 18:05:00,3.75,14400.0,United Kingdom,-15.0
560923,22777,,-14,2011-07-22 08:54:00,0.0,,United Kingdom,-0.0
,20914,SET/5 RED RETROSPOT LID GLASS BOWLS,-1,2011-07-22 10:29:00,2.95,15005.0,United Kingdom,-2.95
,85024C,PINK SMALL JEWELLED PHOTOFRAME,-1,2011-07-22 10:29:00,1.65,15005.0,United Kingdom,-1.65
,85025C,PINK HEART SHAPE PHOTO FRAME,-1,2011-07-22 10:29:00,1.65,15005.0,United Kingdom,-1.65
560939,84907,,-3,2011-07-22 11:20:00,0.0,,United Kingdom,-0.0
560940,72127,,-53,2011-07-22 11:20:00,0.0,,United Kingdom,-0.0
560941,85230E,,-178,2011-07-22 11:21:00,0.0,,United Kingdom,-0.0
,72807C,SET/3 VANILLA SCENTED CANDLE IN BOX,-1,2011-07-22 13:09:00,4.25,16859.0,United Kingdom,-4.25
,22629,SPACEBOY LUNCH BOX ,-6,2011-07-22 13:24:00,1.95,14056.0,United Kingdom,-11.7
,POST,POSTAGE,-1,2011-07-22 16:05:00,3.15,17612.0,United Kingdom,-3.15
,23283,DOORMAT VINTAGE LEAF,-1,2011-07-22 16:11:00,7.95,13098.0,United Kingdom,-7.95
,20725,LUNCH BAG RED RETROSPOT,-1,2011-07-22 16:11:00,1.65,13098.0,United Kingdom,-1.65
,21535,RED RETROSPOT SMALL MILK JUG,-1,2011-07-22 16:12:00,2.55,16705.0,United Kingdom,-2.55
,22847,BREAD BIN DINER STYLE IVORY,-1,2011-07-22 16:12:00,16.95,16705.0,United Kingdom,-16.95
,22456,NATURAL SLATE CHALKBOARD LARGE ,-1,2011-07-22 16:12:00,4.25,16705.0,United Kingdom,-4.25
,22400,MAGNETS PACK OF 4 HOME SWEET HOME,-1,2011-07-22 16:41:00,0.39,14056.0,United Kingdom,-0.39
,23092,LARGE ANTIQUE WHITE PHOTO FRAME,-2,2011-07-22 16:49:00,7.9,13050.0,United Kingdom,-15.8
,23167,SMALL CERAMIC TOP STORAGE JAR ,-3,2011-07-22 16:50:00,0.83,14916.0,United Kingdom,-2.49
,23165,LARGE CERAMIC TOP STORAGE JAR,-1,2011-07-22 16:50:00,1.65,14916.0,United Kingdom,-1.65
,21205,MULTICOLOUR 3D BALLS GARLAND,-12,2011-07-22 16:52:00,2.55,15187.0,United Kingdom,-30.6
,85062,PEARL CRYSTAL PUMPKIN T-LIGHT HLDR,-1,2011-07-24 12:10:00,1.65,15708.0,United Kingdom,-1.65
,21380,WOODEN HAPPY BIRTHDAY GARLAND,-1,2011-07-24 12:10:00,2.95,15708.0,United Kingdom,-2.95
,22725,ALARM CLOCK BAKELIKE CHOCOLATE,-1,2011-07-24 12:10:00,3.75,15708.0,United Kingdom,-3.75
,21035,SET/2 RED RETROSPOT TEA TOWELS ,-100,2011-07-24 13:26:00,2.75,13802.0,United Kingdom,-275.0
,20725,LUNCH BAG RED RETROSPOT,-100,2011-07-24 13:26:00,1.45,13802.0,United Kingdom,-145.0
,47599B,BLUE PARTY BAGS ,-50,2011-07-24 13:26:00,2.1,13802.0,United Kingdom,-105.0
,21906,PHARMACIE FIRST AID TIN,-1,2011-07-24 13:31:00,6.75,13097.0,United Kingdom,-6.75
,23302,KNEELING MAT HOUSEWORK  DESIGN,-24,2011-07-24 14:50:00,1.65,16570.0,United Kingdom,-39.6
,22983,CARD BILLBOARD FONT,-121,2011-07-24 16:20:00,0.36,13230.0,United Kingdom,-43.56
561086,15036,,-530,2011-07-25 09:32:00,0.0,,United Kingdom,-0.0
561103,85103,stock creditted wrongly,-32,2011-07-25 11:23:00,0.0,,United Kingdom,-0.0
,22666,RECIPE BOX PANTRY YELLOW DESIGN,-3,2011-07-25 11:36:00,2.95,12576.0,Poland,-8.85
561107,84763,,-5,2011-07-25 11:42:00,0.0,,United Kingdom,-0.0
561108,46775D,,-7,2011-07-25 11:43:00,0.0,,United Kingdom,-0.0
561110,85087,,-16,2011-07-25 11:44:00,0.0,,United Kingdom,-0.0
,POST,POSTAGE,-3,2011-07-25 12:23:00,40.0,13520.0,Switzerland,-120.0
,M,Manual,-35,2011-07-25 14:45:00,1.25,16161.0,United Kingdom,-43.75
,23263,SET OF 3 WOODEN HEART DECORATIONS,-10,2011-07-25 16:58:00,1.25,17841.0,United Kingdom,-12.5
,20728,LUNCH BAG CARS BLUE,-1,2011-07-25 16:58:00,1.65,15544.0,United Kingdom,-1.65
,21735,TWO DOOR CURIO CABINET,-1,2011-07-25 17:00:00,12.75,17175.0,United Kingdom,-12.75
,D,Discount,-1,2011-07-26 10:06:00,45.6,16029.0,United Kingdom,-45.6
,84978,HANGING HEART JAR T-LIGHT HOLDER,-36,2011-07-26 10:15:00,1.06,12431.0,Australia,-38.16
,22796,PHOTO FRAME 3 CLASSIC HANGING,-2,2011-07-26 10:18:00,9.95,17096.0,United Kingdom,-19.9
,22784,LANTERN CREAM GAZEBO ,-1,2011-07-26 10:18:00,4.95,17096.0,United Kingdom,-4.95
,23031,DRAWER KNOB CRACKLE GLAZE PINK,-1,2011-07-26 10:19:00,1.65,14329.0,United Kingdom,-1.65
,85053,FRENCH ENAMEL CANDLEHOLDER,-4,2011-07-26 10:21:00,2.1,16133.0,United Kingdom,-8.4
,22429,ENAMEL MEASURING JUG CREAM,-1,2011-07-26 10:21:00,4.25,16133.0,United Kingdom,-4.25
,22699,ROSES REGENCY TEACUP AND SAUCER ,-1,2011-07-26 10:21:00,2.95,16133.0,United Kingdom,-2.95
,85211,S/4 GROOVY CAT MAGNETS,-2,2011-07-26 10:24:00,0.79,17422.0,United Kingdom,-1.58
,22251,BIRDHOUSE DECORATION MAGIC GARDEN,-3,2011-07-26 10:24:00,1.25,17422.0,United Kingdom,-3.75
,22232,JIGSAW TOADSTOOLS 3 PIECE,-16,2011-07-26 10:24:00,0.59,17422.0,United Kingdom,-9.44
,22231,JIGSAW TREE WITH BIRDHOUSE,-1,2011-07-26 10:24:00,0.59,17422.0,United Kingdom,-0.59
,21382,SET/4 SPRING FLOWER DECORATION,-8,2011-07-26 10:24:00,0.75,17422.0,United Kingdom,-6.0
,21279,VINTAGE KITCHEN PRINT FRUITS,-3,2011-07-26 10:24:00,2.55,17422.0,United Kingdom,-7.65
,79191C,RETRO PLASTIC ELEPHANT TRAY,-12,2011-07-26 10:25:00,0.85,13327.0,United Kingdom,-10.2
,22727,ALARM CLOCK BAKELIKE RED ,-1,2011-07-26 10:27:00,3.75,13767.0,United Kingdom,-3.75
,21313,GLASS HEART T-LIGHT HOLDER ,-1,2011-07-26 10:27:00,0.85,13767.0,United Kingdom,-0.85
,21314,SMALL GLASS HEART TRINKET POT,-1,2011-07-26 10:27:00,2.1,13767.0,United Kingdom,-2.1
,23198,PANTRY MAGNETIC  SHOPPING LIST,-6,2011-07-26 10:29:00,1.45,13050.0,United Kingdom,-8.7
,22382,LUNCH BAG SPACEBOY DESIGN ,-1,2011-07-26 10:31:00,1.65,17675.0,United Kingdom,-1.65
,23243,SET OF TEA COFFEE SUGAR TINS PANTRY,-1,2011-07-26 10:31:00,4.95,17675.0,United Kingdom,-4.95
,22427,ENAMEL FLOWER JUG CREAM,-1,2011-07-26 10:32:00,5.95,,EIRE,-5.95
,22426,ENAMEL WASH BOWL CREAM,-1,2011-07-26 10:32:00,3.75,,EIRE,-3.75
,84755,COLOUR GLASS T-LIGHT HOLDER HANGING,-4,2011-07-26 10:32:00,0.65,,EIRE,-2.6
,84949,SILVER HANGING T-LIGHT HOLDER,-1,2011-07-26 10:33:00,1.65,17677.0,United Kingdom,-1.65
561249,DCGS0073,ebay,-4,2011-07-26 11:51:00,0.0,,United Kingdom,-0.0
561250,DCGS0071,,-2,2011-07-26 11:51:00,0.0,,United Kingdom,-0.0
561251,DCGS0070,,-8,2011-07-26 11:51:00,0.0,,United Kingdom,-0.0
561252,DCGS0069,ebay,-5,2011-07-26 11:52:00,0.0,,United Kingdom,-0.0
561253,DCGS0068,ebay,-10,2011-07-26 11:52:00,0.0,,United Kingdom,-0.0
561254,DCGS0067,ebay,-11,2011-07-26 11:52:00,0.0,,United Kingdom,-0.0
561255,DCGS0066P,,-3,2011-07-26 11:52:00,0.0,,United Kingdom,-0.0
561256,DCGS0003,ebay,-7,2011-07-26 11:53:00,0.0,,United Kingdom,-0.0
,22609,PENS ASSORTED SPACEBALL,-36,2011-07-26 12:43:00,0.19,15106.0,United Kingdom,-6.84
561326,21294,damaged,-227,2011-07-26 13:50:00,0.0,,United Kingdom,-0.0
,22649,STRAWBERRY FAIRY CAKE TEAPOT,-1,2011-07-26 13:54:00,4.95,12471.0,Germany,-4.95
,22423,REGENCY CAKESTAND 3 TIER,-3,2011-07-26 13:54:00,10.95,12471.0,Germany,-32.85
561354,21792,,-8,2011-07-26 14:50:00,0.0,,United Kingdom,-0.0
,20977,36 PENCILS TUBE WOODLAND,-32,2011-07-26 15:10:00,1.25,12626.0,Germany,-40.0
,22303,COFFEE MUG APPLES DESIGN,-1,2011-07-26 15:10:00,2.1,12626.0,Germany,-2.1
,22634,CHILDS BREAKFAST SET SPACEBOY ,-8,2011-07-26 15:10:00,8.5,12626.0,Germany,-68.0
561362,84415A,,-11,2011-07-26 15:41:00,0.0,,United Kingdom,-0.0
561364,84415B,,-4,2011-07-26 15:42:00,0.0,,United Kingdom,-0.0
,22139,RETROSPOT TEA SET CERAMIC 11 PC ,-1,2011-07-26 16:22:00,4.95,17693.0,United Kingdom,-4.95
,23061,VINTAGE EMBOSSED HEART,-3,2011-07-26 17:12:00,1.25,13668.0,United Kingdom,-3.75
,22624,IVORY KITCHEN SCALES,-1,2011-07-26 17:12:00,8.5,17693.0,United Kingdom,-8.5
,D,Discount,-1,2011-07-27 12:40:00,26.05,14527.0,United Kingdom,-26.05
,21179,NO JUNK MAIL METAL SIGN,-12,2011-07-27 13:13:00,0.39,15289.0,United Kingdom,-4.68
561475,84584,,-3,2011-07-27 13:29:00,0.0,,United Kingdom,-0.0
561476,21839,,-36,2011-07-27 13:29:00,0.0,,United Kingdom,-0.0
561478,20954,,-2,2011-07-27 13:32:00,0.0,,United Kingdom,-0.0
561479,21594,,-1,2011-07-27 13:32:00,0.0,,United Kingdom,-0.0
561480,21858,,-12,2011-07-27 13:32:00,0.0,,United Kingdom,-0.0
561481,20684,,-27,2011-07-27 13:38:00,0.0,,United Kingdom,-0.0
561482,21432,,-2,2011-07-27 13:39:00,0.0,,United Kingdom,-0.0
561484,77081,,-39,2011-07-27 13:41:00,0.0,,United Kingdom,-0.0
561486,21765,,-2,2011-07-27 13:48:00,0.0,,United Kingdom,-0.0
561487,22168,,-1,2011-07-27 13:51:00,0.0,,United Kingdom,-0.0
561489,84905,,-2,2011-07-27 13:52:00,0.0,,United Kingdom,-0.0
561491,21781,,-2,2011-07-27 13:56:00,0.0,,United Kingdom,-0.0
561492,22528,,-1,2011-07-27 13:57:00,0.0,,United Kingdom,-0.0
561493,84761,,-11,2011-07-27 13:59:00,0.0,,United Kingdom,-0.0
561494,18097A,,-23,2011-07-27 14:04:00,0.0,,United Kingdom,-0.0
561496,17090D,,-10,2011-07-27 14:08:00,0.0,,United Kingdom,-0.0
561498,21610,,-14,2011-07-27 14:10:00,0.0,,United Kingdom,-0.0
561500,85040B,,-1,2011-07-27 14:12:00,0.0,,United Kingdom,-0.0
561501,21278,,-1,2011-07-27 14:13:00,0.0,,United Kingdom,-0.0
561503,22194,,-4,2011-07-27 14:14:00,0.0,,United Kingdom,-0.0
561504,21361,,-7,2011-07-27 14:15:00,0.0,,United Kingdom,-0.0
561505,84925D,,-12,2011-07-27 14:16:00,0.0,,United Kingdom,-0.0
561506,72051S,,-1,2011-07-27 14:18:00,0.0,,United Kingdom,-0.0
,22729,ALARM CLOCK BAKELIKE ORANGE,-1,2011-07-27 14:51:00,3.75,14534.0,United Kingdom,-3.75
561523,20973,,-45,2011-07-27 17:38:00,0.0,,United Kingdom,-0.0
561524,16020C,,-2,2011-07-27 17:39:00,0.0,,United Kingdom,-0.0
561525,84466,,-1,2011-07-27 17:40:00,0.0,,United Kingdom,-0.0
561526,21051,,-2,2011-07-27 17:40:00,0.0,,United Kingdom,-0.0
561527,20666,,-5,2011-07-27 17:40:00,0.0,,United Kingdom,-0.0
561536,84927E,,-2,2011-07-28 09:58:00,0.0,,United Kingdom,-0.0
561538,84927D,,-1,2011-07-28 09:58:00,0.0,,United Kingdom,-0.0
561539,79026B,,-1,2011-07-28 10:08:00,0.0,,United Kingdom,-0.0
561540,84279B,,-1,2011-07-28 10:08:00,0.0,,United Kingdom,-0.0
561541,21658,,-1,2011-07-28 10:09:00,0.0,,United Kingdom,-0.0
561543,22202,,-1,2011-07-28 10:10:00,0.0,,United Kingdom,-0.0
561553,21392,,-29,2011-07-28 10:20:00,0.0,,United Kingdom,-0.0
561555,37477B,,-11,2011-07-28 10:21:00,0.0,,United Kingdom,-0.0
561557,37477C,,-31,2011-07-28 10:21:00,0.0,,United Kingdom,-0.0
,23110,PARISIENNE KEY CABINET ,-2,2011-07-28 10:49:00,5.75,14243.0,United Kingdom,-11.5
,22843,BISCUIT TIN VINTAGE GREEN,-1,2011-07-28 10:50:00,6.75,17649.0,United Kingdom,-6.75
,15056N,EDWARDIAN PARASOL NATURAL,-2,2011-07-28 10:53:00,5.95,15781.0,United Kingdom,-11.9
,22457,NATURAL SLATE HEART CHALKBOARD ,-1,2011-07-28 10:57:00,2.95,16133.0,United Kingdom,-2.95
,22960,JAM MAKING SET WITH JARS,-1,2011-07-28 10:57:00,4.25,16133.0,United Kingdom,-4.25
,23249,VINTAGE RED ENAMEL TRIM PLATE,-1,2011-07-28 10:57:00,1.65,16133.0,United Kingdom,-1.65
,23251,VINTAGE RED ENAMEL TRIM MUG ,-3,2011-07-28 10:57:00,1.25,16133.0,United Kingdom,-3.75
,84968A,SET OF 16 VINTAGE ROSE CUTLERY,-2,2011-07-28 11:16:00,12.75,18268.0,United Kingdom,-25.5
,22768,FAMILY PHOTO FRAME CORNICE,-1,2011-07-28 11:17:00,9.95,15708.0,United Kingdom,-9.95
,21090,SET/6 COLLAGE PAPER PLATES,-12,2011-07-28 11:22:00,0.39,17671.0,United Kingdom,-4.68
,22430,ENAMEL WATERING CAN CREAM,-4,2011-07-28 11:22:00,4.95,17671.0,United Kingdom,-19.8
,23252,VINTAGE RED ENAMEL TRIM JUG ,-16,2011-07-28 11:22:00,3.75,17671.0,United Kingdom,-60.0
,23251,VINTAGE RED ENAMEL TRIM MUG ,-24,2011-07-28 11:22:00,1.25,17671.0,United Kingdom,-30.0
,23250,VINTAGE RED TRIM ENAMEL BOWL ,-24,2011-07-28 11:22:00,1.25,17671.0,United Kingdom,-30.0
,23249,VINTAGE RED ENAMEL TRIM PLATE,-24,2011-07-28 11:22:00,1.65,17671.0,United Kingdom,-39.6
,23245,SET OF 3 REGENCY CAKE TINS,-3,2011-07-28 11:23:00,4.95,16558.0,United Kingdom,-14.85
,22464,HANGING METAL HEART LANTERN,-1,2011-07-28 11:23:00,1.65,16558.0,United Kingdom,-1.65
,22231,JIGSAW TREE WITH BIRDHOUSE,-4,2011-07-28 11:23:00,0.59,16558.0,United Kingdom,-2.36
,22139,RETROSPOT TEA SET CERAMIC 11 PC ,-1,2011-07-28 11:27:00,4.95,13109.0,United Kingdom,-4.95
,22720,SET OF 3 CAKE TINS PANTRY DESIGN ,-3,2011-07-28 12:08:00,4.95,18223.0,United Kingdom,-14.85
,21314,SMALL GLASS HEART TRINKET POT,-1,2011-07-28 12:10:00,2.1,13420.0,United Kingdom,-2.1
,23296,SET OF 6 TEA TIME BAKING CASES,-4,2011-07-28 12:19:00,1.25,15827.0,United Kingdom,-5.0
,22720,SET OF 3 CAKE TINS PANTRY DESIGN ,-1,2011-07-28 12:19:00,4.95,15827.0,United Kingdom,-4.95
,22423,REGENCY CAKESTAND 3 TIER,-1,2011-07-28 12:19:00,12.75,15827.0,United Kingdom,-12.75
561609,47589,,-1,2011-07-28 12:24:00,0.0,,United Kingdom,-0.0
,21232,STRAWBERRY CERAMIC TRINKET BOX,-2,2011-07-28 12:36:00,1.25,17054.0,United Kingdom,-2.5
,22892,SET OF SALT AND PEPPER TOADSTOOLS,-1,2011-07-28 12:46:00,1.25,14194.0,United Kingdom,-1.25
,21623,VINTAGE UNION JACK MEMOBOARD,-1,2011-07-28 12:46:00,9.95,14194.0,United Kingdom,-9.95
,22780,LIGHT GARLAND BUTTERFILES PINK,-4,2011-07-28 12:46:00,4.25,14194.0,United Kingdom,-17.0
,23170,REGENCY TEA PLATE ROSES ,-2,2011-07-28 13:31:00,1.65,13408.0,United Kingdom,-3.3
,22720,SET OF 3 CAKE TINS PANTRY DESIGN ,-2,2011-07-28 13:40:00,4.95,15845.0,United Kingdom,-9.9
,85066,CREAM SWEETHEART MINI CHEST,-1,2011-07-28 13:41:00,12.75,12722.0,France,-12.75
,22797,CHEST OF DRAWERS GINGHAM HEART ,-2,2011-07-28 13:41:00,16.95,12722.0,France,-33.9
,23243,SET OF TEA COFFEE SUGAR TINS PANTRY,-2,2011-07-28 13:42:00,4.95,16572.0,United Kingdom,-9.9
,23194,GYMKHANA TREASURE BOOK BOX,-5,2011-07-28 13:43:00,2.25,17677.0,United Kingdom,-11.25
,23176,ABC TREASURE BOOK BOX ,-5,2011-07-28 13:43:00,2.25,17677.0,United Kingdom,-11.25
,M,Manual,-1,2011-07-28 14:10:00,9.6,16422.0,United Kingdom,-9.6
561639,84799,,-346,2011-07-28 14:58:00,0.0,,United Kingdom,-0.0
561640,84802B,,-125,2011-07-28 14:58:00,0.0,,United Kingdom,-0.0
,84077,WORLD WAR 2 GLIDERS ASSTD DESIGNS,-48,2011-07-28 15:27:00,0.29,15746.0,United Kingdom,-13.92
561663,22501,incorrectly put back into stock,-108,2011-07-28 16:40:00,0.0,,United Kingdom,-0.0
561668,44091A,,-2,2011-07-28 17:03:00,0.0,,United Kingdom,-0.0
,84968A,SET OF 16 VINTAGE ROSE CUTLERY,-2,2011-07-28 19:14:00,12.75,15370.0,United Kingdom,-25.5
,21257,VICTORIAN SEWING BOX MEDIUM,-7,2011-07-28 19:27:00,6.95,13631.0,United Kingdom,-48.65
,22423,REGENCY CAKESTAND 3 TIER,-1,2011-07-28 19:36:00,12.75,13136.0,United Kingdom,-12.75
,22725,ALARM CLOCK BAKELIKE CHOCOLATE,-1,2011-07-28 19:36:00,3.75,13136.0,United Kingdom,-3.75
,23111,PARISIENNE SEWING BOX,-1,2011-07-29 11:07:00,12.5,12709.0,Germany,-12.5
,20685,DOORMAT RED RETROSPOT,-1,2011-07-29 11:07:00,6.75,12709.0,Germany,-6.75
,21658,GLASS  BEURRE DISH,-1,2011-07-29 11:07:00,3.39,12709.0,Germany,-3.39
,22504,CABIN BAG VINTAGE RETROSPOT,-2,2011-07-29 11:07:00,29.95,12709.0,Germany,-59.9
,M,Manual,-1,2011-07-29 11:07:00,1.65,12709.0,Germany,-1.65
,21672,WHITE SPOT RED CERAMIC DRAWER KNOB,-1,2011-07-29 12:10:00,1.25,17841.0,United Kingdom,-1.25
,82580,BATHROOM METAL SIGN,-2,2011-07-29 12:10:00,0.55,17841.0,United Kingdom,-1.1
,82581,TOILET METAL SIGN,-1,2011-07-29 12:10:00,0.55,17841.0,United Kingdom,-0.55
,M,Manual,-1,2011-07-29 12:10:00,3.25,17841.0,United Kingdom,-3.25
,22461,SAVOY ART DECO CLOCK,-3,2011-07-29 13:08:00,3.95,14414.0,United Kingdom,-11.85
561805,23284,,-15,2011-07-29 14:42:00,0.0,,United Kingdom,-0.0
,15056BL,EDWARDIAN PARASOL BLACK,-120,2011-07-29 15:12:00,4.95,14145.0,United Kingdom,-594.0
,85061W,WHITE JEWELLED HEART DECORATION,-5,2011-07-31 13:20:00,0.85,15532.0,United Kingdom,-4.25
561918,85127,,-6,2011-08-01 12:05:00,0.0,,United Kingdom,-0.0
561919,85017B,,-188,2011-08-01 12:08:00,0.0,,United Kingdom,-0.0
561920,84352,Damages/samples,-52,2011-08-01 12:10:00,0.0,,United Kingdom,-0.0
561921,22044,,-240,2011-08-01 12:11:00,0.0,,United Kingdom,-0.0
561924,22042,,-197,2011-08-01 12:27:00,0.0,,United Kingdom,-0.0
561927,22740,?,-1060,2011-08-01 12:49:00,0.0,,United Kingdom,-0.0
,22371,AIRLINE BAG VINTAGE TOKYO 78,-1,2011-08-01 13:11:00,4.13,,United Kingdom,-4.13
,21650,ASSORTED TUTTI FRUTTI BRACELET,-24,2011-08-01 14:12:00,0.19,14738.0,United Kingdom,-4.56
,23029,DRAWER KNOB CRACKLE GLAZE GREEN,-4,2011-08-01 15:13:00,1.65,16774.0,United Kingdom,-6.6
,22960,JAM MAKING SET WITH JARS,-2,2011-08-01 15:39:00,3.75,17389.0,United Kingdom,-7.5
,84595E,LARGE TORTILLA DESIGN RED BOWL,-1,2011-08-01 17:03:00,3.29,,United Kingdom,-3.29
,37495,FAIRY CAKE BIRTHDAY CANDLE SET,-4,2011-08-02 10:05:00,3.75,15120.0,United Kingdom,-15.0
,22384,LUNCH BAG PINK POLKADOT,-1,2011-08-02 11:19:00,1.65,13534.0,United Kingdom,-1.65
,23209,LUNCH BAG DOILEY PATTERN ,-1,2011-08-02 11:19:00,1.65,13534.0,United Kingdom,-1.65
,22423,REGENCY CAKESTAND 3 TIER,-1,2011-08-02 11:58:00,12.75,15602.0,United Kingdom,-12.75
,AMAZONFEE,AMAZON FEE,-1,2011-08-02 12:17:00,4575.64,,United Kingdom,-4575.64
,AMAZONFEE,AMAZON FEE,-1,2011-08-02 12:27:00,6721.37,,United Kingdom,-6721.37
,82483,WOOD 2 DRAWER CABINET WHITE FINISH,-1,2011-08-02 13:19:00,5.95,15311.0,United Kingdom,-5.95
,20724,RED RETROSPOT CHARLOTTE BAG,-1,2011-08-02 13:19:00,0.72,15311.0,United Kingdom,-0.72
,23199,JUMBO BAG APPLES,-1,2011-08-02 13:19:00,1.79,15311.0,United Kingdom,-1.79
,20712,JUMBO BAG WOODLAND ANIMALS,-1,2011-08-02 13:19:00,1.79,15311.0,United Kingdom,-1.79
,22384,LUNCH BAG PINK POLKADOT,-1,2011-08-02 13:19:00,1.45,15311.0,United Kingdom,-1.45
,75049L,LARGE CIRCULAR MIRROR MOBILE,-3,2011-08-02 13:19:00,0.85,15311.0,United Kingdom,-2.55
,22197,POPCORN HOLDER,-1,2011-08-02 13:19:00,0.72,15311.0,United Kingdom,-0.72
,85099B,JUMBO BAG RED RETROSPOT,-1,2011-08-02 13:19:00,1.79,15311.0,United Kingdom,-1.79
,37449,CERAMIC CAKE STAND + HANGING CAKES,-2,2011-08-02 13:19:00,8.5,15311.0,United Kingdom,-17.0
,22655,VINTAGE RED KITCHEN CABINET,-1,2011-08-02 15:46:00,125.0,16316.0,United Kingdom,-125.0
,23240,SET OF 4 KNICK KNACK TINS DOILEY ,-1,2011-08-02 15:48:00,3.75,15125.0,United Kingdom,-3.75
,21429,RED GINGHAM ROSE JEWELLERY BOX,-5,2011-08-02 16:17:00,1.95,17696.0,United Kingdom,-9.75
,21931,JUMBO STORAGE BAG SUKI,-1,2011-08-02 16:19:00,2.08,15810.0,United Kingdom,-2.08
,20712,JUMBO BAG WOODLAND ANIMALS,-2,2011-08-02 16:20:00,2.08,16628.0,United Kingdom,-4.16
,22356,CHARLOTTE BAG PINK POLKADOT,-1,2011-08-02 16:20:00,0.85,16628.0,United Kingdom,-0.85
,47594A,CAROUSEL DESIGN WASHBAG,-5,2011-08-02 16:23:00,1.95,12457.0,Switzerland,-9.75
,23029,DRAWER KNOB CRACKLE GLAZE GREEN,-4,2011-08-02 16:26:00,1.65,13505.0,Switzerland,-6.6
,23245,SET OF 3 REGENCY CAKE TINS,-1,2011-08-02 16:26:00,4.95,13505.0,Switzerland,-4.95
,22699,ROSES REGENCY TEACUP AND SAUCER ,-6,2011-08-02 16:26:00,2.95,13505.0,Switzerland,-17.7
,22847,BREAD BIN DINER STYLE IVORY,-1,2011-08-02 17:15:00,14.95,16523.0,United Kingdom,-14.95
,22061,LARGE CAKE STAND  HANGING STRAWBERY,-1,2011-08-02 17:15:00,9.95,16523.0,United Kingdom,-9.95
,23182,TOILET SIGN OCCUPIED OR VACANT,-9,2011-08-02 17:18:00,0.83,14857.0,United Kingdom,-7.47
,23168,CLASSIC CAFE SUGAR DISPENSER,-1,2011-08-02 17:23:00,1.04,13081.0,United Kingdom,-1.04
,85123A,WHITE HANGING HEART T-LIGHT HOLDER,-3,2011-08-02 17:23:00,2.55,13081.0,United Kingdom,-7.65
,22698,PINK REGENCY TEACUP AND SAUCER,-1,2011-08-02 17:23:00,2.55,13081.0,United Kingdom,-2.55
,15034,PAPER POCKET TRAVELING FAN ,-23,2011-08-02 17:23:00,0.07,13081.0,United Kingdom,-1.61
,15044C,PURPLE PAPER PARASOL,-2,2011-08-02 17:23:00,2.55,13081.0,United Kingdom,-5.1
,15058A,BLUE POLKADOT GARDEN PARASOL,-1,2011-08-02 17:23:00,6.75,13081.0,United Kingdom,-6.75
,22200,FRYING PAN PINK POLKADOT,-4,2011-08-02 17:23:00,3.75,13081.0,United Kingdom,-15.0
,23243,SET OF TEA COFFEE SUGAR TINS PANTRY,-1,2011-08-02 17:31:00,4.95,15764.0,United Kingdom,-4.95
,21533,RETROSPOT LARGE MILK JUG,-2,2011-08-02 17:31:00,4.95,15764.0,United Kingdom,-9.9
,84978,HANGING HEART JAR T-LIGHT HOLDER,-1,2011-08-03 10:10:00,1.25,12921.0,United Kingdom,-1.25
,22456,NATURAL SLATE CHALKBOARD LARGE ,-2,2011-08-03 10:10:00,4.95,12921.0,United Kingdom,-9.9
,21313,GLASS HEART T-LIGHT HOLDER ,-4,2011-08-03 10:10:00,0.85,12921.0,United Kingdom,-3.4
,23163,REGENCY SUGAR TONGS,-7,2011-08-03 10:37:00,2.08,15189.0,United Kingdom,-14.56
,21643,ASSORTED TUTTI FRUTTI MIRROR,-12,2011-08-03 10:43:00,1.25,12757.0,Portugal,-15.0
,22649,STRAWBERRY FAIRY CAKE TEAPOT,-1,2011-08-03 10:47:00,4.95,16180.0,United Kingdom,-4.95
,22699,ROSES REGENCY TEACUP AND SAUCER ,-1,2011-08-03 10:47:00,2.95,16180.0,United Kingdom,-2.95
,22064,PINK DOUGHNUT TRINKET POT ,-1,2011-08-03 10:47:00,1.65,16180.0,United Kingdom,-1.65
,23206,LUNCH BAG APPLE DESIGN,-1,2011-08-03 10:47:00,1.65,16180.0,United Kingdom,-1.65
,21232,STRAWBERRY CERAMIC TRINKET BOX,-1,2011-08-03 10:47:00,1.25,16180.0,United Kingdom,-1.25
,22328,ROUND SNACK BOXES SET OF 4 FRUITS ,-1,2011-08-03 10:47:00,2.95,16180.0,United Kingdom,-2.95
,22697,GREEN REGENCY TEACUP AND SAUCER,-1,2011-08-03 10:47:00,2.95,16180.0,United Kingdom,-2.95
,23205,CHARLOTTE BAG VINTAGE ALPHABET ,-1,2011-08-03 10:49:00,0.85,13534.0,United Kingdom,-0.85
,23204,CHARLOTTE BAG APPLES DESIGN,-1,2011-08-03 10:49:00,0.85,13534.0,United Kingdom,-0.85
,23203,JUMBO BAG DOILEY PATTERNS,-1,2011-08-03 10:49:00,2.08,13534.0,United Kingdom,-2.08
,21930,JUMBO STORAGE BAG SKULLS,-1,2011-08-03 10:49:00,2.08,13534.0,United Kingdom,-2.08
,20711,JUMBO BAG TOYS ,-1,2011-08-03 10:49:00,2.08,13534.0,United Kingdom,-2.08
,22637,PIGGY BANK RETROSPOT ,-1,2011-08-03 10:55:00,2.1,17053.0,United Kingdom,-2.1
,23256,CHILDRENS CUTLERY SPACEBOY ,-4,2011-08-03 11:23:00,4.15,13520.0,Switzerland,-16.6
,M,Manual,-12,2011-08-03 11:48:00,1.45,17389.0,United Kingdom,-17.4
,22456,NATURAL SLATE CHALKBOARD LARGE ,-4,2011-08-03 11:50:00,4.25,13106.0,United Kingdom,-17.0
562164,21257,?,-94,2011-08-03 12:08:00,0.0,,United Kingdom,-0.0
,22381,TOY TIDY PINK POLKADOT,-3,2011-08-03 12:15:00,2.1,12748.0,United Kingdom,-6.3
,85099B,JUMBO BAG RED RETROSPOT,-100,2011-08-03 12:16:00,1.79,12748.0,United Kingdom,-179.0
,20725,LUNCH BAG RED RETROSPOT,-2,2011-08-03 12:55:00,1.65,15625.0,United Kingdom,-3.3
562212,21187,,-97,2011-08-03 13:28:00,0.0,,United Kingdom,-0.0
,82482,WOODEN PICTURE FRAME WHITE FINISH,-36,2011-08-03 14:22:00,2.1,16525.0,United Kingdom,-75.6
,47566,PARTY BUNTING,-8,2011-08-03 14:22:00,4.95,16525.0,United Kingdom,-39.6
,22791,T-LIGHT GLASS FLUTED ANTIQUE,-72,2011-08-03 14:22:00,1.06,16525.0,United Kingdom,-76.32
,22151,PLACE SETTING WHITE HEART,-432,2011-08-03 14:22:00,0.36,16525.0,United Kingdom,-155.52
,21916,SET 12 RETRO WHITE CHALK STICKS,-24,2011-08-03 14:22:00,0.42,16525.0,United Kingdom,-10.08
,21155,RED RETROSPOT PEG BAG,-6,2011-08-03 14:22:00,2.55,16525.0,United Kingdom,-15.3
,21154,RED RETROSPOT OVEN GLOVE ,-10,2011-08-03 14:22:00,1.25,16525.0,United Kingdom,-12.5
,20685,DOORMAT RED RETROSPOT,-10,2011-08-03 14:22:00,6.75,16525.0,United Kingdom,-67.5
,22655,VINTAGE RED KITCHEN CABINET,-2,2011-08-03 14:34:00,125.0,15804.0,United Kingdom,-250.0
,21888,BINGO SET,-1,2011-08-03 16:33:00,3.75,14056.0,United Kingdom,-3.75
,23193,BUFFALO BILL TREASURE BOOK BOX,-3,2011-08-03 16:33:00,2.25,14056.0,United Kingdom,-6.75
,84755,COLOUR GLASS T-LIGHT HOLDER HANGING,-1,2011-08-03 16:33:00,0.65,14056.0,United Kingdom,-0.65
,23237,SET OF 4 KNICK KNACK TINS LEAF,-3,2011-08-03 16:33:00,4.15,14056.0,United Kingdom,-12.45
562278,21391,Sold as 1 on dotcom,-342,2011-08-04 10:27:00,0.0,,United Kingdom,-0.0
562279,21391,,-26,2011-08-04 10:28:00,0.0,,United Kingdom,-0.0
,84926F,PSYCHEDELIC TILE COASTER,-24,2011-08-04 10:31:00,0.29,16133.0,United Kingdom,-6.96
,23020,GLASS  SONGBIRD STORAGE JAR,-1,2011-08-04 10:31:00,12.5,16133.0,United Kingdom,-12.5
,84663A,GRASS HOPPER WOODEN WALL CLOCK ,-3,2011-08-04 10:36:00,0.79,12476.0,Germany,-2.37
,22423,REGENCY CAKESTAND 3 TIER,-1,2011-08-04 10:36:00,12.75,12476.0,Germany,-12.75
,22798,ANTIQUE GLASS DRESSING TABLE POT,-3,2011-08-04 10:36:00,2.95,12476.0,Germany,-8.85
,84976,RECTANGULAR SHAPED MIRROR,-2,2011-08-04 10:36:00,0.79,12476.0,Germany,-1.58
,23020,GLASS  SONGBIRD STORAGE JAR,-1,2011-08-04 10:36:00,12.5,12476.0,Germany,-12.5
562352,21735,damages,-59,2011-08-04 13:12:00,0.0,,United Kingdom,-0.0
,22203,MILK PAN RED RETROSPOT,-1,2011-08-04 14:03:00,3.75,17811.0,United Kingdom,-3.75
,23318,BOX OF 6 MINI VINTAGE CRACKERS,-96,2011-08-04 14:46:00,2.08,14911.0,EIRE,-199.68
,23315,IVORY REFECTORY CLOCK,-12,2011-08-04 14:46:00,8.15,14911.0,EIRE,-97.8
,23314,VINTAGE CHRISTMAS TABLECLOTH,-4,2011-08-04 14:46:00,12.5,14911.0,EIRE,-50.0
,23307,SET OF 60 PANTRY DESIGN CAKE CASES ,-24,2011-08-04 14:46:00,0.55,14911.0,EIRE,-13.2
,23175,REGENCY MILK JUG PINK ,-48,2011-08-04 14:46:00,2.75,14911.0,EIRE,-132.0
,23174,REGENCY SUGAR BOWL GREEN,-48,2011-08-04 14:46:00,3.75,14911.0,EIRE,-180.0
,23173,REGENCY TEAPOT ROSES ,-24,2011-08-04 14:46:00,8.15,14911.0,EIRE,-195.6
,23172,REGENCY TEA PLATE PINK,-48,2011-08-04 14:46:00,1.45,14911.0,EIRE,-69.6
,23171,REGENCY TEA PLATE GREEN ,-48,2011-08-04 14:46:00,1.45,14911.0,EIRE,-69.6
,23170,REGENCY TEA PLATE ROSES ,-48,2011-08-04 14:46:00,1.45,14911.0,EIRE,-69.6
,23169,CLASSIC GLASS COOKIE JAR,-6,2011-08-04 14:46:00,4.15,14911.0,EIRE,-24.9
,23166,MEDIUM CERAMIC TOP STORAGE JAR,-12,2011-08-04 14:46:00,1.25,14911.0,EIRE,-15.0
,23163,REGENCY SUGAR TONGS,-48,2011-08-04 14:46:00,2.08,14911.0,EIRE,-99.84
,23157,SET OF 6 NATIVITY MAGNETS ,-240,2011-08-04 14:46:00,1.85,14911.0,EIRE,-444.0
,22980,PANTRY SCRUBBING BRUSH,-48,2011-08-04 14:46:00,1.45,14911.0,EIRE,-69.6
,22979,PANTRY WASHING UP BRUSH,-72,2011-08-04 14:46:00,1.25,14911.0,EIRE,-90.0
,22978,PANTRY ROLLING PIN,-24,2011-08-04 14:46:00,3.39,14911.0,EIRE,-81.36
,22952,60 CAKE CASES VINTAGE CHRISTMAS,-240,2011-08-04 14:46:00,0.42,14911.0,EIRE,-100.8
,22950,36 DOILIES VINTAGE CHRISTMAS,-288,2011-08-04 14:46:00,1.25,14911.0,EIRE,-360.0
,22945,CHRISTMAS METAL TAGS ASSORTED ,-144,2011-08-04 14:46:00,0.72,14911.0,EIRE,-103.68
,22910,PAPER CHAIN KIT VINTAGE CHRISTMAS,-200,2011-08-04 14:46:00,2.55,14911.0,EIRE,-510.0
,22909,SET OF 20 VINTAGE CHRISTMAS NAPKINS,-192,2011-08-04 14:46:00,0.72,14911.0,EIRE,-138.24
,22907,PACK OF 20 NAPKINS PANTRY DESIGN,-12,2011-08-04 14:46:00,0.85,14911.0,EIRE,-10.2
,22699,ROSES REGENCY TEACUP AND SAUCER ,-48,2011-08-04 14:46:00,2.55,14911.0,EIRE,-122.4
,22698,PINK REGENCY TEACUP AND SAUCER,-48,2011-08-04 14:46:00,2.55,14911.0,EIRE,-122.4
,22697,GREEN REGENCY TEACUP AND SAUCER,-48,2011-08-04 14:46:00,2.55,14911.0,EIRE,-122.4
,22423,REGENCY CAKESTAND 3 TIER,-32,2011-08-04 14:46:00,10.95,14911.0,EIRE,-350.4
,22193,RED DINER WALL CLOCK,-12,2011-08-04 14:46:00,7.65,14911.0,EIRE,-91.8
,22192,BLUE DINER WALL CLOCK,-12,2011-08-04 14:46:00,7.65,14911.0,EIRE,-91.8
,22086,PAPER CHAIN KIT 50'S CHRISTMAS ,-120,2011-08-04 14:46:00,2.55,14911.0,EIRE,-306.0
,21977,PACK OF 60 PINK PAISLEY CAKE CASES,-24,2011-08-04 14:46:00,0.55,14911.0,EIRE,-13.2
562382,22927,?,-40,2011-08-04 15:36:00,0.0,,United Kingdom,-0.0
562383,22523,?,-90,2011-08-04 15:37:00,0.0,,United Kingdom,-0.0
562384,23175,,-44,2011-08-04 15:41:00,0.0,,United Kingdom,-0.0
562385,47559B,,-84,2011-08-04 15:42:00,0.0,,United Kingdom,-0.0
562386,84596L,,-21,2011-08-04 15:43:00,0.0,,United Kingdom,-0.0
562390,21246,,-92,2011-08-04 16:00:00,0.0,,United Kingdom,-0.0
562391,22854,,-40,2011-08-04 16:02:00,0.0,,United Kingdom,-0.0
,22720,SET OF 3 CAKE TINS PANTRY DESIGN ,-2,2011-08-04 17:06:00,4.95,12584.0,Italy,-9.9
,22627,MINT KITCHEN SCALES,-2,2011-08-04 17:06:00,8.5,12584.0,Italy,-17.0
,22423,REGENCY CAKESTAND 3 TIER,-1,2011-08-04 17:06:00,12.75,12584.0,Italy,-12.75
,23243,SET OF TEA COFFEE SUGAR TINS PANTRY,-1,2011-08-04 17:08:00,4.95,12584.0,Italy,-4.95
,84755,COLOUR GLASS T-LIGHT HOLDER HANGING,-1,2011-08-04 17:58:00,0.65,14621.0,United Kingdom,-0.65
,23023,RIDGED BONNE JAM JAR T-LIGHT HOLDER,-2,2011-08-04 17:58:00,1.65,14621.0,United Kingdom,-3.3
,22698,PINK REGENCY TEACUP AND SAUCER,-2,2011-08-04 17:58:00,2.95,14621.0,United Kingdom,-5.9
,22423,REGENCY CAKESTAND 3 TIER,-1,2011-08-04 17:58:00,12.75,14621.0,United Kingdom,-12.75
562463,85152,,-6,2011-08-05 11:30:00,0.0,,United Kingdom,-0.0
562464,20701,,-24,2011-08-05 11:31:00,0.0,,United Kingdom,-0.0
,M,Manual,-1,2011-08-05 12:20:00,11.95,13408.0,United Kingdom,-11.95
,M,Manual,-1,2011-08-05 12:22:00,43.63,13408.0,United Kingdom,-43.63
,22169,FAMILY ALBUM WHITE PICTURE FRAME,-1,2011-08-05 12:49:00,8.5,13813.0,Germany,-8.5
,22139,RETROSPOT TEA SET CERAMIC 11 PC ,-1,2011-08-05 12:49:00,4.95,13813.0,Germany,-4.95
562544,84920,,-9,2011-08-05 15:46:00,0.0,,United Kingdom,-0.0
562546,20694,?,-110,2011-08-05 15:46:00,0.0,,United Kingdom,-0.0
562547,21918,,-343,2011-08-05 15:49:00,0.0,,United Kingdom,-0.0
562548,23084,,-84,2011-08-05 16:00:00,0.0,,United Kingdom,-0.0
,21231,SWEETHEART CERAMIC TRINKET BOX,-13,2011-08-05 17:08:00,1.25,16743.0,United Kingdom,-16.25
,21232,STRAWBERRY CERAMIC TRINKET BOX,-24,2011-08-05 17:08:00,1.25,16743.0,United Kingdom,-30.0
,22656,VINTAGE BLUE KITCHEN CABINET,-1,2011-08-05 17:13:00,125.0,16729.0,United Kingdom,-125.0
,23207,LUNCH BAG ALPHABET DESIGN,-1,2011-08-07 13:09:00,1.65,15518.0,United Kingdom,-1.65
,20751,FUNKY WASHING UP GLOVES ASSORTED,-1,2011-08-07 13:53:00,2.1,15640.0,United Kingdom,-2.1
,21843,RED RETROSPOT CAKE STAND,-1,2011-08-07 13:53:00,10.95,15640.0,United Kingdom,-10.95
,21452,TOADSTOOL MONEY BOX,-1,2011-08-07 13:53:00,2.95,15640.0,United Kingdom,-2.95
,21671,RED SPOT CERAMIC DRAWER KNOB,-8,2011-08-07 13:53:00,1.25,15640.0,United Kingdom,-10.0
,23008,DOLLY GIRL BABY GIFT SET,-1,2011-08-07 13:53:00,16.95,15640.0,United Kingdom,-16.95
,22634,CHILDS BREAKFAST SET SPACEBOY ,-1,2011-08-07 13:53:00,9.95,15640.0,United Kingdom,-9.95
,21452,TOADSTOOL MONEY BOX,-1,2011-08-07 13:53:00,2.95,15640.0,United Kingdom,-2.95
,15034,PAPER POCKET TRAVELING FAN ,-18,2011-08-07 13:53:00,0.14,15640.0,United Kingdom,-2.52
,22241,GARLAND WOODEN HAPPY EASTER,-1,2011-08-07 13:53:00,1.25,15640.0,United Kingdom,-1.25
,85230G,ORANGE VOTIVE CANDLE,-48,2011-08-07 15:44:00,0.29,12748.0,United Kingdom,-13.92
,22464,HANGING METAL HEART LANTERN,-24,2011-08-07 15:44:00,1.65,12748.0,United Kingdom,-39.6
,M,Manual,-1,2011-08-08 09:48:00,6.76,15518.0,United Kingdom,-6.76
,M,Manual,-144,2011-08-08 10:09:00,0.11,12901.0,United Kingdom,-15.84
,23175,REGENCY MILK JUG PINK ,-3,2011-08-08 12:11:00,3.25,15228.0,United Kingdom,-9.75
,23243,SET OF TEA COFFEE SUGAR TINS PANTRY,-2,2011-08-08 12:31:00,4.95,,EIRE,-9.9
,20914,SET/5 RED RETROSPOT LID GLASS BOWLS,-2,2011-08-08 12:32:00,2.95,13186.0,United Kingdom,-5.9
,82600,NO SINGING METAL SIGN,-6,2011-08-08 12:32:00,2.1,13186.0,United Kingdom,-12.6
,22637,PIGGY BANK RETROSPOT ,-1,2011-08-08 12:32:00,2.55,13186.0,United Kingdom,-2.55
,22798,ANTIQUE GLASS DRESSING TABLE POT,-1,2011-08-08 12:34:00,2.95,13089.0,United Kingdom,-2.95
,22801,ANTIQUE GLASS PEDESTAL BOWL,-1,2011-08-08 12:34:00,3.75,13089.0,United Kingdom,-3.75
,M,Manual,-1,2011-08-08 12:37:00,48.0,15299.0,United Kingdom,-48.0
,22772,PINK DRAWER KNOB ACRYLIC EDWARDIAN,-1,2011-08-08 12:38:00,1.25,16255.0,United Kingdom,-1.25
,22771,CLEAR DRAWER KNOB ACRYLIC EDWARDIAN,-3,2011-08-08 12:38:00,1.25,16255.0,United Kingdom,-3.75
,M,Manual,-1,2011-08-08 12:56:00,3155.95,15502.0,United Kingdom,-3155.95
,M,Manual,-1,2011-08-08 12:56:00,3.25,14606.0,United Kingdom,-3.25
,21539,RED RETROSPOT BUTTER DISH,-1,2011-08-08 12:56:00,4.95,14606.0,United Kingdom,-4.95
,22998,TRAVEL CARD WALLET KEEP CALM,-1,2011-08-08 12:56:00,0.42,14606.0,United Kingdom,-0.42
,21991,BOHEMIAN COLLAGE STATIONERY SET,-12,2011-08-08 13:25:00,1.25,16951.0,United Kingdom,-15.0
562653,21359,,-30,2011-08-08 13:35:00,0.0,,United Kingdom,-0.0
,POST,POSTAGE,-1,2011-08-08 13:39:00,4.41,13588.0,United Kingdom,-4.41
,22744,MAKE YOUR OWN MONSOON CARD KIT,-6,2011-08-08 13:40:00,2.95,13588.0,United Kingdom,-17.7
,POST,POSTAGE,-1,2011-08-08 13:53:00,10.34,15157.0,United Kingdom,-10.34
,22233,JIGSAW RABBIT AND BIRDHOUSE,-1,2011-08-08 13:53:00,0.59,15157.0,United Kingdom,-0.59
,21359,RELAX LARGE WOOD LETTERS,-1,2011-08-08 13:53:00,3.95,15157.0,United Kingdom,-3.95
,21158,MOODY GIRL DOOR HANGER ,-24,2011-08-08 13:53:00,0.39,15157.0,United Kingdom,-9.36
,22287,DECORATION WOBBLY CHICKEN,-12,2011-08-08 13:53:00,0.39,15157.0,United Kingdom,-4.68
,22268,DECORATION SITTING BUNNY,-39,2011-08-08 13:53:00,0.19,15157.0,United Kingdom,-7.41
,22384,LUNCH BAG PINK POLKADOT,-1,2011-08-08 14:32:00,1.45,17511.0,United Kingdom,-1.45
,22659,LUNCH BOX I LOVE LONDON,-1,2011-08-08 14:32:00,1.65,17511.0,United Kingdom,-1.65
,21238,RED RETROSPOT CUP,-1,2011-08-08 14:32:00,0.72,17511.0,United Kingdom,-0.72
,22061,LARGE CAKE STAND  HANGING STRAWBERY,-1,2011-08-08 14:32:00,8.5,17511.0,United Kingdom,-8.5
,21232,STRAWBERRY CERAMIC TRINKET BOX,-1,2011-08-08 14:32:00,1.06,17511.0,United Kingdom,-1.06
,82484,WOOD BLACK BOARD ANT WHITE FINISH,-1,2011-08-08 14:32:00,6.75,17511.0,United Kingdom,-6.75
,85123A,WHITE HANGING HEART T-LIGHT HOLDER,-1,2011-08-08 14:32:00,2.55,17511.0,United Kingdom,-2.55
,22197,POPCORN HOLDER,-3,2011-08-08 14:32:00,0.72,17511.0,United Kingdom,-2.16
,21042,RED RETROSPOT APRON ,-1,2011-08-08 14:32:00,4.65,17511.0,United Kingdom,-4.65
,22326,ROUND SNACK BOXES SET OF4 WOODLAND ,-1,2011-08-09 09:05:00,2.95,16401.0,United Kingdom,-2.95
,21559,STRAWBERRY LUNCH BOX WITH CUTLERY,-2,2011-08-09 09:05:00,2.55,16401.0,United Kingdom,-5.1
,22849,BREAD BIN DINER STYLE MINT,-1,2011-08-09 09:41:00,14.95,12406.0,Denmark,-14.95
,22848,BREAD BIN DINER STYLE PINK,-4,2011-08-09 09:41:00,14.95,12406.0,Denmark,-59.8
,22846,BREAD BIN DINER STYLE RED ,-4,2011-08-09 09:41:00,14.95,12406.0,Denmark,-59.8
,22424,ENAMEL BREAD BIN CREAM,-2,2011-08-09 12:18:00,12.75,17841.0,United Kingdom,-25.5
,22220,CAKE STAND LOVEBIRD 2 TIER WHITE,-2,2011-08-09 12:18:00,9.95,17841.0,United Kingdom,-19.9
,85014B,RED RETROSPOT UMBRELLA,-1,2011-08-09 12:18:00,5.95,17841.0,United Kingdom,-5.95
,15056BL,EDWARDIAN PARASOL BLACK,-1,2011-08-09 12:18:00,5.95,17841.0,United Kingdom,-5.95
,21935,SUKI  SHOULDER BAG,-1,2011-08-09 12:18:00,1.65,17841.0,United Kingdom,-1.65
,22374,AIRLINE BAG VINTAGE JET SET RED,-1,2011-08-09 12:18:00,4.25,17841.0,United Kingdom,-4.25
562785,21033,,-455,2011-08-09 13:32:00,0.0,,United Kingdom,-0.0
,M,Manual,-1,2011-08-09 13:43:00,250.0,15581.0,United Kingdom,-250.0
,M,Manual,-1,2011-08-09 14:18:00,57.6,16422.0,United Kingdom,-57.6
,22456,NATURAL SLATE CHALKBOARD LARGE ,-1,2011-08-09 14:20:00,4.95,14112.0,United Kingdom,-4.95
,22192,BLUE DINER WALL CLOCK,-1,2011-08-09 14:23:00,8.5,13709.0,United Kingdom,-8.5
,23235,STORAGE TIN VINTAGE LEAF,-1,2011-08-09 14:23:00,2.89,13709.0,United Kingdom,-2.89
,22428,ENAMEL FIRE BUCKET CREAM,-2,2011-08-09 14:23:00,6.95,13709.0,United Kingdom,-13.9
,21877,HOME SWEET HOME MUG,-1,2011-08-09 14:23:00,1.25,13709.0,United Kingdom,-1.25
,D,Discount,-1,2011-08-09 14:27:00,64.0,13694.0,United Kingdom,-64.0
,22634,CHILDS BREAKFAST SET SPACEBOY ,-1,2011-08-09 14:29:00,8.5,16672.0,United Kingdom,-8.5
,22605,WOODEN CROQUET GARDEN SET,-1,2011-08-09 14:30:00,12.75,12929.0,United Kingdom,-12.75
,84949,SILVER HANGING T-LIGHT HOLDER,-2,2011-08-09 14:31:00,1.65,16609.0,United Kingdom,-3.3
,21559,STRAWBERRY LUNCH BOX WITH CUTLERY,-2,2011-08-09 14:34:00,2.55,16401.0,United Kingdom,-5.1
,23012,GLASS APOTHECARY BOTTLE PERFUME,-1,2011-08-09 14:35:00,3.95,15194.0,United Kingdom,-3.95
,22990,COTTON APRON PANTRY DESIGN,-2,2011-08-09 14:41:00,4.95,15201.0,United Kingdom,-9.9
,22994,TRAVEL CARD WALLET RETROSPOT,-2,2011-08-09 14:41:00,0.42,15201.0,United Kingdom,-0.84
,21704,BAG 250g SWIRLY MARBLES,-2,2011-08-09 14:43:00,0.85,15628.0,United Kingdom,-1.7
,23187,FRENCH STYLE STORAGE JAR BONBONS,-10,2011-08-09 14:43:00,0.29,15628.0,United Kingdom,-2.9
,23187,FRENCH STYLE STORAGE JAR BONBONS,-5,2011-08-09 15:10:00,0.29,18282.0,United Kingdom,-1.45
,23109,PACK OF SIX LED TEA LIGHTS,-96,2011-08-09 15:30:00,2.49,13217.0,United Kingdom,-239.04
,23083,SET 6 PAPER TABLE LANTERN STARS ,-48,2011-08-09 15:30:00,3.29,13217.0,United Kingdom,-157.92
,21754,HOME BUILDING BLOCK WORD,-1,2011-08-10 09:21:00,5.95,14903.0,United Kingdom,-5.95
,22990,COTTON APRON PANTRY DESIGN,-4,2011-08-10 09:35:00,4.95,15201.0,United Kingdom,-19.8
562855,84800M,,-124,2011-08-10 10:16:00,0.0,,United Kingdom,-0.0
,22360,GLASS JAR ENGLISH CONFECTIONERY,-1,2011-08-10 10:42:00,2.95,15110.0,United Kingdom,-2.95
,22900,SET 2 TEA TOWELS I LOVE LONDON ,-3,2011-08-10 11:25:00,3.25,14056.0,United Kingdom,-9.75
,23077,DOUGHNUT LIP GLOSS ,-20,2011-08-10 11:43:00,1.25,17994.0,United Kingdom,-25.0
,22727,ALARM CLOCK BAKELIKE RED ,-2,2011-08-10 12:07:00,3.75,18172.0,United Kingdom,-7.5
,75049L,LARGE CIRCULAR MIRROR MOBILE,-11,2011-08-10 13:00:00,1.25,17602.0,United Kingdom,-13.75
,23187,FRENCH STYLE STORAGE JAR BONBONS,-16,2011-08-10 13:03:00,0.29,15671.0,United Kingdom,-4.64
,22978,PANTRY ROLLING PIN,-5,2011-08-10 13:06:00,3.75,13384.0,United Kingdom,-18.75
,23064,CINDERELLA CHANDELIER ,-1,2011-08-10 13:35:00,49.95,13388.0,United Kingdom,-49.95
,22699,ROSES REGENCY TEACUP AND SAUCER ,-2,2011-08-10 14:17:00,2.95,13767.0,United Kingdom,-5.9
,22423,REGENCY CAKESTAND 3 TIER,-2,2011-08-10 14:17:00,12.75,13767.0,United Kingdom,-25.5
,22726,ALARM CLOCK BAKELIKE GREEN,-1,2011-08-10 14:17:00,3.75,13767.0,United Kingdom,-3.75
,22727,ALARM CLOCK BAKELIKE RED ,-1,2011-08-10 14:17:00,3.75,13767.0,United Kingdom,-3.75
,M,Manual,-1,2011-08-10 17:14:00,1121.18,14156.0,EIRE,-1121.18
,23316,RED REFECTORY CLOCK ,-1,2011-08-11 09:16:00,9.95,12693.0,Germany,-9.95
,22456,NATURAL SLATE CHALKBOARD LARGE ,-1,2011-08-11 10:10:00,4.95,12749.0,United Kingdom,-4.95
,23236,STORAGE TIN VINTAGE DOILY ,-1,2011-08-11 10:10:00,2.89,12749.0,United Kingdom,-2.89
,23235,STORAGE TIN VINTAGE LEAF,-2,2011-08-11 10:10:00,2.89,12749.0,United Kingdom,-5.78
,23239,SET OF 4 KNICK KNACK TINS POPPIES,-3,2011-08-11 10:10:00,4.15,12749.0,United Kingdom,-12.45
,82486,WOOD S/3 CABINET ANT WHITE FINISH,-1,2011-08-11 10:10:00,8.95,12749.0,United Kingdom,-8.95
,23244,ROUND STORAGE TIN VINTAGE LEAF,-2,2011-08-11 10:10:00,1.95,12749.0,United Kingdom,-3.9
,23245,SET OF 3 REGENCY CAKE TINS,-1,2011-08-11 10:10:00,4.95,12749.0,United Kingdom,-4.95
,23110,PARISIENNE KEY CABINET ,-1,2011-08-11 10:10:00,5.75,12749.0,United Kingdom,-5.75
,23167,SMALL CERAMIC TOP STORAGE JAR ,-2,2011-08-11 10:10:00,0.83,12749.0,United Kingdom,-1.66
,23166,MEDIUM CERAMIC TOP STORAGE JAR,-1,2011-08-11 10:10:00,1.25,12749.0,United Kingdom,-1.25
,23165,LARGE CERAMIC TOP STORAGE JAR,-2,2011-08-11 10:10:00,1.65,12749.0,United Kingdom,-3.3
,22980,PANTRY SCRUBBING BRUSH,-3,2011-08-11 10:10:00,1.65,12749.0,United Kingdom,-4.95
,22979,PANTRY WASHING UP BRUSH,-2,2011-08-11 10:10:00,1.45,12749.0,United Kingdom,-2.9
,22981,PANTRY APPLE CORER,-5,2011-08-11 10:10:00,1.45,12749.0,United Kingdom,-7.25
,23243,SET OF TEA COFFEE SUGAR TINS PANTRY,-1,2011-08-11 10:10:00,4.95,12749.0,United Kingdom,-4.95
,23169,CLASSIC GLASS COOKIE JAR,-1,2011-08-11 10:10:00,4.15,12749.0,United Kingdom,-4.15
,23020,GLASS  SONGBIRD STORAGE JAR,-1,2011-08-11 10:10:00,12.5,12749.0,United Kingdom,-12.5
,23015,CORDIAL GLASS JUG,-1,2011-08-11 10:10:00,8.25,12749.0,United Kingdom,-8.25
,23017,APOTHECARY MEASURING JAR,-1,2011-08-11 10:10:00,12.5,12749.0,United Kingdom,-12.5
,23111,PARISIENNE SEWING BOX,-1,2011-08-11 10:10:00,12.5,12749.0,United Kingdom,-12.5
,22649,STRAWBERRY FAIRY CAKE TEAPOT,-1,2011-08-11 10:12:00,4.95,16180.0,United Kingdom,-4.95
,22699,ROSES REGENCY TEACUP AND SAUCER ,-1,2011-08-11 10:12:00,2.95,16180.0,United Kingdom,-2.95
,22064,PINK DOUGHNUT TRINKET POT ,-1,2011-08-11 10:12:00,1.65,16180.0,United Kingdom,-1.65
,23206,LUNCH BAG APPLE DESIGN,-1,2011-08-11 10:12:00,1.65,16180.0,United Kingdom,-1.65
,21232,STRAWBERRY CERAMIC TRINKET BOX,-1,2011-08-11 10:12:00,1.25,16180.0,United Kingdom,-1.25
,22328,ROUND SNACK BOXES SET OF 4 FRUITS ,-1,2011-08-11 10:12:00,2.95,16180.0,United Kingdom,-2.95
,22697,GREEN REGENCY TEACUP AND SAUCER,-1,2011-08-11 10:12:00,2.95,16180.0,United Kingdom,-2.95
,20914,SET/5 RED RETROSPOT LID GLASS BOWLS,-1,2011-08-11 10:13:00,2.95,17429.0,United Kingdom,-2.95
,84927F,PSYCHEDELIC TILE HOOK,-5,2011-08-11 10:13:00,0.39,17429.0,United Kingdom,-1.95
,22461,SAVOY ART DECO CLOCK,-2,2011-08-11 10:13:00,3.95,17429.0,United Kingdom,-7.9
,82600,NO SINGING METAL SIGN,-6,2011-08-11 10:14:00,2.1,13186.0,United Kingdom,-12.6
,22637,PIGGY BANK RETROSPOT ,-1,2011-08-11 10:14:00,2.55,13186.0,United Kingdom,-2.55
,22842,BISCUIT TIN VINTAGE RED,-1,2011-08-11 10:15:00,6.75,13319.0,United Kingdom,-6.75
,22540,MINI JIGSAW CIRCUS PARADE ,-1,2011-08-11 10:15:00,0.42,13319.0,United Kingdom,-0.42
,M,Manual,-1,2011-08-11 10:19:00,3.25,17531.0,United Kingdom,-3.25
,85066,CREAM SWEETHEART MINI CHEST,-6,2011-08-11 10:21:00,1.8,17389.0,United Kingdom,-10.8
,22138,BAKING SET 9 PIECE RETROSPOT ,-6,2011-08-11 10:21:00,0.7,17389.0,United Kingdom,-4.2
,85123A,WHITE HANGING HEART T-LIGHT HOLDER,-6,2011-08-11 10:24:00,2.95,14305.0,United Kingdom,-17.7
,22766,PHOTO FRAME CORNICE,-7,2011-08-11 10:24:00,2.95,14305.0,United Kingdom,-20.65
,22852,DOG BOWL VINTAGE CREAM,-1,2011-08-11 10:24:00,4.25,14305.0,United Kingdom,-4.25
,84947,ANTIQUE SILVER TEA GLASS ENGRAVED,-5,2011-08-11 10:24:00,1.25,14305.0,United Kingdom,-6.25
,23132,SMALL IVORY HEART WALL ORGANISER,-1,2011-08-11 10:26:00,5.75,17579.0,United Kingdom,-5.75
,22173,METAL 4 HOOK HANGER FRENCH CHATEAU,-1,2011-08-11 10:26:00,2.95,17579.0,United Kingdom,-2.95
,22568,FELTCRAFT CUSHION OWL,-1,2011-08-11 10:58:00,3.75,12610.0,Italy,-3.75
,21987,PACK OF 6 SKULL PAPER CUPS,-12,2011-08-11 10:58:00,0.65,12610.0,Italy,-7.8
,22847,BREAD BIN DINER STYLE IVORY,-1,2011-08-11 11:48:00,16.95,12885.0,United Kingdom,-16.95
,23108,SET OF 10 LED DOLLY LIGHTS,-1,2011-08-11 15:26:00,6.25,13722.0,United Kingdom,-6.25
,22805,BLUE DRAWER KNOB ACRYLIC EDWARDIAN,-1,2011-08-11 15:45:00,1.25,16928.0,United Kingdom,-1.25
,22965,3 TRADITIONAl BISCUIT CUTTERS  SET,-12,2011-08-12 10:17:00,2.1,12709.0,Germany,-25.2
,23169,CLASSIC GLASS COOKIE JAR,-1,2011-08-12 10:17:00,4.15,12709.0,Germany,-4.15
,22960,JAM MAKING SET WITH JARS,-1,2011-08-12 10:17:00,3.75,12709.0,Germany,-3.75
,21452,TOADSTOOL MONEY BOX,-1,2011-08-12 10:17:00,2.95,12709.0,Germany,-2.95
,21936,RED RETROSPOT PICNIC BAG,-4,2011-08-12 10:31:00,2.95,12656.0,France,-11.8
,20725,LUNCH BAG RED RETROSPOT,-6,2011-08-12 10:31:00,1.65,12656.0,France,-9.9
563148,21033,,-37,2011-08-12 11:35:00,0.0,,United Kingdom,-0.0
,23160,REGENCY TEA SPOON,-3,2011-08-14 09:57:00,1.25,13047.0,United Kingdom,-3.75
,22371,AIRLINE BAG VINTAGE TOKYO 78,-1,2011-08-14 12:10:00,4.25,17613.0,United Kingdom,-4.25
,84879,ASSORTED COLOUR BIRD ORNAMENT,-1,2011-08-14 12:10:00,1.69,17613.0,United Kingdom,-1.69
,20781,GOLD EAR MUFF HEADPHONES,-1,2011-08-14 12:10:00,5.49,17613.0,United Kingdom,-5.49
,21933,PINK VINTAGE PAISLEY PICNIC BAG,-1,2011-08-14 12:10:00,1.65,17613.0,United Kingdom,-1.65
,84279P,CHERRY BLOSSOM  DECORATIVE FLASK,-1,2011-08-14 12:10:00,3.75,17613.0,United Kingdom,-3.75
,22383,LUNCH BAG SUKI DESIGN ,-1,2011-08-14 14:15:00,1.65,16401.0,United Kingdom,-1.65
,22469,HEART OF WICKER SMALL,-11,2011-08-14 14:17:00,1.65,17644.0,United Kingdom,-18.15
,23243,SET OF TEA COFFEE SUGAR TINS PANTRY,-2,2011-08-14 14:22:00,4.95,16150.0,United Kingdom,-9.9
,22469,HEART OF WICKER SMALL,-6,2011-08-14 14:22:00,1.65,16150.0,United Kingdom,-9.9
,21289,LARGE STRIPES CHOCOLATE GIFT BAG,-4,2011-08-14 14:22:00,1.25,16150.0,United Kingdom,-5.0
,22780,LIGHT GARLAND BUTTERFILES PINK,-3,2011-08-14 14:23:00,4.25,17611.0,United Kingdom,-12.75
,22460,EMBOSSED GLASS TEALIGHT HOLDER,-3,2011-08-14 14:28:00,1.25,15660.0,United Kingdom,-3.75
,37446,MINI CAKE STAND WITH HANGING CAKES,-1,2011-08-14 14:30:00,1.45,16292.0,United Kingdom,-1.45
,37449,CERAMIC CAKE STAND + HANGING CAKES,-2,2011-08-14 14:30:00,9.95,16292.0,United Kingdom,-19.9
,23298,SPOTTY BUNTING,-1,2011-08-14 14:33:00,4.95,12409.0,Switzerland,-4.95
,D,Discount,-1,2011-08-14 14:35:00,434.51,14911.0,EIRE,-434.51
,23253,16 PIECE CUTLERY SET PANTRY DESIGN,-1,2011-08-14 14:36:00,15.95,13116.0,United Kingdom,-15.95
,23173,REGENCY TEAPOT ROSES ,-1,2011-08-14 15:55:00,9.95,17988.0,United Kingdom,-9.95
,22616,PACK OF 12 LONDON TISSUES ,-12,2011-08-15 10:06:00,0.29,15048.0,United Kingdom,-3.48
563244,22740,,-36,2011-08-15 10:49:00,0.0,,United Kingdom,-0.0
,21704,BAG 250g SWIRLY MARBLES,-1,2011-08-15 11:35:00,0.72,16656.0,United Kingdom,-0.72
,22061,LARGE CAKE STAND  HANGING STRAWBERY,-2,2011-08-15 12:08:00,8.5,15311.0,United Kingdom,-17.0
,20728,LUNCH BAG CARS BLUE,-1,2011-08-15 12:08:00,1.45,15311.0,United Kingdom,-1.45
,20727,LUNCH BAG  BLACK SKULL.,-1,2011-08-15 12:08:00,1.45,15311.0,United Kingdom,-1.45
,21579,LOLITA  DESIGN  COTTON TOTE BAG,-6,2011-08-15 16:20:00,2.25,15342.0,United Kingdom,-13.5
,23155,KNICKERBOCKERGLORY MAGNET ASSORTED ,-1,2011-08-15 16:20:00,0.83,15342.0,United Kingdom,-0.83
,23149,ANTIQUE IVORY WIRE BOWL SMALL,-6,2011-08-16 10:27:00,2.49,14911.0,EIRE,-14.94
,23073,GEORGIAN TRINKET BOX,-1,2011-08-16 10:27:00,12.5,14911.0,EIRE,-12.5
,22989,SET 2 PANTRY DESIGN TEA TOWELS,-6,2011-08-16 10:27:00,3.25,14911.0,EIRE,-19.5
,22193,RED DINER WALL CLOCK,-2,2011-08-16 10:27:00,8.5,14911.0,EIRE,-17.0
,84629,WHITE 3 FRAME BIRDS AND TREE ,-1,2011-08-16 12:14:00,4.95,16033.0,United Kingdom,-4.95
,22666,RECIPE BOX PANTRY YELLOW DESIGN,-1,2011-08-16 12:14:00,2.95,16033.0,United Kingdom,-2.95
,21874,GIN AND TONIC MUG,-1,2011-08-16 12:14:00,1.25,16033.0,United Kingdom,-1.25
,POST,POSTAGE,-1,2011-08-16 14:24:00,4.41,15205.0,United Kingdom,-4.41
563453,21033,taig adjust no stock,-24,2011-08-16 14:34:00,0.0,,United Kingdom,-0.0
,84078A,SET/4 WHITE RETRO STORAGE CUBES ,-1,2011-08-16 14:51:00,39.95,17048.0,United Kingdom,-39.95
,21713,CITRONELLA CANDLE FLOWERPOT,-3,2011-08-16 15:59:00,2.1,14175.0,United Kingdom,-6.3
,23108,SET OF 10 LED DOLLY LIGHTS,-1,2011-08-16 15:59:00,6.25,14175.0,United Kingdom,-6.25
,22927,GREEN GIANT GARDEN THERMOMETER,-1,2011-08-16 15:59:00,5.95,14175.0,United Kingdom,-5.95
,BANK CHARGES,Bank Charges,-1,2011-08-17 11:38:00,612.46,,United Kingdom,-612.46
,M,Manual,-1,2011-08-17 11:39:00,413.68,,United Kingdom,-413.68
,M,Manual,-1,2011-08-17 11:40:00,793.32,,United Kingdom,-793.32
,22885,NUMBER TILE VINTAGE FONT 6 ,-1,2011-08-17 13:14:00,1.95,16755.0,United Kingdom,-1.95
,22883,NUMBER TILE VINTAGE FONT 4,-1,2011-08-17 13:14:00,1.95,16755.0,United Kingdom,-1.95
,22882,NUMBER TILE VINTAGE FONT 3,-1,2011-08-17 13:14:00,1.95,16755.0,United Kingdom,-1.95
,85123A,WHITE HANGING HEART T-LIGHT HOLDER,-1,2011-08-17 13:14:00,2.95,16755.0,United Kingdom,-2.95
,22197,POPCORN HOLDER,-1,2011-08-17 13:14:00,0.85,16755.0,United Kingdom,-0.85
,22467,GUMBALL COAT RACK,-1,2011-08-17 13:16:00,2.55,16755.0,United Kingdom,-2.55
,21067,VINTAGE RED TEATIME MUG,-23,2011-08-17 14:51:00,1.06,17949.0,United Kingdom,-24.38
,21877,HOME SWEET HOME MUG,-828,2011-08-17 15:06:00,1.06,17949.0,United Kingdom,-877.68
,21871,SAVE THE PLANET MUG,-576,2011-08-17 15:06:00,1.06,17949.0,United Kingdom,-610.56
,21069,VINTAGE BILLBOARD TEA MUG,-701,2011-08-17 15:06:00,1.06,17949.0,United Kingdom,-743.06
,22077,6 RIBBONS RUSTIC CHARM,-6,2011-08-17 17:19:00,1.65,12697.0,Sweden,-9.9
,21314,SMALL GLASS HEART TRINKET POT,-5,2011-08-17 17:37:00,2.1,18248.0,United Kingdom,-10.5
,23296,SET OF 6 TEA TIME BAKING CASES,-4,2011-08-18 06:10:00,1.25,16145.0,United Kingdom,-5.0
,D,Discount,-1,2011-08-18 06:12:00,9.6,16029.0,United Kingdom,-9.6
,D,Discount,-1,2011-08-18 06:13:00,206.4,14646.0,Netherlands,-206.4
,21314,SMALL GLASS HEART TRINKET POT,-5,2011-08-18 06:14:00,2.1,18248.0,United Kingdom,-10.5
,71477,COLOUR GLASS. STAR T-LIGHT HOLDER,-2,2011-08-18 06:15:00,2.75,13769.0,United Kingdom,-5.5
,23091,ZINC HERB GARDEN CONTAINER,-1,2011-08-18 06:15:00,6.25,13769.0,United Kingdom,-6.25
,22776,SWEETHEART CAKESTAND 3 TIER,-2,2011-08-18 06:19:00,9.95,12749.0,United Kingdom,-19.9
,22845,VINTAGE CREAM CAT FOOD CONTAINER,-1,2011-08-18 06:21:00,6.35,14305.0,United Kingdom,-6.35
,22842,BISCUIT TIN VINTAGE RED,-1,2011-08-18 06:22:00,6.75,15152.0,United Kingdom,-6.75
,84946,ANTIQUE SILVER T-LIGHT GLASS,-1,2011-08-18 06:22:00,1.25,15152.0,United Kingdom,-1.25
,22425,ENAMEL COLANDER CREAM,-1,2011-08-18 06:22:00,4.95,15152.0,United Kingdom,-4.95
,84818,DANISH ROSE PHOTO FRAME,-18,2011-08-18 06:24:00,0.79,14911.0,EIRE,-14.22
,21218,RED SPOTTY BISCUIT TIN,-1,2011-08-18 06:24:00,3.75,14911.0,EIRE,-3.75
,22608,PENS ASSORTED FUNKY JEWELED ,-7,2011-08-18 06:24:00,0.19,14911.0,EIRE,-1.33
,22625,RED KITCHEN SCALES,-1,2011-08-18 06:24:00,8.5,14911.0,EIRE,-8.5
,23243,SET OF TEA COFFEE SUGAR TINS PANTRY,-1,2011-08-18 06:24:00,4.95,14911.0,EIRE,-4.95
,84880,WHITE WIRE EGG HOLDER,-1,2011-08-18 06:24:00,7.5,14911.0,EIRE,-7.5
,22627,MINT KITCHEN SCALES,-1,2011-08-18 06:24:00,8.5,14911.0,EIRE,-8.5
,22423,REGENCY CAKESTAND 3 TIER,-1,2011-08-18 06:24:00,12.75,14911.0,EIRE,-12.75
,22301,COFFEE MUG CAT + BIRD DESIGN,-1,2011-08-18 06:24:00,2.55,14911.0,EIRE,-2.55
,22182,CAKE STAND VICTORIAN FILIGREE SMALL,-2,2011-08-18 06:24:00,4.95,14911.0,EIRE,-9.9
,21584,RETROSPOT SMALL TUBE MATCHES,-1,2011-08-18 06:24:00,1.65,14911.0,EIRE,-1.65
,21845,DAIRY MAID STRIPE MUG,-8,2011-08-18 06:24:00,0.79,14911.0,EIRE,-6.32
,23160,REGENCY TEA SPOON,-3,2011-08-18 06:25:00,1.25,13047.0,United Kingdom,-3.75
,22634,CHILDS BREAKFAST SET SPACEBOY ,-1,2011-08-18 06:26:00,9.95,14291.0,United Kingdom,-9.95
,22358,KINGS CHOICE TEA CADDY ,-1,2011-08-18 06:28:00,2.95,17302.0,United Kingdom,-2.95
,22236,CAKE STAND 3 TIER MAGIC GARDEN,-1,2011-08-18 06:28:00,12.75,17302.0,United Kingdom,-12.75
,22847,BREAD BIN DINER STYLE IVORY,-1,2011-08-18 06:28:00,14.95,15251.0,United Kingdom,-14.95
,22457,NATURAL SLATE HEART CHALKBOARD ,-1,2011-08-18 06:29:00,2.95,14112.0,United Kingdom,-2.95
,22847,BREAD BIN DINER STYLE IVORY,-1,2011-08-18 06:30:00,16.95,13925.0,United Kingdom,-16.95
,22846,BREAD BIN DINER STYLE RED ,-1,2011-08-18 06:30:00,16.95,13925.0,United Kingdom,-16.95
,22839,3 TIER CAKE TIN GREEN AND CREAM,-1,2011-08-18 06:30:00,14.95,13925.0,United Kingdom,-14.95
,22729,ALARM CLOCK BAKELIKE ORANGE,-2,2011-08-18 06:31:00,3.75,13078.0,United Kingdom,-7.5
,21845,DAIRY MAID STRIPE MUG,-2,2011-08-18 06:33:00,0.79,17719.0,United Kingdom,-1.58
,22624,IVORY KITCHEN SCALES,-1,2011-08-18 06:33:00,8.5,17719.0,United Kingdom,-8.5
,22784,LANTERN CREAM GAZEBO ,-2,2011-08-18 06:34:00,4.95,18178.0,United Kingdom,-9.9
,21216,"SET 3 RETROSPOT TEA,COFFEE,SUGAR",-1,2011-08-18 06:36:00,4.25,14937.0,Channel Islands,-4.25
,84949,SILVER HANGING T-LIGHT HOLDER,-3,2011-08-18 06:38:00,1.65,17340.0,United Kingdom,-4.95
,84755,COLOUR GLASS T-LIGHT HOLDER HANGING,-1,2011-08-18 06:38:00,0.65,17340.0,United Kingdom,-0.65
,22729,ALARM CLOCK BAKELIKE ORANGE,-1,2011-08-18 06:39:00,3.75,17442.0,United Kingdom,-3.75
563650,79163,,-156,2011-08-18 10:43:00,0.0,,United Kingdom,-0.0
563652,22461,,-36,2011-08-18 10:43:00,0.0,,United Kingdom,-0.0
,22844,VINTAGE CREAM DOG FOOD CONTAINER,-12,2011-08-18 10:44:00,7.65,15311.0,United Kingdom,-91.8
,22778,GLASS CLOCHE SMALL,-24,2011-08-18 10:44:00,3.39,15311.0,United Kingdom,-81.36
,47351B,BLUE  VOILE LAMPSHADE,-48,2011-08-18 10:44:00,2.55,15311.0,United Kingdom,-122.4
,23165,LARGE CERAMIC TOP STORAGE JAR,-48,2011-08-18 10:44:00,1.45,15311.0,United Kingdom,-69.6
,84050,PINK HEART SHAPE EGG FRYING PAN,-1,2011-08-18 13:04:00,1.65,17243.0,United Kingdom,-1.65
,23184,BULL DOG BOTTLE OPENER,-2,2011-08-18 13:04:00,4.95,17243.0,United Kingdom,-9.9
563700,85106,,-553,2011-08-18 13:55:00,0.0,,United Kingdom,-0.0
563704,37342,,-66,2011-08-18 14:03:00,0.0,,United Kingdom,-0.0
563715,90120D,,-18,2011-08-18 16:08:00,0.0,,United Kingdom,-0.0
,22470,HEART OF WICKER LARGE,-1,2011-08-18 16:14:00,2.95,15706.0,United Kingdom,-2.95
,21232,STRAWBERRY CERAMIC TRINKET BOX,-4,2011-08-19 10:37:00,1.25,12528.0,Germany,-5.0
,22891,TEA FOR ONE POLKADOT,-1,2011-08-19 10:38:00,4.25,12362.0,Belgium,-4.25
,22659,LUNCH BOX I LOVE LONDON,-6,2011-08-19 10:38:00,1.95,12362.0,Belgium,-11.7
,22630,DOLLY GIRL LUNCH BOX,-1,2011-08-19 10:38:00,1.95,12362.0,Belgium,-1.95
,22730,ALARM CLOCK BAKELIKE IVORY,-8,2011-08-19 11:18:00,3.75,13048.0,United Kingdom,-30.0
,37495,FAIRY CAKE BIRTHDAY CANDLE SET,-4,2011-08-19 13:13:00,3.75,18241.0,United Kingdom,-15.0
,21789,KIDS RAIN MAC PINK,-19,2011-08-19 15:39:00,0.85,13090.0,United Kingdom,-16.15
,21788,KIDS RAIN MAC BLUE,-20,2011-08-19 15:39:00,0.85,13090.0,United Kingdom,-17.0
,21042,RED RETROSPOT APRON ,-1,2011-08-21 09:18:00,5.95,16330.0,United Kingdom,-5.95
,90064B,BLACK VINTAGE  CRYSTAL EARRINGS,-1,2011-08-21 09:18:00,3.75,16330.0,United Kingdom,-3.75
,22726,ALARM CLOCK BAKELIKE GREEN,-1,2011-08-21 10:55:00,3.75,17097.0,Spain,-3.75
,21340,CLASSIC METAL BIRDCAGE PLANT HOLDER,-1,2011-08-21 10:55:00,12.75,17097.0,Spain,-12.75
,23198,PANTRY MAGNETIC  SHOPPING LIST,-1,2011-08-21 13:47:00,1.45,14572.0,United Kingdom,-1.45
,23032,DRAWER KNOB CRACKLE GLAZE IVORY,-6,2011-08-22 10:30:00,1.65,13089.0,United Kingdom,-9.9
,23029,DRAWER KNOB CRACKLE GLAZE GREEN,-6,2011-08-22 10:30:00,1.65,13089.0,United Kingdom,-9.9
,21670,BLUE SPOT CERAMIC DRAWER KNOB,-6,2011-08-22 10:30:00,1.25,13089.0,United Kingdom,-7.5
,71477,COLOUR GLASS. STAR T-LIGHT HOLDER,-1,2011-08-22 15:00:00,3.25,16184.0,United Kingdom,-3.25
,22423,REGENCY CAKESTAND 3 TIER,-150,2011-08-22 17:10:00,10.95,17949.0,United Kingdom,-1642.5
,23574,PACKING CHARGE,-1,2011-08-23 09:16:00,7.5,14911.0,EIRE,-7.5
,22328,ROUND SNACK BOXES SET OF 4 FRUITS ,-2,2011-08-23 10:30:00,2.95,16550.0,United Kingdom,-5.9
,21658,GLASS  BEURRE DISH,-2,2011-08-23 10:30:00,3.95,16550.0,United Kingdom,-7.9
,23199,JUMBO BAG APPLES,-10,2011-08-23 10:38:00,2.08,12530.0,Germany,-20.8
,90070,RUBY GLASS CLUSTER BRACELET,-3,2011-08-23 10:38:00,5.95,12530.0,Germany,-17.85
,21216,"SET 3 RETROSPOT TEA,COFFEE,SUGAR",-1,2011-08-23 10:42:00,4.95,12428.0,Finland,-4.95
,22946,WOODEN ADVENT CALENDAR CREAM,-1,2011-08-23 10:55:00,16.95,14407.0,United Kingdom,-16.95
,23198,PANTRY MAGNETIC  SHOPPING LIST,-7,2011-08-23 11:02:00,1.45,12456.0,Switzerland,-10.15
,23196,VINTAGE LEAF MAGNETIC NOTEPAD,-8,2011-08-23 11:02:00,1.45,12456.0,Switzerland,-11.6
,22551,PLASTERS IN TIN SPACEBOY,-1,2011-08-23 11:02:00,1.65,12456.0,Switzerland,-1.65
,22800,ANTIQUE TALL SWIRLGLASS TRINKET POT,-1,2011-08-23 11:02:00,3.75,12456.0,Switzerland,-3.75
,22662,LUNCH BAG DOLLY GIRL DESIGN,-1,2011-08-23 11:36:00,1.65,12753.0,Japan,-1.65
,20979,36 PENCILS TUBE RED RETROSPOT,-16,2011-08-23 11:36:00,1.25,12753.0,Japan,-20.0
,22637,PIGGY BANK RETROSPOT ,-2,2011-08-23 11:36:00,2.1,12753.0,Japan,-4.2
,21218,RED SPOTTY BISCUIT TIN,-3,2011-08-23 11:36:00,3.25,12753.0,Japan,-9.75
,23239,SET OF 4 KNICK KNACK TINS POPPIES,-1,2011-08-23 11:36:00,3.75,12753.0,Japan,-3.75
,23244,ROUND STORAGE TIN VINTAGE LEAF,-2,2011-08-23 11:36:00,1.65,12753.0,Japan,-3.3
,23238,SET OF 4 KNICK KNACK TINS LONDON ,-1,2011-08-23 11:36:00,3.75,12753.0,Japan,-3.75
,23229,VINTAGE DONKEY TAIL GAME ,-1,2011-08-23 11:36:00,3.39,12753.0,Japan,-3.39
,79191C,RETRO PLASTIC ELEPHANT TRAY,-1,2011-08-23 11:49:00,0.85,12477.0,Germany,-0.85
,22244,3 HOOK HANGER MAGIC GARDEN,-1,2011-08-23 11:49:00,1.95,12477.0,Germany,-1.95
,21155,RED RETROSPOT PEG BAG,-1,2011-08-23 11:49:00,2.55,12477.0,Germany,-2.55
,POST,POSTAGE,-1,2011-08-23 15:04:00,14.95,,United Kingdom,-14.95
,M,Manual,-1,2011-08-23 15:04:00,58.29,,United Kingdom,-58.29
,21137,BLACK RECORD COVER FRAME,-1,2011-08-24 08:55:00,3.39,13576.0,United Kingdom,-3.39
,37446,MINI CAKE STAND WITH HANGING CAKES,-1,2011-08-24 09:04:00,1.25,14301.0,United Kingdom,-1.25
,37447,CERAMIC CAKE DESIGN SPOTTED PLATE,-2,2011-08-24 09:04:00,1.25,14301.0,United Kingdom,-2.5
,22067,CHOC TRUFFLE GOLD TRINKET POT ,-3,2011-08-24 09:04:00,1.45,14301.0,United Kingdom,-4.35
,22156,HEART DECORATION WITH PEARLS ,-7,2011-08-24 09:06:00,0.72,15270.0,United Kingdom,-5.04
,22457,NATURAL SLATE HEART CHALKBOARD ,-2,2011-08-24 09:06:00,2.55,15270.0,United Kingdom,-5.1
,75049L,LARGE CIRCULAR MIRROR MOBILE,-35,2011-08-24 09:06:00,0.85,15270.0,United Kingdom,-29.75
,23129,HEART SHAPED HOLLY WREATH,-1,2011-08-24 09:07:00,4.15,15469.0,United Kingdom,-4.15
,22768,FAMILY PHOTO FRAME CORNICE,-1,2011-08-24 09:07:00,9.95,15469.0,United Kingdom,-9.95
,22996,TRAVEL CARD WALLET VINTAGE TICKET,-1,2011-08-24 09:07:00,0.42,14189.0,United Kingdom,-0.42
,22121,NOEL WOODEN BLOCK LETTERS ,-1,2011-08-24 09:07:00,5.95,14189.0,United Kingdom,-5.95
,23203,JUMBO BAG VINTAGE DOILY ,-1,2011-08-24 09:10:00,2.08,14194.0,United Kingdom,-2.08
,23112,PARISIENNE CURIO CABINET,-1,2011-08-24 09:11:00,7.5,17652.0,United Kingdom,-7.5
,23110,PARISIENNE KEY CABINET ,-1,2011-08-24 09:11:00,5.75,17652.0,United Kingdom,-5.75
,22699,ROSES REGENCY TEACUP AND SAUCER ,-1,2011-08-24 09:13:00,2.95,13209.0,United Kingdom,-2.95
,22992,REVOLVER WOODEN RULER ,-1,2011-08-24 09:13:00,1.95,13209.0,United Kingdom,-1.95
,22729,ALARM CLOCK BAKELIKE ORANGE,-1,2011-08-24 09:13:00,3.75,13209.0,United Kingdom,-3.75
,22728,ALARM CLOCK BAKELIKE PINK,-1,2011-08-24 09:13:00,3.75,13209.0,United Kingdom,-3.75
,22727,ALARM CLOCK BAKELIKE RED ,-1,2011-08-24 09:13:00,3.75,13209.0,United Kingdom,-3.75
,21845,DAIRY MAID STRIPE MUG,-2,2011-08-24 09:15:00,0.79,15301.0,United Kingdom,-1.58
,23110,PARISIENNE KEY CABINET ,-1,2011-08-24 09:15:00,5.75,15301.0,United Kingdom,-5.75
,22457,NATURAL SLATE HEART CHALKBOARD ,-1,2011-08-24 09:20:00,2.95,16996.0,United Kingdom,-2.95
,82494L,WOODEN FRAME ANTIQUE WHITE ,-6,2011-08-24 09:20:00,2.95,16996.0,United Kingdom,-17.7
,22960,JAM MAKING SET WITH JARS,-1,2011-08-24 09:22:00,4.25,16133.0,United Kingdom,-4.25
,22666,RECIPE BOX PANTRY YELLOW DESIGN,-2,2011-08-24 09:24:00,2.95,12994.0,United Kingdom,-5.9
,22979,PANTRY WASHING UP BRUSH,-1,2011-08-24 09:24:00,1.45,12994.0,United Kingdom,-1.45
,23252,VINTAGE RED ENAMEL TRIM JUG ,-2,2011-08-24 09:24:00,3.75,12994.0,United Kingdom,-7.5
,22429,ENAMEL MEASURING JUG CREAM,-3,2011-08-24 09:24:00,4.25,12994.0,United Kingdom,-12.75
,22965,3 TRADITIONAl BISCUIT CUTTERS  SET,-1,2011-08-24 09:24:00,2.1,12994.0,United Kingdom,-2.1
,85053,FRENCH ENAMEL CANDLEHOLDER,-3,2011-08-24 09:24:00,2.1,12994.0,United Kingdom,-6.3
,79191C,RETRO PLASTIC ELEPHANT TRAY,-24,2011-08-24 09:25:00,0.85,16302.0,United Kingdom,-20.4
,85159B,"WHITE TEA,COFFEE,SUGAR JARS",-8,2011-08-24 10:25:00,1.95,13517.0,United Kingdom,-15.6
,22098,BOUDOIR SQUARE TISSUE BOX,-36,2011-08-24 10:45:00,0.39,16607.0,United Kingdom,-14.04
,84665,SQUARE CHERRY BLOSSOM CABINET,-16,2011-08-24 10:53:00,5.95,16841.0,United Kingdom,-95.2
,21165,BEWARE OF THE CAT METAL SIGN ,-12,2011-08-24 10:54:00,1.69,17706.0,United Kingdom,-20.28
,23064,CINDERELLA CHANDELIER ,-3,2011-08-24 10:54:00,49.95,17706.0,United Kingdom,-149.85
,23240,SET OF 4 KNICK KNACK TINS DOILEY ,-12,2011-08-24 10:54:00,4.15,17706.0,United Kingdom,-49.8
,84968A,SET OF 16 VINTAGE ROSE CUTLERY,-6,2011-08-24 10:54:00,12.75,17706.0,United Kingdom,-76.5
,37501,TEA TIME TEA SET IN GIFT BOX,-2,2011-08-24 10:54:00,6.95,17706.0,United Kingdom,-13.9
,37448,CERAMIC CAKE DESIGN SPOTTED MUG,-1,2011-08-24 10:54:00,1.49,14796.0,United Kingdom,-1.49
,22063,CERAMIC BOWL WITH STRAWBERRY DESIGN,-1,2011-08-24 10:54:00,2.95,14796.0,United Kingdom,-2.95
,21232,STRAWBERRY CERAMIC TRINKET BOX,-1,2011-08-24 10:54:00,1.25,14796.0,United Kingdom,-1.25
,22890,NOVELTY BISCUITS CAKE STAND 3 TIER,-1,2011-08-24 10:54:00,9.95,14796.0,United Kingdom,-9.95
,22720,SET OF 3 CAKE TINS PANTRY DESIGN ,-1,2011-08-24 10:54:00,4.95,14796.0,United Kingdom,-4.95
,84927A,WAKE UP COCKEREL TILE HOOK,-1,2011-08-24 10:54:00,0.39,14796.0,United Kingdom,-0.39
,23185,FRENCH STYLE STORAGE JAR JAM,-1,2011-08-24 10:54:00,0.29,14796.0,United Kingdom,-0.29
,23110,PARISIENNE KEY CABINET ,-4,2011-08-24 11:00:00,5.75,12853.0,United Kingdom,-23.0
,22725,ALARM CLOCK BAKELIKE CHOCOLATE,-8,2011-08-24 11:00:00,3.75,12853.0,United Kingdom,-30.0
,22767,TRIPLE PHOTO FRAME CORNICE ,-1,2011-08-24 13:20:00,9.95,16536.0,United Kingdom,-9.95
,POST,POSTAGE,-1,2011-08-24 13:57:00,18.0,12569.0,Germany,-18.0
,AMAZONFEE,AMAZON FEE,-1,2011-08-24 14:50:00,4527.65,,United Kingdom,-4527.65
,AMAZONFEE,AMAZON FEE,-1,2011-08-24 14:53:00,6662.51,,United Kingdom,-6662.51
,23112,PARISIENNE CURIO CABINET,-2,2011-08-24 16:20:00,7.5,13148.0,United Kingdom,-15.0
,21528,DAIRY MAID TRADITIONAL TEAPOT ,-1,2011-08-24 16:20:00,6.95,13148.0,United Kingdom,-6.95
,23118,PARISIENNE JEWELLERY DRAWER ,-1,2011-08-24 16:20:00,7.5,13148.0,United Kingdom,-7.5
,23110,PARISIENNE KEY CABINET ,-2,2011-08-24 16:20:00,5.75,13148.0,United Kingdom,-11.5
,21209,MULTICOLOUR HONEYCOMB FAN,-10,2011-08-25 09:29:00,0.39,16493.0,United Kingdom,-3.9
,21194,PINK  HONEYCOMB PAPER FAN,-6,2011-08-25 09:29:00,0.65,16493.0,United Kingdom,-3.9
,21208,PASTEL COLOUR HONEYCOMB FAN,-24,2011-08-25 09:29:00,0.39,16493.0,United Kingdom,-9.36
,15039,SANDALWOOD FAN,-20,2011-08-25 11:10:00,0.85,12955.0,United Kingdom,-17.0
,21875,KINGS CHOICE MUG,-1,2011-08-25 11:13:00,1.25,15804.0,United Kingdom,-1.25
,84279P,CHERRY BLOSSOM  DECORATIVE FLASK,-1,2011-08-25 11:13:00,3.75,15804.0,United Kingdom,-3.75
,21927,BLUE/CREAM STRIPE CUSHION COVER ,-1,2011-08-25 11:18:00,1.25,17841.0,United Kingdom,-1.25
,23197,SKETCHBOOK MAGNETIC SHOPPING LIST,-1,2011-08-25 11:18:00,1.45,17841.0,United Kingdom,-1.45
,21669,BLUE STRIPE CERAMIC DRAWER KNOB,-1,2011-08-25 11:18:00,1.25,17841.0,United Kingdom,-1.25
,21628,TRIANGULAR POUFFE VINTAGE ,-2,2011-08-25 11:18:00,14.95,17841.0,United Kingdom,-29.9
,22041,"RECORD FRAME 7"" SINGLE SIZE ",-1,2011-08-25 11:18:00,2.55,17841.0,United Kingdom,-2.55
,22893,MINI CAKE STAND T-LIGHT HOLDER,-1,2011-08-25 11:18:00,0.42,17841.0,United Kingdom,-0.42
,POST,POSTAGE,-1,2011-08-25 12:05:00,4.41,17676.0,United Kingdom,-4.41
,22990,COTTON APRON PANTRY DESIGN,-2,2011-08-25 13:12:00,4.95,14732.0,United Kingdom,-9.9
,S,SAMPLES,-1,2011-08-25 13:57:00,83.06,,United Kingdom,-83.06
,S,SAMPLES,-1,2011-08-25 13:57:00,280.17,,United Kingdom,-280.17
,S,SAMPLES,-1,2011-08-25 13:57:00,162.0,,United Kingdom,-162.0
,D,Discount,-1,2011-08-25 14:07:00,11.52,15838.0,United Kingdom,-11.52
,72807C,SET/3 VANILLA SCENTED CANDLE IN BOX,-3,2011-08-25 14:12:00,4.25,16859.0,United Kingdom,-12.75
,72807A,SET/3 ROSE CANDLE IN JEWELLED BOX,-4,2011-08-25 14:12:00,4.25,16859.0,United Kingdom,-17.0
,85231G,ORANGE SCENTED SET/9 T-LIGHTS,-10,2011-08-25 14:12:00,0.85,16859.0,United Kingdom,-8.5
,85231B,CINAMMON SET OF 9 T-LIGHTS,-11,2011-08-25 14:12:00,0.85,16859.0,United Kingdom,-9.35
,84945,MULTI COLOUR SILVER T-LIGHT HOLDER,-9,2011-08-25 14:12:00,0.85,16859.0,United Kingdom,-7.65
,22460,EMBOSSED GLASS TEALIGHT HOLDER,-11,2011-08-25 14:12:00,1.25,16859.0,United Kingdom,-13.75
,18097C,WHITE TALL PORCELAIN T-LIGHT HOLDER,-4,2011-08-25 14:12:00,2.55,16859.0,United Kingdom,-10.2
,84978,HANGING HEART JAR T-LIGHT HOLDER,-11,2011-08-25 14:12:00,1.25,16859.0,United Kingdom,-13.75
,23022,SMALL BONNE JAM JAR  T-LIGHT HOLDER,-6,2011-08-25 14:12:00,2.08,16859.0,United Kingdom,-12.48
,23039,T-LIGHT HOLDER SILVER HEART HANDLE,-6,2011-08-25 14:12:00,1.95,16859.0,United Kingdom,-11.7
,23090,VINTAGE GLASS T-LIGHT HOLDER,-9,2011-08-25 14:12:00,0.83,16859.0,United Kingdom,-7.47
,22791,T-LIGHT GLASS FLUTED ANTIQUE,-12,2011-08-25 14:12:00,1.25,16859.0,United Kingdom,-15.0
,84946,ANTIQUE SILVER T-LIGHT GLASS,-11,2011-08-25 14:12:00,1.25,16859.0,United Kingdom,-13.75
,84970L,SINGLE HEART ZINC T-LIGHT HOLDER,-12,2011-08-25 14:12:00,0.95,16859.0,United Kingdom,-11.4
,23145,ZINC T-LIGHT HOLDER STAR LARGE,-10,2011-08-25 14:12:00,0.95,16859.0,United Kingdom,-9.5
,23144,ZINC T-LIGHT HOLDER STARS SMALL,-9,2011-08-25 14:12:00,0.83,16859.0,United Kingdom,-7.47
,23086,ZINC  STAR T-LIGHT HOLDER ,-16,2011-08-25 14:12:00,1.25,16859.0,United Kingdom,-20.0
,23087,ZINC  HEART T-LIGHT HOLDER,-15,2011-08-25 14:12:00,1.25,16859.0,United Kingdom,-18.75
,85132C,CHARLIE AND LOLA FIGURES TINS,-1,2011-08-25 14:14:00,1.95,13266.0,United Kingdom,-1.95
,21395,BLUE POLKADOT BEAKER ,-2,2011-08-25 14:14:00,0.39,13266.0,United Kingdom,-0.78
,23302,KNEELING MAT HOUSEWORK  DESIGN,-1,2011-08-25 14:15:00,1.65,18204.0,United Kingdom,-1.65
,22423,REGENCY CAKESTAND 3 TIER,-1,2011-08-25 14:15:00,12.75,18204.0,United Kingdom,-12.75
,S,SAMPLES,-1,2011-08-25 14:16:00,239.07,,United Kingdom,-239.07
,S,SAMPLES,-1,2011-08-25 14:16:00,34.9,,United Kingdom,-34.9
,84949,SILVER HANGING T-LIGHT HOLDER,-6,2011-08-25 14:19:00,1.65,13089.0,United Kingdom,-9.9
,22364,GLASS JAR DIGESTIVE BISCUITS,-4,2011-08-25 14:19:00,2.95,13089.0,United Kingdom,-11.8
,22360,GLASS JAR ENGLISH CONFECTIONERY,-3,2011-08-25 14:19:00,2.95,13089.0,United Kingdom,-8.85
,BANK CHARGES,Bank Charges,-1,2011-08-25 14:20:00,83.83,,United Kingdom,-83.83
,BANK CHARGES,Bank Charges,-1,2011-08-25 14:22:00,77.63,,United Kingdom,-77.63
,23209,LUNCH BAG VINTAGE DOILY ,-10,2011-08-25 14:24:00,1.65,16722.0,United Kingdom,-16.5
,84818,DANISH ROSE PHOTO FRAME,-24,2011-08-25 14:26:00,0.79,15315.0,United Kingdom,-18.96
,23209,LUNCH BAG VINTAGE DOILY ,-1,2011-08-25 16:08:00,1.65,14188.0,United Kingdom,-1.65
,20724,RED RETROSPOT CHARLOTTE BAG,-1,2011-08-25 16:08:00,0.85,14188.0,United Kingdom,-0.85
,22505,MEMO BOARD COTTAGE DESIGN,-1,2011-08-26 11:14:00,4.95,14606.0,United Kingdom,-4.95
,23082,SET 6 PAPER TABLE LANTERN HEARTS ,-4,2011-08-26 11:27:00,3.29,13408.0,United Kingdom,-13.16
,23075,PARLOUR CERAMIC WALL HOOK,-14,2011-08-26 14:35:00,4.15,13159.0,United Kingdom,-58.1
564667,23084,,-400,2011-08-26 15:08:00,0.0,,United Kingdom,-0.0
,22442,GROW YOUR OWN FLOWERS SET OF 3,-1,2011-08-28 10:31:00,7.95,16768.0,United Kingdom,-7.95
,21531,RED RETROSPOT SUGAR JAM BOWL,-1,2011-08-28 10:31:00,2.55,16768.0,United Kingdom,-2.55
,21232,STRAWBERRY CERAMIC TRINKET BOX,-1,2011-08-28 10:31:00,1.25,16768.0,United Kingdom,-1.25
,22169,FAMILY ALBUM WHITE PICTURE FRAME,-1,2011-08-28 12:47:00,8.5,17841.0,United Kingdom,-8.5
,23155,KNICKERBOCKERGLORY MAGNET ASSORTED ,-6,2011-08-30 08:00:00,0.83,14911.0,EIRE,-4.98
,23211,RED ROCKING HORSE HAND PAINTED,-24,2011-08-30 08:00:00,1.25,14911.0,EIRE,-30.0
,23210,WHITE ROCKING HORSE HAND PAINTED,-24,2011-08-30 08:00:00,1.25,14911.0,EIRE,-30.0
,22978,PANTRY ROLLING PIN,-5,2011-08-30 08:00:00,3.75,14911.0,EIRE,-18.75
,21672,WHITE SPOT RED CERAMIC DRAWER KNOB,-24,2011-08-30 08:00:00,1.25,14911.0,EIRE,-30.0
,22065,CHRISTMAS PUDDING TRINKET POT ,-4,2011-08-30 10:06:00,1.45,17828.0,Malta,-5.8
,22768,FAMILY PHOTO FRAME CORNICE,-1,2011-08-30 10:06:00,9.95,17828.0,Malta,-9.95
,22843,BISCUIT TIN VINTAGE GREEN,-1,2011-08-30 10:40:00,6.75,14911.0,EIRE,-6.75
,21471,STRAWBERRY RAFFIA FOOD COVER,-2,2011-08-30 10:40:00,3.75,14911.0,EIRE,-7.5
,22960,JAM MAKING SET WITH JARS,-1,2011-08-30 10:40:00,4.25,14911.0,EIRE,-4.25
,CRUK,CRUK Commission,-1,2011-08-30 10:49:00,1.6,14096.0,United Kingdom,-1.6
,D,Discount,-1,2011-08-30 11:45:00,16.67,14527.0,United Kingdom,-16.67
,D,Discount,-1,2011-08-30 11:45:00,15.07,14527.0,United Kingdom,-15.07
,D,Discount,-1,2011-08-30 11:45:00,10.06,14527.0,United Kingdom,-10.06
,D,Discount,-1,2011-08-30 11:45:00,13.0,14527.0,United Kingdom,-13.0
,85066,CREAM SWEETHEART MINI CHEST,-1,2011-08-30 11:46:00,10.95,17173.0,United Kingdom,-10.95
,47503A,ASS FLORAL PRINT MULTI SCREWDRIVER,-24,2011-08-30 14:20:00,0.42,17416.0,United Kingdom,-10.08
,22699,ROSES REGENCY TEACUP AND SAUCER ,-1,2011-08-31 08:56:00,2.95,17865.0,United Kingdom,-2.95
,22423,REGENCY CAKESTAND 3 TIER,-3,2011-08-31 08:56:00,10.95,17865.0,United Kingdom,-32.85
,22698,PINK REGENCY TEACUP AND SAUCER,-1,2011-08-31 08:56:00,2.95,17865.0,United Kingdom,-2.95
,M,Manual,-480,2011-08-31 11:31:00,0.22,14646.0,Netherlands,-105.6
,22956,36 FOIL HEART CAKE CASES,-144,2011-08-31 11:31:00,1.85,14646.0,Netherlands,-266.4
,21787,RAIN PONCHO RETROSPOT,-144,2011-08-31 11:31:00,0.65,14646.0,Netherlands,-93.6
,20970,PINK FLORAL FELTCRAFT SHOULDER BAG,-2,2011-08-31 11:34:00,3.75,12948.0,United Kingdom,-7.5
,20969,RED FLORAL FELTCRAFT SHOULDER BAG,-1,2011-08-31 11:34:00,3.75,12948.0,United Kingdom,-3.75
,22683,FRENCH BLUE METAL DOOR SIGN 8,-2,2011-08-31 12:05:00,1.25,16984.0,United Kingdom,-2.5
,84843,WHITE SOAP RACK WITH 2 BOTTLES,-1,2011-08-31 12:05:00,5.95,16984.0,United Kingdom,-5.95
,21906,PHARMACIE FIRST AID TIN,-1,2011-08-31 12:05:00,6.75,16984.0,United Kingdom,-6.75
,22797,CHEST OF DRAWERS GINGHAM HEART ,-1,2011-08-31 12:05:00,16.95,16984.0,United Kingdom,-16.95
,22430,ENAMEL WATERING CAN CREAM,-1,2011-08-31 12:05:00,4.95,16984.0,United Kingdom,-4.95
,22424,ENAMEL BREAD BIN CREAM,-1,2011-08-31 12:05:00,12.75,16984.0,United Kingdom,-12.75
,22360,GLASS JAR ENGLISH CONFECTIONERY,-3,2011-08-31 12:05:00,2.95,16984.0,United Kingdom,-8.85
,23148,MINIATURE ANTIQUE ROSE HOOK IVORY,-1,2011-08-31 12:05:00,0.83,16984.0,United Kingdom,-0.83
,22843,BISCUIT TIN VINTAGE GREEN,-1,2011-08-31 12:05:00,6.75,16984.0,United Kingdom,-6.75
,POST,POSTAGE,-1,2011-08-31 12:16:00,87.4,17450.0,United Kingdom,-87.4
,POST,POSTAGE,-1,2011-08-31 12:16:00,79.68,17450.0,United Kingdom,-79.68
,85066,CREAM SWEETHEART MINI CHEST,-1,2011-08-31 12:24:00,12.75,18225.0,United Kingdom,-12.75
,23296,SET OF 6 TEA TIME BAKING CASES,-3,2011-08-31 12:24:00,1.25,18225.0,United Kingdom,-3.75
,23168,CLASSIC CAFE SUGAR DISPENSER,-1,2011-08-31 12:24:00,1.25,18225.0,United Kingdom,-1.25
,22804,CANDLEHOLDER PINK HANGING HEART,-1,2011-08-31 12:24:00,2.95,18225.0,United Kingdom,-2.95
,22720,SET OF 3 CAKE TINS PANTRY DESIGN ,-1,2011-08-31 12:24:00,4.95,18225.0,United Kingdom,-4.95
,22180,RETROSPOT LAMP,-1,2011-08-31 12:24:00,9.95,18225.0,United Kingdom,-9.95
,21429,RED GINGHAM ROSE JEWELLERY BOX,-1,2011-08-31 12:24:00,1.95,18225.0,United Kingdom,-1.95
,22729,ALARM CLOCK BAKELIKE ORANGE,-1,2011-08-31 12:26:00,3.75,17705.0,United Kingdom,-3.75
,22726,ALARM CLOCK BAKELIKE GREEN,-1,2011-08-31 12:26:00,3.75,17705.0,United Kingdom,-3.75
,23112,PARISIENNE CURIO CABINET,-2,2011-08-31 12:26:00,7.5,17705.0,United Kingdom,-15.0
,22767,TRIPLE PHOTO FRAME CORNICE ,-1,2011-08-31 12:26:00,9.95,17705.0,United Kingdom,-9.95
,22768,FAMILY PHOTO FRAME CORNICE,-1,2011-08-31 12:26:00,9.95,17705.0,United Kingdom,-9.95
,D,Discount,-1,2011-08-31 12:29:00,66.17,15498.0,United Kingdom,-66.17
,D,Discount,-1,2011-08-31 12:29:00,33.75,15498.0,United Kingdom,-33.75
,23328,SET 6 SCHOOL MILK BOTTLES IN CRATE,-1,2011-08-31 12:32:00,3.75,16133.0,United Kingdom,-3.75
,22998,TRAVEL CARD WALLET KEEP CALM,-24,2011-08-31 12:39:00,0.42,12560.0,Germany,-10.08
,84030E,ENGLISH ROSE HOT WATER BOTTLE,-2,2011-08-31 12:39:00,4.25,12560.0,Germany,-8.5
,23174,REGENCY SUGAR BOWL GREEN,-1,2011-08-31 12:39:00,4.15,12560.0,Germany,-4.15
,22963,JAM JAR WITH GREEN LID,-2,2011-08-31 12:39:00,0.72,12560.0,Germany,-1.44
,22637,PIGGY BANK RETROSPOT ,-2,2011-08-31 12:39:00,2.1,12560.0,Germany,-4.2
,22960,JAM MAKING SET WITH JARS,-1,2011-08-31 12:39:00,4.25,12560.0,Germany,-4.25
564914,85132C,damages,-109,2011-08-31 12:40:00,0.0,,United Kingdom,-0.0
,22564,ALPHABET STENCIL CRAFT,-432,2011-08-31 13:10:00,1.06,12931.0,United Kingdom,-457.92
,23207,LUNCH BAG ALPHABET DESIGN,-250,2011-08-31 13:10:00,1.45,12931.0,United Kingdom,-362.5
,23203,JUMBO BAG VINTAGE DOILY ,-200,2011-08-31 13:10:00,1.79,12931.0,United Kingdom,-358.0
,23201,JUMBO BAG ALPHABET,-140,2011-08-31 13:10:00,1.79,12931.0,United Kingdom,-250.6
,22992,REVOLVER WOODEN RULER ,-400,2011-08-31 13:10:00,1.65,12931.0,United Kingdom,-660.0
,22991,GIRAFFE WOODEN RULER,-400,2011-08-31 13:10:00,1.65,12931.0,United Kingdom,-660.0
,22561,WOODEN SCHOOL COLOURING SET,-252,2011-08-31 13:10:00,1.45,12931.0,United Kingdom,-365.4
,22493,PAINT YOUR OWN CANVAS SET,-110,2011-08-31 13:10:00,1.45,12931.0,United Kingdom,-159.5
,20974,12 PENCILS SMALL TUBE SKULL,-334,2011-08-31 13:10:00,0.65,12931.0,United Kingdom,-217.1
,22193,RED DINER WALL CLOCK,-2,2011-08-31 13:18:00,8.5,13709.0,United Kingdom,-17.0
,22189,CREAM HEART CARD HOLDER,-4,2011-08-31 13:18:00,3.95,13709.0,United Kingdom,-15.8
,21363,HOME SMALL WOOD LETTERS,-1,2011-08-31 13:19:00,4.95,18097.0,United Kingdom,-4.95
,84251B,"GREETING CARD, STICKY GORDON",-12,2011-08-31 13:24:00,0.19,13078.0,United Kingdom,-2.28
,22560,TRADITIONAL MODELLING CLAY,-1,2011-08-31 13:26:00,1.06,16652.0,United Kingdom,-1.06
,20685,DOORMAT RED RETROSPOT,-10,2011-08-31 13:26:00,6.75,16652.0,United Kingdom,-67.5
,85099C,JUMBO  BAG BAROQUE BLACK WHITE,-1,2011-08-31 13:27:00,2.08,13534.0,United Kingdom,-2.08
,23201,JUMBO BAG ALPHABET,-2,2011-08-31 13:27:00,2.08,13534.0,United Kingdom,-4.16
,23199,JUMBO BAG APPLES,-3,2011-08-31 13:27:00,2.08,13534.0,United Kingdom,-6.24
,22106,MIRROR MOSAIC HURRICANE LAMP ,-1,2011-08-31 13:29:00,6.75,17747.0,United Kingdom,-6.75
,22363,GLASS JAR MARMALADE ,-1,2011-08-31 13:29:00,2.95,14895.0,United Kingdom,-2.95
,21784,SHOE SHINE BOX ,-2,2011-08-31 13:29:00,9.95,14895.0,United Kingdom,-19.9
,22103,MIRROR MOSAIC T-LIGHT HOLDER ROUND,-12,2011-08-31 13:31:00,1.32,17706.0,United Kingdom,-15.84
,23209,LUNCH BAG VINTAGE DOILY ,-2,2011-08-31 13:36:00,1.65,14188.0,United Kingdom,-3.3
,20724,RED RETROSPOT CHARLOTTE BAG,-1,2011-08-31 13:36:00,0.85,14188.0,United Kingdom,-0.85
,21844,RED RETROSPOT MUG,-6,2011-08-31 13:39:00,2.95,15786.0,United Kingdom,-17.7
,22796,PHOTO FRAME 3 CLASSIC HANGING,-2,2011-08-31 13:39:00,9.95,15786.0,United Kingdom,-19.9
,84945,MULTI COLOUR SILVER T-LIGHT HOLDER,-12,2011-08-31 13:39:00,0.85,15786.0,United Kingdom,-10.2
,21671,RED SPOT CERAMIC DRAWER KNOB,-1,2011-08-31 13:39:00,1.25,15786.0,United Kingdom,-1.25
,22637,PIGGY BANK RETROSPOT ,-1,2011-08-31 13:39:00,2.55,15786.0,United Kingdom,-2.55
,22892,SET OF SALT AND PEPPER TOADSTOOLS,-2,2011-08-31 13:39:00,1.25,15786.0,United Kingdom,-2.5
,22891,TEA FOR ONE POLKADOT,-1,2011-08-31 13:39:00,4.25,15786.0,United Kingdom,-4.25
,22326,ROUND SNACK BOXES SET OF4 WOODLAND ,-1,2011-08-31 13:39:00,2.95,15786.0,United Kingdom,-2.95
,22328,ROUND SNACK BOXES SET OF 4 FRUITS ,-2,2011-08-31 13:39:00,2.95,15786.0,United Kingdom,-5.9
,23292,SPACEBOY CHILDRENS CUP,-1,2011-08-31 13:41:00,1.25,16303.0,United Kingdom,-1.25
,20979,36 PENCILS TUBE RED RETROSPOT,-16,2011-08-31 13:41:00,1.25,16303.0,United Kingdom,-20.0
,20977,36 PENCILS TUBE WOODLAND,-16,2011-08-31 13:41:00,1.25,16303.0,United Kingdom,-20.0
,21452,TOADSTOOL MONEY BOX,-2,2011-08-31 13:41:00,2.95,16303.0,United Kingdom,-5.9
,22637,PIGGY BANK RETROSPOT ,-3,2011-08-31 13:41:00,2.55,16303.0,United Kingdom,-7.65
,23035,DRAWER KNOB CERAMIC IVORY,-6,2011-08-31 14:24:00,1.45,14525.0,United Kingdom,-8.7
,23025,DRAWER KNOB VINTAGE GLASS BALL,-6,2011-08-31 14:24:00,2.08,14525.0,United Kingdom,-12.48
,22698,PINK REGENCY TEACUP AND SAUCER,-2,2011-08-31 15:00:00,2.95,17315.0,United Kingdom,-5.9
,22637,PIGGY BANK RETROSPOT ,-1,2011-08-31 15:00:00,2.55,17315.0,United Kingdom,-2.55
,22697,GREEN REGENCY TEACUP AND SAUCER,-1,2011-08-31 15:00:00,2.95,17315.0,United Kingdom,-2.95
,22699,ROSES REGENCY TEACUP AND SAUCER ,-1,2011-08-31 15:00:00,2.95,17315.0,United Kingdom,-2.95
,23301,GARDENERS KNEELING PAD KEEP CALM ,-1,2011-08-31 15:00:00,1.65,17315.0,United Kingdom,-1.65
,22220,CAKE STAND LOVEBIRD 2 TIER WHITE,-1,2011-08-31 15:29:00,9.95,13466.0,United Kingdom,-9.95
,20726,LUNCH BAG WOODLAND,-1,2011-08-31 16:10:00,1.65,17677.0,United Kingdom,-1.65
,21705,BAG 500g SWIRLY MARBLES,-7,2011-08-31 16:13:00,1.45,15625.0,United Kingdom,-10.15
,23343,JUMBO BAG VINTAGE CHRISTMAS ,-20,2011-08-31 16:14:00,2.08,17581.0,United Kingdom,-41.6
,22767,TRIPLE PHOTO FRAME CORNICE ,-4,2011-08-31 16:23:00,9.95,17675.0,United Kingdom,-39.8
,22147,FELTCRAFT BUTTERFLY HEARTS,-6,2011-08-31 16:28:00,1.45,15764.0,United Kingdom,-8.7
,85053,FRENCH ENAMEL CANDLEHOLDER,-1,2011-08-31 16:28:00,2.1,15764.0,United Kingdom,-2.1
,23168,CLASSIC CAFE SUGAR DISPENSER,-1,2011-08-31 16:28:00,1.25,15764.0,United Kingdom,-1.25
,22988,SOLDIERS EGG CUP ,-24,2011-08-31 16:30:00,1.06,12901.0,United Kingdom,-25.44
,22720,SET OF 3 CAKE TINS PANTRY DESIGN ,-1,2011-08-31 16:32:00,4.95,13050.0,United Kingdom,-4.95
,82494L,WOODEN FRAME ANTIQUE WHITE ,-2,2011-08-31 16:32:00,2.95,13050.0,United Kingdom,-5.9
,85023B,EAU DE NILE JEWELLED PHOTOFRAME,-72,2011-08-31 16:34:00,2.1,13694.0,United Kingdom,-151.2
565042,85185B,,-27,2011-08-31 17:01:00,0.0,,United Kingdom,-0.0
,23215,JINGLE BELL HEART ANTIQUE SILVER,-120,2011-08-31 17:02:00,1.79,12931.0,United Kingdom,-214.8
,22493,PAINT YOUR OWN CANVAS SET,-160,2011-08-31 17:02:00,1.45,12931.0,United Kingdom,-232.0
,22191,IVORY DINER WALL CLOCK,-318,2011-08-31 17:02:00,7.65,12931.0,United Kingdom,-2432.7
,21731,RED TOADSTOOL LED NIGHT LIGHT,-126,2011-08-31 17:02:00,1.45,12931.0,United Kingdom,-182.7
,21479,WHITE SKULL HOT WATER BOTTLE ,-144,2011-08-31 17:02:00,3.39,12931.0,United Kingdom,-488.16
,20829,GLITTER HANGING BUTTERFLY STRING,-113,2011-08-31 17:02:00,1.69,12931.0,United Kingdom,-190.97
,11001,ASSTD DESIGN RACING CAR PEN,-180,2011-08-31 17:02:00,1.27,12931.0,United Kingdom,-228.6
565045,21670,,-115,2011-08-31 17:03:00,0.0,,United Kingdom,-0.0
565046,22606,,-49,2011-08-31 17:04:00,0.0,,United Kingdom,-0.0
565048,84976,,-66,2011-08-31 17:06:00,0.0,,United Kingdom,-0.0
565049,21907,,-77,2011-08-31 17:09:00,0.0,,United Kingdom,-0.0
,85159B,"WHITE TEA,COFFEE,SUGAR JARS",-1,2011-08-31 17:10:00,1.95,12381.0,Norway,-1.95
,23198,PANTRY MAGNETIC  SHOPPING LIST,-10,2011-08-31 17:10:00,1.45,12381.0,Norway,-14.5
,23243,SET OF TEA COFFEE SUGAR TINS PANTRY,-2,2011-08-31 17:10:00,4.95,12381.0,Norway,-9.9
,21791,VINTAGE HEADS AND TAILS CARD GAME ,-12,2011-08-31 17:10:00,1.25,12381.0,Norway,-15.0
565052,21179,,-60,2011-08-31 17:11:00,0.0,,United Kingdom,-0.0
565055,21172,,-10,2011-08-31 17:11:00,0.0,,United Kingdom,-0.0
565057,82551,,-110,2011-08-31 17:12:00,0.0,,United Kingdom,-0.0
565060,21165,,-46,2011-08-31 17:15:00,0.0,,United Kingdom,-0.0
565063,21175,,-18,2011-08-31 17:15:00,0.0,,United Kingdom,-0.0
565069,20665,,-49,2011-08-31 17:18:00,0.0,,United Kingdom,-0.0
565071,84754,,-242,2011-08-31 17:21:00,0.0,,United Kingdom,-0.0
565072,21820,,-210,2011-08-31 17:22:00,0.0,,United Kingdom,-0.0
,D,Discount,-1,2011-08-31 17:25:00,36.3,13408.0,United Kingdom,-36.3
,D,Discount,-1,2011-08-31 17:25:00,38.39,13408.0,United Kingdom,-38.39
,23196,VINTAGE LEAF MAGNETIC NOTEPAD,-3,2011-08-31 17:31:00,1.45,17451.0,United Kingdom,-4.35
,22189,CREAM HEART CARD HOLDER,-1,2011-08-31 17:31:00,3.95,17451.0,United Kingdom,-3.95
,23239,SET OF 4 KNICK KNACK TINS POPPIES,-1,2011-08-31 17:31:00,4.15,17451.0,United Kingdom,-4.15
,23197,SKETCHBOOK MAGNETIC SHOPPING LIST,-12,2011-08-31 17:31:00,1.45,17451.0,United Kingdom,-17.4
,D,Discount,-1,2011-08-31 17:45:00,57.6,16422.0,United Kingdom,-57.6
,23079,TOADSTOOL BEDSIDE LIGHT ,-2,2011-09-01 09:40:00,8.95,12474.0,Germany,-17.9
,22553,PLASTERS IN TIN SKULLS,-12,2011-09-01 10:27:00,1.65,12645.0,Germany,-19.8
,22326,ROUND SNACK BOXES SET OF4 WOODLAND ,-1,2011-09-01 12:56:00,2.95,17841.0,United Kingdom,-2.95
,20725,LUNCH BAG RED RETROSPOT,-1,2011-09-01 12:56:00,1.65,17841.0,United Kingdom,-1.65
,22429,ENAMEL MEASURING JUG CREAM,-1,2011-09-01 12:56:00,4.25,17841.0,United Kingdom,-4.25
,21581,SKULLS  DESIGN  COTTON TOTE BAG,-12,2011-09-01 17:22:00,2.25,16474.0,United Kingdom,-27.0
,85053,FRENCH ENAMEL CANDLEHOLDER,-1,2011-09-02 09:06:00,2.1,12708.0,Germany,-2.1
,POST,POSTAGE,-1,2011-09-02 09:12:00,200.0,17450.0,United Kingdom,-200.0
,85123A,WHITE HANGING HEART T-LIGHT HOLDER,-8,2011-09-02 09:47:00,2.95,14299.0,United Kingdom,-23.6
,22720,SET OF 3 CAKE TINS PANTRY DESIGN ,-1,2011-09-02 09:47:00,4.95,14299.0,United Kingdom,-4.95
,23245,SET OF 3 REGENCY CAKE TINS,-2,2011-09-02 09:47:00,4.95,14299.0,United Kingdom,-9.9
,23243,SET OF TEA COFFEE SUGAR TINS PANTRY,-1,2011-09-02 09:47:00,4.95,14299.0,United Kingdom,-4.95
,23244,ROUND STORAGE TIN VINTAGE LEAF,-3,2011-09-02 09:47:00,1.95,14299.0,United Kingdom,-5.85
565275,90209C,,-72,2011-09-02 11:08:00,0.0,,United Kingdom,-0.0
,23245,SET OF 3 REGENCY CAKE TINS,-2,2011-09-02 11:31:00,4.95,12471.0,Germany,-9.9
,23241,TREASURE TIN GYMKHANA DESIGN,-1,2011-09-02 11:31:00,2.08,12471.0,Germany,-2.08
,23198,PANTRY MAGNETIC  SHOPPING LIST,-1,2011-09-02 11:31:00,1.45,12471.0,Germany,-1.45
,23197,SKETCHBOOK MAGNETIC SHOPPING LIST,-1,2011-09-02 11:31:00,1.45,12471.0,Germany,-1.45
,21232,STRAWBERRY CERAMIC TRINKET BOX,-1,2011-09-02 11:31:00,1.25,12471.0,Germany,-1.25
,23236,STORAGE TIN VINTAGE DOILY ,-1,2011-09-02 11:31:00,2.89,12471.0,Germany,-2.89
,22423,REGENCY CAKESTAND 3 TIER,-6,2011-09-02 11:31:00,10.95,12471.0,Germany,-65.7
,22307,GOLD MUG BONE CHINA TREE OF LIFE,-24,2011-09-02 11:46:00,1.25,16092.0,United Kingdom,-30.0
,20981,12 PENCILS TALL TUBE WOODLAND,-12,2011-09-02 12:00:00,0.85,12423.0,Belgium,-10.2
565296,84929,code mix up? 84930,-967,2011-09-02 12:04:00,0.0,,United Kingdom,-0.0
565297,84877D,?,-203,2011-09-02 12:06:00,0.0,,United Kingdom,-0.0
565302,21682,?display?,-156,2011-09-02 12:16:00,0.0,,United Kingdom,-0.0
565304,16259,,-3167,2011-09-02 12:18:00,0.0,,United Kingdom,-0.0
,40001,WHITE BAMBOO RIBS LAMPSHADE,-9,2011-09-02 12:18:00,0.64,15311.0,United Kingdom,-5.76
,75049L,LARGE CIRCULAR MIRROR MOBILE,-2,2011-09-02 12:18:00,0.85,15311.0,United Kingdom,-1.7
565306,21830,sold as 1,-252,2011-09-02 12:20:00,0.0,,United Kingdom,-0.0
565307,21830,?,-443,2011-09-02 12:20:00,0.0,,United Kingdom,-0.0
565308,21829,sold as 1,-432,2011-09-02 12:22:00,0.0,,United Kingdom,-0.0
565310,21829,?missing,-1897,2011-09-02 12:26:00,0.0,,United Kingdom,-0.0
,D,Discount,-1,2011-09-02 12:41:00,14.5,14527.0,United Kingdom,-14.5
565314,84660C,,-21,2011-09-02 12:43:00,0.0,,United Kingdom,-0.0
,21658,GLASS  BEURRE DISH,-1,2011-09-02 13:16:00,3.95,14606.0,United Kingdom,-3.95
,47566,PARTY BUNTING,-1,2011-09-02 13:16:00,4.95,14606.0,United Kingdom,-4.95
,21481,FAWN BLUE HOT WATER BOTTLE,-1,2011-09-02 13:16:00,3.75,14606.0,United Kingdom,-3.75
565370,82494L,crushed ctn,-33,2011-09-02 15:04:00,0.0,,United Kingdom,-0.0
565371,82483,crushed,-13,2011-09-02 15:04:00,0.0,,United Kingdom,-0.0
,85099B,JUMBO BAG RED RETROSPOT,-1,2011-09-02 15:17:00,2.08,14415.0,United Kingdom,-2.08
,23184,BULL DOG BOTTLE OPENER,-1,2011-09-02 15:17:00,4.95,14415.0,United Kingdom,-4.95
,CRUK,CRUK Commission,-1,2011-09-02 15:45:00,13.01,14096.0,United Kingdom,-13.01
565385,22435,?missing,-434,2011-09-02 15:46:00,0.0,,United Kingdom,-0.0
565389,47343A,,-16,2011-09-02 16:19:00,0.0,,United Kingdom,-0.0
,D,Discount,-1,2011-09-02 16:23:00,110.43,13408.0,United Kingdom,-110.43
,22197,POPCORN HOLDER,-2,2011-09-02 17:51:00,0.85,16401.0,United Kingdom,-1.7
,20725,LUNCH BAG RED RETROSPOT,-2,2011-09-02 17:51:00,1.65,16401.0,United Kingdom,-3.3
,22156,HEART DECORATION WITH PEARLS ,-36,2011-09-02 17:53:00,0.85,16187.0,United Kingdom,-30.6
,22776,SWEETHEART 3 TIER CAKE STAND ,-1,2011-09-04 12:15:00,9.95,17774.0,United Kingdom,-9.95
,22526,WHEELBARROW FOR CHILDREN ,-3,2011-09-04 12:40:00,12.75,15561.0,United Kingdom,-38.25
,23126,FELTCRAFT GIRL AMELIE KIT,-3,2011-09-04 12:40:00,4.95,15561.0,United Kingdom,-14.85
,23128,FELTCRAFT BOY JEAN-PAUL KIT,-3,2011-09-04 12:40:00,4.95,15561.0,United Kingdom,-14.85
,23127,FELTCRAFT GIRL NICOLE KIT,-2,2011-09-04 12:40:00,4.95,15561.0,United Kingdom,-9.9
,22231,JIGSAW TREE WITH BIRDHOUSE,-5,2011-09-04 12:53:00,1.31,12867.0,United Kingdom,-6.55
,22230,JIGSAW TREE WITH WATERING CAN,-1,2011-09-04 12:53:00,0.78,12867.0,United Kingdom,-0.78
,84755,COLOUR GLASS T-LIGHT HOLDER HANGING,-2,2011-09-04 12:53:00,0.65,12867.0,United Kingdom,-1.3
,79190B,RETRO PLASTIC POLKA TRAY,-1,2011-09-04 12:53:00,0.42,12867.0,United Kingdom,-0.42
,M,Manual,-1,2011-09-04 12:53:00,4.25,12867.0,United Kingdom,-4.25
,21012,ANTIQUE ALL GLASS CANDLESTICK,-3,2011-09-05 10:58:00,2.1,13630.0,United Kingdom,-6.3
,22139,RETROSPOT TEA SET CERAMIC 11 PC ,-3,2011-09-05 12:37:00,4.95,14565.0,United Kingdom,-14.85
,20725,LUNCH BAG RED RETROSPOT,-100,2011-09-05 12:38:00,1.45,14156.0,EIRE,-145.0
,22980,PANTRY SCRUBBING BRUSH,-1,2011-09-05 14:29:00,1.65,12709.0,Germany,-1.65
,22666,RECIPE BOX PANTRY YELLOW DESIGN,-1,2011-09-05 14:29:00,2.95,12709.0,Germany,-2.95
,22625,RED KITCHEN SCALES,-1,2011-09-05 14:29:00,7.65,12709.0,Germany,-7.65
,21658,GLASS  BEURRE DISH,-2,2011-09-05 14:29:00,3.39,12709.0,Germany,-6.78
,22423,REGENCY CAKESTAND 3 TIER,-1,2011-09-05 15:20:00,12.75,12683.0,France,-12.75
,23325,RUSTIC STRAWBERRY JAM POT SMALL,-7,2011-09-05 15:20:00,1.65,12683.0,France,-11.55
,21197,MULTICOLOUR  CONFETTI IN TUBE,-21,2011-09-05 15:20:00,1.65,12683.0,France,-34.65
,22976,CIRCUS PARADE CHILDRENS EGG CUP ,-1,2011-09-05 15:20:00,1.25,12683.0,France,-1.25
,22972,CHILDREN'S SPACEBOY MUG,-10,2011-09-05 15:20:00,1.65,12683.0,France,-16.5
,23236,STORAGE TIN VINTAGE DOILY ,-1,2011-09-05 15:20:00,2.89,12683.0,France,-2.89
,23249,VINTAGE RED ENAMEL TRIM PLATE,-6,2011-09-05 15:20:00,1.65,12683.0,France,-9.9
,22842,BISCUIT TIN VINTAGE RED,-2,2011-09-05 15:20:00,6.75,12683.0,France,-13.5
,23348,CHILDRENS TOY COOKING UTENSIL SET,-6,2011-09-05 15:20:00,2.08,12683.0,France,-12.48
,22188,BLACK HEART CARD HOLDER,-1,2011-09-05 17:46:00,3.95,15856.0,United Kingdom,-3.95
,22187,GREEN CHRISTMAS TREE CARD HOLDER,-2,2011-09-05 17:46:00,4.25,15856.0,United Kingdom,-8.5
,22890,NOVELTY BISCUITS CAKE STAND 3 TIER,-1,2011-09-06 09:30:00,9.95,14796.0,United Kingdom,-9.95
,22059,CERAMIC STRAWBERRY DESIGN MUG,-1,2011-09-06 09:30:00,1.49,14796.0,United Kingdom,-1.49
,23445,ICE CREAM BUBBLES,-20,2011-09-06 10:42:00,0.83,15521.0,United Kingdom,-16.6
,23256,CHILDRENS CUTLERY SPACEBOY ,-4,2011-09-06 10:42:00,4.15,15521.0,United Kingdom,-16.6
,23254,CHILDRENS CUTLERY DOLLY GIRL ,-4,2011-09-06 10:42:00,4.15,15521.0,United Kingdom,-16.6
,23203,JUMBO BAG VINTAGE DOILY ,-10,2011-09-06 10:42:00,2.08,15521.0,United Kingdom,-20.8
,23201,JUMBO BAG ALPHABET,-10,2011-09-06 10:42:00,2.08,15521.0,United Kingdom,-20.8
,22622,BOX OF VINTAGE ALPHABET BLOCKS,-2,2011-09-06 10:42:00,11.95,15521.0,United Kingdom,-23.9
,22333,RETROSPOT PARTY BAG + STICKER SET,-8,2011-09-06 10:42:00,1.65,15521.0,United Kingdom,-13.2
,22332,SKULLS PARTY BAG + STICKER SET,-8,2011-09-06 10:42:00,1.65,15521.0,United Kingdom,-13.2
,21915,RED  HARMONICA IN BOX ,-12,2011-09-06 10:42:00,1.25,15521.0,United Kingdom,-15.0
,21731,RED TOADSTOOL LED NIGHT LIGHT,-12,2011-09-06 10:42:00,1.65,15521.0,United Kingdom,-19.8
,20749,ASSORTED COLOUR MINI CASES,-2,2011-09-06 10:42:00,7.95,15521.0,United Kingdom,-15.9
,21891,TRADITIONAL WOODEN SKIPPING ROPE,-12,2011-09-06 10:42:00,1.45,15521.0,United Kingdom,-17.4
,21686,MEDINA STAMPED METAL STOOL,-1,2011-09-06 12:58:00,39.95,17841.0,United Kingdom,-39.95
,23237,SET OF 4 KNICK KNACK TINS LEAF,-1,2011-09-06 12:58:00,4.15,17841.0,United Kingdom,-4.15
,22722,SET OF 6 SPICE TINS PANTRY DESIGN,-4,2011-09-06 13:59:00,3.95,16278.0,United Kingdom,-15.8
,20724,RED RETROSPOT CHARLOTTE BAG,-19,2011-09-06 14:05:00,0.85,14040.0,United Kingdom,-16.15
,84949,SILVER HANGING T-LIGHT HOLDER,-5,2011-09-07 09:07:00,1.65,16735.0,United Kingdom,-8.25
,22488,NATURAL SLATE RECTANGLE CHALKBOARD,-12,2011-09-07 09:07:00,1.65,16735.0,United Kingdom,-19.8
,22624,IVORY KITCHEN SCALES,-1,2011-09-07 10:17:00,8.5,13999.0,United Kingdom,-8.5
,22846,BREAD BIN DINER STYLE RED ,-1,2011-09-07 10:50:00,16.95,17491.0,United Kingdom,-16.95
,21788,KIDS RAIN MAC BLUE,-1,2011-09-07 12:15:00,0.85,14606.0,United Kingdom,-0.85
,85194S,HANGING SPRING FLOWER EGG SMALL,-1,2011-09-07 12:15:00,0.19,14606.0,United Kingdom,-0.19
,22151,PLACE SETTING WHITE HEART,-1,2011-09-07 12:15:00,0.42,14606.0,United Kingdom,-0.42
,84991,60 TEATIME FAIRY CAKE CASES,-5,2011-09-07 12:48:00,0.55,14606.0,United Kingdom,-2.75
,22644,CERAMIC CHERRY CAKE MONEY BANK,-2,2011-09-07 12:48:00,1.45,14606.0,United Kingdom,-2.9
,22697,GREEN REGENCY TEACUP AND SAUCER,-2,2011-09-07 12:48:00,2.95,14606.0,United Kingdom,-5.9
,22698,PINK REGENCY TEACUP AND SAUCER,-2,2011-09-07 12:48:00,2.95,14606.0,United Kingdom,-5.9
,22699,ROSES REGENCY TEACUP AND SAUCER ,-2,2011-09-07 12:48:00,2.95,14606.0,United Kingdom,-5.9
,21669,BLUE STRIPE CERAMIC DRAWER KNOB,-12,2011-09-07 12:48:00,1.45,14606.0,United Kingdom,-17.4
,21670,BLUE SPOT CERAMIC DRAWER KNOB,-38,2011-09-07 12:48:00,1.45,14606.0,United Kingdom,-55.1
,21671,RED SPOT CERAMIC DRAWER KNOB,-15,2011-09-07 12:48:00,1.45,14606.0,United Kingdom,-21.75
,21673,WHITE SPOT BLUE CERAMIC DRAWER KNOB,-36,2011-09-07 12:48:00,1.45,14606.0,United Kingdom,-52.2
,22998,TRAVEL CARD WALLET KEEP CALM,-16,2011-09-07 12:48:00,0.42,14606.0,United Kingdom,-6.72
,21479,WHITE SKULL HOT WATER BOTTLE ,-1,2011-09-07 12:48:00,4.25,14606.0,United Kingdom,-4.25
,84029E,RED WOOLLY HOTTIE WHITE HEART.,-1,2011-09-07 12:48:00,4.25,14606.0,United Kingdom,-4.25
,21485,RETROSPOT HEART HOT WATER BOTTLE,-1,2011-09-07 12:48:00,4.95,14606.0,United Kingdom,-4.95
,84029G,KNITTED UNION FLAG HOT WATER BOTTLE,-1,2011-09-07 12:48:00,4.25,14606.0,United Kingdom,-4.25
,47566,PARTY BUNTING,-1,2011-09-07 12:48:00,4.95,14606.0,United Kingdom,-4.95
,23201,JUMBO BAG ALPHABET,-1,2011-09-07 12:48:00,2.08,14606.0,United Kingdom,-2.08
,22385,JUMBO BAG SPACEBOY DESIGN,-1,2011-09-07 12:48:00,2.08,14606.0,United Kingdom,-2.08
,85099F,JUMBO BAG STRAWBERRY,-1,2011-09-07 12:48:00,2.08,14606.0,United Kingdom,-2.08
,21931,JUMBO STORAGE BAG SUKI,-1,2011-09-07 12:48:00,2.08,14606.0,United Kingdom,-2.08
,85099B,JUMBO BAG RED RETROSPOT,-4,2011-09-07 12:48:00,2.08,14606.0,United Kingdom,-8.32
,22988,SOLDIERS EGG CUP ,-1,2011-09-07 12:48:00,1.25,14606.0,United Kingdom,-1.25
,22659,LUNCH BOX I LOVE LONDON,-1,2011-09-07 12:48:00,1.95,14606.0,United Kingdom,-1.95
,22964,3 PIECE SPACEBOY COOKIE CUTTER SET,-1,2011-09-07 12:48:00,2.1,14606.0,United Kingdom,-2.1
,22713,CARD I LOVE LONDON ,-8,2011-09-07 12:48:00,0.42,14606.0,United Kingdom,-3.36
,21833,CAMOUFLAGE LED TORCH,-5,2011-09-07 15:00:00,1.69,15752.0,United Kingdom,-8.45
,POST,POSTAGE,-1,2011-09-08 10:02:00,18.0,12471.0,Germany,-18.0
565935,23064,Crushed,-8,2011-09-08 10:46:00,0.0,,United Kingdom,-0.0
565938,23066,,-13,2011-09-08 10:54:00,0.0,,United Kingdom,-0.0
,21156,RETROSPOT CHILDRENS APRON,-1,2011-09-08 11:25:00,1.95,14410.0,United Kingdom,-1.95
,22899,CHILDREN'S APRON DOLLY GIRL ,-1,2011-09-08 11:25:00,2.1,14410.0,United Kingdom,-2.1
,22367,CHILDRENS APRON SPACEBOY DESIGN,-2,2011-09-08 11:25:00,1.95,14410.0,United Kingdom,-3.9
,M,Manual,-12,2011-09-08 11:25:00,1.25,14410.0,United Kingdom,-15.0
,22665,RECIPE BOX BLUE SKETCHBOOK DESIGN,-1,2011-09-08 11:25:00,2.95,14410.0,United Kingdom,-2.95
,22975,SPACEBOY CHILDRENS EGG CUP,-1,2011-09-08 11:25:00,1.25,14410.0,United Kingdom,-1.25
,22972,CHILDREN'S SPACEBOY MUG,-1,2011-09-08 11:25:00,1.65,14410.0,United Kingdom,-1.65
,23307,SET OF 60 PANTRY DESIGN CAKE CASES ,-17,2011-09-08 11:25:00,0.55,14410.0,United Kingdom,-9.35
,23309,SET OF 60 I LOVE LONDON CAKE CASES ,-15,2011-09-08 11:25:00,0.55,14410.0,United Kingdom,-8.25
,21927,BLUE/CREAM STRIPE CUSHION COVER ,-3,2011-09-08 11:25:00,1.25,14410.0,United Kingdom,-3.75
,23205,CHARLOTTE BAG VINTAGE ALPHABET ,-1,2011-09-08 11:25:00,0.85,14410.0,United Kingdom,-0.85
,21790,VINTAGE SNAP CARDS,-24,2011-09-08 12:03:00,0.85,16076.0,United Kingdom,-20.4
,21790,VINTAGE SNAP CARDS,-48,2011-09-08 12:03:00,0.85,16076.0,United Kingdom,-40.8
,23080,RED METAL BOX TOP SECRET,-1,2011-09-08 12:11:00,8.25,14688.0,United Kingdom,-8.25
,23092,LARGE ANTIQUE WHITE PHOTO FRAME,-1,2011-09-08 12:15:00,6.65,17243.0,United Kingdom,-6.65
,21469,POLKA DOT RAFFIA FOOD COVER,-1,2011-09-08 13:21:00,3.75,17811.0,United Kingdom,-3.75
566066,15060B,,-52,2011-09-08 16:36:00,0.0,,United Kingdom,-0.0
566067,20686,,-95,2011-09-08 16:36:00,0.0,,United Kingdom,-0.0
566068,22268,,-86,2011-09-08 16:37:00,0.0,,United Kingdom,-0.0
,23245,SET OF 3 REGENCY CAKE TINS,-3,2011-09-08 17:56:00,4.95,17997.0,United Kingdom,-14.85
,23172,REGENCY TEA PLATE PINK,-22,2011-09-08 17:56:00,1.45,17997.0,United Kingdom,-31.9
,23171,REGENCY TEA PLATE GREEN ,-21,2011-09-08 17:56:00,1.45,17997.0,United Kingdom,-30.45
,23170,REGENCY TEA PLATE ROSES ,-48,2011-09-08 17:56:00,1.45,17997.0,United Kingdom,-69.6
,23173,REGENCY TEAPOT ROSES ,-8,2011-09-08 17:56:00,8.15,17997.0,United Kingdom,-65.2
,23174,REGENCY SUGAR BOWL GREEN,-18,2011-09-08 17:56:00,4.15,17997.0,United Kingdom,-74.7
,23175,REGENCY MILK JUG PINK ,-19,2011-09-08 17:56:00,2.75,17997.0,United Kingdom,-52.25
,D,Discount,-1,2011-09-09 09:38:00,45.33,13137.0,United Kingdom,-45.33
,23173,REGENCY TEAPOT ROSES ,-1,2011-09-09 10:11:00,9.95,12621.0,Germany,-9.95
,23172,REGENCY TEA PLATE PINK,-1,2011-09-09 10:11:00,1.65,12621.0,Germany,-1.65
,22699,ROSES REGENCY TEACUP AND SAUCER ,-6,2011-09-09 10:11:00,2.95,12621.0,Germany,-17.7
,22698,PINK REGENCY TEACUP AND SAUCER,-3,2011-09-09 10:11:00,2.95,12621.0,Germany,-8.85
,22697,GREEN REGENCY TEACUP AND SAUCER,-6,2011-09-09 10:11:00,2.95,12621.0,Germany,-17.7
,23245,SET OF 3 REGENCY CAKE TINS,-1,2011-09-09 10:24:00,4.95,14911.0,EIRE,-4.95
,20914,SET/5 RED RETROSPOT LID GLASS BOWLS,-3,2011-09-09 10:24:00,2.95,14911.0,EIRE,-8.85
,23155,KNICKERBOCKERGLORY MAGNET ASSORTED ,-6,2011-09-09 10:32:00,0.83,12477.0,Germany,-4.98
,21668,RED STRIPE CERAMIC DRAWER KNOB,-12,2011-09-09 10:32:00,1.45,12477.0,Germany,-17.4
,20685,DOORMAT RED RETROSPOT,-10,2011-09-09 10:32:00,7.08,12477.0,Germany,-70.8
566121,23306,,-682,2011-09-09 10:56:00,0.0,,United Kingdom,-0.0
566122,23084,temp adjustment,-484,2011-09-09 10:57:00,0.0,,United Kingdom,-0.0
,21528,DAIRY MAID TRADITIONAL TEAPOT ,-1,2011-09-09 11:39:00,6.95,17696.0,United Kingdom,-6.95
,22423,REGENCY CAKESTAND 3 TIER,-1,2011-09-09 11:57:00,12.75,14911.0,EIRE,-12.75
,23110,PARISIENNE KEY CABINET ,-2,2011-09-09 11:57:00,5.75,14911.0,EIRE,-11.5
,20914,SET/5 RED RETROSPOT LID GLASS BOWLS,-4,2011-09-09 11:57:00,2.95,14911.0,EIRE,-11.8
,22796,PHOTO FRAME 3 CLASSIC HANGING,-4,2011-09-09 11:57:00,9.95,14911.0,EIRE,-39.8
,21311,SET/4 BIRD MIRROR MAGNETS ,-6,2011-09-09 11:59:00,0.29,14194.0,United Kingdom,-1.74
,22699,ROSES REGENCY TEACUP AND SAUCER ,-1,2011-09-09 12:00:00,2.95,17865.0,United Kingdom,-2.95
,22423,REGENCY CAKESTAND 3 TIER,-3,2011-09-09 12:00:00,12.75,17865.0,United Kingdom,-38.25
,22698,PINK REGENCY TEACUP AND SAUCER,-1,2011-09-09 12:00:00,2.95,17865.0,United Kingdom,-2.95
,M,Manual,-1,2011-09-09 12:02:00,116.69,,United Kingdom,-116.69
,22635,CHILDS BREAKFAST SET DOLLY GIRL ,-1,2011-09-09 12:26:00,9.95,16309.0,United Kingdom,-9.95
,22634,CHILDS BREAKFAST SET SPACEBOY ,-1,2011-09-09 12:26:00,9.95,16309.0,United Kingdom,-9.95
,23348,CHILDRENS TOY COOKING UTENSIL SET,-2,2011-09-09 12:37:00,1.79,16133.0,United Kingdom,-3.58
,22349,DOG BOWL CHASING BALL DESIGN,-1,2011-09-09 12:38:00,3.75,14108.0,United Kingdom,-3.75
,21314,SMALL GLASS HEART TRINKET POT,-1,2011-09-09 12:52:00,2.1,16173.0,United Kingdom,-2.1
,22800,ANTIQUE TALL SWIRLGLASS TRINKET POT,-1,2011-09-09 12:52:00,3.75,16173.0,United Kingdom,-3.75
,22798,ANTIQUE GLASS DRESSING TABLE POT,-2,2011-09-09 12:52:00,2.95,16173.0,United Kingdom,-5.9
,23252,VINTAGE RED ENAMEL TRIM JUG ,-2,2011-09-09 12:53:00,3.75,14243.0,United Kingdom,-7.5
,82581,TOILET METAL SIGN,-5,2011-09-09 12:53:00,0.55,14243.0,United Kingdom,-2.75
,23245,SET OF 3 REGENCY CAKE TINS,-1,2011-09-09 12:55:00,4.95,14210.0,United Kingdom,-4.95
,23301,GARDENERS KNEELING PAD KEEP CALM ,-2,2011-09-09 12:59:00,1.65,14837.0,United Kingdom,-3.3
,20979,36 PENCILS TUBE RED RETROSPOT,-4,2011-09-09 12:59:00,1.25,14837.0,United Kingdom,-5.0
,22637,PIGGY BANK RETROSPOT ,-1,2011-09-09 13:02:00,2.1,18167.0,United Kingdom,-2.1
,21844,RED RETROSPOT MUG,-1,2011-09-09 13:02:00,2.55,18167.0,United Kingdom,-2.55
,21539,RED RETROSPOT BUTTER DISH,-2,2011-09-09 13:02:00,4.25,18167.0,United Kingdom,-8.5
,M,Manual,-1,2011-09-09 13:03:00,110.45,14096.0,United Kingdom,-110.45
,85066,CREAM SWEETHEART MINI CHEST,-1,2011-09-09 13:54:00,12.75,18109.0,United Kingdom,-12.75
,22111,SCOTTIE DOG HOT WATER BOTTLE,-1,2011-09-09 14:58:00,4.95,16362.0,United Kingdom,-4.95
,21485,RETROSPOT HEART HOT WATER BOTTLE,-2,2011-09-09 14:58:00,4.95,16362.0,United Kingdom,-9.9
,22356,CHARLOTTE BAG PINK POLKADOT,-4,2011-09-09 14:58:00,0.85,16362.0,United Kingdom,-3.4
,22355,CHARLOTTE BAG SUKI DESIGN,-5,2011-09-09 14:58:00,0.85,16362.0,United Kingdom,-4.25
,23356,LOVE HOT WATER BOTTLE,-4,2011-09-09 15:04:00,5.95,16362.0,United Kingdom,-23.8
,23355,HOT WATER BOTTLE KEEP CALM,-5,2011-09-09 15:04:00,4.95,16362.0,United Kingdom,-24.75
,CRUK,CRUK Commission,-1,2011-09-09 15:17:00,15.96,14096.0,United Kingdom,-15.96
,23118,PARISIENNE JEWELLERY DRAWER ,-1,2011-09-09 16:34:00,7.5,13458.0,United Kingdom,-7.5
,84625C,BLUE NEW BAROQUE CANDLESTICK CANDLE,-13,2011-09-09 16:36:00,0.85,16145.0,United Kingdom,-11.05
,22856,ASSORTED EASTER DECORATIONS  BELLS,-19,2011-09-11 12:14:00,1.25,13527.0,United Kingdom,-23.75
,22965,3 TRADITIONAl BISCUIT CUTTERS  SET,-1,2011-09-11 13:01:00,2.1,14606.0,United Kingdom,-2.1
,22636,CHILDS BREAKFAST SET CIRCUS PARADE,-1,2011-09-11 14:12:00,8.5,12748.0,United Kingdom,-8.5
,71477,COLOUR GLASS. STAR T-LIGHT HOLDER,-2,2011-09-11 14:12:00,3.95,12748.0,United Kingdom,-7.9
,22723,SET OF 6 HERB TINS SKETCHBOOK,-1,2011-09-11 14:12:00,3.95,12748.0,United Kingdom,-3.95
,20724,RED RETROSPOT CHARLOTTE BAG,-10,2011-09-12 09:43:00,0.85,13577.0,United Kingdom,-8.5
,85099B,JUMBO BAG RED RETROSPOT,-10,2011-09-12 09:43:00,2.08,13577.0,United Kingdom,-20.8
,22201,FRYING PAN BLUE POLKADOT,-1,2011-09-12 12:41:00,4.25,17811.0,United Kingdom,-4.25
,21588,RETROSPOT GIANT TUBE MATCHES,-1,2011-09-12 12:41:00,2.55,17811.0,United Kingdom,-2.55
,22843,BISCUIT TIN VINTAGE GREEN,-1,2011-09-12 12:41:00,6.75,17811.0,United Kingdom,-6.75
,21622,VINTAGE UNION JACK CUSHION COVER,-2,2011-09-12 14:00:00,4.95,16984.0,United Kingdom,-9.9
,22042,CHRISTMAS CARD SINGING ANGEL,-12,2011-09-12 15:35:00,0.42,14286.0,United Kingdom,-5.04
,23193,BUFFALO BILL TREASURE BOOK BOX,-6,2011-09-12 15:35:00,2.25,14286.0,United Kingdom,-13.5
,22583,PACK OF 6 HANDBAG GIFT BOXES,-1,2011-09-12 15:35:00,2.55,14286.0,United Kingdom,-2.55
,22208,WOOD STAMP SET THANK YOU,-1,2011-09-12 15:35:00,1.65,14286.0,United Kingdom,-1.65
566449,20856,??,-140,2011-09-12 16:07:00,0.0,,United Kingdom,-0.0
,21528,DAIRY MAID TRADITIONAL TEAPOT ,-1,2011-09-12 17:02:00,6.95,17696.0,United Kingdom,-6.95
,22720,SET OF 3 CAKE TINS PANTRY DESIGN ,-1,2011-09-12 17:11:00,4.95,16191.0,United Kingdom,-4.95
,21535,RED RETROSPOT SMALL MILK JUG,-2,2011-09-12 17:17:00,2.55,13236.0,United Kingdom,-5.1
,23093,SMALL PARISIENNE HEART PHOTO FRAME ,-2,2011-09-12 17:17:00,2.49,13236.0,United Kingdom,-4.98
,23112,PARISIENNE CURIO CABINET,-1,2011-09-12 17:17:00,7.5,13236.0,United Kingdom,-7.5
,23245,SET OF 3 REGENCY CAKE TINS,-1,2011-09-12 17:19:00,4.95,18223.0,United Kingdom,-4.95
,23240,SET OF 4 KNICK KNACK TINS DOILY ,-3,2011-09-12 17:19:00,4.15,18223.0,United Kingdom,-12.45
,85099B,JUMBO BAG RED RETROSPOT,-1,2011-09-12 17:19:00,2.08,18223.0,United Kingdom,-2.08
,21931,JUMBO STORAGE BAG SUKI,-1,2011-09-12 17:19:00,2.08,18223.0,United Kingdom,-2.08
,23189,SET OF 12 FORK CANDLES,-1,2011-09-12 17:19:00,2.89,18223.0,United Kingdom,-2.89
,23177,TREASURE ISLAND BOOK BOX,-2,2011-09-12 17:21:00,2.25,16713.0,United Kingdom,-4.5
,23240,SET OF 4 KNICK KNACK TINS DOILY ,-2,2011-09-12 17:49:00,4.15,14276.0,United Kingdom,-8.3
,23051,RECYCLED ACAPULCO MAT BLUE,-1,2011-09-12 17:49:00,8.25,14276.0,United Kingdom,-8.25
,20979,36 PENCILS TUBE RED RETROSPOT,-6,2011-09-12 17:49:00,1.25,14276.0,United Kingdom,-7.5
,84978,HANGING HEART JAR T-LIGHT HOLDER,-6,2011-09-12 17:50:00,1.25,17449.0,United Kingdom,-7.5
,22169,FAMILY ALBUM WHITE PICTURE FRAME,-1,2011-09-12 17:50:00,8.5,17449.0,United Kingdom,-8.5
,85053,FRENCH ENAMEL CANDLEHOLDER,-1,2011-09-12 17:54:00,2.1,15764.0,United Kingdom,-2.1
,23168,CLASSIC CAFE SUGAR DISPENSER,-1,2011-09-12 17:54:00,1.25,15764.0,United Kingdom,-1.25
,23178,JAM CLOCK MAGNET,-3,2011-09-12 18:00:00,2.89,13850.0,United Kingdom,-8.67
,85099F,JUMBO BAG STRAWBERRY,-14,2011-09-12 18:04:00,2.08,14688.0,United Kingdom,-29.12
,85099B,JUMBO BAG RED RETROSPOT,-10,2011-09-12 18:04:00,2.08,14688.0,United Kingdom,-20.8
,84991,60 TEATIME FAIRY CAKE CASES,-27,2011-09-12 18:04:00,0.55,14688.0,United Kingdom,-14.85
,23321,SMALL WHITE HEART OF WICKER,-5,2011-09-12 18:04:00,1.65,14688.0,United Kingdom,-8.25
,23298,SPOTTY BUNTING,-8,2011-09-12 18:04:00,4.95,14688.0,United Kingdom,-39.6
,23205,CHARLOTTE BAG VINTAGE ALPHABET ,-15,2011-09-12 18:04:00,0.85,14688.0,United Kingdom,-12.75
,23204,CHARLOTTE BAG APPLES DESIGN,-19,2011-09-12 18:04:00,0.85,14688.0,United Kingdom,-16.15
,23201,JUMBO BAG ALPHABET,-7,2011-09-12 18:04:00,2.08,14688.0,United Kingdom,-14.56
,23199,JUMBO BAG APPLES,-14,2011-09-12 18:04:00,2.08,14688.0,United Kingdom,-29.12
,22998,TRAVEL CARD WALLET KEEP CALM,-36,2011-09-12 18:04:00,0.42,14688.0,United Kingdom,-15.12
,22384,LUNCH BAG PINK POLKADOT,-14,2011-09-12 18:04:00,1.65,14688.0,United Kingdom,-23.1
,22380,TOY TIDY SPACEBOY  ,-6,2011-09-12 18:04:00,2.1,14688.0,United Kingdom,-12.6
,22356,CHARLOTTE BAG PINK POLKADOT,-20,2011-09-12 18:04:00,0.85,14688.0,United Kingdom,-17.0
,22355,CHARLOTTE BAG SUKI DESIGN,-14,2011-09-12 18:04:00,0.85,14688.0,United Kingdom,-11.9
,22197,POPCORN HOLDER,-14,2011-09-12 18:04:00,0.85,14688.0,United Kingdom,-11.9
,21931,JUMBO STORAGE BAG SUKI,-11,2011-09-12 18:04:00,2.08,14688.0,United Kingdom,-22.88
,21212,PACK OF 72 RETROSPOT CAKE CASES,-17,2011-09-12 18:04:00,0.55,14688.0,United Kingdom,-9.35
,20728,LUNCH BAG CARS BLUE,-9,2011-09-12 18:04:00,1.65,14688.0,United Kingdom,-14.85
,20725,LUNCH BAG RED RETROSPOT,-9,2011-09-12 18:04:00,1.65,14688.0,United Kingdom,-14.85
,20724,RED RETROSPOT CHARLOTTE BAG,-32,2011-09-12 18:04:00,0.85,14688.0,United Kingdom,-27.2
,20723,STRAWBERRY CHARLOTTE BAG,-20,2011-09-12 18:04:00,0.85,14688.0,United Kingdom,-17.0
,20719,WOODLAND CHARLOTTE BAG,-14,2011-09-12 18:04:00,0.85,14688.0,United Kingdom,-11.9
,23209,LUNCH BAG VINTAGE DOILY ,-1,2011-09-12 18:14:00,1.65,13319.0,United Kingdom,-1.65
,22842,BISCUIT TIN VINTAGE RED,-1,2011-09-12 18:14:00,5.95,13319.0,United Kingdom,-5.95
,22840,ROUND CAKE TIN VINTAGE RED,-1,2011-09-12 18:14:00,6.95,13319.0,United Kingdom,-6.95
,22423,REGENCY CAKESTAND 3 TIER,-1,2011-09-12 18:14:00,10.95,13319.0,United Kingdom,-10.95
,23112,PARISIENNE CURIO CABINET,-1,2011-09-12 18:14:00,7.5,13319.0,United Kingdom,-7.5
,22488,NATURAL SLATE RECTANGLE CHALKBOARD,-1,2011-09-12 18:15:00,1.65,13709.0,United Kingdom,-1.65
,23199,JUMBO BAG APPLES,-1,2011-09-12 18:16:00,2.08,13136.0,United Kingdom,-2.08
,85123A,WHITE HANGING HEART T-LIGHT HOLDER,-1,2011-09-12 18:18:00,2.95,16670.0,United Kingdom,-2.95
,47566,PARTY BUNTING,-8,2011-09-12 18:19:00,4.95,16187.0,United Kingdom,-39.6
,82483,WOOD 2 DRAWER CABINET WHITE FINISH,-2,2011-09-12 18:25:00,6.95,16705.0,United Kingdom,-13.9
,22960,JAM MAKING SET WITH JARS,-1,2011-09-12 18:26:00,4.25,15136.0,United Kingdom,-4.25
,D,Discount,-1,2011-09-12 18:26:00,20.75,14527.0,United Kingdom,-20.75
,22625,RED KITCHEN SCALES,-1,2011-09-13 10:20:00,8.5,16656.0,United Kingdom,-8.5
,CRUK,CRUK Commission,-1,2011-09-13 12:32:00,52.24,14096.0,United Kingdom,-52.24
566573,22823,test,-22,2011-09-13 13:10:00,0.0,,United Kingdom,-0.0
,M,Manual,-1,2011-09-13 13:33:00,92.93,,United Kingdom,-92.93
,M,Manual,-1,2011-09-13 13:34:00,6.59,,United Kingdom,-6.59
,21156,RETROSPOT CHILDRENS APRON,-2,2011-09-13 13:59:00,1.95,17779.0,United Kingdom,-3.9
,22666,RECIPE BOX PANTRY YELLOW DESIGN,-1,2011-09-13 17:14:00,2.95,15513.0,United Kingdom,-2.95
,22456,NATURAL SLATE CHALKBOARD LARGE ,-1,2011-09-13 17:14:00,4.25,15513.0,United Kingdom,-4.25
,D,Discount,-1,2011-09-13 17:17:00,15.0,16029.0,United Kingdom,-15.0
,D,Discount,-1,2011-09-13 17:28:00,102.24,16029.0,United Kingdom,-102.24
,22461,SAVOY ART DECO CLOCK,-2,2011-09-14 10:07:00,3.95,15380.0,United Kingdom,-7.9
,47422,ASSORTED MONKEY SUCTION CUP HOOK,-1,2011-09-14 11:39:00,0.42,17841.0,United Kingdom,-0.42
,22487,WHITE WOOD GARDEN PLANT LADDER,-1,2011-09-14 11:39:00,9.95,17841.0,United Kingdom,-9.95
,22628,PICNIC BOXES SET OF 3 RETROSPOT ,-1,2011-09-14 11:39:00,4.95,17841.0,United Kingdom,-4.95
,23091,ZINC HERB GARDEN CONTAINER,-1,2011-09-14 11:39:00,6.25,17841.0,United Kingdom,-6.25
,20726,LUNCH BAG WOODLAND,-1,2011-09-14 11:39:00,1.65,17841.0,United Kingdom,-1.65
,21873,IF YOU CAN'T STAND THE HEAT MUG,-3,2011-09-14 11:39:00,1.25,13145.0,United Kingdom,-3.75
566710,16207B,,-4,2011-09-14 12:03:00,0.0,,United Kingdom,-0.0
566711,21578,,-31,2011-09-14 12:03:00,0.0,,United Kingdom,-0.0
566712,22030,??,-635,2011-09-14 12:04:00,0.0,,United Kingdom,-0.0
,20727,LUNCH BAG  BLACK SKULL.,-1,2011-09-14 13:08:00,1.65,14606.0,United Kingdom,-1.65
,23431,NATURAL HANGING QUILTED HEARTS ,-12,2011-09-14 14:55:00,0.83,15618.0,United Kingdom,-9.96
,23433,HANGING QUILTED PATCHWORK APPLES,-12,2011-09-14 14:55:00,0.83,15618.0,United Kingdom,-9.96
,23405,HOME SWEET HOME 2 DRAWER CABINET,-1,2011-09-14 14:55:00,4.95,15618.0,United Kingdom,-4.95
,23404,HOME SWEET HOME BLACKBOARD,-1,2011-09-14 14:55:00,4.95,15618.0,United Kingdom,-4.95
,35648,VINTAGE BEAD PINK PURSE ,-1,2011-09-14 14:56:00,0.83,17422.0,United Kingdom,-0.83
,22914,BLUE COAT RACK PARIS FASHION,-1,2011-09-14 14:56:00,4.95,17422.0,United Kingdom,-4.95
,22913,RED COAT RACK PARIS FASHION,-1,2011-09-14 14:56:00,4.95,17422.0,United Kingdom,-4.95
,22912,YELLOW COAT RACK PARIS FASHION,-2,2011-09-14 14:56:00,4.95,17422.0,United Kingdom,-9.9
,22147,FELTCRAFT BUTTERFLY HEARTS,-1,2011-09-14 14:56:00,1.45,17422.0,United Kingdom,-1.45
,22606,WOODEN SKITTLES GARDEN SET,-1,2011-09-14 14:58:00,15.95,14299.0,United Kingdom,-15.95
,23424,GINGHAM RECIPE BOOK BOX,-1,2011-09-14 15:15:00,4.95,16150.0,United Kingdom,-4.95
,23245,SET OF 3 REGENCY CAKE TINS,-1,2011-09-14 15:15:00,4.95,16150.0,United Kingdom,-4.95
,22720,SET OF 3 CAKE TINS PANTRY DESIGN ,-1,2011-09-14 15:15:00,4.95,16150.0,United Kingdom,-4.95
,22065,CHRISTMAS PUDDING TRINKET POT ,-3,2011-09-14 15:15:00,1.45,16150.0,United Kingdom,-4.35
,21314,SMALL GLASS HEART TRINKET POT,-2,2011-09-14 15:15:00,2.1,16150.0,United Kingdom,-4.2
,22838,3 TIER CAKE TIN RED AND CREAM,-2,2011-09-14 15:37:00,14.95,12822.0,United Kingdom,-29.9
,85053,FRENCH ENAMEL CANDLEHOLDER,-4,2011-09-14 15:38:00,2.1,13999.0,United Kingdom,-8.4
,22426,ENAMEL WASH BOWL CREAM,-3,2011-09-14 15:38:00,3.75,13999.0,United Kingdom,-11.25
,20914,SET/5 RED RETROSPOT LID GLASS BOWLS,-1,2011-09-14 15:42:00,2.95,14911.0,EIRE,-2.95
,22796,PHOTO FRAME 3 CLASSIC HANGING,-2,2011-09-14 15:42:00,9.95,14911.0,EIRE,-19.9
,22197,POPCORN HOLDER,-4,2011-09-14 15:42:00,0.85,14911.0,EIRE,-3.4
,23130,MISTLETOE HEART WREATH GREEN,-1,2011-09-14 15:46:00,4.15,14397.0,United Kingdom,-4.15
,22796,PHOTO FRAME 3 CLASSIC HANGING,-1,2011-09-14 15:48:00,9.95,14911.0,EIRE,-9.95
,23273,HEART T-LIGHT HOLDER WILLIE WINKIE,-1,2011-09-14 15:49:00,1.65,18158.0,United Kingdom,-1.65
,23174,REGENCY SUGAR BOWL GREEN,-1,2011-09-14 16:05:00,4.15,14292.0,United Kingdom,-4.15
,22699,ROSES REGENCY TEACUP AND SAUCER ,-3,2011-09-14 16:05:00,2.95,14292.0,United Kingdom,-8.85
566763,84708B,,-5,2011-09-14 17:48:00,0.0,,United Kingdom,-0.0
566764,23065,,-13,2011-09-14 17:49:00,0.0,,United Kingdom,-0.0
566765,22244,,-9,2011-09-14 17:50:00,0.0,,United Kingdom,-0.0
566766,21311,,-117,2011-09-14 17:51:00,0.0,,United Kingdom,-0.0
566767,20977,,-188,2011-09-14 17:52:00,0.0,,United Kingdom,-0.0
566768,16045,,-3667,2011-09-14 17:53:00,0.0,,United Kingdom,-0.0
,22718,CARD CAT AND TREE ,-12,2011-09-15 09:51:00,0.42,14060.0,United Kingdom,-5.04
,22842,BISCUIT TIN VINTAGE RED,-1,2011-09-15 09:55:00,6.75,14911.0,EIRE,-6.75
,22840,ROUND CAKE TIN VINTAGE RED,-1,2011-09-15 09:55:00,7.95,14911.0,EIRE,-7.95
,23165,LARGE CERAMIC TOP STORAGE JAR,-4,2011-09-15 10:03:00,1.65,13931.0,United Kingdom,-6.6
,21232,STRAWBERRY CERAMIC TRINKET BOX,-2,2011-09-15 10:08:00,1.25,12997.0,United Kingdom,-2.5
,21231,SWEETHEART CERAMIC TRINKET BOX,-1,2011-09-15 10:08:00,1.25,12997.0,United Kingdom,-1.25
,85163B,BLACK BAROQUE WALL CLOCK ,-1,2011-09-15 10:12:00,12.75,16048.0,United Kingdom,-12.75
,85048,15CM CHRISTMAS GLASS BALL 20 LIGHTS,-7,2011-09-15 10:27:00,6.95,14915.0,United Kingdom,-48.65
,23423,PANTRY 3 HOOK ROLLING PIN HANGER,-2,2011-09-15 10:28:00,3.75,17071.0,United Kingdom,-7.5
,21232,STRAWBERRY CERAMIC TRINKET BOX,-2,2011-09-15 10:28:00,1.25,17071.0,United Kingdom,-2.5
,22112,CHOCOLATE HOT WATER BOTTLE,-1,2011-09-15 10:28:00,4.95,17071.0,United Kingdom,-4.95
,22826,LOVE SEAT ANTIQUE WHITE METAL,-1,2011-09-15 11:30:00,85.0,17214.0,United Kingdom,-85.0
,AMAZONFEE,AMAZON FEE,-1,2011-09-15 13:50:00,5522.14,,United Kingdom,-5522.14
,AMAZONFEE,AMAZON FEE,-1,2011-09-15 13:53:00,7427.97,,United Kingdom,-7427.97
,M,Manual,-1,2011-09-15 15:18:00,1829.84,12748.0,United Kingdom,-1829.84
,22784,LANTERN CREAM GAZEBO ,-1,2011-09-15 16:11:00,4.25,14111.0,United Kingdom,-4.25
,22698,PINK REGENCY TEACUP AND SAUCER,-1,2011-09-15 16:13:00,2.95,14105.0,United Kingdom,-2.95
,20914,SET/5 RED RETROSPOT LID GLASS BOWLS,-1,2011-09-15 16:13:00,2.95,14105.0,United Kingdom,-2.95
,23206,LUNCH BAG APPLE DESIGN,-1,2011-09-15 16:14:00,1.65,13136.0,United Kingdom,-1.65
,22698,PINK REGENCY TEACUP AND SAUCER,-6,2011-09-15 16:16:00,2.95,17139.0,United Kingdom,-17.7
,22041,"RECORD FRAME 7"" SINGLE SIZE ",-6,2011-09-15 16:16:00,2.55,17139.0,United Kingdom,-15.3
,23209,LUNCH BAG VINTAGE DOILY ,-1,2011-09-15 16:16:00,1.65,17139.0,United Kingdom,-1.65
,22776,SWEETHEART 3 TIER CAKE STAND ,-1,2011-09-15 16:16:00,8.5,17139.0,United Kingdom,-8.5
,22423,REGENCY CAKESTAND 3 TIER,-1,2011-09-15 16:16:00,10.95,17139.0,United Kingdom,-10.95
,22191,IVORY DINER WALL CLOCK,-1,2011-09-15 16:17:00,8.5,16293.0,United Kingdom,-8.5
,20725,LUNCH BAG RED RETROSPOT,-1,2011-09-15 16:22:00,1.65,15449.0,United Kingdom,-1.65
,22178,VICTORIAN GLASS HANGING T-LIGHT,-6,2011-09-15 16:26:00,1.95,13319.0,United Kingdom,-11.7
,21314,SMALL GLASS HEART TRINKET POT,-1,2011-09-15 16:27:00,2.1,15122.0,United Kingdom,-2.1
,22798,ANTIQUE GLASS DRESSING TABLE POT,-4,2011-09-15 16:28:00,2.95,13871.0,United Kingdom,-11.8
,21877,HOME SWEET HOME MUG,-1,2011-09-15 16:28:00,1.65,13871.0,United Kingdom,-1.65
,22061,LARGE CAKE STAND  HANGING STRAWBERY,-1,2011-09-15 16:30:00,9.95,13468.0,United Kingdom,-9.95
,23324,RUSTIC STRAWBERRY JAM POT LARGE ,-12,2011-09-15 16:37:00,2.08,15804.0,United Kingdom,-24.96
,23433,HANGING QUILTED PATCHWORK APPLES,-11,2011-09-15 16:37:00,0.83,15804.0,United Kingdom,-9.13
,21812,GARLAND WITH HEARTS AND BELLS,-6,2011-09-15 16:37:00,4.95,15804.0,United Kingdom,-29.7
,84818,DANISH ROSE PHOTO FRAME,-21,2011-09-15 16:42:00,0.79,13026.0,United Kingdom,-16.59
,22456,NATURAL SLATE CHALKBOARD LARGE ,-2,2011-09-15 16:45:00,4.95,14019.0,United Kingdom,-9.9
,22424,ENAMEL BREAD BIN CREAM,-1,2011-09-15 16:45:00,12.75,14019.0,United Kingdom,-12.75
,23203,JUMBO BAG VINTAGE DOILY ,-1,2011-09-15 16:45:00,2.08,18172.0,United Kingdom,-2.08
,23188,VINTAGE  2 METER FOLDING RULER,-1,2011-09-15 16:57:00,1.65,14420.0,United Kingdom,-1.65
,22634,CHILDS BREAKFAST SET SPACEBOY ,-3,2011-09-15 17:02:00,9.95,12616.0,France,-29.85
,84879,ASSORTED COLOUR BIRD ORNAMENT,-1,2011-09-15 17:04:00,1.69,13319.0,United Kingdom,-1.69
,23245,SET OF 3 REGENCY CAKE TINS,-1,2011-09-15 17:04:00,4.95,13319.0,United Kingdom,-4.95
,22841,ROUND CAKE TIN VINTAGE GREEN,-1,2011-09-15 17:04:00,7.95,13319.0,United Kingdom,-7.95
,22495,SET OF 2 ROUND TINS CAMEMBERT ,-6,2011-09-15 17:09:00,2.95,17573.0,United Kingdom,-17.7
,21259,VICTORIAN SEWING BOX SMALL ,-3,2011-09-15 17:37:00,5.95,12919.0,United Kingdom,-17.85
,23395,BELLE JARDINIERE CUSHION COVER,-1,2011-09-15 18:02:00,3.75,16362.0,United Kingdom,-3.75
,22784,LANTERN CREAM GAZEBO ,-3,2011-09-16 08:51:00,4.95,13993.0,United Kingdom,-14.85
,22960,JAM MAKING SET WITH JARS,-2,2011-09-16 08:51:00,4.25,13993.0,United Kingdom,-8.5
566977,48173C,,-54,2011-09-16 09:47:00,0.0,,United Kingdom,-0.0
,21317,GLASS SPHERE CANDLE STAND MEDIUM,-1,2011-09-16 09:52:00,4.95,14177.0,United Kingdom,-4.95
,84663A,GRASS HOPPER WOODEN WALL CLOCK ,-1,2011-09-16 10:47:00,0.79,12476.0,Germany,-0.79
,22720,SET OF 3 CAKE TINS PANTRY DESIGN ,-2,2011-09-16 11:14:00,4.95,14842.0,United Kingdom,-9.9
567057,84725,,-8,2011-09-16 11:39:00,0.0,,United Kingdom,-0.0
567058,22453,,-12,2011-09-16 11:40:00,0.0,,United Kingdom,-0.0
567059,22452,,-63,2011-09-16 11:41:00,0.0,,United Kingdom,-0.0
567060,22445,,-62,2011-09-16 11:41:00,0.0,,United Kingdom,-0.0
567061,84877B,,-27,2011-09-16 11:42:00,0.0,,United Kingdom,-0.0
567063,23135,,-27,2011-09-16 11:50:00,0.0,,United Kingdom,-0.0
,23297,SET 40 HEART SHAPE PETIT FOUR CASES,-16,2011-09-16 11:51:00,1.65,16108.0,United Kingdom,-26.4
,22960,JAM MAKING SET WITH JARS,-6,2011-09-16 12:45:00,4.25,12513.0,France,-25.5
567113,85215,Damaged,-29,2011-09-16 13:39:00,0.0,,United Kingdom,-0.0
567125,21246,damaged,-2,2011-09-16 13:49:00,0.0,,United Kingdom,-0.0
567127,85230E,Damaged,-48,2011-09-16 14:01:00,0.0,,United Kingdom,-0.0
,M,Manual,-1,2011-09-16 14:11:00,1039.73,,United Kingdom,-1039.73
567132,21830,OOPS ! adjustment,-384,2011-09-16 14:14:00,0.0,,United Kingdom,-0.0
,BANK CHARGES,Bank Charges,-1,2011-09-16 14:27:00,366.27,,United Kingdom,-366.27
567143,21179,damaged,-14,2011-09-16 15:02:00,0.0,,United Kingdom,-0.0
,23307,SET OF 60 PANTRY DESIGN CAKE CASES ,-24,2011-09-16 15:14:00,0.55,12709.0,Germany,-13.2
,21658,GLASS  BEURRE DISH,-1,2011-09-16 15:14:00,3.39,12709.0,Germany,-3.39
,22627,MINT KITCHEN SCALES,-1,2011-09-16 15:14:00,7.65,12709.0,Germany,-7.65
567149,35607B,thrown away,-9,2011-09-16 15:29:00,0.0,,United Kingdom,-0.0
567150,35817P,thrown away,-44,2011-09-16 15:29:00,0.0,,United Kingdom,-0.0
,M,Manual,-1,2011-09-16 16:52:00,345.03,17728.0,United Kingdom,-345.03
,85040A,S/4 PINK FLOWER CANDLES IN BOWL,-4,2011-09-18 13:42:00,1.65,15533.0,United Kingdom,-6.6
,22938,CUPCAKE LACE PAPER SET 6,-24,2011-09-18 13:42:00,1.95,15533.0,United Kingdom,-46.8
,22383,LUNCH BAG SUKI DESIGN ,-1,2011-09-19 08:40:00,1.65,12705.0,Germany,-1.65
,21530,DAIRY MAID TOASTRACK,-1,2011-09-19 10:11:00,0.79,14159.0,United Kingdom,-0.79
,23006,TRAVEL CARD WALLET FLOWER MEADOW,-3,2011-09-19 10:11:00,0.42,14159.0,United Kingdom,-1.26
,22383,LUNCH BAG SUKI DESIGN ,-1,2011-09-19 10:11:00,1.65,14159.0,United Kingdom,-1.65
,POST,POSTAGE,-1,2011-09-19 11:50:00,4.41,17612.0,United Kingdom,-4.41
,21137,BLACK RECORD COVER FRAME,-4,2011-09-19 11:50:00,3.75,17612.0,United Kingdom,-15.0
,23111,PARISIENNE SEWING BOX,-2,2011-09-19 14:46:00,12.5,13552.0,United Kingdom,-25.0
,84030E,ENGLISH ROSE HOT WATER BOTTLE,-1,2011-09-19 14:46:00,4.25,13552.0,United Kingdom,-4.25
,23403,LETTER HOLDER HOME SWEET HOME,-1,2011-09-19 14:50:00,3.75,16609.0,United Kingdom,-3.75
,23110,PARISIENNE KEY CABINET ,-1,2011-09-19 14:50:00,5.75,16609.0,United Kingdom,-5.75
,22138,BAKING SET 9 PIECE RETROSPOT ,-6,2011-09-19 14:50:00,4.95,16609.0,United Kingdom,-29.7
,22423,REGENCY CAKESTAND 3 TIER,-2,2011-09-19 14:52:00,12.75,13767.0,United Kingdom,-25.5
,22726,ALARM CLOCK BAKELIKE GREEN,-1,2011-09-19 14:52:00,3.75,13767.0,United Kingdom,-3.75
,21314,SMALL GLASS HEART TRINKET POT,-3,2011-09-19 14:52:00,1.85,13767.0,United Kingdom,-5.55
,23174,REGENCY SUGAR BOWL GREEN,-1,2011-09-19 15:53:00,4.15,14911.0,EIRE,-4.15
,22666,RECIPE BOX PANTRY YELLOW DESIGN,-4,2011-09-19 15:54:00,2.95,15465.0,United Kingdom,-11.8
,22423,REGENCY CAKESTAND 3 TIER,-7,2011-09-19 15:54:00,10.95,15465.0,United Kingdom,-76.65
,85123A,WHITE HANGING HEART T-LIGHT HOLDER,-1,2011-09-19 15:57:00,2.95,15755.0,United Kingdom,-2.95
,23410,CURIO CABINET LINEN AND LACE ,-1,2011-09-19 15:57:00,8.15,15755.0,United Kingdom,-8.15
,23380,PACK OF 12 VINTAGE DOILY TISSUES,-12,2011-09-19 15:57:00,0.39,15755.0,United Kingdom,-4.68
,22094,RED RETROSPOT TISSUE BOX,-6,2011-09-19 15:57:00,0.39,15755.0,United Kingdom,-2.34
,23110,PARISIENNE KEY CABINET ,-1,2011-09-19 16:01:00,5.75,13375.0,United Kingdom,-5.75
,23169,CLASSIC GLASS COOKIE JAR,-4,2011-09-19 16:02:00,4.15,17677.0,United Kingdom,-16.6
,23240,SET OF 4 KNICK KNACK TINS DOILY ,-1,2011-09-19 16:05:00,3.75,15251.0,United Kingdom,-3.75
,22941,CHRISTMAS LIGHTS 10 REINDEER,-2,2011-09-19 16:05:00,7.65,15251.0,United Kingdom,-15.3
,23318,BOX OF 6 MINI VINTAGE CRACKERS,-6,2011-09-19 16:05:00,2.08,15251.0,United Kingdom,-12.48
,23319,BOX OF 6 MINI 50'S CRACKERS,-5,2011-09-19 16:05:00,2.08,15251.0,United Kingdom,-10.4
,23324,RUSTIC STRAWBERRY JAM POT LARGE ,-23,2011-09-19 16:05:00,1.85,15251.0,United Kingdom,-42.55
,M,Manual,-1,2011-09-19 16:13:00,2653.95,,Hong Kong,-2653.95
,22960,JAM MAKING SET WITH JARS,-1,2011-09-19 16:16:00,4.25,15764.0,United Kingdom,-4.25
,22960,JAM MAKING SET WITH JARS,-1,2011-09-19 16:23:00,4.25,16211.0,United Kingdom,-4.25
,22699,ROSES REGENCY TEACUP AND SAUCER ,-1,2011-09-19 16:31:00,2.95,16428.0,United Kingdom,-2.95
,21209,MULTICOLOUR HONEYCOMB FAN,-2,2011-09-19 16:33:00,0.39,15201.0,United Kingdom,-0.78
,21208,PASTEL COLOUR HONEYCOMB FAN,-6,2011-09-19 16:33:00,0.39,15201.0,United Kingdom,-2.34
,21194,PINK  HONEYCOMB PAPER FAN,-2,2011-09-19 16:33:00,0.65,15201.0,United Kingdom,-1.3
,23265,SET OF 3 WOODEN TREE DECORATIONS,-1,2011-09-19 16:33:00,1.25,15201.0,United Kingdom,-1.25
,22954,HEN PARTY CORDON BARRIER TAPE,-1,2011-09-19 16:33:00,1.25,15201.0,United Kingdom,-1.25
,22994,TRAVEL CARD WALLET RETROSPOT,-1,2011-09-19 16:33:00,0.42,15201.0,United Kingdom,-0.42
,21154,RED RETROSPOT OVEN GLOVE ,-1,2011-09-19 16:33:00,1.25,15201.0,United Kingdom,-1.25
,22744,MAKE YOUR OWN MONSOON CARD KIT,-2,2011-09-19 16:37:00,2.95,13860.0,United Kingdom,-5.9
,23318,BOX OF 6 MINI VINTAGE CRACKERS,-3,2011-09-19 16:47:00,2.49,13599.0,United Kingdom,-7.47
567363,23028,,-49,2011-09-19 16:58:00,0.0,,United Kingdom,-0.0
567364,22925,,-20,2011-09-19 16:58:00,0.0,,United Kingdom,-0.0
567366,21174,,-138,2011-09-19 16:59:00,0.0,,United Kingdom,-0.0
,48188,DOORMAT WELCOME PUPPIES,-1,2011-09-19 16:59:00,8.25,15443.0,United Kingdom,-8.25
,48138,DOORMAT UNION FLAG,-1,2011-09-19 16:59:00,8.25,15443.0,United Kingdom,-8.25
,22691,DOORMAT WELCOME SUNRISE,-1,2011-09-19 16:59:00,8.25,15443.0,United Kingdom,-8.25
567367,17012A,,-86,2011-09-19 17:15:00,0.0,,United Kingdom,-0.0
,22424,ENAMEL BREAD BIN CREAM,-1,2011-09-20 11:58:00,12.75,17841.0,United Kingdom,-12.75
,M,Manual,-1,2011-09-20 13:37:00,232.57,,United Kingdom,-232.57
,M,Manual,-1,2011-09-20 16:28:00,5.95,,EIRE,-5.95
,22846,BREAD BIN DINER STYLE RED ,-1,2011-09-20 16:28:00,16.95,,EIRE,-16.95
,21871,SAVE THE PLANET MUG,-12,2011-09-20 16:28:00,1.65,,EIRE,-19.8
,22322,BIRD DECORATION GREEN POLKADOT,-12,2011-09-20 16:30:00,0.85,12474.0,Germany,-10.2
,22301,COFFEE MUG CAT + BIRD DESIGN,-1,2011-09-20 16:31:00,2.1,12989.0,United Kingdom,-2.1
,22486,PLASMATRONIC LAMP,-1,2011-09-20 16:33:00,12.75,12540.0,Spain,-12.75
,22423,REGENCY CAKESTAND 3 TIER,-1,2011-09-20 16:33:00,12.75,12540.0,Spain,-12.75
,23113,PANTRY CHOPPING BOARD,-756,2011-09-21 09:16:00,5.06,17450.0,United Kingdom,-3825.36
,21136,PAINTED METAL PEARS ASSORTED,-8,2011-09-21 09:44:00,1.69,15888.0,United Kingdom,-13.52
,84879,ASSORTED COLOUR BIRD ORNAMENT,-8,2011-09-21 09:44:00,1.69,15888.0,United Kingdom,-13.52
,23344,JUMBO BAG 50'S CHRISTMAS ,-1,2011-09-21 09:49:00,2.08,16341.0,United Kingdom,-2.08
,22596,CHRISTMAS STAR WISH LIST CHALKBOARD,-1,2011-09-21 09:49:00,1.25,16341.0,United Kingdom,-1.25
,22154,ANGEL DECORATION 3 BUTTONS ,-1,2011-09-21 09:49:00,0.42,16341.0,United Kingdom,-0.42
,20725,LUNCH BAG RED RETROSPOT,-2,2011-09-21 09:49:00,1.65,16341.0,United Kingdom,-3.3
,23166,MEDIUM CERAMIC TOP STORAGE JAR,-1,2011-09-21 09:50:00,1.25,15253.0,United Kingdom,-1.25
,23165,LARGE CERAMIC TOP STORAGE JAR,-1,2011-09-21 09:50:00,1.65,15253.0,United Kingdom,-1.65
,22158,3 HEARTS HANGING DECORATION RUSTIC,-3,2011-09-21 09:52:00,2.95,14284.0,United Kingdom,-8.85
,85048,15CM CHRISTMAS GLASS BALL 20 LIGHTS,-1,2011-09-21 09:52:00,7.95,14284.0,United Kingdom,-7.95
,23404,HOME SWEET HOME BLACKBOARD,-4,2011-09-21 09:54:00,4.95,14198.0,United Kingdom,-19.8
,23173,REGENCY TEAPOT ROSES ,-1,2011-09-21 10:00:00,9.95,12384.0,Switzerland,-9.95
,23295,SET OF 12 MINI LOAF BAKING CASES,-2,2011-09-21 10:00:00,0.83,12384.0,Switzerland,-1.66
,84279P,CHERRY BLOSSOM  DECORATIVE FLASK,-2,2011-09-21 10:00:00,3.75,12384.0,Switzerland,-7.5
,20932,PINK POT PLANT CANDLE,-9,2011-09-21 10:15:00,2.95,15498.0,United Kingdom,-26.55
,20931,BLUE POT PLANT CANDLE ,-3,2011-09-21 10:15:00,2.95,15498.0,United Kingdom,-8.85
,21311,SET/4 BIRD MIRROR MAGNETS ,-21,2011-09-21 10:19:00,0.29,13418.0,United Kingdom,-6.09
,23347,I LOVE LONDON BEAKER,-6,2011-09-21 10:19:00,1.25,13418.0,United Kingdom,-7.5
,23346,SPACEBOY BEAKER,-6,2011-09-21 10:19:00,1.25,13418.0,United Kingdom,-7.5
,23345, DOLLY GIRL BEAKER,-6,2011-09-21 10:19:00,1.25,13418.0,United Kingdom,-7.5
,23343,JUMBO BAG VINTAGE CHRISTMAS ,-1,2011-09-21 10:19:00,2.08,15622.0,United Kingdom,-2.08
,23170,REGENCY TEA PLATE ROSES ,-1,2011-09-21 12:32:00,1.65,14306.0,United Kingdom,-1.65
,23085,ANTIQUE SILVER BAUBLE LAMP  ,-1,2011-09-21 12:32:00,8.25,14306.0,United Kingdom,-8.25
,23356,LOVE HOT WATER BOTTLE,-5,2011-09-21 12:50:00,5.95,13448.0,United Kingdom,-29.75
,M,Manual,-1,2011-09-21 13:01:00,10.65,17511.0,United Kingdom,-10.65
,22383,LUNCH BAG SUKI DESIGN ,-1,2011-09-21 13:01:00,1.65,17511.0,United Kingdom,-1.65
,23182,TOILET SIGN OCCUPIED OR VACANT,-1,2011-09-21 13:01:00,0.83,17511.0,United Kingdom,-0.83
,21931,JUMBO STORAGE BAG SUKI,-1,2011-09-21 13:01:00,2.08,17511.0,United Kingdom,-2.08
,21232,STRAWBERRY CERAMIC TRINKET BOX,-1,2011-09-21 13:01:00,1.25,17511.0,United Kingdom,-1.25
,22197,POPCORN HOLDER,-3,2011-09-21 13:01:00,0.85,17511.0,United Kingdom,-2.55
,21238,RED RETROSPOT CUP,-1,2011-09-21 13:01:00,0.85,17511.0,United Kingdom,-0.85
,23081,GREEN METAL BOX ARMY SUPPLIES,-1,2011-09-21 13:01:00,8.25,17511.0,United Kingdom,-8.25
,21933,PINK VINTAGE PAISLEY PICNIC BAG,-1,2011-09-21 13:01:00,1.65,17511.0,United Kingdom,-1.65
,22768,FAMILY PHOTO FRAME CORNICE,-1,2011-09-21 13:01:00,9.95,17511.0,United Kingdom,-9.95
567629,40016,?,-752,2011-09-21 13:21:00,0.0,,United Kingdom,-0.0
,23165,LARGE CERAMIC TOP STORAGE JAR,-2,2011-09-21 14:13:00,1.45,12409.0,Switzerland,-2.9
,23298,SPOTTY BUNTING,-1,2011-09-21 14:16:00,4.15,12409.0,Switzerland,-4.15
567645,21447,,-53,2011-09-21 14:27:00,0.0,,United Kingdom,-0.0
,CRUK,CRUK Commission,-1,2011-09-21 14:40:00,608.66,14096.0,United Kingdom,-608.66
,23167,SMALL CERAMIC TOP STORAGE JAR ,-2,2011-09-21 15:57:00,0.83,12409.0,Switzerland,-1.66
,23166,MEDIUM CERAMIC TOP STORAGE JAR,-2,2011-09-21 15:57:00,1.04,12409.0,Switzerland,-2.08
,84991,60 TEATIME FAIRY CAKE CASES,-22,2011-09-21 16:24:00,0.55,15433.0,United Kingdom,-12.1
,22417,PACK OF 60 SPACEBOY CAKE CASES,-22,2011-09-21 16:24:00,0.55,15433.0,United Kingdom,-12.1
,21212,PACK OF 72 RETROSPOT CAKE CASES,-23,2011-09-21 16:24:00,0.55,15433.0,United Kingdom,-12.65
,22367,CHILDRENS APRON SPACEBOY DESIGN,-7,2011-09-21 16:24:00,1.95,15433.0,United Kingdom,-13.65
,22614,PACK OF 12 SPACEBOY TISSUES,-22,2011-09-21 16:24:00,0.39,15433.0,United Kingdom,-8.58
,22382,LUNCH BAG SPACEBOY DESIGN ,-7,2011-09-21 16:24:00,1.65,15433.0,United Kingdom,-11.55
,20727,LUNCH BAG  BLACK SKULL.,-5,2011-09-21 16:24:00,1.65,15433.0,United Kingdom,-8.25
,20728,LUNCH BAG CARS BLUE,-6,2011-09-21 16:24:00,1.65,15433.0,United Kingdom,-9.9
,23208,LUNCH BAG VINTAGE LEAF DESIGN,-2,2011-09-21 16:24:00,1.65,15433.0,United Kingdom,-3.3
,20726,LUNCH BAG WOODLAND,-2,2011-09-21 16:24:00,1.65,15433.0,United Kingdom,-3.3
,22384,LUNCH BAG PINK POLKADOT,-7,2011-09-21 16:24:00,1.65,15433.0,United Kingdom,-11.55
,22613,PACK OF 20 SPACEBOY NAPKINS,-10,2011-09-21 16:24:00,0.85,15433.0,United Kingdom,-8.5
,M,Manual,-13,2011-09-21 16:28:00,0.79,17997.0,United Kingdom,-10.27
,M,Manual,-9,2011-09-21 16:28:00,0.79,17997.0,United Kingdom,-7.11
,23174,REGENCY SUGAR BOWL GREEN,-1,2011-09-21 16:28:00,4.15,17997.0,United Kingdom,-4.15
,23172,REGENCY TEA PLATE PINK,-24,2011-09-21 16:28:00,1.65,17997.0,United Kingdom,-39.6
,23171,REGENCY TEA PLATE GREEN ,-24,2011-09-21 16:28:00,1.65,17997.0,United Kingdom,-39.6
,22902,TOTE BAG I LOVE LONDON,-12,2011-09-21 16:35:00,2.1,16394.0,United Kingdom,-25.2
,22997,TRAVEL CARD WALLET UNION JACK,-2,2011-09-21 16:35:00,0.42,16394.0,United Kingdom,-0.84
,22994,TRAVEL CARD WALLET RETROSPOT,-1,2011-09-21 16:35:00,0.42,16394.0,United Kingdom,-0.42
,23000,TRAVEL CARD WALLET TRANSPORT,-11,2011-09-21 16:35:00,0.42,16394.0,United Kingdom,-4.62
,23006,TRAVEL CARD WALLET FLOWER MEADOW,-3,2011-09-21 16:35:00,0.42,16394.0,United Kingdom,-1.26
,23002,TRAVEL CARD WALLET SKULLS,-22,2011-09-21 16:35:00,0.42,16394.0,United Kingdom,-9.24
,23004,TRAVEL CARD WALLET PANTRY,-152,2011-09-21 16:35:00,0.42,16394.0,United Kingdom,-63.84
,20728,LUNCH BAG CARS BLUE,-10,2011-09-21 16:42:00,1.65,17702.0,United Kingdom,-16.5
,23284,DOORMAT KEEP CALM AND COME IN,-6,2011-09-21 16:48:00,6.75,13282.0,United Kingdom,-40.5
,85048,15CM CHRISTMAS GLASS BALL 20 LIGHTS,-1,2011-09-21 16:49:00,6.95,17434.0,United Kingdom,-6.95
,23630,SET 10 CARDS HANGING BAUBLES 17080,-1,2011-09-21 17:01:00,2.99,15810.0,United Kingdom,-2.99
,20725,LUNCH BAG RED RETROSPOT,-9,2011-09-21 17:01:00,1.65,15810.0,United Kingdom,-14.85
,22382,LUNCH BAG SPACEBOY DESIGN ,-11,2011-09-21 17:01:00,1.65,15810.0,United Kingdom,-18.15
,22384,LUNCH BAG PINK POLKADOT,-11,2011-09-21 17:01:00,1.65,15810.0,United Kingdom,-18.15
,22383,LUNCH BAG SUKI DESIGN ,-5,2011-09-21 17:01:00,1.65,15810.0,United Kingdom,-8.25
,20726,LUNCH BAG WOODLAND,-1,2011-09-21 17:01:00,1.65,15810.0,United Kingdom,-1.65
,20728,LUNCH BAG CARS BLUE,-6,2011-09-21 17:01:00,1.65,15810.0,United Kingdom,-9.9
,20704,MR ROBOT SOFT TOY,-4,2011-09-21 17:01:00,6.95,15810.0,United Kingdom,-27.8
,23205,CHARLOTTE BAG VINTAGE ALPHABET ,-2,2011-09-21 17:01:00,0.85,15810.0,United Kingdom,-1.7
,23207,LUNCH BAG ALPHABET DESIGN,-4,2011-09-21 17:01:00,1.65,15810.0,United Kingdom,-6.6
,23206,LUNCH BAG APPLE DESIGN,-10,2011-09-21 17:01:00,1.65,15810.0,United Kingdom,-16.5
,23208,LUNCH BAG VINTAGE LEAF DESIGN,-8,2011-09-21 17:01:00,1.65,15810.0,United Kingdom,-13.2
,22356,CHARLOTTE BAG PINK POLKADOT,-9,2011-09-21 17:01:00,0.85,15810.0,United Kingdom,-7.65
,23007, SPACEBOY BABY GIFT SET,-1,2011-09-21 17:01:00,16.95,15810.0,United Kingdom,-16.95
,23254,CHILDRENS CUTLERY DOLLY GIRL ,-1,2011-09-21 17:01:00,4.15,15810.0,United Kingdom,-4.15
,22631,CIRCUS PARADE LUNCH BOX ,-10,2011-09-21 17:01:00,1.95,15810.0,United Kingdom,-19.5
,22659,LUNCH BOX I LOVE LONDON,-7,2011-09-21 17:01:00,1.95,15810.0,United Kingdom,-13.65
,23199,JUMBO BAG APPLES,-9,2011-09-21 17:01:00,2.08,15810.0,United Kingdom,-18.72
,22385,JUMBO BAG SPACEBOY DESIGN,-7,2011-09-21 17:01:00,2.08,15810.0,United Kingdom,-14.56
,22380,TOY TIDY SPACEBOY  ,-2,2011-09-21 17:01:00,2.1,15810.0,United Kingdom,-4.2
,21673,WHITE SPOT BLUE CERAMIC DRAWER KNOB,-4,2011-09-21 17:04:00,1.45,17567.0,United Kingdom,-5.8
,22469,HEART OF WICKER SMALL,-17,2011-09-21 17:04:00,1.65,17567.0,United Kingdom,-28.05
,22197,POPCORN HOLDER,-6,2011-09-21 17:04:00,0.85,17567.0,United Kingdom,-5.1
,22113,GREY HEART HOT WATER BOTTLE,-6,2011-09-21 17:04:00,4.25,17567.0,United Kingdom,-25.5
,22110,BIRD HOUSE HOT WATER BOTTLE,-2,2011-09-21 17:04:00,2.55,17567.0,United Kingdom,-5.1
,22774,RED DRAWER KNOB ACRYLIC EDWARDIAN,-1,2011-09-21 17:04:00,1.25,17567.0,United Kingdom,-1.25
,21671,RED SPOT CERAMIC DRAWER KNOB,-85,2011-09-21 17:04:00,1.45,17567.0,United Kingdom,-123.25
,21669,BLUE STRIPE CERAMIC DRAWER KNOB,-34,2011-09-21 17:04:00,1.45,17567.0,United Kingdom,-49.3
,21668,RED STRIPE CERAMIC DRAWER KNOB,-42,2011-09-21 17:04:00,1.06,17567.0,United Kingdom,-44.52
,21485,RETROSPOT HEART HOT WATER BOTTLE,-2,2011-09-21 17:04:00,4.95,17567.0,United Kingdom,-9.9
,84029G,KNITTED UNION FLAG HOT WATER BOTTLE,-3,2011-09-21 17:04:00,3.75,17567.0,United Kingdom,-11.25
567693,85199L,?,-250,2011-09-21 17:26:00,0.0,,United Kingdom,-0.0
567694,22665,,-24,2011-09-21 17:30:00,0.0,,United Kingdom,-0.0
567695,22688,,-42,2011-09-21 17:31:00,0.0,,United Kingdom,-0.0
567696,23091,,-15,2011-09-21 17:32:00,0.0,,United Kingdom,-0.0
,20724,RED RETROSPOT CHARLOTTE BAG,-4,2011-09-22 09:38:00,0.85,15810.0,United Kingdom,-3.4
,22630,DOLLY GIRL LUNCH BOX,-1,2011-09-22 09:38:00,1.95,15810.0,United Kingdom,-1.95
,23075,PARLOUR CERAMIC WALL HOOK,-4,2011-09-22 09:41:00,4.15,17716.0,United Kingdom,-16.6
,23287,RED VINTAGE SPOT BEAKER,-8,2011-09-22 09:41:00,0.85,17716.0,United Kingdom,-6.8
,23288,GREEN VINTAGE SPOT BEAKER,-8,2011-09-22 09:41:00,0.85,17716.0,United Kingdom,-6.8
,23250,VINTAGE RED TRIM ENAMEL BOWL ,-12,2011-09-22 09:41:00,1.25,17716.0,United Kingdom,-15.0
,23153,ZINC SWEETHEART WIRE LETTER RACK,-4,2011-09-22 09:41:00,3.75,17716.0,United Kingdom,-15.0
,23152,IVORY SWEETHEART WIRE LETTER RACK ,-4,2011-09-22 09:41:00,3.75,17716.0,United Kingdom,-15.0
,22988,SOLDIERS EGG CUP ,-12,2011-09-22 09:41:00,1.25,17716.0,United Kingdom,-15.0
,23252,VINTAGE RED ENAMEL TRIM JUG ,-4,2011-09-22 09:41:00,3.75,17716.0,United Kingdom,-15.0
,22349,DOG BOWL CHASING BALL DESIGN,-12,2011-09-22 09:41:00,3.75,17716.0,United Kingdom,-45.0
,21481,FAWN BLUE HOT WATER BOTTLE,-18,2011-09-22 09:43:00,2.95,14768.0,United Kingdom,-53.1
,22835,HOT WATER BOTTLE I AM SO POORLY,-312,2011-09-22 09:46:00,4.25,15769.0,United Kingdom,-1326.0
,85099F,JUMBO BAG STRAWBERRY,-3,2011-09-22 09:53:00,2.08,15201.0,United Kingdom,-6.24
,85099B,JUMBO BAG RED RETROSPOT,-8,2011-09-22 09:53:00,2.08,15201.0,United Kingdom,-16.64
,23298,SPOTTY BUNTING,-4,2011-09-22 09:53:00,4.95,15201.0,United Kingdom,-19.8
,23203,JUMBO BAG VINTAGE DOILY ,-8,2011-09-22 09:53:00,2.08,15201.0,United Kingdom,-16.64
,22998,TRAVEL CARD WALLET KEEP CALM,-24,2011-09-22 09:53:00,0.42,15201.0,United Kingdom,-10.08
,22990,COTTON APRON PANTRY DESIGN,-6,2011-09-22 09:53:00,4.95,15201.0,United Kingdom,-29.7
,22961,JAM MAKING SET PRINTED,-79,2011-09-22 09:53:00,1.25,15201.0,United Kingdom,-98.75
,22544,MINI JIGSAW SPACEBOY,-43,2011-09-22 09:53:00,0.42,15201.0,United Kingdom,-18.06
,21931,JUMBO STORAGE BAG SUKI,-1,2011-09-22 09:53:00,2.08,15201.0,United Kingdom,-2.08
,21212,PACK OF 72 RETROSPOT CAKE CASES,-31,2011-09-22 09:53:00,0.55,15201.0,United Kingdom,-17.05
,22900,SET 2 TEA TOWELS I LOVE LONDON ,-7,2011-09-22 09:53:00,3.25,15201.0,United Kingdom,-22.75
,22725,ALARM CLOCK BAKELIKE CHOCOLATE,-11,2011-09-22 10:08:00,3.75,13282.0,United Kingdom,-41.25
,M,Manual,-3,2011-09-22 10:10:00,1.0,,United Kingdom,-3.0
,21730,GLASS STAR FROSTED T-LIGHT HOLDER,-1,2011-09-22 10:11:00,4.95,16316.0,United Kingdom,-4.95
,22962,JAM JAR WITH PINK LID,-6,2011-09-22 10:11:00,0.85,16316.0,United Kingdom,-5.1
,84879,ASSORTED COLOUR BIRD ORNAMENT,-7,2011-09-22 10:12:00,1.69,16160.0,United Kingdom,-11.83
,72807A,SET/3 ROSE CANDLE IN JEWELLED BOX,-1,2011-09-22 10:16:00,4.25,14543.0,United Kingdom,-4.25
,21216,"SET 3 RETROSPOT TEA,COFFEE,SUGAR",-1,2011-09-22 10:16:00,4.95,14543.0,United Kingdom,-4.95
,22848,BREAD BIN DINER STYLE PINK,-1,2011-09-22 10:16:00,14.95,14543.0,United Kingdom,-14.95
,22625,RED KITCHEN SCALES,-1,2011-09-22 10:16:00,8.5,14543.0,United Kingdom,-8.5
,22624,IVORY KITCHEN SCALES,-1,2011-09-22 10:16:00,8.5,14543.0,United Kingdom,-8.5
,22429,ENAMEL MEASURING JUG CREAM,-1,2011-09-22 10:16:00,4.25,14543.0,United Kingdom,-4.25
,21843,RED RETROSPOT CAKE STAND,-8,2011-09-22 10:16:00,9.95,14543.0,United Kingdom,-79.6
,23110,PARISIENNE KEY CABINET ,-2,2011-09-22 10:20:00,5.75,15601.0,United Kingdom,-11.5
,23111,PARISIENNE SEWING BOX,-1,2011-09-22 10:20:00,12.5,15601.0,United Kingdom,-12.5
567719,20980,,-7,2011-09-22 10:32:00,0.0,,United Kingdom,-0.0
,85123A,WHITE HANGING HEART T-LIGHT HOLDER,-12,2011-09-22 10:58:00,2.95,17460.0,United Kingdom,-35.4
,23188,VINTAGE  2 METER FOLDING RULER,-12,2011-09-22 10:58:00,1.65,17460.0,United Kingdom,-19.8
,22925,BLUE GIANT GARDEN THERMOMETER,-4,2011-09-22 10:58:00,5.95,17460.0,United Kingdom,-23.8
,22867,HAND WARMER BIRD DESIGN,-12,2011-09-22 10:58:00,2.1,17460.0,United Kingdom,-25.2
,22865,HAND WARMER OWL DESIGN,-12,2011-09-22 10:58:00,2.1,17460.0,United Kingdom,-25.2
,22665,RECIPE BOX BLUE SKETCHBOOK DESIGN,-6,2011-09-22 10:58:00,2.95,17460.0,United Kingdom,-17.7
,21340,CLASSIC METAL BIRDCAGE PLANT HOLDER,-1,2011-09-22 10:58:00,12.75,17460.0,United Kingdom,-12.75
567861,35597A,,-14,2011-09-22 14:01:00,0.0,,United Kingdom,-0.0
567862,35591T,,-4,2011-09-22 14:02:00,0.0,,United Kingdom,-0.0
,M,Manual,-5,2011-09-22 14:18:00,0.8,16669.0,United Kingdom,-4.0
,22909,SET OF 20 VINTAGE CHRISTMAS NAPKINS,-2,2011-09-22 15:08:00,0.85,13627.0,United Kingdom,-1.7
,22698,PINK REGENCY TEACUP AND SAUCER,-1,2011-09-22 15:17:00,2.95,12879.0,United Kingdom,-2.95
,22699,ROSES REGENCY TEACUP AND SAUCER ,-6,2011-09-22 15:17:00,2.95,12879.0,United Kingdom,-17.7
,82483,WOOD 2 DRAWER CABINET WHITE FINISH,-1,2011-09-22 15:50:00,6.95,15296.0,United Kingdom,-6.95
,D,Discount,-1,2011-09-22 15:59:00,18.62,14527.0,United Kingdom,-18.62
,21794,CLASSIC FRENCH STYLE BASKET NATURAL,-1,2011-09-22 16:29:00,3.95,15555.0,United Kingdom,-3.95
,20982,12 PENCILS TALL TUBE SKULLS,-1,2011-09-22 16:29:00,0.85,15555.0,United Kingdom,-0.85
,22296,HEART IVORY TRELLIS LARGE,-1,2011-09-22 16:29:00,1.65,15555.0,United Kingdom,-1.65
,22995,TRAVEL CARD WALLET SUKI,-1,2011-09-22 16:29:00,0.42,15555.0,United Kingdom,-0.42
,21874,GIN AND TONIC MUG,-1,2011-09-22 16:29:00,1.65,15555.0,United Kingdom,-1.65
,22382,LUNCH BAG SPACEBOY DESIGN ,-1,2011-09-22 16:29:00,1.65,15555.0,United Kingdom,-1.65
,M,Manual,-120,2011-09-22 16:29:00,0.03,16422.0,United Kingdom,-3.6
,POST,POSTAGE,-1,2011-09-22 17:19:00,18.0,12579.0,France,-18.0
567918,79163,damaged,-1,2011-09-22 17:20:00,0.0,,United Kingdom,-0.0
,23169,CLASSIC GLASS COOKIE JAR,-3,2011-09-22 17:20:00,4.15,17037.0,United Kingdom,-12.45
,22974,CHILDRENS DOLLY GIRL MUG,-1,2011-09-22 17:20:00,1.65,17037.0,United Kingdom,-1.65
567921,21089,damaged,-7,2011-09-22 17:24:00,0.0,,United Kingdom,-0.0
567923,37343,damaged,-2,2011-09-22 17:24:00,0.0,,United Kingdom,-0.0
567925,84876D,damaged,-2,2011-09-22 17:26:00,0.0,,United Kingdom,-0.0
567927,21654,Damaged,-3,2011-09-22 17:28:00,0.0,,United Kingdom,-0.0
567931,84563B,damaged,-11,2011-09-22 17:38:00,0.0,,United Kingdom,-0.0
567932,85213,,-12,2011-09-22 17:39:00,0.0,,United Kingdom,-0.0
567933,84422,Dagamed,-30,2011-09-22 17:49:00,0.0,,United Kingdom,-0.0
,22423,REGENCY CAKESTAND 3 TIER,-1,2011-09-22 18:21:00,12.75,16984.0,United Kingdom,-12.75
,22781,GUMBALL MAGAZINE RACK,-4,2011-09-23 07:57:00,7.65,17340.0,United Kingdom,-30.6
,82483,WOOD 2 DRAWER CABINET WHITE FINISH,-2,2011-09-23 07:57:00,5.95,17340.0,United Kingdom,-11.9
,37448,CERAMIC CAKE DESIGN SPOTTED MUG,-1,2011-09-23 07:58:00,1.49,12909.0,United Kingdom,-1.49
,21844,RED RETROSPOT MUG,-2,2011-09-23 07:58:00,2.95,12909.0,United Kingdom,-5.9
,23100,SILVER BELLS TABLE DECORATION,-1,2011-09-23 08:00:00,1.25,17663.0,United Kingdom,-1.25
,21201,TROPICAL  HONEYCOMB PAPER GARLAND ,-1,2011-09-23 08:00:00,2.55,17663.0,United Kingdom,-2.55
,23234,BISCUIT TIN VINTAGE CHRISTMAS,-1,2011-09-23 08:00:00,2.89,17663.0,United Kingdom,-2.89
,23406,HOME SWEET HOME KEY HOLDER,-2,2011-09-23 08:21:00,6.25,14769.0,United Kingdom,-12.5
,22047,EMPIRE GIFT WRAP,-25,2011-09-23 08:21:00,0.42,14769.0,United Kingdom,-10.5
,23169,CLASSIC GLASS COOKIE JAR,-3,2011-09-23 08:22:00,3.75,13435.0,United Kingdom,-11.25
,23234,BISCUIT TIN VINTAGE CHRISTMAS,-6,2011-09-23 08:24:00,2.89,17069.0,United Kingdom,-17.34
,23404,HOME SWEET HOME BLACKBOARD,-4,2011-09-23 08:26:00,4.95,18226.0,United Kingdom,-19.8
,22178,VICTORIAN GLASS HANGING T-LIGHT,-144,2011-09-23 08:28:00,1.65,18198.0,United Kingdom,-237.6
,23173,REGENCY TEAPOT ROSES ,-7,2011-09-23 08:52:00,8.15,17428.0,United Kingdom,-57.05
,22699,ROSES REGENCY TEACUP AND SAUCER ,-4,2011-09-23 08:52:00,2.55,17428.0,United Kingdom,-10.2
,85034C,3 ROSE MORRIS BOXED CANDLES,-4,2011-09-23 08:54:00,4.25,12895.0,United Kingdom,-17.0
,85034A,3 GARDENIA MORRIS BOXED CANDLES,-2,2011-09-23 08:54:00,4.25,12895.0,United Kingdom,-8.5
,22652,TRAVEL SEWING KIT,-2,2011-09-23 09:16:00,1.65,13430.0,United Kingdom,-3.3
,22557,PLASTERS IN TIN VINTAGE PAISLEY ,-2,2011-09-23 09:16:00,1.65,13430.0,United Kingdom,-3.3
,23240,SET OF 4 KNICK KNACK TINS DOILY ,-2,2011-09-23 09:16:00,4.15,13430.0,United Kingdom,-8.3
,23263,SET OF 3 WOODEN HEART DECORATIONS,-12,2011-09-23 09:19:00,1.25,14141.0,United Kingdom,-15.0
,23243,SET OF TEA COFFEE SUGAR TINS PANTRY,-1,2011-09-23 09:19:00,4.95,14141.0,United Kingdom,-4.95
,21218,RED SPOTTY BISCUIT TIN,-1,2011-09-23 09:19:00,3.75,14141.0,United Kingdom,-3.75
,20707,CRAZY DAISY HEART DECORATION,-1,2011-09-23 09:19:00,1.25,14141.0,United Kingdom,-1.25
,22307,GOLD MUG BONE CHINA TREE OF LIFE,-7,2011-09-23 09:20:00,1.06,12995.0,United Kingdom,-7.42
,22306,SILVER MUG BONE CHINA TREE OF LIFE,-3,2011-09-23 09:20:00,1.06,12995.0,United Kingdom,-3.18
,23169,CLASSIC GLASS COOKIE JAR,-1,2011-09-23 09:23:00,4.15,14911.0,EIRE,-4.15
,22941,CHRISTMAS LIGHTS 10 REINDEER,-1,2011-09-23 10:40:00,8.5,14546.0,United Kingdom,-8.5
,22178,VICTORIAN GLASS HANGING T-LIGHT,-1,2011-09-23 10:40:00,1.95,14546.0,United Kingdom,-1.95
,23092,LARGE ANTIQUE WHITE PHOTO FRAME,-1,2011-09-23 10:40:00,7.9,14546.0,United Kingdom,-7.9
,71477,COLOUR GLASS. STAR T-LIGHT HOLDER,-1,2011-09-23 10:40:00,3.95,14546.0,United Kingdom,-3.95
,21452,TOADSTOOL MONEY BOX,-1,2011-09-23 10:40:00,2.95,14546.0,United Kingdom,-2.95
,22270,HAPPY EASTER HANGING DECORATION,-2,2011-09-23 10:40:00,3.75,14546.0,United Kingdom,-7.5
,22776,SWEETHEART 3 TIER CAKE STAND ,-1,2011-09-23 11:31:00,9.95,13097.0,United Kingdom,-9.95
,M,Manual,-1,2011-09-23 11:31:00,14.95,13097.0,United Kingdom,-14.95
,23181,BULL DOG BOTTLE TOP WALL CLOCK,-1,2011-09-23 11:31:00,8.25,13097.0,United Kingdom,-8.25
,71279,PINK GLASS CANDLEHOLDER,-1,2011-09-23 11:31:00,2.95,13097.0,United Kingdom,-2.95
568052,90209C,,-3,2011-09-23 12:42:00,0.0,,United Kingdom,-0.0
,22634,CHILDS BREAKFAST SET SPACEBOY ,-1,2011-09-23 12:50:00,8.5,17929.0,United Kingdom,-8.5
568079,85197,,-1,2011-09-23 14:35:00,0.0,,United Kingdom,-0.0
568080,44236,,-2,2011-09-23 14:35:00,0.0,,United Kingdom,-0.0
568081,84663A,,-9,2011-09-23 14:36:00,0.0,,United Kingdom,-0.0
568084,84927A,,-7,2011-09-23 14:38:00,0.0,,United Kingdom,-0.0
568087,85049D,,-8,2011-09-23 14:40:00,0.0,,United Kingdom,-0.0
568088,21641,,-49,2011-09-23 14:40:00,0.0,,United Kingdom,-0.0
568089,22245,,-37,2011-09-23 14:41:00,0.0,,United Kingdom,-0.0
568090,20793,,-5,2011-09-23 14:41:00,0.0,,United Kingdom,-0.0
568091,85211,,-3,2011-09-23 14:41:00,0.0,,United Kingdom,-0.0
568093,20773,,-9,2011-09-23 14:42:00,0.0,,United Kingdom,-0.0
,18097C,WHITE TALL PORCELAIN T-LIGHT HOLDER,-288,2011-09-23 14:50:00,1.95,17867.0,United Kingdom,-561.6
,22178,VICTORIAN GLASS HANGING T-LIGHT,-12,2011-09-23 15:12:00,1.95,15804.0,United Kingdom,-23.4
,21820,GLITTER HEART GARLAND WITH BELLS ,-6,2011-09-25 10:43:00,3.75,16689.0,United Kingdom,-22.5
,21821,GLITTER STAR GARLAND WITH BELLS ,-12,2011-09-25 10:43:00,3.75,16689.0,United Kingdom,-45.0
,M,Manual,-144,2011-09-25 10:43:00,0.36,16689.0,United Kingdom,-51.84
,22383,LUNCH BAG SUKI DESIGN ,-1,2011-09-25 12:18:00,1.65,14367.0,United Kingdom,-1.65
,23169,CLASSIC GLASS COOKIE JAR,-2,2011-09-25 12:18:00,4.15,14367.0,United Kingdom,-8.3
,84247E,PACK OF 12 CHRISTMAS FUN CARDS,-11,2011-09-25 13:55:00,2.95,15429.0,United Kingdom,-32.45
,22634,CHILDS BREAKFAST SET SPACEBOY ,-2,2011-09-26 11:27:00,9.95,14808.0,United Kingdom,-19.9
,22635,CHILDS BREAKFAST SET DOLLY GIRL ,-1,2011-09-26 11:27:00,9.95,14808.0,United Kingdom,-9.95
,22492,MINI PAINT SET VINTAGE ,-1,2011-09-26 11:27:00,0.65,14808.0,United Kingdom,-0.65
,23007, SPACEBOY BABY GIFT SET,-3,2011-09-26 11:27:00,16.95,14808.0,United Kingdom,-50.85
,23008,DOLLY GIRL BABY GIFT SET,-2,2011-09-26 11:27:00,16.95,14808.0,United Kingdom,-33.9
,20719,WOODLAND CHARLOTTE BAG,-6,2011-09-26 11:27:00,0.85,14808.0,United Kingdom,-5.1
,22661,CHARLOTTE BAG DOLLY GIRL DESIGN,-10,2011-09-26 11:27:00,0.85,14808.0,United Kingdom,-8.5
,20723,STRAWBERRY CHARLOTTE BAG,-7,2011-09-26 11:27:00,0.85,14808.0,United Kingdom,-5.95
568233,21586,,-147,2011-09-26 11:37:00,0.0,,United Kingdom,-0.0
,22988,SOLDIERS EGG CUP ,-12,2011-09-26 11:59:00,1.25,13481.0,United Kingdom,-15.0
,POST,POSTAGE,-1,2011-09-26 12:04:00,4.5,17172.0,United Kingdom,-4.5
,23169,CLASSIC GLASS COOKIE JAR,-1,2011-09-26 12:21:00,4.15,12583.0,France,-4.15
,22197,POPCORN HOLDER,-13,2011-09-26 12:21:00,0.85,12583.0,France,-11.05
568302,20700,?,-121,2011-09-26 12:46:00,0.0,,United Kingdom,-0.0
,CRUK,CRUK Commission,-1,2011-09-26 15:28:00,447.56,14096.0,United Kingdom,-447.56
,84660A,WHITE STITCHED WALL CLOCK,-1,2011-09-26 15:31:00,0.79,17997.0,United Kingdom,-0.79
,82582,AREA PATROLLED METAL SIGN,-9,2011-09-26 15:34:00,2.1,17997.0,United Kingdom,-18.9
,90199C,5 STRAND GLASS NECKLACE CRYSTAL,-1,2011-09-26 16:43:00,6.35,15154.0,United Kingdom,-6.35
,90199C,5 STRAND GLASS NECKLACE CRYSTAL,-1,2011-09-26 16:43:00,6.35,15154.0,United Kingdom,-6.35
,90162B,ANT SILVER LIME GREEN BOUDICCA RING,-1,2011-09-26 16:43:00,2.95,15154.0,United Kingdom,-2.95
,90148,LONG SILVER NECKLACE PASTEL FLOWER,-1,2011-09-26 16:43:00,12.75,15154.0,United Kingdom,-12.75
,90148,LONG SILVER NECKLACE PASTEL FLOWER,-1,2011-09-26 16:43:00,12.75,15154.0,United Kingdom,-12.75
,90143,SILVER BRACELET W PASTEL FLOWER,-1,2011-09-26 16:43:00,7.5,15154.0,United Kingdom,-7.5
,90143,SILVER BRACELET W PASTEL FLOWER,-1,2011-09-26 16:43:00,7.5,15154.0,United Kingdom,-7.5
568371,22687,,-41,2011-09-26 16:48:00,0.0,,United Kingdom,-0.0
568372,90082D,,-19,2011-09-26 16:54:00,0.0,,United Kingdom,-0.0
,20724,RED RETROSPOT CHARLOTTE BAG,-1,2011-09-27 08:53:00,0.85,14911.0,EIRE,-0.85
,23292,SPACEBOY CHILDRENS CUP,-2,2011-09-27 08:53:00,1.25,14911.0,EIRE,-2.5
,22666,RECIPE BOX PANTRY YELLOW DESIGN,-2,2011-09-27 09:51:00,2.95,15398.0,United Kingdom,-5.9
,22667,RECIPE BOX RETROSPOT ,-3,2011-09-27 09:56:00,2.95,12720.0,Germany,-8.85
,21936,RED RETROSPOT PICNIC BAG,-2,2011-09-27 09:56:00,2.95,12720.0,Germany,-5.9
,22492,MINI PAINT SET VINTAGE ,-35,2011-09-27 10:05:00,0.65,14808.0,United Kingdom,-22.75
,22306,SILVER MUG BONE CHINA TREE OF LIFE,-1,2011-09-27 10:21:00,1.06,17480.0,United Kingdom,-1.06
,22960,JAM MAKING SET WITH JARS,-1,2011-09-27 10:21:00,4.25,17480.0,United Kingdom,-4.25
568401,21394,damages,-35,2011-09-27 10:30:00,0.0,,United Kingdom,-0.0
568403,84905,,-3,2011-09-27 10:35:00,0.0,,United Kingdom,-0.0
568404,22497,,-17,2011-09-27 10:36:00,0.0,,United Kingdom,-0.0
568405,22893,,-42,2011-09-27 10:36:00,0.0,,United Kingdom,-0.0
568406,18094C,,-67,2011-09-27 10:37:00,0.0,,United Kingdom,-0.0
568407,84660A,,-8,2011-09-27 10:38:00,0.0,,United Kingdom,-0.0
,POST,POSTAGE,-1,2011-09-27 10:42:00,80.0,12748.0,United Kingdom,-80.0
,11001,ASSTD DESIGN RACING CAR PEN,-1,2011-09-27 10:54:00,1.69,14456.0,United Kingdom,-1.69
,22327,ROUND SNACK BOXES SET OF 4 SKULLS,-1,2011-09-27 10:54:00,2.95,14456.0,United Kingdom,-2.95
,23148,MINIATURE ANTIQUE ROSE HOOK IVORY,-1,2011-09-27 10:54:00,0.83,14456.0,United Kingdom,-0.83
,22193,RED DINER WALL CLOCK,-1,2011-09-27 11:08:00,7.65,14866.0,United Kingdom,-7.65
,23168,CLASSIC CAFE SUGAR DISPENSER,-6,2011-09-27 11:08:00,1.04,14866.0,United Kingdom,-6.24
,15034,PAPER POCKET TRAVELING FAN ,-144,2011-09-27 11:08:00,0.14,14866.0,United Kingdom,-20.16
,21463,MIRRORED DISCO BALL ,-32,2011-09-27 11:08:00,4.95,14866.0,United Kingdom,-158.4
,22282,12 EGG HOUSE PAINTED WOOD,-1,2011-09-27 11:11:00,12.75,15763.0,United Kingdom,-12.75
,22485,SET OF 2 WOODEN MARKET CRATES,-2,2011-09-27 11:11:00,12.75,15763.0,United Kingdom,-25.5
,51014C,"FEATHER PEN,COAL BLACK",-96,2011-09-27 11:16:00,0.39,13694.0,United Kingdom,-37.44
,51014C,"FEATHER PEN,COAL BLACK",-96,2011-09-27 11:16:00,0.39,13694.0,United Kingdom,-37.44
,22720,SET OF 3 CAKE TINS PANTRY DESIGN ,-1,2011-09-27 11:17:00,4.95,16573.0,United Kingdom,-4.95
,23031,DRAWER KNOB CRACKLE GLAZE PINK,-1,2011-09-27 11:19:00,1.65,16626.0,United Kingdom,-1.65
,23032,DRAWER KNOB CRACKLE GLAZE IVORY,-7,2011-09-27 11:19:00,1.65,16626.0,United Kingdom,-11.55
568442,37327,damages,-131,2011-09-27 11:31:00,0.0,,United Kingdom,-0.0
,22890,NOVELTY BISCUITS CAKE STAND 3 TIER,-1,2011-09-27 11:31:00,9.95,16156.0,United Kingdom,-9.95
,23377,PACK OF 12 DOLLY GIRL TISSUES,-8,2011-09-27 11:31:00,0.39,16156.0,United Kingdom,-3.12
,23108,SET OF 10 LED DOLLY LIGHTS,-1,2011-09-27 11:31:00,6.25,16156.0,United Kingdom,-6.25
,22171,3 HOOK PHOTO SHELF ANTIQUE WHITE,-2,2011-09-27 12:13:00,8.5,16713.0,United Kingdom,-17.0
,23147,SINGLE ANTIQUE ROSE HOOK IVORY,-1,2011-09-27 12:45:00,1.45,14456.0,United Kingdom,-1.45
,23172,REGENCY TEA PLATE PINK,-1,2011-09-27 13:54:00,1.65,14356.0,United Kingdom,-1.65
,22734,SET OF 6 RIBBONS VINTAGE CHRISTMAS,-6,2011-09-27 13:54:00,2.89,14356.0,United Kingdom,-17.34
,22432,WATERING CAN PINK BUNNY,-6,2011-09-27 13:57:00,1.95,12579.0,France,-11.7
568543,84920,,-21,2011-09-27 14:33:00,0.0,,United Kingdom,-0.0
568545,22548,,-70,2011-09-27 14:34:00,0.0,,United Kingdom,-0.0
568546,22409,,-20,2011-09-27 14:35:00,0.0,,United Kingdom,-0.0
,22301,COFFEE MUG CAT + BIRD DESIGN,-4,2011-09-27 15:48:00,2.55,12681.0,France,-10.2
,20682,RED RETROSPOT CHILDRENS UMBRELLA,-1,2011-09-27 15:48:00,3.25,12681.0,France,-3.25
,20956,PORCELAIN T-LIGHT HOLDERS ASSORTED,-2,2011-09-27 16:37:00,1.25,14397.0,United Kingdom,-2.5
,23113,PANTRY CHOPPING BOARD,-1,2011-09-27 16:39:00,4.95,14299.0,United Kingdom,-4.95
,21530,DAIRY MAID TOASTRACK,-18,2011-09-27 16:45:00,0.79,15505.0,United Kingdom,-14.22
,22654,DELUXE SEWING KIT ,-1,2011-09-27 16:48:00,5.95,17002.0,United Kingdom,-5.95
,22558,CLOTHES PEGS RETROSPOT PACK 24 ,-2,2011-09-28 09:04:00,1.65,15358.0,United Kingdom,-3.3
,84625C,BLUE NEW BAROQUE CANDLESTICK CANDLE,-4,2011-09-28 09:05:00,0.85,17581.0,United Kingdom,-3.4
,84625A,PINK NEW BAROQUECANDLESTICK CANDLE,-17,2011-09-28 09:05:00,0.85,17581.0,United Kingdom,-14.45
,23275,SET OF 3 HANGING OWLS OLLIE BEAK,-1,2011-09-28 09:06:00,1.25,15194.0,United Kingdom,-1.25
,22156,HEART DECORATION WITH PEARLS ,-8,2011-09-28 09:06:00,0.85,15194.0,United Kingdom,-6.8
,22154,ANGEL DECORATION 3 BUTTONS ,-3,2011-09-28 09:06:00,0.42,15194.0,United Kingdom,-1.26
,20725,LUNCH BAG RED RETROSPOT,-1,2011-09-28 09:09:00,1.65,13115.0,United Kingdom,-1.65
,85035A,GARDENIA 3 WICK MORRIS BOXED CANDLE,-1,2011-09-28 09:22:00,4.25,13134.0,United Kingdom,-4.25
,72803A,ROSE SCENT CANDLE JEWELLED DRAWER,-1,2011-09-28 09:22:00,4.25,13134.0,United Kingdom,-4.25
,85034A,3 GARDENIA MORRIS BOXED CANDLES,-2,2011-09-28 09:22:00,4.25,13134.0,United Kingdom,-8.5
,21314,SMALL GLASS HEART TRINKET POT,-1,2011-09-28 09:45:00,2.1,14934.0,Channel Islands,-2.1
,22628,PICNIC BOXES SET OF 3 RETROSPOT ,-1,2011-09-28 09:57:00,4.95,12566.0,Germany,-4.95
,22778,GLASS CLOCHE SMALL,-1,2011-09-28 09:59:00,3.95,15804.0,United Kingdom,-3.95
,22236,CAKE STAND 3 TIER MAGIC GARDEN,-1,2011-09-28 10:02:00,12.75,13014.0,United Kingdom,-12.75
,21217,RED RETROSPOT ROUND CAKE TINS,-1,2011-09-28 10:02:00,9.95,13014.0,United Kingdom,-9.95
,21232,STRAWBERRY CERAMIC TRINKET BOX,-3,2011-09-28 10:02:00,1.25,13014.0,United Kingdom,-3.75
,37450,CERAMIC CAKE BOWL + HANGING CAKES,-1,2011-09-28 10:02:00,2.95,13014.0,United Kingdom,-2.95
,22767,TRIPLE PHOTO FRAME CORNICE ,-2,2011-09-28 10:13:00,9.95,15706.0,United Kingdom,-19.9
,23071,MARIE ANTOINETTE TRINKET BOX GOLD,-1,2011-09-28 10:13:00,12.5,15706.0,United Kingdom,-12.5
,85053,FRENCH ENAMEL CANDLEHOLDER,-2,2011-09-28 10:15:00,2.1,18225.0,United Kingdom,-4.2
,21535,RED RETROSPOT SMALL MILK JUG,-3,2011-09-28 10:15:00,2.55,18225.0,United Kingdom,-7.65
,21209,MULTICOLOUR HONEYCOMB FAN,-3,2011-09-28 11:13:00,0.39,16493.0,United Kingdom,-1.17
,21208,PASTEL COLOUR HONEYCOMB FAN,-6,2011-09-28 11:13:00,0.39,16493.0,United Kingdom,-2.34
,21194,PINK  HONEYCOMB PAPER FAN,-2,2011-09-28 11:13:00,0.65,16493.0,United Kingdom,-1.3
,22798,ANTIQUE GLASS DRESSING TABLE POT,-7,2011-09-28 11:17:00,2.95,13089.0,United Kingdom,-20.65
,23393,HOME SWEET HOME CUSHION COVER ,-1,2011-09-28 11:19:00,3.75,15737.0,United Kingdom,-3.75
,23431,NATURAL HANGING QUILTED HEARTS ,-2,2011-09-28 11:19:00,0.83,15737.0,United Kingdom,-1.66
,84032B,CHARLIE + LOLA RED HOT WATER BOTTLE,-2,2011-09-28 11:19:00,2.95,15737.0,United Kingdom,-5.9
,82484,WOOD BLACK BOARD ANT WHITE FINISH,-2,2011-09-28 11:20:00,7.95,14395.0,United Kingdom,-15.9
,21931,JUMBO STORAGE BAG SUKI,-1,2011-09-28 11:21:00,2.08,18223.0,United Kingdom,-2.08
,23404,HOME SWEET HOME BLACKBOARD,-1,2011-09-28 11:22:00,4.95,15696.0,United Kingdom,-4.95
,POST,POSTAGE,-1,2011-09-28 11:45:00,3.38,13430.0,United Kingdom,-3.38
,23408,PHOTO FRAME LINEN AND LACE SMALL,-6,2011-09-28 11:45:00,2.08,13430.0,United Kingdom,-12.48
,23031,DRAWER KNOB CRACKLE GLAZE PINK,-4,2011-09-28 11:51:00,1.65,16626.0,United Kingdom,-6.6
,23032,DRAWER KNOB CRACKLE GLAZE IVORY,-7,2011-09-28 11:51:00,1.65,16626.0,United Kingdom,-11.55
,85048,15CM CHRISTMAS GLASS BALL 20 LIGHTS,-2,2011-09-28 12:50:00,7.95,14911.0,EIRE,-15.9
,23290,SPACEBOY CHILDRENS BOWL,-2,2011-09-28 14:04:00,1.25,12619.0,Germany,-2.5
,23031,DRAWER KNOB CRACKLE GLAZE PINK,-5,2011-09-28 14:42:00,1.65,17841.0,United Kingdom,-8.25
,22494,EMERGENCY FIRST AID TIN ,-1,2011-09-28 14:42:00,1.25,17841.0,United Kingdom,-1.25
,22212,FOUR HOOK  WHITE LOVEBIRDS,-1,2011-09-28 14:42:00,2.1,17841.0,United Kingdom,-2.1
,21927,BLUE/CREAM STRIPE CUSHION COVER ,-3,2011-09-28 14:42:00,1.25,17841.0,United Kingdom,-3.75
,22090,PAPER BUNTING RETROSPOT,-12,2011-09-28 14:55:00,2.95,16321.0,Australia,-35.4
,21198,WHITE HEART CONFETTI IN TUBE,-24,2011-09-28 14:55:00,1.65,16321.0,Australia,-39.6
,22775,PURPLE DRAWERKNOB ACRYLIC EDWARDIAN,-8,2011-09-28 16:04:00,1.25,16332.0,United Kingdom,-10.0
568724,84816,damages,-21,2011-09-28 16:27:00,0.0,,United Kingdom,-0.0
568725,79000,,-209,2011-09-28 16:28:00,0.0,,United Kingdom,-0.0
,84949,SILVER HANGING T-LIGHT HOLDER,-12,2011-09-28 16:59:00,1.65,16389.0,United Kingdom,-19.8
,21363,HOME SMALL WOOD LETTERS,-1,2011-09-29 10:20:00,4.95,17870.0,United Kingdom,-4.95
,M,Manual,-2,2011-09-29 10:34:00,90.0,17450.0,United Kingdom,-180.0
,M,Manual,-1,2011-09-29 10:34:00,2.88,17450.0,United Kingdom,-2.88
,20728,LUNCH BAG CARS BLUE,-9,2011-09-29 11:34:00,1.65,13725.0,United Kingdom,-14.85
,84991,60 TEATIME FAIRY CAKE CASES,-24,2011-09-29 11:34:00,0.55,13725.0,United Kingdom,-13.2
,23286,BLUE VINTAGE SPOT BEAKER,-40,2011-09-29 11:34:00,0.85,13725.0,United Kingdom,-34.0
,23287,RED VINTAGE SPOT BEAKER,-43,2011-09-29 11:34:00,0.85,13725.0,United Kingdom,-36.55
,22730,ALARM CLOCK BAKELIKE IVORY,-1,2011-09-29 11:34:00,3.75,13725.0,United Kingdom,-3.75
,22384,LUNCH BAG PINK POLKADOT,-7,2011-09-29 11:34:00,1.65,13725.0,United Kingdom,-11.55
,22382,LUNCH BAG SPACEBOY DESIGN ,-8,2011-09-29 11:34:00,1.65,13725.0,United Kingdom,-13.2
,21212,PACK OF 72 RETROSPOT CAKE CASES,-5,2011-09-29 11:34:00,0.55,13725.0,United Kingdom,-2.75
,20725,LUNCH BAG RED RETROSPOT,-1,2011-09-29 11:34:00,1.65,13725.0,United Kingdom,-1.65
,20726,LUNCH BAG WOODLAND,-1,2011-09-29 11:34:00,1.65,13725.0,United Kingdom,-1.65
,23113,PANTRY CHOPPING BOARD,-186,2011-09-29 11:35:00,5.15,17450.0,United Kingdom,-957.9
,20725,LUNCH BAG RED RETROSPOT,-50,2011-09-29 12:38:00,1.45,14680.0,United Kingdom,-72.5
,23204,CHARLOTTE BAG APPLES DESIGN,-50,2011-09-29 12:38:00,0.72,14680.0,United Kingdom,-36.0
,23208,LUNCH BAG VINTAGE LEAF DESIGN,-53,2011-09-29 12:38:00,1.45,14680.0,United Kingdom,-76.85
,23207,LUNCH BAG ALPHABET DESIGN,-82,2011-09-29 12:38:00,1.45,14680.0,United Kingdom,-118.9
,84992,72 SWEETHEART FAIRY CAKE CASES,-72,2011-09-29 12:38:00,0.42,14680.0,United Kingdom,-30.24
,21212,PACK OF 72 RETROSPOT CAKE CASES,-72,2011-09-29 12:38:00,0.42,14680.0,United Kingdom,-30.24
,21975,PACK OF 60 DINOSAUR CAKE CASES,-23,2011-09-29 12:38:00,0.42,14680.0,United Kingdom,-9.66
,22355,CHARLOTTE BAG SUKI DESIGN,-4,2011-09-29 12:38:00,0.72,14680.0,United Kingdom,-2.88
,20719,WOODLAND CHARLOTTE BAG,-20,2011-09-29 12:38:00,0.72,14680.0,United Kingdom,-14.4
,22356,CHARLOTTE BAG PINK POLKADOT,-13,2011-09-29 12:38:00,0.72,14680.0,United Kingdom,-9.36
,23205,CHARLOTTE BAG VINTAGE ALPHABET ,-70,2011-09-29 12:38:00,0.72,14680.0,United Kingdom,-50.4
,20728,LUNCH BAG CARS BLUE,-13,2011-09-29 12:38:00,1.45,14680.0,United Kingdom,-18.85
,84032B,CHARLIE + LOLA RED HOT WATER BOTTLE,-4,2011-09-29 12:38:00,2.95,14680.0,United Kingdom,-11.8
,84032A,CHARLIE+LOLA PINK HOT WATER BOTTLE,-4,2011-09-29 12:38:00,2.95,14680.0,United Kingdom,-11.8
,22112,CHOCOLATE HOT WATER BOTTLE,-7,2011-09-29 12:38:00,4.95,14680.0,United Kingdom,-34.65
,47566,PARTY BUNTING,-3,2011-09-29 12:38:00,4.15,14680.0,United Kingdom,-12.45
,21479,WHITE SKULL HOT WATER BOTTLE ,-22,2011-09-29 12:38:00,3.75,14680.0,United Kingdom,-82.5
,47566B,TEA TIME PARTY BUNTING,-33,2011-09-29 12:38:00,4.15,14680.0,United Kingdom,-136.95
,21668,RED STRIPE CERAMIC DRAWER KNOB,-6,2011-09-29 12:38:00,1.45,14680.0,United Kingdom,-8.7
,22354,RETROSPOT PADDED SEAT CUSHION,-1,2011-09-29 12:38:00,3.39,14680.0,United Kingdom,-3.39
,21936,RED RETROSPOT PICNIC BAG,-19,2011-09-29 12:38:00,2.95,14680.0,United Kingdom,-56.05
,22774,RED DRAWER KNOB ACRYLIC EDWARDIAN,-14,2011-09-29 12:38:00,1.25,14680.0,United Kingdom,-17.5
,22772,PINK DRAWER KNOB ACRYLIC EDWARDIAN,-2,2011-09-29 12:38:00,1.25,14680.0,United Kingdom,-2.5
,22771,CLEAR DRAWER KNOB ACRYLIC EDWARDIAN,-14,2011-09-29 12:38:00,1.25,14680.0,United Kingdom,-17.5
,22775,PURPLE DRAWERKNOB ACRYLIC EDWARDIAN,-20,2011-09-29 12:38:00,1.25,14680.0,United Kingdom,-25.0
,23256,CHILDRENS CUTLERY SPACEBOY ,-68,2011-09-29 12:38:00,3.75,14680.0,United Kingdom,-255.0
,85099B,JUMBO BAG RED RETROSPOT,-100,2011-09-29 12:49:00,1.79,14680.0,United Kingdom,-179.0
,23199,JUMBO BAG APPLES,-50,2011-09-29 12:49:00,1.79,14680.0,United Kingdom,-89.5
,47566,PARTY BUNTING,-50,2011-09-29 12:49:00,4.15,14680.0,United Kingdom,-207.5
,23292,SPACEBOY CHILDRENS CUP,-1,2011-09-29 13:20:00,1.25,12619.0,Germany,-1.25
,22068,BLACK PIRATE TREASURE CHEST,-12,2011-09-29 13:29:00,1.65,16156.0,United Kingdom,-19.8
,21801,CHRISTMAS TREE DECORATION WITH BELL,-36,2011-09-29 13:44:00,0.42,15050.0,United Kingdom,-15.12
,22659,LUNCH BOX I LOVE LONDON,-36,2011-09-30 10:40:00,1.65,15061.0,United Kingdom,-59.4
,23110,PARISIENNE KEY CABINET ,-1,2011-09-30 10:42:00,5.75,16240.0,United Kingdom,-5.75
,22489,PACK OF 12 TRADITIONAL CRAYONS,-1,2011-09-30 10:42:00,0.42,16240.0,United Kingdom,-0.42
,23345, DOLLY GIRL BEAKER,-1,2011-09-30 10:46:00,1.25,12940.0,United Kingdom,-1.25
,23174,REGENCY SUGAR BOWL GREEN,-2,2011-09-30 10:46:00,4.15,12940.0,United Kingdom,-8.3
,22423,REGENCY CAKESTAND 3 TIER,-1,2011-09-30 10:46:00,12.75,12940.0,United Kingdom,-12.75
569098,21098,damages?,-231,2011-09-30 12:09:00,0.0,,United Kingdom,-0.0
569102,21098,,-129,2011-09-30 12:25:00,0.0,,United Kingdom,-0.0
,22039,BOTANICAL LILY GIFT WRAP,-25,2011-09-30 12:40:00,0.42,15150.0,United Kingdom,-10.5
,23032,DRAWER KNOB CRACKLE GLAZE IVORY,-3,2011-09-30 12:44:00,1.65,16523.0,United Kingdom,-4.95
,23425,STORAGE TIN HOME SWEET HOME,-2,2011-09-30 12:47:00,2.49,17405.0,United Kingdom,-4.98
,22720,SET OF 3 CAKE TINS PANTRY DESIGN ,-1,2011-09-30 12:47:00,4.95,17405.0,United Kingdom,-4.95
,22364,GLASS JAR DIGESTIVE BISCUITS,-1,2011-09-30 12:47:00,2.95,17405.0,United Kingdom,-2.95
,22362,GLASS JAR PEACOCK BATH SALTS,-3,2011-09-30 12:47:00,2.95,17405.0,United Kingdom,-8.85
,22357,KINGS CHOICE BISCUIT TIN,-2,2011-09-30 12:47:00,4.25,17405.0,United Kingdom,-8.5
,85160B,BLACK BIRD GARDEN DESIGN MUG,-2,2011-09-30 12:47:00,0.39,17405.0,United Kingdom,-0.78
,20914,SET/5 RED RETROSPOT LID GLASS BOWLS,-1,2011-09-30 12:47:00,2.95,17405.0,United Kingdom,-2.95
,23045,PAPER LANTERN 5 POINT STAR MOON ,-20,2011-09-30 12:50:00,4.15,13426.0,United Kingdom,-83.0
,23171,REGENCY TEA PLATE GREEN ,-3,2011-09-30 12:50:00,1.65,14911.0,EIRE,-4.95
,23172,REGENCY TEA PLATE PINK,-2,2011-09-30 12:50:00,1.65,14911.0,EIRE,-3.3
,23170,REGENCY TEA PLATE ROSES ,-1,2011-09-30 12:50:00,1.65,14911.0,EIRE,-1.65
,22698,PINK REGENCY TEACUP AND SAUCER,-1,2011-09-30 12:50:00,2.95,14911.0,EIRE,-2.95
,22607,WOODEN ROUNDERS GARDEN SET ,-1,2011-09-30 12:50:00,9.95,14911.0,EIRE,-9.95
,22699,ROSES REGENCY TEACUP AND SAUCER ,-2,2011-09-30 12:50:00,2.95,14911.0,EIRE,-5.9
,22832,BROCANTE SHELF WITH HOOKS,-2,2011-09-30 12:50:00,10.75,14911.0,EIRE,-21.5
,22601,CHRISTMAS RETROSPOT ANGEL WOOD,-2,2011-09-30 12:50:00,0.85,14911.0,EIRE,-1.7
,22494,EMERGENCY FIRST AID TIN ,-7,2011-09-30 12:50:00,1.25,14911.0,EIRE,-8.75
,22487,WHITE WOOD GARDEN PLANT LADDER,-1,2011-09-30 12:50:00,9.95,14911.0,EIRE,-9.95
,22423,REGENCY CAKESTAND 3 TIER,-1,2011-09-30 12:50:00,12.75,14911.0,EIRE,-12.75
,22197,POPCORN HOLDER,-1,2011-09-30 12:50:00,0.85,14911.0,EIRE,-0.85
,POST,POSTAGE,-1,2011-09-30 12:51:00,7.62,13426.0,United Kingdom,-7.62
,22596,CHRISTMAS STAR WISH LIST CHALKBOARD,-12,2011-09-30 12:52:00,1.25,13320.0,United Kingdom,-15.0
,23409,PHOTO FRAME LINEN AND LACE LARGE,-1,2011-09-30 12:54:00,3.75,17506.0,United Kingdom,-3.75
,23408,PHOTO FRAME LINEN AND LACE SMALL,-2,2011-09-30 12:54:00,2.08,17506.0,United Kingdom,-4.16
,21915,RED  HARMONICA IN BOX ,-1,2011-09-30 12:57:00,1.25,14194.0,United Kingdom,-1.25
,84978,HANGING HEART JAR T-LIGHT HOLDER,-1,2011-09-30 12:57:00,1.25,14194.0,United Kingdom,-1.25
,22892,SET OF SALT AND PEPPER TOADSTOOLS,-1,2011-09-30 12:57:00,1.25,14194.0,United Kingdom,-1.25
569121,21244,,-38,2011-09-30 13:03:00,0.0,,United Kingdom,-0.0
,21733,RED HANGING HEART T-LIGHT HOLDER,-1,2011-09-30 13:34:00,2.95,15034.0,United Kingdom,-2.95
,22729,ALARM CLOCK BAKELIKE ORANGE,-1,2011-09-30 13:34:00,3.75,15034.0,United Kingdom,-3.75
,22727,ALARM CLOCK BAKELIKE RED ,-1,2011-09-30 13:34:00,3.75,15034.0,United Kingdom,-3.75
,22726,ALARM CLOCK BAKELIKE GREEN,-2,2011-09-30 13:34:00,3.75,15034.0,United Kingdom,-7.5
569131,22927,damaged,-5,2011-09-30 13:49:00,0.0,,United Kingdom,-0.0
,23118,PARISIENNE JEWELLERY DRAWER ,-1,2011-09-30 14:48:00,7.5,14911.0,EIRE,-7.5
,85114B,IVORY ENCHANTED FOREST PLACEMAT,-2,2011-10-02 15:26:00,1.65,17841.0,United Kingdom,-3.3
,22350,ILLUSTRATED CAT BOWL ,-1,2011-10-02 15:26:00,2.55,17841.0,United Kingdom,-2.55
,22467,GUMBALL COAT RACK,-2,2011-10-02 15:26:00,2.55,17841.0,United Kingdom,-5.1
,CRUK,CRUK Commission,-1,2011-10-03 09:57:00,361.59,14096.0,United Kingdom,-361.59
,85066,CREAM SWEETHEART MINI CHEST,-1,2011-10-03 10:37:00,12.75,12957.0,United Kingdom,-12.75
569256,20774,damaged,-14,2011-10-03 11:15:00,0.0,,United Kingdom,-0.0
,22628,PICNIC BOXES SET OF 3 RETROSPOT ,-1,2011-10-03 12:14:00,4.95,13505.0,Switzerland,-4.95
,22328,ROUND SNACK BOXES SET OF 4 FRUITS ,-3,2011-10-03 12:14:00,2.95,13505.0,Switzerland,-8.85
,22326,ROUND SNACK BOXES SET OF4 WOODLAND ,-1,2011-10-03 12:14:00,2.95,13505.0,Switzerland,-2.95
,23112,PARISIENNE CURIO CABINET,-2,2011-10-03 12:19:00,7.5,15301.0,United Kingdom,-15.0
,22635,CHILDS BREAKFAST SET DOLLY GIRL ,-2,2011-10-03 12:19:00,9.95,15301.0,United Kingdom,-19.9
569335,84660A,damaged,-15,2011-10-03 13:57:00,0.0,,United Kingdom,-0.0
569341,82600,historic computer difference?....se,-458,2011-10-03 14:19:00,0.0,,United Kingdom,-0.0
569347,85086A,,-6,2011-10-03 14:38:00,0.0,,United Kingdom,-0.0
,22221,CAKE STAND LOVEBIRD 2 TIER PINK,-1,2011-10-03 15:41:00,9.95,12484.0,Spain,-9.95
569376,85106,,-9,2011-10-03 16:29:00,0.0,,United Kingdom,-0.0
569377,22784,,-14,2011-10-03 16:30:00,0.0,,United Kingdom,-0.0
569378,72799F,,-5,2011-10-03 16:31:00,0.0,,United Kingdom,-0.0
569379,16015,,-69,2011-10-03 16:33:00,0.0,,United Kingdom,-0.0
569380,21809,,-140,2011-10-03 16:40:00,0.0,,United Kingdom,-0.0
,23284,DOORMAT KEEP CALM AND COME IN,-200,2011-10-03 16:49:00,7.08,14031.0,United Kingdom,-1416.0
,M,Manual,-1,2011-10-03 16:53:00,152.78,15502.0,United Kingdom,-152.78
,M,Manual,-1,2011-10-03 16:53:00,32.22,15502.0,United Kingdom,-32.22
,M,Manual,-1,2011-10-03 16:53:00,120.0,15502.0,United Kingdom,-120.0
569391,84625C,,-32,2011-10-03 17:13:00,0.0,,United Kingdom,-0.0
569392,47504K,,-275,2011-10-03 17:15:00,0.0,,United Kingdom,-0.0
569393,23152,,-23,2011-10-03 17:15:00,0.0,,United Kingdom,-0.0
569394,21163,,-70,2011-10-03 17:16:00,0.0,,United Kingdom,-0.0
,22945,CHRISTMAS METAL TAGS ASSORTED ,-6,2011-10-03 17:18:00,0.85,14188.0,United Kingdom,-5.1
,46000S,POLYESTER FILLER PAD 40x40cm,-8,2011-10-04 09:48:00,1.45,13364.0,United Kingdom,-11.6
,23574,PACKING CHARGE,-1,2011-10-04 09:48:00,7.5,13364.0,United Kingdom,-7.5
,23396,LE JARDIN BOTANIQUE CUSHION COVER,-4,2011-10-04 09:48:00,3.75,13364.0,United Kingdom,-15.0
,23393,HOME SWEET HOME CUSHION COVER ,-4,2011-10-04 09:48:00,3.75,13364.0,United Kingdom,-15.0
,23034,DRAWER KNOB CERAMIC BLACK,-6,2011-10-04 09:48:00,1.45,13364.0,United Kingdom,-8.7
,23032,DRAWER KNOB CRACKLE GLAZE IVORY,-6,2011-10-04 09:48:00,1.65,13364.0,United Kingdom,-9.9
,23029,DRAWER KNOB CRACKLE GLAZE GREEN,-6,2011-10-04 09:48:00,1.65,13364.0,United Kingdom,-9.9
,23026,DRAWER KNOB VINTAGE GLASS STAR,-12,2011-10-04 09:48:00,2.08,13364.0,United Kingdom,-24.96
,22805,BLUE DRAWER KNOB ACRYLIC EDWARDIAN,-12,2011-10-04 09:48:00,1.25,13364.0,United Kingdom,-15.0
,21669,BLUE STRIPE CERAMIC DRAWER KNOB,-12,2011-10-04 09:48:00,1.45,13364.0,United Kingdom,-17.4
,22592,CARDHOLDER HOLLY WREATH METAL,-1,2011-10-04 10:37:00,3.75,15339.0,United Kingdom,-3.75
,22423,REGENCY CAKESTAND 3 TIER,-1,2011-10-04 10:37:00,12.75,15339.0,United Kingdom,-12.75
,20979,36 PENCILS TUBE RED RETROSPOT,-16,2011-10-04 10:38:00,1.25,12546.0,Spain,-20.0
,22768,FAMILY PHOTO FRAME CORNICE,-2,2011-10-04 11:22:00,9.95,17675.0,United Kingdom,-19.9
,22767,TRIPLE PHOTO FRAME CORNICE ,-2,2011-10-04 11:22:00,9.95,17675.0,United Kingdom,-19.9
569464,23268,Incorrect stock entry.,-1440,2011-10-04 11:40:00,0.0,,United Kingdom,-0.0
569465,23269,incorrect stock entry.,-1440,2011-10-04 11:41:00,0.0,,United Kingdom,-0.0
569466,23270,incorrect stock entry.,-2880,2011-10-04 11:42:00,0.0,,United Kingdom,-0.0
,23236,STORAGE TIN VINTAGE DOILY ,-1,2011-10-04 12:47:00,2.89,12705.0,Germany,-2.89
,23241,TREASURE TIN GYMKHANA DESIGN,-2,2011-10-04 12:47:00,2.08,12705.0,Germany,-4.16
,15056N,EDWARDIAN PARASOL NATURAL,-33,2011-10-04 13:15:00,5.95,12457.0,Cyprus,-196.35
,21843,RED RETROSPOT CAKE STAND,-1,2011-10-04 13:43:00,10.95,,Hong Kong,-10.95
,22488,NATURAL SLATE RECTANGLE CHALKBOARD,-4,2011-10-04 14:48:00,1.65,16474.0,United Kingdom,-6.6
,22457,NATURAL SLATE HEART CHALKBOARD ,-1,2011-10-04 14:48:00,2.95,16474.0,United Kingdom,-2.95
,22796,PHOTO FRAME 3 CLASSIC HANGING,-1,2011-10-04 14:51:00,9.95,15044.0,United Kingdom,-9.95
,23112,PARISIENNE CURIO CABINET,-1,2011-10-04 17:22:00,7.5,14834.0,United Kingdom,-7.5
,85123A,WHITE HANGING HEART T-LIGHT HOLDER,-1,2011-10-04 17:31:00,2.95,18053.0,United Kingdom,-2.95
,20726,LUNCH BAG WOODLAND,-10,2011-10-04 17:32:00,1.65,15955.0,United Kingdom,-16.5
,15034,PAPER POCKET TRAVELING FAN ,-1200,2011-10-04 17:44:00,0.07,14533.0,United Kingdom,-84.0
,23131,MISTLETOE HEART WREATH CREAM,-1,2011-10-04 17:48:00,4.15,16362.0,United Kingdom,-4.15
,84947,ANTIQUE SILVER TEA GLASS ENGRAVED,-3,2011-10-04 17:48:00,1.25,16362.0,United Kingdom,-3.75
,22197,POPCORN HOLDER,-3,2011-10-04 17:51:00,0.85,16401.0,United Kingdom,-2.55
,20727,LUNCH BAG  BLACK SKULL.,-2,2011-10-04 17:51:00,1.65,16401.0,United Kingdom,-3.3
,22996,TRAVEL CARD WALLET VINTAGE TICKET,-4,2011-10-05 12:14:00,0.42,12841.0,United Kingdom,-1.68
,22998,TRAVEL CARD WALLET KEEP CALM,-2,2011-10-05 12:14:00,0.42,12841.0,United Kingdom,-0.84
,22997,TRAVEL CARD WALLET UNION JACK,-2,2011-10-05 12:14:00,0.42,12841.0,United Kingdom,-0.84
,22994,TRAVEL CARD WALLET RETROSPOT,-1,2011-10-05 12:14:00,0.42,12841.0,United Kingdom,-0.42
,23002,TRAVEL CARD WALLET SKULLS,-5,2011-10-05 12:14:00,0.42,12841.0,United Kingdom,-2.1
,22964,3 PIECE SPACEBOY COOKIE CUTTER SET,-1,2011-10-05 12:14:00,2.1,12841.0,United Kingdom,-2.1
,23295,SET OF 12 MINI LOAF BAKING CASES,-1,2011-10-05 12:14:00,0.83,12841.0,United Kingdom,-0.83
,47566B,TEA TIME PARTY BUNTING,-3,2011-10-05 12:14:00,4.95,12841.0,United Kingdom,-14.85
,47566,PARTY BUNTING,-11,2011-10-05 12:14:00,4.95,12841.0,United Kingdom,-54.45
,23004,TRAVEL CARD WALLET PANTRY,-2,2011-10-05 12:14:00,0.42,12841.0,United Kingdom,-0.84
,23298,SPOTTY BUNTING,-1,2011-10-05 12:14:00,4.95,12841.0,United Kingdom,-4.95
,23297,SET 40 HEART SHAPE PETIT FOUR CASES,-4,2011-10-05 12:14:00,1.65,12841.0,United Kingdom,-6.6
,22993,SET OF 4 PANTRY JELLY MOULDS,-2,2011-10-05 12:14:00,1.25,12841.0,United Kingdom,-2.5
,23299,FOOD COVER WITH BEADS SET 2 ,-2,2011-10-05 12:14:00,3.75,12841.0,United Kingdom,-7.5
,23307,SET OF 60 PANTRY DESIGN CAKE CASES ,-22,2011-10-05 12:14:00,0.55,12841.0,United Kingdom,-12.1
,22960,JAM MAKING SET WITH JARS,-2,2011-10-05 12:14:00,4.25,12841.0,United Kingdom,-8.5
,22910,PAPER CHAIN KIT VINTAGE CHRISTMAS,-6,2011-10-05 12:14:00,2.95,12841.0,United Kingdom,-17.7
,22694,WICKER STAR ,-2,2011-10-05 12:14:00,2.1,12841.0,United Kingdom,-4.2
,22470,HEART OF WICKER LARGE,-1,2011-10-05 12:14:00,2.95,12841.0,United Kingdom,-2.95
,23112,PARISIENNE CURIO CABINET,-1,2011-10-05 12:31:00,7.5,14534.0,United Kingdom,-7.5
,22990,COTTON APRON PANTRY DESIGN,-2,2011-10-05 12:58:00,4.95,14534.0,United Kingdom,-9.9
,47566,PARTY BUNTING,-1,2011-10-05 12:58:00,4.95,14534.0,United Kingdom,-4.95
,22971,QUEENS GUARD COFFEE MUG,-4,2011-10-05 12:58:00,2.55,14534.0,United Kingdom,-10.2
,21395,BLUE POLKADOT BEAKER ,-6,2011-10-05 12:58:00,0.39,14534.0,United Kingdom,-2.34
,21394,RED POLKADOT BEAKER ,-6,2011-10-05 12:58:00,0.39,14534.0,United Kingdom,-2.34
,22728,ALARM CLOCK BAKELIKE PINK,-1,2011-10-05 12:58:00,3.75,14534.0,United Kingdom,-3.75
,22730,ALARM CLOCK BAKELIKE IVORY,-1,2011-10-05 12:58:00,3.75,14534.0,United Kingdom,-3.75
,22727,ALARM CLOCK BAKELIKE RED ,-2,2011-10-05 12:58:00,3.75,14534.0,United Kingdom,-7.5
,22729,ALARM CLOCK BAKELIKE ORANGE,-2,2011-10-05 12:58:00,3.75,14534.0,United Kingdom,-7.5
,20728,LUNCH BAG CARS BLUE,-1,2011-10-05 12:58:00,1.65,14534.0,United Kingdom,-1.65
,84380,SET OF 3 BUTTERFLY COOKIE CUTTERS,-1,2011-10-05 12:58:00,1.45,14534.0,United Kingdom,-1.45
,23188,VINTAGE  2 METRE FOLDING RULER,-1,2011-10-05 12:58:00,1.65,14534.0,United Kingdom,-1.65
,22961,JAM MAKING SET PRINTED,-1,2011-10-05 12:58:00,1.45,14534.0,United Kingdom,-1.45
,23309,SET OF 60 I LOVE LONDON CAKE CASES ,-1,2011-10-05 12:58:00,0.55,14534.0,United Kingdom,-0.55
,22911,PAPER CHAIN KIT LONDON,-3,2011-10-05 12:58:00,2.95,14534.0,United Kingdom,-8.85
,23207,LUNCH BAG ALPHABET DESIGN,-2,2011-10-05 12:58:00,1.65,14534.0,United Kingdom,-3.3
,22383,LUNCH BAG SUKI DESIGN ,-2,2011-10-05 12:58:00,1.65,14534.0,United Kingdom,-3.3
,22477,WATERING CAN GARDEN MARKER,-1,2011-10-05 12:58:00,1.25,14534.0,United Kingdom,-1.25
,23302,KNEELING MAT HOUSEWORK  DESIGN,-1,2011-10-05 12:58:00,1.65,14534.0,United Kingdom,-1.65
,23300,GARDENERS KNEELING PAD CUP OF TEA ,-2,2011-10-05 12:58:00,1.65,14534.0,United Kingdom,-3.3
,23301,GARDENERS KNEELING PAD KEEP CALM ,-1,2011-10-05 12:58:00,1.65,14534.0,United Kingdom,-1.65
,22963,JAM JAR WITH GREEN LID,-12,2011-10-05 12:58:00,0.85,14534.0,United Kingdom,-10.2
,22993,SET OF 4 PANTRY JELLY MOULDS,-3,2011-10-05 12:58:00,1.25,14534.0,United Kingdom,-3.75
,22962,JAM JAR WITH PINK LID,-12,2011-10-05 12:58:00,0.85,14534.0,United Kingdom,-10.2
,22659,LUNCH BOX I LOVE LONDON,-2,2011-10-05 12:58:00,1.95,14534.0,United Kingdom,-3.9
,22964,3 PIECE SPACEBOY COOKIE CUTTER SET,-1,2011-10-05 12:58:00,2.1,14534.0,United Kingdom,-2.1
,22382,LUNCH BAG SPACEBOY DESIGN ,-7,2011-10-05 12:58:00,1.65,14534.0,United Kingdom,-11.55
,22961,JAM MAKING SET PRINTED,-2,2011-10-05 12:58:00,1.45,14534.0,United Kingdom,-2.9
,22966,GINGERBREAD MAN COOKIE CUTTER,-2,2011-10-05 12:58:00,1.25,14534.0,United Kingdom,-2.5
,22991,GIRAFFE WOODEN RULER,-2,2011-10-05 12:58:00,1.95,14534.0,United Kingdom,-3.9
,22992,REVOLVER WOODEN RULER ,-3,2011-10-05 12:58:00,1.95,14534.0,United Kingdom,-5.85
,21925,UNION STRIPE CUSHION COVER ,-2,2011-10-05 13:29:00,1.25,17841.0,United Kingdom,-2.5
,21381,MINI WOODEN HAPPY BIRTHDAY GARLAND,-1,2011-10-05 13:29:00,1.69,17841.0,United Kingdom,-1.69
,21670,BLUE SPOT CERAMIC DRAWER KNOB,-1,2011-10-05 13:29:00,1.45,17841.0,United Kingdom,-1.45
,23239,SET OF 4 KNICK KNACK TINS POPPIES,-6,2011-10-05 14:33:00,4.15,15351.0,United Kingdom,-24.9
,11001,ASSTD DESIGN RACING CAR PEN,-2,2011-10-05 14:33:00,1.69,15351.0,United Kingdom,-3.38
,23397,FOOT STOOL HOME SWEET HOME ,-1,2011-10-05 14:33:00,9.95,15351.0,United Kingdom,-9.95
,84968C,SET OF 16 VINTAGE PISTACHIO CUTLERY,-1,2011-10-05 14:33:00,12.75,15351.0,United Kingdom,-12.75
,POST,POSTAGE,-1,2011-10-06 09:57:00,18.0,12500.0,Germany,-18.0
,78033,FLAG OF ST GEORGE CHAIR,-2,2011-10-06 09:57:00,5.95,12500.0,Germany,-11.9
,20713,JUMBO BAG OWLS,-30,2011-10-06 10:57:00,2.08,15769.0,United Kingdom,-62.4
,23199,JUMBO BAG APPLES,-120,2011-10-06 10:57:00,1.79,15769.0,United Kingdom,-214.8
,23200,JUMBO BAG PEARS,-120,2011-10-06 10:57:00,1.79,15769.0,United Kingdom,-214.8
,22389,PAPERWEIGHT SAVE THE PLANET,-100,2011-10-06 10:57:00,2.1,15769.0,United Kingdom,-210.0
,85099B,JUMBO BAG RED RETROSPOT,-140,2011-10-06 10:57:00,1.79,15769.0,United Kingdom,-250.6
,85099F,JUMBO BAG STRAWBERRY,-120,2011-10-06 10:57:00,1.79,15769.0,United Kingdom,-214.8
,23202,JUMBO BAG VINTAGE LEAF,-110,2011-10-06 10:57:00,1.79,15769.0,United Kingdom,-196.9
,85099C,JUMBO  BAG BAROQUE BLACK WHITE,-130,2011-10-06 10:57:00,1.79,15769.0,United Kingdom,-232.7
,21928,JUMBO BAG SCANDINAVIAN BLUE PAISLEY,-100,2011-10-06 10:57:00,1.79,15769.0,United Kingdom,-179.0
,23201,JUMBO BAG ALPHABET,-110,2011-10-06 10:57:00,1.79,15769.0,United Kingdom,-196.9
,21929,JUMBO BAG PINK VINTAGE PAISLEY,-100,2011-10-06 10:57:00,1.79,15769.0,United Kingdom,-179.0
,23343,JUMBO BAG VINTAGE CHRISTMAS ,-40,2011-10-06 10:57:00,2.08,15769.0,United Kingdom,-83.2
,23344,JUMBO BAG 50'S CHRISTMAS ,-30,2011-10-06 10:57:00,2.08,15769.0,United Kingdom,-62.4
,22411,JUMBO SHOPPER VINTAGE RED PAISLEY,-130,2011-10-06 10:57:00,1.79,15769.0,United Kingdom,-232.7
,23203,JUMBO BAG VINTAGE DOILY ,-220,2011-10-06 10:57:00,1.79,15769.0,United Kingdom,-393.8
,22794,SWEETHEART WIRE MAGAZINE RACK,-1,2011-10-06 11:40:00,7.95,17813.0,United Kingdom,-7.95
569817,21870,,-26,2011-10-06 12:09:00,0.0,,United Kingdom,-0.0
,D,Discount,-1,2011-10-06 12:37:00,16.74,14527.0,United Kingdom,-16.74
,D,Discount,-1,2011-10-06 12:37:00,16.07,14527.0,United Kingdom,-16.07
569831,20713,wrongly coded-23343,-800,2011-10-06 12:38:00,0.0,,United Kingdom,-0.0
,21537,RED RETROSPOT PUDDING BOWL,-1,2011-10-06 14:02:00,3.75,17511.0,United Kingdom,-3.75
,22197,POPCORN HOLDER,-1,2011-10-06 14:02:00,0.72,17511.0,United Kingdom,-0.72
,22384,LUNCH BAG PINK POLKADOT,-1,2011-10-06 14:02:00,1.45,17511.0,United Kingdom,-1.45
,20725,LUNCH BAG RED RETROSPOT,-1,2011-10-06 14:02:00,1.45,17511.0,United Kingdom,-1.45
,23209,LUNCH BAG VINTAGE DOILY ,-1,2011-10-06 14:02:00,1.45,17511.0,United Kingdom,-1.45
,22605,WOODEN CROQUET GARDEN SET,-1,2011-10-06 14:02:00,12.75,17511.0,United Kingdom,-12.75
569854,35954,counted,-430,2011-10-06 14:26:00,0.0,,United Kingdom,-0.0
569855,23412,?,-30,2011-10-06 14:27:00,0.0,,United Kingdom,-0.0
569874,90180A,stock check,-32,2011-10-06 15:06:00,0.0,,United Kingdom,-0.0
569875,90195A,check,-45,2011-10-06 15:07:00,0.0,,United Kingdom,-0.0
569876,90210D,check,-28,2011-10-06 15:08:00,0.0,,United Kingdom,-0.0
569877,90210C,,-10,2011-10-06 15:09:00,0.0,,United Kingdom,-0.0
569878,90057,crushed boxes,-380,2011-10-06 15:12:00,0.0,,United Kingdom,-0.0
569879,90012B,check,-5,2011-10-06 15:13:00,0.0,,United Kingdom,-0.0
569880,90012A,stock check,-18,2011-10-06 15:14:00,0.0,,United Kingdom,-0.0
569881,90014C,,-8,2011-10-06 15:14:00,0.0,,United Kingdom,-0.0
569882,90014B,,-1,2011-10-06 15:15:00,0.0,,United Kingdom,-0.0
569883,90014A,check,-12,2011-10-06 15:16:00,0.0,,United Kingdom,-0.0
569884,90164B,,-14,2011-10-06 15:16:00,0.0,,United Kingdom,-0.0
569885,90164A,,-15,2011-10-06 15:17:00,0.0,,United Kingdom,-0.0
569886,90191,??,-60,2011-10-06 15:24:00,0.0,,United Kingdom,-0.0
,84609,TALL ROCOCO CANDLE HOLDER,-2,2011-10-06 15:46:00,8.5,13924.0,United Kingdom,-17.0
,23407,SET OF 2 TRAYS HOME SWEET HOME,-2,2011-10-06 15:46:00,9.95,13924.0,United Kingdom,-19.9
,23263,SET OF 3 WOODEN HEART DECORATIONS,-1,2011-10-06 15:46:00,1.25,13924.0,United Kingdom,-1.25
,23165,LARGE CERAMIC TOP STORAGE JAR,-2,2011-10-06 15:46:00,1.65,13924.0,United Kingdom,-3.3
,22720,SET OF 3 CAKE TINS PANTRY DESIGN ,-2,2011-10-06 15:46:00,4.95,13924.0,United Kingdom,-9.9
,22588,CARD HOLDER GINGHAM HEART,-1,2011-10-06 15:46:00,2.89,13924.0,United Kingdom,-2.89
,22294,HEART FILIGREE DOVE  SMALL,-8,2011-10-06 15:46:00,1.25,13924.0,United Kingdom,-10.0
,21722,SWEET PUDDING STICKER SHEET,-1,2011-10-06 15:46:00,0.85,13924.0,United Kingdom,-0.85
,23092,LARGE ANTIQUE WHITE PHOTO FRAME,-1,2011-10-06 16:20:00,7.9,13647.0,United Kingdom,-7.9
,23322,LARGE WHITE HEART OF WICKER,-2,2011-10-06 16:41:00,2.95,16782.0,United Kingdom,-5.9
,22891,TEA FOR ONE POLKADOT,-1,2011-10-06 16:43:00,4.25,17611.0,United Kingdom,-4.25
,22169,FAMILY ALBUM WHITE PICTURE FRAME,-1,2011-10-06 16:43:00,8.5,17611.0,United Kingdom,-8.5
,23236,STORAGE TIN VINTAGE DOILY ,-1,2011-10-06 16:47:00,2.89,16653.0,United Kingdom,-2.89
,23245,SET OF 3 REGENCY CAKE TINS,-2,2011-10-06 16:47:00,4.95,16653.0,United Kingdom,-9.9
,22720,SET OF 3 CAKE TINS PANTRY DESIGN ,-3,2011-10-06 16:47:00,4.95,16653.0,United Kingdom,-14.85
,23079,TOADSTOOL BEDSIDE LIGHT ,-1,2011-10-06 16:47:00,8.95,16653.0,United Kingdom,-8.95
,22699,ROSES REGENCY TEACUP AND SAUCER ,-1,2011-10-06 16:47:00,2.95,16653.0,United Kingdom,-2.95
,21534,DAIRY MAID LARGE MILK JUG,-1,2011-10-06 16:47:00,4.95,16653.0,United Kingdom,-4.95
,84946,ANTIQUE SILVER T-LIGHT GLASS,-1,2011-10-06 16:47:00,1.25,16653.0,United Kingdom,-1.25
,22784,LANTERN CREAM GAZEBO ,-1,2011-10-06 16:50:00,4.95,14217.0,United Kingdom,-4.95
,22646,CERAMIC STRAWBERRY CAKE MONEY BANK,-8,2011-10-06 17:00:00,1.25,13777.0,United Kingdom,-10.0
,22728,ALARM CLOCK BAKELIKE PINK,-1,2011-10-06 17:38:00,3.75,16842.0,United Kingdom,-3.75
,22726,ALARM CLOCK BAKELIKE GREEN,-1,2011-10-06 17:55:00,3.75,14211.0,United Kingdom,-3.75
,22784,LANTERN CREAM GAZEBO ,-1,2011-10-06 17:57:00,4.95,14883.0,United Kingdom,-4.95
,23084,RABBIT NIGHT LIGHT,-4,2011-10-06 18:00:00,1.79,15611.0,United Kingdom,-7.16
,23412,HEART MIRROR ANTIQUE WHITE,-2,2011-10-06 18:06:00,7.5,16909.0,United Kingdom,-15.0
,22842,BISCUIT TIN VINTAGE RED,-2,2011-10-06 18:08:00,6.75,14907.0,United Kingdom,-13.5
,23425,STORAGE TIN HOME SWEET HOME,-2,2011-10-06 18:12:00,2.49,17405.0,United Kingdom,-4.98
,22720,SET OF 3 CAKE TINS PANTRY DESIGN ,-1,2011-10-06 18:12:00,4.95,17405.0,United Kingdom,-4.95
,22364,GLASS JAR DIGESTIVE BISCUITS,-1,2011-10-06 18:12:00,2.95,17405.0,United Kingdom,-2.95
,22362,GLASS JAR PEACOCK BATH SALTS,-3,2011-10-06 18:12:00,2.95,17405.0,United Kingdom,-8.85
,22357,KINGS CHOICE BISCUIT TIN,-2,2011-10-06 18:12:00,4.25,17405.0,United Kingdom,-8.5
,22720,SET OF 3 CAKE TINS PANTRY DESIGN ,-2,2011-10-06 18:14:00,4.95,14141.0,United Kingdom,-9.9
,21875,KINGS CHOICE MUG,-1,2011-10-06 18:14:00,1.25,14141.0,United Kingdom,-1.25
,22487,WHITE WOOD GARDEN PLANT LADDER,-4,2011-10-06 18:16:00,8.5,16462.0,United Kingdom,-34.0
,23243,SET OF TEA COFFEE SUGAR TINS PANTRY,-2,2011-10-06 18:27:00,4.95,12584.0,Italy,-9.9
,22960,JAM MAKING SET WITH JARS,-1,2011-10-06 18:27:00,4.25,12584.0,Italy,-4.25
,22845,VINTAGE CREAM CAT FOOD CONTAINER,-1,2011-10-06 18:27:00,6.35,12584.0,Italy,-6.35
,22844,VINTAGE CREAM DOG FOOD CONTAINER,-2,2011-10-06 18:27:00,8.5,12584.0,Italy,-17.0
,22804,CANDLEHOLDER PINK HANGING HEART,-2,2011-10-06 18:27:00,2.95,12584.0,Italy,-5.9
,22720,SET OF 3 CAKE TINS PANTRY DESIGN ,-1,2011-10-06 18:27:00,4.95,12584.0,Italy,-4.95
,22470,HEART OF WICKER LARGE,-1,2011-10-06 18:28:00,2.95,13499.0,United Kingdom,-2.95
,23002,TRAVEL CARD WALLET SKULLS,-18,2011-10-06 18:29:00,0.42,16394.0,United Kingdom,-7.56
,23000,TRAVEL CARD WALLET TRANSPORT,-2,2011-10-06 18:29:00,0.42,16394.0,United Kingdom,-0.84
,23203,JUMBO BAG VINTAGE DOILY ,-2,2011-10-06 18:30:00,2.08,16160.0,United Kingdom,-4.16
,21925,UNION STRIPE CUSHION COVER ,-2,2011-10-06 18:31:00,1.25,15841.0,United Kingdom,-2.5
,21926,RED/CREAM STRIPE CUSHION COVER ,-2,2011-10-06 18:31:00,1.25,15841.0,United Kingdom,-2.5
,47594A,CAROUSEL DESIGN WASHBAG,-1,2011-10-06 18:34:00,1.95,14792.0,United Kingdom,-1.95
,22371,AIRLINE BAG VINTAGE TOKYO 78,-1,2011-10-06 18:34:00,4.25,14792.0,United Kingdom,-4.25
,23110,PARISIENNE KEY CABINET ,-2,2011-10-06 18:35:00,5.75,17644.0,United Kingdom,-11.5
,23322,LARGE WHITE HEART OF WICKER,-2,2011-10-06 18:35:00,2.95,17644.0,United Kingdom,-5.9
,82482,WOODEN PICTURE FRAME WHITE FINISH,-6,2011-10-06 18:36:00,2.95,14944.0,United Kingdom,-17.7
,22666,RECIPE BOX PANTRY YELLOW DESIGN,-3,2011-10-06 18:37:00,2.95,15745.0,United Kingdom,-8.85
,23292,SPACEBOY CHILDRENS CUP,-8,2011-10-06 18:38:00,1.25,13266.0,United Kingdom,-10.0
,23123,COCKTAIL SWORDS 50 PIECES,-3,2011-10-06 18:39:00,0.83,13983.0,United Kingdom,-2.49
,23224,CHERUB HEART DECORATION GOLD,-2,2011-10-06 18:39:00,0.83,13983.0,United Kingdom,-1.66
,23327,HANGING CLEAR MINI BOTTLE,-4,2011-10-06 18:39:00,0.63,13983.0,United Kingdom,-2.52
,23328,SET 6 SCHOOL MILK BOTTLES IN CRATE,-1,2011-10-06 18:39:00,3.75,13983.0,United Kingdom,-3.75
,22197,POPCORN HOLDER,-3,2011-10-06 18:39:00,0.85,13983.0,United Kingdom,-2.55
,23203,JUMBO BAG VINTAGE DOILY ,-1,2011-10-06 18:40:00,2.08,18172.0,United Kingdom,-2.08
,22729,ALARM CLOCK BAKELIKE ORANGE,-1,2011-10-06 18:40:00,3.75,18172.0,United Kingdom,-3.75
,22960,JAM MAKING SET WITH JARS,-3,2011-10-06 18:44:00,4.25,13704.0,United Kingdom,-12.75
,22636,CHILDS BREAKFAST SET CIRCUS PARADE,-3,2011-10-06 18:45:00,8.5,13131.0,United Kingdom,-25.5
,22634,CHILDS BREAKFAST SET SPACEBOY ,-1,2011-10-06 18:45:00,8.5,13131.0,United Kingdom,-8.5
,23032,DRAWER KNOB CRACKLE GLAZE IVORY,-1,2011-10-06 18:46:00,1.65,16523.0,United Kingdom,-1.65
,22891,TEA FOR ONE POLKADOT,-2,2011-10-06 18:51:00,4.25,13279.0,United Kingdom,-8.5
,22698,PINK REGENCY TEACUP AND SAUCER,-1,2011-10-06 18:51:00,2.95,13279.0,United Kingdom,-2.95
,23250,VINTAGE RED TRIM ENAMEL BOWL ,-7,2011-10-06 18:54:00,1.04,17490.0,United Kingdom,-7.28
,22429,ENAMEL MEASURING JUG CREAM,-1,2011-10-06 18:54:00,4.25,17490.0,United Kingdom,-4.25
,23249,VINTAGE RED ENAMEL TRIM PLATE,-8,2011-10-06 18:54:00,1.45,17490.0,United Kingdom,-11.6
,23240,SET OF 4 KNICK KNACK TINS DOILY ,-1,2011-10-06 18:56:00,4.15,17159.0,United Kingdom,-4.15
,23240,SET OF 4 KNICK KNACK TINS DOILY ,-2,2011-10-06 18:57:00,4.15,13055.0,United Kingdom,-8.3
,23239,SET OF 4 KNICK KNACK TINS POPPIES,-1,2011-10-06 18:57:00,4.15,13055.0,United Kingdom,-4.15
,23247,BISCUIT TIN 50'S CHRISTMAS,-3,2011-10-06 19:20:00,2.89,16875.0,United Kingdom,-8.67
,23301,GARDENERS KNEELING PAD KEEP CALM ,-2,2011-10-06 19:20:00,1.65,16875.0,United Kingdom,-3.3
,23000,TRAVEL CARD WALLET TRANSPORT,-2,2011-10-06 19:20:00,0.42,16875.0,United Kingdom,-0.84
,23111,PARISIENNE SEWING BOX,-1,2011-10-06 19:21:00,12.5,13317.0,United Kingdom,-12.5
,22328,ROUND SNACK BOXES SET OF 4 FRUITS ,-3,2011-10-06 19:23:00,2.95,12703.0,Germany,-8.85
,23241,TREASURE TIN GYMKHANA DESIGN,-2,2011-10-06 19:24:00,2.08,14092.0,United Kingdom,-4.16
,23118,PARISIENNE JEWELLERY DRAWER ,-1,2011-10-06 19:25:00,7.5,14333.0,United Kingdom,-7.5
,23111,PARISIENNE SEWING BOX,-1,2011-10-06 19:25:00,12.5,14333.0,United Kingdom,-12.5
,23071,MARIE ANTOINETTE TRINKET BOX GOLD,-3,2011-10-06 19:25:00,12.5,14333.0,United Kingdom,-37.5
,23056,FLOWERS CHANDELIER T-LIGHT HOLDER,-1,2011-10-06 19:25:00,6.25,14333.0,United Kingdom,-6.25
,84949,SILVER HANGING T-LIGHT HOLDER,-3,2011-10-06 19:26:00,1.65,16747.0,United Kingdom,-4.95
,22963,JAM JAR WITH GREEN LID,-1,2011-10-06 19:26:00,0.85,16747.0,United Kingdom,-0.85
,22867,HAND WARMER BIRD DESIGN,-12,2011-10-06 19:27:00,2.1,13988.0,United Kingdom,-25.2
,23494,VINTAGE DOILY DELUXE SEWING KIT ,-3,2011-10-06 19:29:00,5.95,17652.0,United Kingdom,-17.85
,23089,GLASS BON BON JAR,-3,2011-10-06 19:31:00,1.95,13767.0,United Kingdom,-5.85
,23342,MINT DINER WALL CLOCK,-1,2011-10-06 19:31:00,8.5,13767.0,United Kingdom,-8.5
,22312,OFFICE MUG WARMER POLKADOT,-2,2011-10-06 19:36:00,2.95,12679.0,France,-5.9
,22314,OFFICE MUG WARMER CHOC+BLUE,-2,2011-10-06 19:36:00,2.95,12679.0,France,-5.9
,M,Manual,-1,2011-10-06 19:39:00,218.72,15365.0,United Kingdom,-218.72
,22166,WALL MIRROR RECTANGLE DIAMANTE PINK,-1,2011-10-06 19:50:00,7.95,17231.0,United Kingdom,-7.95
,22301,COFFEE MUG CAT + BIRD DESIGN,-6,2011-10-06 19:51:00,2.55,15365.0,United Kingdom,-15.3
,22300,COFFEE MUG DOG + BALL DESIGN,-6,2011-10-06 19:51:00,2.55,15365.0,United Kingdom,-15.3
,22139,RETROSPOT TEA SET CERAMIC 11 PC ,-3,2011-10-06 19:51:00,4.95,15365.0,United Kingdom,-14.85
,21915,RED  HARMONICA IN BOX ,-12,2011-10-06 19:51:00,1.25,15365.0,United Kingdom,-15.0
,21495,SKULLS AND CROSSBONES WRAP,-25,2011-10-06 19:51:00,0.42,15365.0,United Kingdom,-10.5
,20727,LUNCH BAG  BLACK SKULL.,-10,2011-10-06 19:51:00,1.65,15365.0,United Kingdom,-16.5
,20725,LUNCH BAG RED RETROSPOT,-10,2011-10-06 19:51:00,1.65,15365.0,United Kingdom,-16.5
,16161U,WRAP SUKI AND FRIENDS,-25,2011-10-06 19:51:00,0.42,15365.0,United Kingdom,-10.5
,23254,CHILDRENS CUTLERY DOLLY GIRL ,-4,2011-10-06 19:51:00,4.15,15365.0,United Kingdom,-16.6
,84879,ASSORTED COLOUR BIRD ORNAMENT,-16,2011-10-06 19:51:00,1.69,15365.0,United Kingdom,-27.04
,84380,SET OF 3 BUTTERFLY COOKIE CUTTERS,-12,2011-10-06 19:51:00,1.25,15365.0,United Kingdom,-15.0
,84375,SET OF 20 KIDS COOKIE CUTTERS,-12,2011-10-06 19:51:00,2.1,15365.0,United Kingdom,-25.2
,71053,WHITE METAL LANTERN,-8,2011-10-06 19:51:00,3.75,15365.0,United Kingdom,-30.0
,23338,EGG FRYING PAN RED ,-6,2011-10-06 19:51:00,2.08,15365.0,United Kingdom,-12.48
,23335,EGG FRYING PAN IVORY ,-6,2011-10-06 19:51:00,2.08,15365.0,United Kingdom,-12.48
,23256,CHILDRENS CUTLERY SPACEBOY ,-4,2011-10-06 19:51:00,4.15,15365.0,United Kingdom,-16.6
,23255,CHILDRENS CUTLERY CIRCUS PARADE,-4,2011-10-06 19:51:00,4.15,15365.0,United Kingdom,-16.6
,23239,SET OF 4 KNICK KNACK TINS POPPIES,-6,2011-10-06 19:51:00,4.15,15365.0,United Kingdom,-24.9
,23120,PACK OF 6 SMALL FRUIT STRAWS,-24,2011-10-06 19:51:00,0.42,15365.0,United Kingdom,-10.08
,23119,PACK OF 6 LARGE FRUIT STRAWS ,-12,2011-10-06 19:51:00,0.62,15365.0,United Kingdom,-7.44
,23074,EMBOSSED HEART TRINKET BOX,-6,2011-10-06 19:51:00,2.08,15365.0,United Kingdom,-12.48
,23048,SET OF 10 LANTERNS FAIRY LIGHT STAR,-24,2011-10-06 19:51:00,4.15,15365.0,United Kingdom,-99.6
,23041,PAPER LANTERN 9 POINT SNOW STAR,-24,2011-10-06 19:51:00,4.15,15365.0,United Kingdom,-99.6
,22964,3 PIECE SPACEBOY COOKIE CUTTER SET,-6,2011-10-06 19:51:00,2.1,15365.0,United Kingdom,-12.6
,22961,JAM MAKING SET PRINTED,-12,2011-10-06 19:51:00,1.45,15365.0,United Kingdom,-17.4
,22960,JAM MAKING SET WITH JARS,-6,2011-10-06 19:51:00,4.25,15365.0,United Kingdom,-25.5
,22730,ALARM CLOCK BAKELIKE IVORY,-4,2011-10-06 19:51:00,3.75,15365.0,United Kingdom,-15.0
,22729,ALARM CLOCK BAKELIKE ORANGE,-4,2011-10-06 19:51:00,3.75,15365.0,United Kingdom,-15.0
,22727,ALARM CLOCK BAKELIKE RED ,-4,2011-10-06 19:51:00,3.75,15365.0,United Kingdom,-15.0
,22627,MINT KITCHEN SCALES,-2,2011-10-06 19:51:00,8.5,15365.0,United Kingdom,-17.0
,22625,RED KITCHEN SCALES,-2,2011-10-06 19:51:00,8.5,15365.0,United Kingdom,-17.0
,22624,IVORY KITCHEN SCALES,-2,2011-10-06 19:51:00,8.5,15365.0,United Kingdom,-17.0
,22623,BOX OF VINTAGE JIGSAW BLOCKS ,-3,2011-10-06 19:51:00,5.95,15365.0,United Kingdom,-17.85
,22622,BOX OF VINTAGE ALPHABET BLOCKS,-2,2011-10-06 19:51:00,11.95,15365.0,United Kingdom,-23.9
,22617,BAKING SET SPACEBOY DESIGN,-3,2011-10-06 19:51:00,4.95,15365.0,United Kingdom,-14.85
,22383,LUNCH BAG SUKI DESIGN ,-10,2011-10-06 19:51:00,1.65,15365.0,United Kingdom,-16.5
,23015,CORDIAL GLASS JUG,-2,2011-10-06 19:52:00,8.25,16245.0,United Kingdom,-16.5
,22824,3 TIER SWEETHEART GARDEN SHELF,-1,2011-10-06 19:52:00,35.95,16245.0,United Kingdom,-35.95
,22439,6 ROCKET BALLOONS ,-40,2011-10-06 19:54:00,0.65,18194.0,United Kingdom,-26.0
,22027,TEA PARTY BIRTHDAY CARD,-144,2011-10-06 19:54:00,0.36,18194.0,United Kingdom,-51.84
,22766,PHOTO FRAME CORNICE,-1,2011-10-06 19:57:00,2.95,17231.0,United Kingdom,-2.95
,21481,FAWN BLUE HOT WATER BOTTLE,-26,2011-10-06 20:08:00,2.55,16839.0,United Kingdom,-66.3
,22111,SCOTTIE DOG HOT WATER BOTTLE,-17,2011-10-06 20:08:00,4.25,16839.0,United Kingdom,-72.25
,23333,IVORY WICKER HEART MEDIUM,-12,2011-10-06 20:08:00,1.25,16839.0,United Kingdom,-15.0
,23294,SET OF 6 SNACK LOAF BAKING CASES,-8,2011-10-06 20:08:00,0.83,16839.0,United Kingdom,-6.64
,23293,SET OF 12 FAIRY CAKE BAKING CASES,-6,2011-10-06 20:08:00,0.83,16839.0,United Kingdom,-4.98
,23296,SET OF 6 TEA TIME BAKING CASES,-8,2011-10-06 20:08:00,1.25,16839.0,United Kingdom,-10.0
,23245,SET OF 3 REGENCY CAKE TINS,-4,2011-10-06 20:08:00,4.95,16839.0,United Kingdom,-19.8
,23247,BISCUIT TIN 50'S CHRISTMAS,-36,2011-10-06 20:08:00,2.49,16839.0,United Kingdom,-89.64
,23243,SET OF TEA COFFEE SUGAR TINS PANTRY,-18,2011-10-06 20:08:00,4.15,16839.0,United Kingdom,-74.7
,22960,JAM MAKING SET WITH JARS,-10,2011-10-06 20:08:00,3.75,16839.0,United Kingdom,-37.5
,23343,JUMBO BAG VINTAGE CHRISTMAS ,-7,2011-10-06 20:08:00,2.08,16839.0,United Kingdom,-14.56
,23203,JUMBO BAG VINTAGE DOILY ,-20,2011-10-06 20:08:00,2.08,16839.0,United Kingdom,-41.6
,85099B,JUMBO BAG RED RETROSPOT,-58,2011-10-06 20:08:00,1.79,16839.0,United Kingdom,-103.82
,23298,SPOTTY BUNTING,-4,2011-10-06 20:08:00,4.95,16839.0,United Kingdom,-19.8
,47566,PARTY BUNTING,-29,2011-10-06 20:08:00,4.15,16839.0,United Kingdom,-120.35
,23321,SMALL WHITE HEART OF WICKER,-11,2011-10-06 20:08:00,1.65,16839.0,United Kingdom,-18.15
,23313,VINTAGE CHRISTMAS BUNTING,-5,2011-10-06 20:08:00,4.95,16839.0,United Kingdom,-24.75
,23306,SET OF 36 DOILIES PANTRY DESIGN,-6,2011-10-06 20:08:00,1.45,16839.0,United Kingdom,-8.7
,22950,36 DOILIES VINTAGE CHRISTMAS,-12,2011-10-06 20:08:00,1.45,16839.0,United Kingdom,-17.4
,22720,SET OF 3 CAKE TINS PANTRY DESIGN ,-25,2011-10-06 20:08:00,4.25,16839.0,United Kingdom,-106.25
,22666,RECIPE BOX PANTRY YELLOW DESIGN,-23,2011-10-06 20:08:00,2.55,16839.0,United Kingdom,-58.65
,22631,CIRCUS PARADE LUNCH BOX ,-7,2011-10-06 20:08:00,1.95,16839.0,United Kingdom,-13.65
,22629,SPACEBOY LUNCH BOX ,-42,2011-10-06 20:08:00,1.65,16839.0,United Kingdom,-69.3
,22384,LUNCH BAG PINK POLKADOT,-70,2011-10-06 20:08:00,1.45,16839.0,United Kingdom,-101.5
,20725,LUNCH BAG RED RETROSPOT,-8,2011-10-06 20:08:00,1.65,16839.0,United Kingdom,-13.2
,23236,STORAGE TIN VINTAGE DOILY ,-6,2011-10-06 20:08:00,2.89,16839.0,United Kingdom,-17.34
,23243,SET OF TEA COFFEE SUGAR TINS PANTRY,-24,2011-10-06 20:11:00,4.15,15505.0,United Kingdom,-99.6
,21673,WHITE SPOT BLUE CERAMIC DRAWER KNOB,-24,2011-10-06 20:15:00,1.45,14501.0,United Kingdom,-34.8
,21672,WHITE SPOT RED CERAMIC DRAWER KNOB,-18,2011-10-06 20:15:00,1.45,14501.0,United Kingdom,-26.1
,84944,SET OF 6 KASHMIR FOLKART BAUBLES,-48,2011-10-06 20:18:00,1.65,16133.0,United Kingdom,-79.2
,23328,SET 6 SCHOOL MILK BOTTLES IN CRATE,-4,2011-10-06 20:28:00,3.75,17633.0,United Kingdom,-15.0
,22964,3 PIECE SPACEBOY COOKIE CUTTER SET,-2,2011-10-06 20:33:00,2.1,15606.0,United Kingdom,-4.2
,21479,WHITE SKULL HOT WATER BOTTLE ,-18,2011-10-06 20:33:00,3.39,15606.0,United Kingdom,-61.02
,84031B,CHARLIE LOLA BLUE HOT WATER BOTTLE ,-21,2011-10-06 20:33:00,1.95,15606.0,United Kingdom,-40.95
,84031A,CHARLIE+LOLA RED HOT WATER BOTTLE ,-20,2011-10-06 20:33:00,1.95,15606.0,United Kingdom,-39.0
,22666,RECIPE BOX PANTRY YELLOW DESIGN,-11,2011-10-06 20:33:00,2.55,15606.0,United Kingdom,-28.05
,22960,JAM MAKING SET WITH JARS,-10,2011-10-06 20:33:00,3.75,15606.0,United Kingdom,-37.5
,23322,LARGE WHITE HEART OF WICKER,-3,2011-10-06 20:33:00,2.95,15606.0,United Kingdom,-8.85
,23321,SMALL WHITE HEART OF WICKER,-11,2011-10-06 20:33:00,1.65,15606.0,United Kingdom,-18.15
,22725,ALARM CLOCK BAKELIKE CHOCOLATE,-12,2011-10-06 20:33:00,3.75,15606.0,United Kingdom,-45.0
,22728,ALARM CLOCK BAKELIKE PINK,-16,2011-10-06 20:33:00,3.75,15606.0,United Kingdom,-60.0
,22727,ALARM CLOCK BAKELIKE RED ,-20,2011-10-06 20:33:00,3.75,15606.0,United Kingdom,-75.0
,22729,ALARM CLOCK BAKELIKE ORANGE,-5,2011-10-06 20:33:00,3.75,15606.0,United Kingdom,-18.75
,22730,ALARM CLOCK BAKELIKE IVORY,-11,2011-10-06 20:33:00,3.75,15606.0,United Kingdom,-41.25
,23319,BOX OF 6 MINI 50'S CRACKERS,-48,2011-10-06 20:36:00,2.08,14557.0,United Kingdom,-99.84
,23318,BOX OF 6 MINI VINTAGE CRACKERS,-24,2011-10-06 20:36:00,2.49,14557.0,United Kingdom,-59.76
,23301,GARDENERS KNEELING PAD KEEP CALM ,-48,2011-10-06 20:36:00,1.45,14557.0,United Kingdom,-69.6
,23267,SET OF 4 SANTA PLACE SETTINGS,-48,2011-10-06 20:36:00,1.25,14557.0,United Kingdom,-60.0
,23154,SET OF 4 JAM JAR MAGNETS,-48,2011-10-06 20:36:00,2.08,14557.0,United Kingdom,-99.84
,23120,PACK OF 6 SMALL FRUIT STRAWS,-48,2011-10-06 20:36:00,0.42,14557.0,United Kingdom,-20.16
,23119,PACK OF 6 LARGE FRUIT STRAWS ,-24,2011-10-06 20:36:00,0.62,14557.0,United Kingdom,-14.88
,22960,JAM MAKING SET WITH JARS,-12,2011-10-06 20:36:00,3.75,14557.0,United Kingdom,-45.0
,22952,60 CAKE CASES VINTAGE CHRISTMAS,-24,2011-10-06 20:36:00,0.55,14557.0,United Kingdom,-13.2
,22950,36 DOILIES VINTAGE CHRISTMAS,-24,2011-10-06 20:36:00,1.45,14557.0,United Kingdom,-34.8
,22910,PAPER CHAIN KIT VINTAGE CHRISTMAS,-24,2011-10-06 20:36:00,2.95,14557.0,United Kingdom,-70.8
,22909,SET OF 20 VINTAGE CHRISTMAS NAPKINS,-24,2011-10-06 20:36:00,0.85,14557.0,United Kingdom,-20.4
,22737,RIBBON REEL CHRISTMAS PRESENT ,-30,2011-10-06 20:36:00,1.65,14557.0,United Kingdom,-49.5
,22439,6 ROCKET BALLOONS ,-24,2011-10-06 20:36:00,0.65,14557.0,United Kingdom,-15.6
,22436,12 COLOURED PARTY BALLOONS,-20,2011-10-06 20:36:00,0.65,14557.0,United Kingdom,-13.0
,22086,PAPER CHAIN KIT 50'S CHRISTMAS ,-40,2011-10-06 20:36:00,2.55,14557.0,United Kingdom,-102.0
,23268,SET OF 2 CERAMIC CHRISTMAS REINDEER,-12,2011-10-06 20:38:00,1.45,15322.0,United Kingdom,-17.4
,23221,REINDEER HEART DECORATION SILVER,-12,2011-10-06 20:38:00,0.83,15322.0,United Kingdom,-9.96
,23118,PARISIENNE JEWELLERY DRAWER ,-2,2011-10-06 20:38:00,7.5,15322.0,United Kingdom,-15.0
,23112,PARISIENNE CURIO CABINET,-2,2011-10-06 20:38:00,7.5,15322.0,United Kingdom,-15.0
,79191C,RETRO PLASTIC ELEPHANT TRAY,-12,2011-10-06 20:38:00,0.85,15322.0,United Kingdom,-10.2
,79066K,RETRO MOD TRAY,-1,2011-10-06 20:38:00,0.85,15322.0,United Kingdom,-0.85
,23221,REINDEER HEART DECORATION SILVER,-10,2011-10-06 20:38:00,0.83,15322.0,United Kingdom,-8.3
,47594A,CAROUSEL DESIGN WASHBAG,-1,2011-10-07 09:21:00,1.95,13198.0,United Kingdom,-1.95
,22371,AIRLINE BAG VINTAGE TOKYO 78,-1,2011-10-07 09:21:00,4.25,13198.0,United Kingdom,-4.25
,22722,SET OF 6 SPICE TINS PANTRY DESIGN,-1,2011-10-07 09:22:00,3.95,14462.0,United Kingdom,-3.95
,22784,LANTERN CREAM GAZEBO ,-1,2011-10-07 09:24:00,4.95,14217.0,United Kingdom,-4.95
,23403,LETTER HOLDER HOME SWEET HOME,-1,2011-10-07 09:53:00,3.75,15344.0,United Kingdom,-3.75
,22166,WALL MIRROR RECTANGLE DIAMANTE PINK,-2,2011-10-07 09:53:00,7.95,15344.0,United Kingdom,-15.9
,22762,CUPBOARD 3 DRAWER MA CAMPAGNE,-2,2011-10-07 09:53:00,14.95,15344.0,United Kingdom,-29.9
,23431,NATURAL HANGING QUILTED HEARTS ,-2,2011-10-07 09:53:00,0.83,15344.0,United Kingdom,-1.66
,23401,RUSTIC MIRROR WITH LACE HEART,-1,2011-10-07 09:53:00,6.25,15344.0,United Kingdom,-6.25
570013,21395,,-38,2011-10-07 09:55:00,0.0,,United Kingdom,-0.0
,AMAZONFEE,AMAZON FEE,-1,2011-10-07 10:29:00,5942.57,,United Kingdom,-5942.57
,23032,DRAWER KNOB CRACKLE GLAZE IVORY,-2,2011-10-07 11:09:00,1.65,16523.0,United Kingdom,-3.3
,82583,HOT BATHS METAL SIGN,-1,2011-10-07 12:11:00,1.85,13798.0,United Kingdom,-1.85
,35924,HANGING FAIRY CAKE DECORATION,-12,2011-10-07 12:11:00,1.69,13798.0,United Kingdom,-20.28
,22064,PINK DOUGHNUT TRINKET POT ,-1,2011-10-07 12:11:00,1.45,13798.0,United Kingdom,-1.45
,82583,HOT BATHS METAL SIGN,-4,2011-10-07 12:11:00,1.85,13798.0,United Kingdom,-7.4
,20727,LUNCH BAG  BLACK SKULL.,-3,2011-10-07 12:11:00,1.65,13798.0,United Kingdom,-4.95
,22377,BOTTLE BAG RETROSPOT ,-1,2011-10-07 12:11:00,1.65,13798.0,United Kingdom,-1.65
,21936,RED RETROSPOT PICNIC BAG,-5,2011-10-07 12:11:00,1.65,13798.0,United Kingdom,-8.25
,21932,SCANDINAVIAN PAISLEY PICNIC BAG,-2,2011-10-07 12:11:00,1.65,13798.0,United Kingdom,-3.3
,85099B,JUMBO BAG RED RETROSPOT,-1,2011-10-07 12:11:00,1.65,13798.0,United Kingdom,-1.65
,85099F,JUMBO BAG STRAWBERRY,-2,2011-10-07 12:11:00,1.65,13798.0,United Kingdom,-3.3
,20723,STRAWBERRY CHARLOTTE BAG,-1,2011-10-07 12:11:00,0.72,13798.0,United Kingdom,-0.72
,20724,RED RETROSPOT CHARLOTTE BAG,-5,2011-10-07 12:11:00,0.72,13798.0,United Kingdom,-3.6
,85099C,JUMBO  BAG BAROQUE BLACK WHITE,-1,2011-10-07 12:11:00,1.65,13798.0,United Kingdom,-1.65
,21928,JUMBO BAG SCANDINAVIAN BLUE PAISLEY,-1,2011-10-07 12:11:00,1.65,13798.0,United Kingdom,-1.65
,85099B,JUMBO BAG RED RETROSPOT,-4,2011-10-07 12:11:00,1.65,13798.0,United Kingdom,-6.6
,20711,JUMBO BAG TOYS ,-2,2011-10-07 12:11:00,1.65,13798.0,United Kingdom,-3.3
,21231,SWEETHEART CERAMIC TRINKET BOX,-3,2011-10-07 12:11:00,1.06,13798.0,United Kingdom,-3.18
,37446,MINI CAKE STAND WITH HANGING CAKES,-4,2011-10-07 12:11:00,1.25,13798.0,United Kingdom,-5.0
,21232,STRAWBERRY CERAMIC TRINKET BOX,-6,2011-10-07 12:11:00,1.06,13798.0,United Kingdom,-6.36
,21231,SWEETHEART CERAMIC TRINKET BOX,-6,2011-10-07 12:11:00,1.06,13798.0,United Kingdom,-6.36
,37450,CERAMIC CAKE BOWL + HANGING CAKES,-2,2011-10-07 12:11:00,2.55,13798.0,United Kingdom,-5.1
,22064,PINK DOUGHNUT TRINKET POT ,-1,2011-10-07 12:11:00,1.45,13798.0,United Kingdom,-1.45
,20914,SET/5 RED RETROSPOT LID GLASS BOWLS,-1,2011-10-07 12:11:00,2.55,13798.0,United Kingdom,-2.55
,37449,CERAMIC CAKE STAND + HANGING CAKES,-1,2011-10-07 12:11:00,8.5,13798.0,United Kingdom,-8.5
570110,22570,?,-74,2011-10-07 12:27:00,0.0,,United Kingdom,-0.0
570112,22569,?,-84,2011-10-07 12:29:00,0.0,,United Kingdom,-0.0
,82482,WOODEN PICTURE FRAME WHITE FINISH,-2,2011-10-07 12:58:00,2.95,15874.0,United Kingdom,-5.9
,84950,ASSORTED COLOUR T-LIGHT HOLDER,-1,2011-10-07 12:58:00,0.65,15874.0,United Kingdom,-0.65
,84946,ANTIQUE SILVER T-LIGHT GLASS,-1,2011-10-07 12:58:00,1.25,15874.0,United Kingdom,-1.25
,21313,GLASS HEART T-LIGHT HOLDER ,-1,2011-10-07 12:58:00,0.85,15874.0,United Kingdom,-0.85
,21231,SWEETHEART CERAMIC TRINKET BOX,-1,2011-10-07 12:58:00,1.25,15874.0,United Kingdom,-1.25
,82494L,WOODEN FRAME ANTIQUE WHITE ,-1,2011-10-07 12:58:00,2.95,15874.0,United Kingdom,-2.95
,21232,STRAWBERRY CERAMIC TRINKET BOX,-3,2011-10-07 12:58:00,1.25,15874.0,United Kingdom,-3.75
,22361,GLASS JAR DAISY FRESH COTTON WOOL,-1,2011-10-07 12:58:00,2.95,15874.0,United Kingdom,-2.95
,22066,LOVE HEART TRINKET POT,-4,2011-10-07 12:58:00,0.39,15874.0,United Kingdom,-1.56
,82483,WOOD 2 DRAWER CABINET WHITE FINISH,-2,2011-10-07 12:58:00,4.95,15874.0,United Kingdom,-9.9
,82486,3 DRAWER ANTIQUE WHITE WOOD CABINET,-2,2011-10-07 12:58:00,7.95,15874.0,United Kingdom,-15.9
,21422,PORCELAIN ROSE SMALL,-2,2011-10-07 12:58:00,0.85,15874.0,United Kingdom,-1.7
570185,21090,WET/MOULDY,-192,2011-10-07 14:56:00,0.0,,United Kingdom,-0.0
570193,22449,can't find,-125,2011-10-07 15:32:00,0.0,,United Kingdom,-0.0
,23348,CHILDRENS TOY COOKING UTENSIL SET,-1,2011-10-07 15:36:00,2.08,16918.0,United Kingdom,-2.08
,22938,CUPCAKE LACE PAPER SET 6,-12,2011-10-07 15:36:00,1.95,16918.0,United Kingdom,-23.4
,84949,SILVER HANGING T-LIGHT HOLDER,-4,2011-10-07 15:52:00,1.65,13090.0,United Kingdom,-6.6
,22393,PAPERWEIGHT VINTAGE COLLAGE,-3,2011-10-07 15:52:00,2.55,13090.0,United Kingdom,-7.65
,23089,GLASS BON BON JAR,-1,2011-10-07 16:49:00,1.65,15311.0,United Kingdom,-1.65
,21530,DAIRY MAID TOASTRACK,-1,2011-10-07 16:49:00,0.79,15311.0,United Kingdom,-0.79
,71477,COLOUR GLASS. STAR T-LIGHT HOLDER,-2,2011-10-07 16:49:00,3.29,15311.0,United Kingdom,-6.58
,22778,GLASS CLOCHE SMALL,-1,2011-10-07 16:49:00,3.39,15311.0,United Kingdom,-3.39
,40001,WHITE BAMBOO RIBS LAMPSHADE,-3,2011-10-07 16:49:00,0.64,15311.0,United Kingdom,-1.92
,22386,JUMBO BAG PINK POLKADOT,-2,2011-10-07 16:49:00,1.79,15311.0,United Kingdom,-3.58
,85099C,JUMBO  BAG BAROQUE BLACK WHITE,-2,2011-10-07 16:49:00,1.79,15311.0,United Kingdom,-3.58
,22411,JUMBO SHOPPER VINTAGE RED PAISLEY,-4,2011-10-07 16:49:00,1.79,15311.0,United Kingdom,-7.16
,85099B,JUMBO BAG RED RETROSPOT,-1,2011-10-07 16:49:00,1.79,15311.0,United Kingdom,-1.79
,21929,JUMBO BAG PINK VINTAGE PAISLEY,-1,2011-10-07 16:49:00,1.79,15311.0,United Kingdom,-1.79
,20713,JUMBO BAG OWLS,-2,2011-10-07 16:49:00,1.79,15311.0,United Kingdom,-3.58
,23077,DOUGHNUT LIP GLOSS ,-20,2011-10-09 10:20:00,1.25,16326.0,United Kingdom,-25.0
,22356,CHARLOTTE BAG PINK POLKADOT,-13,2011-10-09 12:56:00,0.85,13113.0,United Kingdom,-11.05
,20723,STRAWBERRY CHARLOTTE BAG,-18,2011-10-09 12:56:00,0.85,13113.0,United Kingdom,-15.3
,23207,LUNCH BAG ALPHABET DESIGN,-9,2011-10-09 12:56:00,1.65,13113.0,United Kingdom,-14.85
,23206,LUNCH BAG APPLE DESIGN,-10,2011-10-09 12:56:00,1.65,13113.0,United Kingdom,-16.5
,22910,PAPER CHAIN KIT VINTAGE CHRISTMAS,-4,2011-10-09 12:56:00,2.95,13113.0,United Kingdom,-11.8
,22966,GINGERBREAD MAN COOKIE CUTTER,-3,2011-10-09 12:56:00,1.25,13113.0,United Kingdom,-3.75
,22059,CERAMIC STRAWBERRY DESIGN MUG,-1,2011-10-09 12:56:00,1.49,13113.0,United Kingdom,-1.49
,22063,CERAMIC BOWL WITH STRAWBERRY DESIGN,-2,2011-10-09 12:56:00,2.95,13113.0,United Kingdom,-5.9
,37448,CERAMIC CAKE DESIGN SPOTTED MUG,-3,2011-10-09 12:56:00,1.49,13113.0,United Kingdom,-4.47
,15058A,BLUE POLKADOT GARDEN PARASOL,-1,2011-10-09 12:56:00,7.95,13113.0,United Kingdom,-7.95
,22470,HEART OF WICKER LARGE,-33,2011-10-09 12:56:00,2.55,13113.0,United Kingdom,-84.15
,20724,RED RETROSPOT CHARLOTTE BAG,-5,2011-10-09 12:56:00,0.85,13113.0,United Kingdom,-4.25
,20725,LUNCH BAG RED RETROSPOT,-1,2011-10-09 12:56:00,1.65,13113.0,United Kingdom,-1.65
,22383,LUNCH BAG SUKI DESIGN ,-4,2011-10-09 12:56:00,1.65,13113.0,United Kingdom,-6.6
,22961,JAM MAKING SET PRINTED,-2,2011-10-09 12:56:00,1.45,13113.0,United Kingdom,-2.9
,85099F,JUMBO BAG STRAWBERRY,-3,2011-10-09 12:56:00,2.08,13113.0,United Kingdom,-6.24
,85099B,JUMBO BAG RED RETROSPOT,-4,2011-10-09 12:56:00,2.08,13113.0,United Kingdom,-8.32
,22960,JAM MAKING SET WITH JARS,-1,2011-10-09 12:56:00,4.25,13113.0,United Kingdom,-4.25
,23247,BISCUIT TIN 50'S CHRISTMAS,-2,2011-10-09 12:56:00,2.89,13113.0,United Kingdom,-5.78
,21976,PACK OF 60 MUSHROOM CAKE CASES,-5,2011-10-09 12:56:00,0.55,13113.0,United Kingdom,-2.75
,84992,72 SWEETHEART FAIRY CAKE CASES,-10,2011-10-09 12:56:00,0.55,13113.0,United Kingdom,-5.5
,21212,PACK OF 72 RETROSPOT CAKE CASES,-8,2011-10-09 12:56:00,0.55,13113.0,United Kingdom,-4.4
,21977,PACK OF 60 PINK PAISLEY CAKE CASES,-4,2011-10-09 12:56:00,0.55,13113.0,United Kingdom,-2.2
,20725,LUNCH BAG RED RETROSPOT,-10,2011-10-09 12:56:00,1.65,13113.0,United Kingdom,-16.5
,22384,LUNCH BAG PINK POLKADOT,-7,2011-10-09 12:56:00,1.65,13113.0,United Kingdom,-11.55
,22355,CHARLOTTE BAG SUKI DESIGN,-9,2011-10-09 12:56:00,0.85,13113.0,United Kingdom,-7.65
,21936,RED RETROSPOT PICNIC BAG,-11,2011-10-09 12:56:00,2.95,13113.0,United Kingdom,-32.45
,23298,SPOTTY BUNTING,-49,2011-10-09 12:56:00,3.74,13113.0,United Kingdom,-183.26
,47566,PARTY BUNTING,-20,2011-10-09 12:56:00,3.74,13113.0,United Kingdom,-74.8
,22694,WICKER STAR ,-9,2011-10-09 12:56:00,2.1,13113.0,United Kingdom,-18.9
570259,22336,,-114,2011-10-10 09:59:00,0.0,,United Kingdom,-0.0
570260,35933,,-34,2011-10-10 10:00:00,0.0,,United Kingdom,-0.0
570262,35954,,-80,2011-10-10 10:00:00,0.0,,United Kingdom,-0.0
570264,21288,,-22,2011-10-10 10:03:00,0.0,,United Kingdom,-0.0
,22469,HEART OF WICKER SMALL,-33,2011-10-10 10:52:00,1.45,13113.0,United Kingdom,-47.85
,22423,REGENCY CAKESTAND 3 TIER,-6,2011-10-10 10:52:00,10.95,13113.0,United Kingdom,-65.7
,22138,BAKING SET 9 PIECE RETROSPOT ,-3,2011-10-10 11:03:00,4.95,17419.0,United Kingdom,-14.85
,22366,DOORMAT AIRMAIL ,-24,2011-10-10 11:05:00,7.08,14534.0,United Kingdom,-169.92
,M,Manual,-3,2011-10-10 11:06:00,8.0,13694.0,United Kingdom,-24.0
,23355,HOT WATER BOTTLE KEEP CALM,-1,2011-10-10 11:20:00,4.95,12708.0,Germany,-4.95
,85053,FRENCH ENAMEL CANDLEHOLDER,-1,2011-10-10 11:20:00,2.1,12708.0,Germany,-2.1
,22962,JAM JAR WITH PINK LID,-3,2011-10-10 11:20:00,0.85,12708.0,Germany,-2.55
,21430,SET/3 RED GINGHAM ROSE STORAGE BOX,-4,2011-10-10 11:54:00,3.75,14665.0,United Kingdom,-15.0
,21232,STRAWBERRY CERAMIC TRINKET BOX,-12,2011-10-10 11:54:00,1.25,14665.0,United Kingdom,-15.0
,21231,SWEETHEART CERAMIC TRINKET BOX,-12,2011-10-10 11:54:00,1.25,14665.0,United Kingdom,-15.0
,21181,PLEASE ONE PERSON METAL SIGN,-12,2011-10-10 11:54:00,2.1,14665.0,United Kingdom,-25.2
,21175,GIN + TONIC DIET METAL SIGN,-12,2011-10-10 11:54:00,2.55,14665.0,United Kingdom,-30.6
,21166,COOK WITH WINE METAL SIGN ,-12,2011-10-10 11:54:00,2.08,14665.0,United Kingdom,-24.96
,21137,BLACK RECORD COVER FRAME,-4,2011-10-10 11:54:00,3.75,14665.0,United Kingdom,-15.0
,84029G,KNITTED UNION FLAG HOT WATER BOTTLE,-8,2011-10-10 11:54:00,4.25,14665.0,United Kingdom,-34.0
,84029E,RED WOOLLY HOTTIE WHITE HEART.,-8,2011-10-10 11:54:00,4.25,14665.0,United Kingdom,-34.0
,82001S,VINYL RECORD FRAME SILVER,-4,2011-10-10 11:54:00,3.75,14665.0,United Kingdom,-15.0
,23426,METAL SIGN DROP YOUR PANTS,-6,2011-10-10 11:54:00,2.89,14665.0,United Kingdom,-17.34
,23355,HOT WATER BOTTLE KEEP CALM,-8,2011-10-10 11:54:00,4.95,14665.0,United Kingdom,-39.6
,23344,JUMBO BAG 50'S CHRISTMAS ,-20,2011-10-10 11:54:00,2.08,14665.0,United Kingdom,-41.6
,23207,LUNCH BAG ALPHABET DESIGN,-10,2011-10-10 11:54:00,1.65,14665.0,United Kingdom,-16.5
,23201,JUMBO BAG ALPHABET,-10,2011-10-10 11:54:00,2.08,14665.0,United Kingdom,-20.8
,23155,KNICKERBOCKERGLORY MAGNET ASSORTED ,-24,2011-10-10 11:54:00,0.83,14665.0,United Kingdom,-19.92
,22865,HAND WARMER OWL DESIGN,-12,2011-10-10 11:54:00,2.1,14665.0,United Kingdom,-25.2
,22847,BREAD BIN DINER STYLE IVORY,-1,2011-10-10 11:54:00,16.95,14665.0,United Kingdom,-16.95
,22846,BREAD BIN DINER STYLE RED ,-1,2011-10-10 11:54:00,16.95,14665.0,United Kingdom,-16.95
,22812,PACK 3 BOXES CHRISTMAS PANNETONE,-12,2011-10-10 11:54:00,1.95,14665.0,United Kingdom,-23.4
,22633,HAND WARMER UNION JACK,-12,2011-10-10 11:54:00,2.1,14665.0,United Kingdom,-25.2
,22384,LUNCH BAG PINK POLKADOT,-10,2011-10-10 11:54:00,1.65,14665.0,United Kingdom,-16.5
,22367,CHILDRENS APRON SPACEBOY DESIGN,-8,2011-10-10 11:54:00,1.95,14665.0,United Kingdom,-15.6
,21908,CHOCOLATE THIS WAY METAL SIGN,-12,2011-10-10 11:54:00,2.1,14665.0,United Kingdom,-25.2
,21481,FAWN BLUE HOT WATER BOTTLE,-4,2011-10-10 11:54:00,3.75,14665.0,United Kingdom,-15.0
,20727,LUNCH BAG  BLACK SKULL.,-10,2011-10-10 11:56:00,1.65,12731.0,France,-16.5
570294,84249A,damaged,-25,2011-10-10 12:00:00,0.0,,United Kingdom,-0.0
,M,Manual,-1,2011-10-10 12:04:00,682.05,16900.0,United Kingdom,-682.05
,51014C,"FEATHER PEN,COAL BLACK",-1,2011-10-10 12:18:00,0.39,14606.0,United Kingdom,-0.39
570403,47574A,check,-61,2011-10-10 12:45:00,0.0,,United Kingdom,-0.0
,22890,NOVELTY BISCUITS CAKE STAND 3 TIER,-1,2011-10-10 12:52:00,9.95,17841.0,United Kingdom,-9.95
,23191,BUNDLE OF 3 RETRO NOTE BOOKS,-1,2011-10-10 12:52:00,1.65,17841.0,United Kingdom,-1.65
570440,21424,damages,-40,2011-10-10 14:31:00,0.0,,United Kingdom,-0.0
,72802A,ROSE SCENT CANDLE IN JEWELLED BOX,-1,2011-10-10 14:50:00,4.25,16791.0,United Kingdom,-4.25
,22728,ALARM CLOCK BAKELIKE PINK,-3,2011-10-10 14:50:00,3.75,16791.0,United Kingdom,-11.25
,75049L,LARGE CIRCULAR MIRROR MOBILE,-6,2011-10-10 15:00:00,0.85,13224.0,United Kingdom,-5.1
,M,Manual,-1,2011-10-10 15:19:00,821.9,,United Kingdom,-821.9
,BANK CHARGES,Bank Charges,-1,2011-10-10 15:21:00,472.77,,United Kingdom,-472.77
,S,SAMPLES,-1,2011-10-10 15:38:00,98.18,,United Kingdom,-98.18
,S,SAMPLES,-1,2011-10-10 15:38:00,4.88,,United Kingdom,-4.88
,23397,FOOT STOOL HOME SWEET HOME ,-1,2011-10-10 15:42:00,9.95,17527.0,United Kingdom,-9.95
,BANK CHARGES,Bank Charges,-1,2011-10-10 15:59:00,49.65,,United Kingdom,-49.65
,S,SAMPLES,-1,2011-10-10 16:01:00,47.98,,United Kingdom,-47.98
,M,Manual,-1,2011-10-10 16:32:00,238.78,,United Kingdom,-238.78
,23169,CLASSIC GLASS COOKIE JAR,-3,2011-10-10 16:37:00,3.75,13408.0,United Kingdom,-11.25
,23503,PLAYING CARDS KEEP CALM & CARRY ON,-1,2011-10-10 16:54:00,1.25,17509.0,United Kingdom,-1.25
,22767,TRIPLE PHOTO FRAME CORNICE ,-1,2011-10-10 16:55:00,9.95,14719.0,United Kingdom,-9.95
,22423,REGENCY CAKESTAND 3 TIER,-3,2011-10-10 16:55:00,10.95,14644.0,United Kingdom,-32.85
,23175,REGENCY MILK JUG PINK ,-2,2011-10-10 16:55:00,3.25,14644.0,United Kingdom,-6.5
,22382,LUNCH BAG SPACEBOY DESIGN ,-10,2011-10-10 17:00:00,1.65,17552.0,United Kingdom,-16.5
,22728,ALARM CLOCK BAKELIKE PINK,-2,2011-10-10 17:01:00,3.75,13078.0,United Kingdom,-7.5
,22576,SWALLOW WOODEN CHRISTMAS DECORATION,-6,2011-10-10 17:08:00,0.85,14911.0,EIRE,-5.1
,21696,SMALL SILVER TRELLIS CANDLEPOT,-12,2011-10-10 17:08:00,2.95,14911.0,EIRE,-35.4
,22138,BAKING SET 9 PIECE RETROSPOT ,-6,2011-10-10 17:11:00,4.95,14533.0,United Kingdom,-29.7
,22492,MINI PAINT SET VINTAGE ,-36,2011-10-10 17:11:00,0.65,14533.0,United Kingdom,-23.4
,CRUK,CRUK Commission,-1,2011-10-10 17:12:00,411.92,14096.0,United Kingdom,-411.92
,21671,RED SPOT CERAMIC DRAWER KNOB,-1,2011-10-10 17:16:00,1.45,14356.0,United Kingdom,-1.45
,22367,CHILDRENS APRON SPACEBOY DESIGN,-2,2011-10-10 17:16:00,1.95,14356.0,United Kingdom,-3.9
,22776,SWEETHEART 3 TIER CAKE STAND ,-1,2011-10-10 17:16:00,9.95,14356.0,United Kingdom,-9.95
,21626,VINTAGE UNION JACK PENNANT,-12,2011-10-11 10:14:00,1.95,15706.0,United Kingdom,-23.4
,90201C,RED ENAMEL FLOWER RING,-6,2011-10-11 10:39:00,2.95,12719.0,France,-17.7
,90201B,BLACK ENAMEL FLOWER RING,-6,2011-10-11 10:39:00,2.95,12719.0,France,-17.7
,72741,GRAND CHOCOLATECANDLE,-1,2011-10-11 10:39:00,1.45,12719.0,France,-1.45
,85099F,JUMBO BAG STRAWBERRY,-100,2011-10-11 11:01:00,1.74,16029.0,United Kingdom,-174.0
,85099B,JUMBO BAG RED RETROSPOT,-300,2011-10-11 11:01:00,1.74,16029.0,United Kingdom,-522.0
,22961,JAM MAKING SET PRINTED,-192,2011-10-11 11:01:00,1.25,16029.0,United Kingdom,-240.0
,22386,JUMBO BAG PINK POLKADOT,-200,2011-10-11 11:01:00,1.74,16029.0,United Kingdom,-348.0
,22207,FRYING PAN UNION FLAG,-72,2011-10-11 11:01:00,3.75,16029.0,United Kingdom,-270.0
,21931,JUMBO STORAGE BAG SUKI,-100,2011-10-11 11:01:00,1.74,16029.0,United Kingdom,-174.0
,20712,JUMBO BAG WOODLAND ANIMALS,-200,2011-10-11 11:01:00,1.74,16029.0,United Kingdom,-348.0
,23048,SET OF 10 LANTERNS FAIRY LIGHT STAR,-1,2011-10-11 11:01:00,4.15,14800.0,United Kingdom,-4.15
,22570,FELTCRAFT CUSHION RABBIT,-240,2011-10-11 11:10:00,3.39,16029.0,United Kingdom,-813.6
,22569,FELTCRAFT CUSHION BUTTERFLY,-192,2011-10-11 11:10:00,3.39,16029.0,United Kingdom,-650.88
,22568,FELTCRAFT CUSHION OWL,-144,2011-10-11 11:10:00,3.39,16029.0,United Kingdom,-488.16
,22273,FELTCRAFT DOLL MOLLY,-720,2011-10-11 11:10:00,2.3,16029.0,United Kingdom,-1656.0
,22149,FELTCRAFT 6 FLOWER FRIENDS,-600,2011-10-11 11:10:00,1.85,16029.0,United Kingdom,-1110.0
,22147,FELTCRAFT BUTTERFLY HEARTS,-840,2011-10-11 11:10:00,1.25,16029.0,United Kingdom,-1050.0
,20971,PINK BLUE FELT CRAFT TRINKET BOX,-1296,2011-10-11 11:10:00,1.06,16029.0,United Kingdom,-1373.76
,20969,RED FLORAL FELTCRAFT SHOULDER BAG,-144,2011-10-11 11:10:00,3.39,16029.0,United Kingdom,-488.16
,22568,FELTCRAFT CUSHION OWL,-144,2011-10-11 11:10:00,3.39,16029.0,United Kingdom,-488.16
,22273,FELTCRAFT DOLL MOLLY,-720,2011-10-11 11:10:00,2.55,16029.0,United Kingdom,-1836.0
,20971,PINK BLUE FELT CRAFT TRINKET BOX,-1296,2011-10-11 11:10:00,1.06,16029.0,United Kingdom,-1373.76
,20969,RED FLORAL FELTCRAFT SHOULDER BAG,-144,2011-10-11 11:10:00,3.39,16029.0,United Kingdom,-488.16
,21306,SET/4 DAISY MIRROR MAGNETS,-18,2011-10-11 11:25:00,0.29,14997.0,United Kingdom,-5.22
570595,21823,check,-94,2011-10-11 11:47:00,0.0,,United Kingdom,-0.0
570596,21803,check,-38,2011-10-11 11:48:00,0.0,,United Kingdom,-0.0
570599,84596G,??,-365,2011-10-11 12:00:00,0.0,,United Kingdom,-0.0
,23343,JUMBO BAG VINTAGE CHRISTMAS ,-100,2011-10-11 13:09:00,1.79,15125.0,United Kingdom,-179.0
,POST,POSTAGE,-1,2011-10-11 13:55:00,14.95,,United Kingdom,-14.95
,M,Manual,-1,2011-10-11 13:55:00,58.29,,United Kingdom,-58.29
,20979,36 PENCILS TUBE RED RETROSPOT,-2,2011-10-11 14:03:00,1.25,15208.0,United Kingdom,-2.5
,82616C,MIDNIGHT GLAMOUR SCARF KNITTING KIT,-3,2011-10-11 14:14:00,1.25,16120.0,United Kingdom,-3.75
,82616B,FRAPPUCINO SCARF KNITTING KIT,-9,2011-10-11 14:14:00,1.25,16120.0,United Kingdom,-11.25
,22411,JUMBO SHOPPER VINTAGE RED PAISLEY,-1,2011-10-11 16:09:00,2.08,16161.0,United Kingdom,-2.08
,20725,LUNCH BAG RED RETROSPOT,-1,2011-10-11 16:09:00,1.65,16161.0,United Kingdom,-1.65
,21718,RED METAL BEACH SPADE ,-1,2011-10-11 16:09:00,1.25,16161.0,United Kingdom,-1.25
,23203,JUMBO BAG VINTAGE DOILY ,-2,2011-10-11 16:09:00,2.08,16161.0,United Kingdom,-4.16
,21257,VICTORIAN SEWING BOX MEDIUM,-1,2011-10-11 16:09:00,7.95,16161.0,United Kingdom,-7.95
,85039C,S/4 BLACK MINI ROSE CANDLE IN BOWL,-1,2011-10-11 16:09:00,1.65,16161.0,United Kingdom,-1.65
,85174,S/4 CACTI CANDLES,-1,2011-10-11 16:09:00,4.95,16161.0,United Kingdom,-4.95
,85014B,RED RETROSPOT UMBRELLA,-1,2011-10-11 16:09:00,5.95,16161.0,United Kingdom,-5.95
,23274,STAR T-LIGHT HOLDER WILLIE WINKIE,-1,2011-10-11 16:24:00,1.65,14535.0,United Kingdom,-1.65
,23273,HEART T-LIGHT HOLDER WILLIE WINKIE,-1,2011-10-11 16:24:00,1.65,14535.0,United Kingdom,-1.65
,23243,SET OF TEA COFFEE SUGAR TINS PANTRY,-4,2011-10-11 16:24:00,4.95,14535.0,United Kingdom,-19.8
,22962,JAM JAR WITH PINK LID,-2,2011-10-11 16:27:00,0.85,13418.0,United Kingdom,-1.7
,84947,ANTIQUE SILVER TEA GLASS ENGRAVED,-2,2011-10-11 16:28:00,1.25,14959.0,United Kingdom,-2.5
,85048,15CM CHRISTMAS GLASS BALL 20 LIGHTS,-1,2011-10-11 16:28:00,7.95,14959.0,United Kingdom,-7.95
570691,85231G,check,-110,2011-10-11 16:44:00,0.0,,United Kingdom,-0.0
,23169,CLASSIC GLASS COOKIE JAR,-2,2011-10-11 16:48:00,4.15,13359.0,United Kingdom,-8.3
,M,Manual,-18,2011-10-12 09:54:00,1.0,13208.0,United Kingdom,-18.0
,M,Manual,-600,2011-10-12 10:11:00,0.19,12908.0,United Kingdom,-114.0
570711,21622,damages,-45,2011-10-12 10:14:00,0.0,,United Kingdom,-0.0
570712,22121,?,-90,2011-10-12 10:15:00,0.0,,United Kingdom,-0.0
,23198,PANTRY MAGNETIC  SHOPPING LIST,-1,2011-10-12 11:32:00,1.45,12471.0,Germany,-1.45
,POST,POSTAGE,-1,2011-10-12 11:45:00,18.0,12664.0,Finland,-18.0
,90059C,DIAMANTE HAIR GRIP PACK/2 MONTANA,-6,2011-10-12 13:15:00,1.65,14911.0,EIRE,-9.9
,90059B,DIAMANTE HAIR GRIP PACK/2 BLACK DIA,-6,2011-10-12 13:15:00,1.65,14911.0,EIRE,-9.9
,90059A,DIAMANTE HAIR GRIP PACK/2 CRYSTAL,-6,2011-10-12 13:15:00,1.65,14911.0,EIRE,-9.9
,90022,EDWARDIAN DROP EARRINGS JET BLACK,-4,2011-10-12 13:15:00,3.75,14911.0,EIRE,-15.0
,90018C,SILVER BLACK ORBIT DROP EARRINGS,-1,2011-10-12 13:15:00,4.25,14911.0,EIRE,-4.25
,90018A,SILVER M.O.P ORBIT DROP EARRINGS,-1,2011-10-12 13:15:00,4.25,14911.0,EIRE,-4.25
,90013A,MIDNIGHT BLUE VINTAGE EARRINGS,-8,2011-10-12 13:15:00,3.75,14911.0,EIRE,-30.0
,90003E,GREEN PAIR HEART HAIR SLIDES,-4,2011-10-12 13:15:00,3.75,14911.0,EIRE,-15.0
,90003D,CRYSTAL PAIR HEART HAIR SLIDES,-4,2011-10-12 13:15:00,3.75,14911.0,EIRE,-15.0
,90003C,MIDNIGHT BLUE PAIR HEART HAIR SLIDE,-4,2011-10-12 13:15:00,3.75,14911.0,EIRE,-15.0
,90003B,ROSE COLOUR PAIR HEART HAIR SLIDES,-4,2011-10-12 13:15:00,3.75,14911.0,EIRE,-15.0
,90209C,PINK ENAMEL+GLASS HAIR COMB,-3,2011-10-12 13:15:00,2.1,14911.0,EIRE,-6.3
,90209A,PURPLE ENAMEL+GLASS HAIR COMB,-6,2011-10-12 13:15:00,2.1,14911.0,EIRE,-12.6
,90208,PAIR OF PINK FLOWER CLUSTER SLIDE,-6,2011-10-12 13:15:00,2.55,14911.0,EIRE,-15.3
,90204,PAIR OF ENAMEL BUTTERFLY HAIRCLIP,-4,2011-10-12 13:15:00,3.35,14911.0,EIRE,-13.4
,90202D,PINK ENAMEL FLOWER HAIR TIE,-6,2011-10-12 13:15:00,2.95,14911.0,EIRE,-17.7
,90202C,GREEN ENAMEL FLOWER HAIR TIE,-6,2011-10-12 13:15:00,2.95,14911.0,EIRE,-17.7
,90202B,WHITE ENAMEL FLOWER HAIR TIE,-6,2011-10-12 13:15:00,2.95,14911.0,EIRE,-17.7
,90202A,PURPLE ENAMEL FLOWER HAIR TIE,-6,2011-10-12 13:15:00,2.95,14911.0,EIRE,-17.7
,90192,JADE DROP EARRINGS W FILIGREE,-2,2011-10-12 13:15:00,4.95,14911.0,EIRE,-9.9
,90185C,BLACK DIAMANTE EXPANDABLE RING,-6,2011-10-12 13:15:00,4.25,14911.0,EIRE,-25.5
,90185B,AMETHYST DIAMANTE EXPANDABLE RING,-6,2011-10-12 13:15:00,4.25,14911.0,EIRE,-25.5
,90185A,AMBER DIAMANTE EXPANDABLE RING,-6,2011-10-12 13:15:00,4.25,14911.0,EIRE,-25.5
,90183A,AMBER DROP EARRINGS W LONG BEADS,-6,2011-10-12 13:15:00,2.95,14911.0,EIRE,-17.7
,90182C,BLACK 3 BEAD DROP EARRINGS,-6,2011-10-12 13:15:00,2.95,14911.0,EIRE,-17.7
,90177E,DROP DIAMANTE EARRINGS GREEN,-6,2011-10-12 13:15:00,2.95,14911.0,EIRE,-17.7
,90177D,DROP DIAMANTE EARRINGS PURPLE,-6,2011-10-12 13:15:00,2.95,14911.0,EIRE,-17.7
,90177C,DROP DIAMANTE EARRINGS CRYSTAL,-6,2011-10-12 13:15:00,2.95,14911.0,EIRE,-17.7
,90177A,CLASSIC DIAMANTE EARRINGS JET,-6,2011-10-12 13:15:00,2.95,14911.0,EIRE,-17.7
,90174,BUTTERFLY HAIR BAND,-6,2011-10-12 13:15:00,2.55,14911.0,EIRE,-15.3
,90170,DAISY HAIR BAND,-12,2011-10-12 13:15:00,1.65,14911.0,EIRE,-19.8
,90169,DAISY HAIR COMB,-6,2011-10-12 13:15:00,2.55,14911.0,EIRE,-15.3
,90168,2 DAISIES HAIR COMB,-6,2011-10-12 13:15:00,2.95,14911.0,EIRE,-17.7
,90118,PINK DAISY BAG CHARM,-6,2011-10-12 13:15:00,2.55,14911.0,EIRE,-15.3
,90108,BLUE BLOSSOM HAIR CLIP,-10,2011-10-12 13:15:00,1.05,14911.0,EIRE,-10.5
,90101,WHITE FRANGIPANI NECKLACE,-6,2011-10-12 13:15:00,2.55,14911.0,EIRE,-15.3
,90059F,DIAMANTE HAIR GRIP PACK/2 LT ROSE,-6,2011-10-12 13:15:00,1.65,14911.0,EIRE,-9.9
,90059E,DIAMANTE HAIR GRIP PACK/2 RUBY,-6,2011-10-12 13:15:00,1.65,14911.0,EIRE,-9.9
,90059D,DIAMANTE HAIR GRIP PACK/2 PERIDOT,-6,2011-10-12 13:15:00,1.65,14911.0,EIRE,-9.9
,90024B,NEW BAROQUE B'FLY NECKLACE RED,-2,2011-10-12 13:25:00,8.5,14911.0,EIRE,-17.0
,84616,SILVER ROCCOCO CHANDELIER,-2,2011-10-12 13:25:00,29.95,14911.0,EIRE,-59.9
,23064,CINDERELLA CHANDELIER ,-2,2011-10-12 13:25:00,49.95,14911.0,EIRE,-99.9
,22796,PHOTO FRAME 3 CLASSIC HANGING,-2,2011-10-12 13:25:00,9.95,14911.0,EIRE,-19.9
,23236,STORAGE TIN VINTAGE DOILY ,-5,2011-10-12 13:46:00,2.89,12457.0,Switzerland,-14.45
,23328,SET 6 SCHOOL MILK BOTTLES IN CRATE,-1,2011-10-12 14:29:00,3.39,17017.0,United Kingdom,-3.39
,23327,HANGING CLEAR MINI BOTTLE,-4,2011-10-12 14:29:00,0.55,17017.0,United Kingdom,-2.2
,23024,LARGE BONNE JAM JAR  T-LIGHT HOLDER,-2,2011-10-12 14:29:00,2.49,17017.0,United Kingdom,-4.98
,23123,COCKTAIL SWORDS 50 PIECES,-3,2011-10-12 14:29:00,0.83,17017.0,United Kingdom,-2.49
,22197,POPCORN HOLDER,-3,2011-10-12 14:29:00,0.72,17017.0,United Kingdom,-2.16
,22910,PAPER CHAIN KIT VINTAGE CHRISTMAS,-40,2011-10-12 14:44:00,2.55,15473.0,United Kingdom,-102.0
,22086,PAPER CHAIN KIT 50'S CHRISTMAS ,-40,2011-10-12 14:54:00,2.55,15473.0,United Kingdom,-102.0
,22086,PAPER CHAIN KIT 50'S CHRISTMAS ,-40,2011-10-12 14:55:00,2.55,15473.0,United Kingdom,-102.0
,23290,SPACEBOY CHILDRENS BOWL,-8,2011-10-12 16:17:00,1.25,12607.0,USA,-10.0
,23289,DOLLY GIRL CHILDRENS BOWL,-8,2011-10-12 16:17:00,1.25,12607.0,USA,-10.0
,23256,CHILDRENS CUTLERY SPACEBOY ,-4,2011-10-12 16:17:00,4.15,12607.0,USA,-16.6
,23255,CHILDRENS CUTLERY CIRCUS PARADE,-4,2011-10-12 16:17:00,4.15,12607.0,USA,-16.6
,23254,CHILDRENS CUTLERY DOLLY GIRL ,-4,2011-10-12 16:17:00,4.15,12607.0,USA,-16.6
,23229,VINTAGE DONKEY TAIL GAME ,-6,2011-10-12 16:17:00,3.75,12607.0,USA,-22.5
,23167,SMALL CERAMIC TOP STORAGE JAR ,-12,2011-10-12 16:17:00,0.83,12607.0,USA,-9.96
,23166,MEDIUM CERAMIC TOP STORAGE JAR,-12,2011-10-12 16:17:00,1.25,12607.0,USA,-15.0
,23165,LARGE CERAMIC TOP STORAGE JAR,-12,2011-10-12 16:17:00,1.65,12607.0,USA,-19.8
,23159,SET OF 5 PANCAKE DAY MAGNETS,-12,2011-10-12 16:17:00,2.08,12607.0,USA,-24.96
,23156,SET OF 5 MINI GROCERY MAGNETS,-12,2011-10-12 16:17:00,2.08,12607.0,USA,-24.96
,23078,ICE CREAM PEN LIP GLOSS ,-24,2011-10-12 16:17:00,1.25,12607.0,USA,-30.0
,23077,DOUGHNUT LIP GLOSS ,-20,2011-10-12 16:17:00,1.25,12607.0,USA,-25.0
,23014,GLASS APOTHECARY BOTTLE ELIXIR,-4,2011-10-12 16:17:00,3.95,12607.0,USA,-15.8
,22989,SET 2 PANTRY DESIGN TEA TOWELS,-6,2011-10-12 16:17:00,3.25,12607.0,USA,-19.5
,22983,CARD BILLBOARD FONT,-12,2011-10-12 16:17:00,0.42,12607.0,USA,-5.04
,22974,CHILDRENS DOLLY GIRL MUG,-12,2011-10-12 16:17:00,1.65,12607.0,USA,-19.8
,22972,CHILDREN'S SPACEBOY MUG,-12,2011-10-12 16:17:00,1.65,12607.0,USA,-19.8
,22959,WRAP CHRISTMAS VILLAGE,-25,2011-10-12 16:17:00,0.42,12607.0,USA,-10.5
,22951,60 CAKE CASES DOLLY GIRL DESIGN,-24,2011-10-12 16:17:00,0.55,12607.0,USA,-13.2
,22949,36 DOILIES DOLLY GIRL,-12,2011-10-12 16:17:00,1.45,12607.0,USA,-17.4
,22938,CUPCAKE LACE PAPER SET 6,-12,2011-10-12 16:17:00,1.95,12607.0,USA,-23.4
,22922,FRIDGE MAGNETS US DINER ASSORTED,-12,2011-10-12 16:17:00,0.85,12607.0,USA,-10.2
,22848,BREAD BIN DINER STYLE PINK,-1,2011-10-12 16:17:00,16.95,12607.0,USA,-16.95
,22818,CARD CHRISTMAS VILLAGE,-12,2011-10-12 16:17:00,0.42,12607.0,USA,-5.04
,22739,RIBBON REEL CHRISTMAS SOCK BAUBLE,-10,2011-10-12 16:17:00,1.65,12607.0,USA,-16.5
,22738,RIBBON REEL SNOWY VILLAGE,-10,2011-10-12 16:17:00,1.65,12607.0,USA,-16.5
,22737,RIBBON REEL CHRISTMAS PRESENT ,-10,2011-10-12 16:17:00,1.65,12607.0,USA,-16.5
,22736,RIBBON REEL MAKING SNOWMEN ,-10,2011-10-12 16:17:00,1.65,12607.0,USA,-16.5
,22734,SET OF 6 RIBBONS VINTAGE CHRISTMAS,-6,2011-10-12 16:17:00,2.89,12607.0,USA,-17.34
,22720,SET OF 3 CAKE TINS PANTRY DESIGN ,-3,2011-10-12 16:17:00,4.95,12607.0,USA,-14.85
,22712,CARD DOLLY GIRL ,-12,2011-10-12 16:17:00,0.42,12607.0,USA,-5.04
,22708,WRAP DOLLY GIRL,-25,2011-10-12 16:17:00,0.42,12607.0,USA,-10.5
,22706,WRAP COWBOYS  ,-25,2011-10-12 16:17:00,0.42,12607.0,USA,-10.5
,22668,PINK BABY BUNTING,-5,2011-10-12 16:17:00,2.95,12607.0,USA,-14.75
,22649,STRAWBERRY FAIRY CAKE TEAPOT,-8,2011-10-12 16:17:00,4.95,12607.0,USA,-39.6
,22619,SET OF 6 SOLDIER SKITTLES,-4,2011-10-12 16:17:00,3.75,12607.0,USA,-15.0
,22551,PLASTERS IN TIN SPACEBOY,-12,2011-10-12 16:17:00,1.65,12607.0,USA,-19.8
,22492,MINI PAINT SET VINTAGE ,-36,2011-10-12 16:17:00,0.65,12607.0,USA,-23.4
,22449,SILK PURSE BABUSHKA PINK,-6,2011-10-12 16:17:00,3.35,12607.0,USA,-20.1
,22417,PACK OF 60 SPACEBOY CAKE CASES,-24,2011-10-12 16:17:00,0.55,12607.0,USA,-13.2
,22399,MAGNETS PACK OF 4 CHILDHOOD MEMORY,-12,2011-10-12 16:17:00,1.25,12607.0,USA,-15.0
,22360,GLASS JAR ENGLISH CONFECTIONERY,-6,2011-10-12 16:17:00,2.95,12607.0,USA,-17.7
,22326,ROUND SNACK BOXES SET OF4 WOODLAND ,-6,2011-10-12 16:17:00,2.95,12607.0,USA,-17.7
,22204,MILK PAN BLUE POLKADOT,-4,2011-10-12 16:17:00,3.75,12607.0,USA,-15.0
,22199,FRYING PAN RED RETROSPOT,-4,2011-10-12 16:17:00,4.25,12607.0,USA,-17.0
,22139,RETROSPOT TEA SET CERAMIC 11 PC ,-3,2011-10-12 16:17:00,4.95,12607.0,USA,-14.85
,22138,BAKING SET 9 PIECE RETROSPOT ,-3,2011-10-12 16:17:00,4.95,12607.0,USA,-14.85
,22090,PAPER BUNTING RETROSPOT,-6,2011-10-12 16:17:00,2.95,12607.0,USA,-17.7
,22050,PINK PAISLEY ROSE GIFT WRAP,-25,2011-10-12 16:17:00,0.42,12607.0,USA,-10.5
,22048,BIRTHDAY BANQUET GIFT WRAP,-25,2011-10-12 16:17:00,0.42,12607.0,USA,-10.5
,22046,TEA PARTY  WRAPPING PAPER ,-25,2011-10-12 16:17:00,0.42,12607.0,USA,-10.5
,22029,SPACEBOY BIRTHDAY CARD,-12,2011-10-12 16:17:00,0.42,12607.0,USA,-5.04
,22027,TEA PARTY BIRTHDAY CARD,-12,2011-10-12 16:17:00,0.42,12607.0,USA,-5.04
,21976,PACK OF 60 MUSHROOM CAKE CASES,-24,2011-10-12 16:17:00,0.55,12607.0,USA,-13.2
,21974,SET OF 36 PAISLEY FLOWER DOILIES,-12,2011-10-12 16:17:00,1.45,12607.0,USA,-17.4
,21915,RED  HARMONICA IN BOX ,-12,2011-10-12 16:17:00,1.25,12607.0,USA,-15.0
,21891,TRADITIONAL WOODEN SKIPPING ROPE,-12,2011-10-12 16:17:00,1.45,12607.0,USA,-17.4
,21671,RED SPOT CERAMIC DRAWER KNOB,-12,2011-10-12 16:17:00,1.45,12607.0,USA,-17.4
,21669,BLUE STRIPE CERAMIC DRAWER KNOB,-12,2011-10-12 16:17:00,1.45,12607.0,USA,-17.4
,21668,RED STRIPE CERAMIC DRAWER KNOB,-12,2011-10-12 16:17:00,1.45,12607.0,USA,-17.4
,21577,SAVE THE PLANET COTTON TOTE BAG,-6,2011-10-12 16:17:00,2.25,12607.0,USA,-13.5
,21524,DOORMAT SPOTTY HOME SWEET HOME,-2,2011-10-12 16:17:00,8.25,12607.0,USA,-16.5
,21499,BLUE POLKADOT WRAP,-25,2011-10-12 16:17:00,0.42,12607.0,USA,-10.5
,21498,RED RETROSPOT WRAP ,-25,2011-10-12 16:17:00,0.42,12607.0,USA,-10.5
,21232,STRAWBERRY CERAMIC TRINKET BOX,-12,2011-10-12 16:17:00,1.25,12607.0,USA,-15.0
,21231,SWEETHEART CERAMIC TRINKET BOX,-12,2011-10-12 16:17:00,1.25,12607.0,USA,-15.0
,21212,PACK OF 72 RETROSPOT CAKE CASES,-24,2011-10-12 16:17:00,0.55,12607.0,USA,-13.2
,21210,SET OF 72 RETROSPOT PAPER  DOILIES,-12,2011-10-12 16:17:00,1.45,12607.0,USA,-17.4
,21124,SET/10 BLUE POLKADOT PARTY CANDLES,-24,2011-10-12 16:17:00,1.25,12607.0,USA,-30.0
,21123,SET/10 IVORY POLKADOT PARTY CANDLES,-24,2011-10-12 16:17:00,1.25,12607.0,USA,-30.0
,21122,SET/10 PINK POLKADOT PARTY CANDLES,-24,2011-10-12 16:17:00,1.25,12607.0,USA,-30.0
,21121,SET/10 RED POLKADOT PARTY CANDLES,-24,2011-10-12 16:17:00,1.25,12607.0,USA,-30.0
,21059,PARTY INVITES DINOSAURS,-12,2011-10-12 16:17:00,0.85,12607.0,USA,-10.2
,20750,RED RETROSPOT MINI CASES,-2,2011-10-12 16:17:00,7.95,12607.0,USA,-15.9
,16161P,WRAP ENGLISH ROSE ,-25,2011-10-12 16:17:00,0.42,12607.0,USA,-10.5
,84991,60 TEATIME FAIRY CAKE CASES,-24,2011-10-12 16:17:00,0.55,12607.0,USA,-13.2
,84987,SET OF 36 TEATIME PAPER DOILIES,-12,2011-10-12 16:17:00,1.45,12607.0,USA,-17.4
,84509A,SET OF 4 ENGLISH ROSE PLACEMATS,-4,2011-10-12 16:17:00,3.75,12607.0,USA,-15.0
,48185,DOORMAT FAIRY CAKE,-2,2011-10-12 16:17:00,8.25,12607.0,USA,-16.5
,47590B,PINK HAPPY BIRTHDAY BUNTING,-3,2011-10-12 16:17:00,5.45,12607.0,USA,-16.35
,47590A,BLUE HAPPY BIRTHDAY BUNTING,-3,2011-10-12 16:17:00,5.45,12607.0,USA,-16.35
,47559B,TEA TIME OVEN GLOVE,-10,2011-10-12 16:17:00,1.25,12607.0,USA,-12.5
,37495,FAIRY CAKE BIRTHDAY CANDLE SET,-4,2011-10-12 16:17:00,3.75,12607.0,USA,-15.0
,37448,CERAMIC CAKE DESIGN SPOTTED MUG,-12,2011-10-12 16:17:00,1.49,12607.0,USA,-17.88
,23518,EMBROIDERED RIBBON REEL RACHEL ,-6,2011-10-12 16:17:00,2.89,12607.0,USA,-17.34
,23514,EMBROIDERED RIBBON REEL SALLY ,-6,2011-10-12 16:17:00,2.08,12607.0,USA,-12.48
,23434,3 RAFFIA RIBBONS 50'S CHRISTMAS ,-10,2011-10-12 16:17:00,0.79,12607.0,USA,-7.9
,23372,SET 36 COLOUR PENCILS DOLLY GIRL,-16,2011-10-12 16:17:00,1.25,12607.0,USA,-20.0
,23367,SET 12 COLOUR PENCILS SPACEBOY ,-16,2011-10-12 16:17:00,0.65,12607.0,USA,-10.4
,23354,6 GIFT TAGS 50'S CHRISTMAS ,-12,2011-10-12 16:17:00,0.83,12607.0,USA,-9.96
,23353,6 GIFT TAGS VINTAGE CHRISTMAS ,-12,2011-10-12 16:17:00,0.83,12607.0,USA,-9.96
,23351,ROLL WRAP 50'S CHRISTMAS,-12,2011-10-12 16:17:00,1.25,12607.0,USA,-15.0
,23349,ROLL WRAP VINTAGE CHRISTMAS,-12,2011-10-12 16:17:00,1.25,12607.0,USA,-15.0
,23311,VINTAGE CHRISTMAS STOCKING ,-6,2011-10-12 16:17:00,2.55,12607.0,USA,-15.3
,23309,SET OF 60 I LOVE LONDON CAKE CASES ,-24,2011-10-12 16:17:00,0.55,12607.0,USA,-13.2
,23293,SET OF 12 FAIRY CAKE BAKING CASES,-8,2011-10-12 16:17:00,0.83,12607.0,USA,-6.64
,23292,SPACEBOY CHILDRENS CUP,-8,2011-10-12 16:17:00,1.25,12607.0,USA,-10.0
,23291,DOLLY GIRL CHILDRENS CUP,-8,2011-10-12 16:17:00,1.25,12607.0,USA,-10.0
,23513,EMBROIDERED RIBBON REEL SUSIE ,-6,2011-10-12 16:17:00,2.08,12607.0,USA,-12.48
,21058,PARTY INVITES WOODLAND,-12,2011-10-12 16:17:00,0.85,12607.0,USA,-10.2
570873,23322,mouldy,-40,2011-10-12 16:41:00,0.0,,United Kingdom,-0.0
570874,23020,smashed,-4,2011-10-12 16:42:00,0.0,,United Kingdom,-0.0
,84406B,CREAM CUPID HEARTS COAT HANGER,-4,2011-10-13 10:49:00,4.15,13954.0,United Kingdom,-16.6
,22847,BREAD BIN DINER STYLE IVORY,-1,2011-10-13 10:49:00,16.95,13954.0,United Kingdom,-16.95
,22846,BREAD BIN DINER STYLE RED ,-1,2011-10-13 10:49:00,16.95,13954.0,United Kingdom,-16.95
,23146,TRIPLE HOOK ANTIQUE IVORY ROSE,-2,2011-10-13 10:49:00,3.29,13954.0,United Kingdom,-6.58
,22960,JAM MAKING SET WITH JARS,-1,2011-10-13 10:49:00,4.25,13954.0,United Kingdom,-4.25
,84820,DANISH ROSE TRINKET TRAYS,-4,2011-10-13 10:53:00,5.95,17724.0,United Kingdom,-23.8
,71279,PINK GLASS CANDLEHOLDER,-1,2011-10-13 10:53:00,2.95,17724.0,United Kingdom,-2.95
,22432,WATERING CAN PINK BUNNY,-2,2011-10-13 10:53:00,1.95,17724.0,United Kingdom,-3.9
,22361,GLASS JAR DAISY FRESH COTTON WOOL,-1,2011-10-13 10:53:00,2.95,17724.0,United Kingdom,-2.95
,21775,DECORATIVE FLORE BATHROOM BOTTLE,-3,2011-10-13 10:53:00,1.25,17724.0,United Kingdom,-3.75
,23203,JUMBO BAG VINTAGE DOILY ,-2,2011-10-13 11:30:00,2.08,16873.0,United Kingdom,-4.16
,22900,SET 2 TEA TOWELS I LOVE LONDON ,-2,2011-10-13 11:30:00,3.25,16873.0,United Kingdom,-6.5
,85176,SEWING SUSAN 21 NEEDLE SET,-1,2011-10-13 11:30:00,0.85,16873.0,United Kingdom,-0.85
,23503,PLAYING CARDS KEEP CALM & CARRY ON,-1,2011-10-13 11:46:00,1.25,17509.0,United Kingdom,-1.25
,85183A,CHARLIE & LOLA WASTEPAPER BIN BLUE,-1,2011-10-13 11:49:00,1.25,13816.0,Germany,-1.25
,21531,RED RETROSPOT SUGAR JAM BOWL,-1,2011-10-13 11:49:00,2.55,13816.0,Germany,-2.55
,23289,DOLLY GIRL CHILDRENS BOWL,-2,2011-10-13 11:49:00,1.25,13816.0,Germany,-2.5
,23280,FOLDING BUTTERFLY MIRROR HOT PINK ,-2,2011-10-13 11:49:00,0.83,13816.0,Germany,-1.66
,23376,PACK OF 12 VINTAGE CHRISTMAS TISSUE,-24,2011-10-13 12:02:00,0.39,14849.0,United Kingdom,-9.36
,22909,SET OF 20 VINTAGE CHRISTMAS NAPKINS,-12,2011-10-13 12:02:00,0.85,14849.0,United Kingdom,-10.2
,22061,LARGE CAKE STAND  HANGING STRAWBERY,-1,2011-10-13 12:04:00,9.95,15801.0,United Kingdom,-9.95
,71053,WHITE METAL LANTERN,-1,2011-10-13 12:04:00,3.75,15801.0,United Kingdom,-3.75
,85159B,"WHITE TEA,COFFEE,SUGAR JARS",-1,2011-10-13 12:04:00,1.95,15801.0,United Kingdom,-1.95
,23243,SET OF TEA COFFEE SUGAR TINS PANTRY,-1,2011-10-13 12:04:00,4.95,15801.0,United Kingdom,-4.95
,21015,DARK BIRD HOUSE TREE DECORATION,-4,2011-10-13 12:04:00,0.29,15801.0,United Kingdom,-1.16
,90201A,PURPLE ENAMEL FLOWER RING,-4,2011-10-13 12:12:00,2.95,12612.0,Germany,-11.8
,90160A,PURPLE BOUDICCA LARGE BRACELET,-7,2011-10-13 12:12:00,6.95,12612.0,Germany,-48.65
571010,22848,,-16,2011-10-13 12:13:00,0.0,,United Kingdom,-0.0
571011,21078,,-207,2011-10-13 12:13:00,0.0,,United Kingdom,-0.0
571012,21402,,-147,2011-10-13 12:15:00,0.0,,United Kingdom,-0.0
571013,23306,,-104,2011-10-13 12:16:00,0.0,,United Kingdom,-0.0
,22654,DELUXE SEWING KIT ,-2,2011-10-13 12:16:00,5.95,17509.0,United Kingdom,-11.9
571024,22812,?,-270,2011-10-13 12:18:00,0.0,,United Kingdom,-0.0
,84978,HANGING HEART JAR T-LIGHT HOLDER,-1,2011-10-13 12:18:00,1.25,15239.0,United Kingdom,-1.25
,23118,PARISIENNE JEWELLERY DRAWER ,-1,2011-10-13 12:18:00,7.5,15239.0,United Kingdom,-7.5
,23112,PARISIENNE CURIO CABINET,-1,2011-10-13 12:18:00,7.5,15239.0,United Kingdom,-7.5
571027,72816,,-36,2011-10-13 12:19:00,0.0,,United Kingdom,-0.0
,22149,FELTCRAFT 6 FLOWER FRIENDS,-2,2011-10-13 12:23:00,2.1,13035.0,United Kingdom,-4.2
,22150,3 STRIPEY MICE FELTCRAFT,-3,2011-10-13 12:23:00,1.95,13035.0,United Kingdom,-5.85
,22144,CHRISTMAS CRAFT LITTLE FRIENDS,-12,2011-10-13 12:23:00,2.1,13035.0,United Kingdom,-25.2
571037,20669,,-25,2011-10-13 12:58:00,0.0,,United Kingdom,-0.0
,21731,RED TOADSTOOL LED NIGHT LIGHT,-12,2011-10-13 13:32:00,1.65,15606.0,United Kingdom,-19.8
,22423,REGENCY CAKESTAND 3 TIER,-1,2011-10-13 13:49:00,12.75,14626.0,United Kingdom,-12.75
,21257,VICTORIAN SEWING BOX MEDIUM,-1,2011-10-13 14:27:00,7.95,17813.0,United Kingdom,-7.95
,23152,IVORY SWEETHEART WIRE LETTER RACK ,-1,2011-10-13 14:27:00,3.75,17813.0,United Kingdom,-3.75
,84879,ASSORTED COLOUR BIRD ORNAMENT,-7,2011-10-13 14:27:00,1.69,17813.0,United Kingdom,-11.83
,22796,PHOTO FRAME 3 CLASSIC HANGING,-1,2011-10-13 14:27:00,9.95,17813.0,United Kingdom,-9.95
,85066,CREAM SWEETHEART MINI CHEST,-1,2011-10-13 14:27:00,12.75,17813.0,United Kingdom,-12.75
,85053,FRENCH ENAMEL CANDLEHOLDER,-1,2011-10-13 14:27:00,2.1,17813.0,United Kingdom,-2.1
,22405,MONEY BOX POCKET MONEY DESIGN,-1,2011-10-13 15:05:00,1.06,12709.0,Germany,-1.06
,21238,RED RETROSPOT CUP,-1,2011-10-13 15:05:00,0.85,12709.0,Germany,-0.85
,21658,GLASS  BEURRE DISH,-2,2011-10-13 15:05:00,3.95,12709.0,Germany,-7.9
,22960,JAM MAKING SET WITH JARS,-1,2011-10-13 15:05:00,3.75,12709.0,Germany,-3.75
571112,22637,damages,-65,2011-10-13 17:36:00,0.0,,United Kingdom,-0.0
571113,21407,,-19,2011-10-13 17:37:00,0.0,,United Kingdom,-0.0
571114,23159,,-99,2011-10-13 17:40:00,0.0,,United Kingdom,-0.0
571115,82567,,-73,2011-10-13 17:40:00,0.0,,United Kingdom,-0.0
571116,23131,?,-49,2011-10-13 17:46:00,0.0,,United Kingdom,-0.0
571124,72802A,Wet pallet-thrown away,-306,2011-10-14 09:36:00,0.0,,United Kingdom,-0.0
571126,72802A,?,-50,2011-10-14 09:53:00,0.0,,United Kingdom,-0.0
,35970,ZINC FOLKART SLEIGH BELLS,-36,2011-10-14 10:01:00,1.69,12583.0,France,-60.84
571130,72802C,check,-37,2011-10-14 10:05:00,0.0,,United Kingdom,-0.0
571131,72802B,check,-51,2011-10-14 10:13:00,0.0,,United Kingdom,-0.0
,21464,DISCO BALL ROTATOR BATTERY OPERATED,-2,2011-10-14 11:28:00,4.25,14390.0,United Kingdom,-8.5
,84991,60 TEATIME FAIRY CAKE CASES,-24,2011-10-14 12:02:00,0.55,,United Kingdom,-13.2
,23483,HANGING  BUTTERFLY T-LIGHT HOLDER,-12,2011-10-14 12:02:00,1.25,,United Kingdom,-15.0
,23354,6 GIFT TAGS 50'S CHRISTMAS ,-12,2011-10-14 12:02:00,0.83,,United Kingdom,-9.96
,23353,6 GIFT TAGS VINTAGE CHRISTMAS ,-12,2011-10-14 12:02:00,0.83,,United Kingdom,-9.96
,23352,ROLL WRAP 50'S RED CHRISTMAS ,-12,2011-10-14 12:02:00,1.25,,United Kingdom,-15.0
,23351,ROLL WRAP 50'S CHRISTMAS,-12,2011-10-14 12:02:00,1.25,,United Kingdom,-15.0
,23350,ROLL WRAP VINTAGE SPOT ,-12,2011-10-14 12:02:00,1.25,,United Kingdom,-15.0
,23349,ROLL WRAP VINTAGE CHRISTMAS,-12,2011-10-14 12:02:00,1.25,,United Kingdom,-15.0
,23311,VINTAGE CHRISTMAS STOCKING ,-6,2011-10-14 12:02:00,2.55,,United Kingdom,-15.3
,23225,CHERUB HEART DECORATION SILVER ,-12,2011-10-14 12:02:00,0.83,,United Kingdom,-9.96
,23223,CHRISTMAS TREE HANGING SILVER ,-12,2011-10-14 12:02:00,0.83,,United Kingdom,-9.96
,23222,CHRISTMAS TREE HANGING GOLD,-12,2011-10-14 12:02:00,0.83,,United Kingdom,-9.96
,23220,REINDEER HEART DECORATION GOLD,-12,2011-10-14 12:02:00,0.83,,United Kingdom,-9.96
,22866,HAND WARMER SCOTTY DOG DESIGN,-12,2011-10-14 12:02:00,2.1,,United Kingdom,-25.2
,22809,SET OF 6 T-LIGHTS SANTA,-6,2011-10-14 12:02:00,2.95,,United Kingdom,-17.7
,22632,HAND WARMER RED RETROSPOT,-12,2011-10-14 12:02:00,2.1,,United Kingdom,-25.2
,22383,LUNCH BAG SUKI DESIGN ,-10,2011-10-14 12:02:00,1.65,,United Kingdom,-16.5
,21731,RED TOADSTOOL LED NIGHT LIGHT,-12,2011-10-14 12:02:00,1.65,,United Kingdom,-19.8
,21212,PACK OF 72 RETROSPOT CAKE CASES,-24,2011-10-14 12:02:00,0.55,,United Kingdom,-13.2
,20727,LUNCH BAG  BLACK SKULL.,-10,2011-10-14 12:02:00,1.65,,United Kingdom,-16.5
,20725,LUNCH BAG RED RETROSPOT,-10,2011-10-14 12:02:00,1.65,,United Kingdom,-16.5
,M,Manual,-1,2011-10-14 13:35:00,599.5,13810.0,Germany,-599.5
,22667,RECIPE BOX RETROSPOT ,-24,2011-10-14 14:22:00,2.55,15856.0,United Kingdom,-61.2
,22666,RECIPE BOX PANTRY YELLOW DESIGN,-24,2011-10-14 14:22:00,2.55,15856.0,United Kingdom,-61.2
,22625,RED KITCHEN SCALES,-2,2011-10-14 16:57:00,8.5,13814.0,Germany,-17.0
571254,23427,damaged,-2,2011-10-14 17:07:00,0.0,,United Kingdom,-0.0
,21787,RAIN PONCHO RETROSPOT,-360,2011-10-16 10:52:00,0.85,12901.0,United Kingdom,-306.0
,22605,WOODEN CROQUET GARDEN SET,-1,2011-10-16 11:07:00,14.95,17769.0,United Kingdom,-14.95
,22776,SWEETHEART 3 TIER CAKE STAND ,-1,2011-10-16 11:07:00,9.95,17769.0,United Kingdom,-9.95
,22915,ASSORTED BOTTLE TOP  MAGNETS ,-36,2011-10-16 14:26:00,0.42,16533.0,United Kingdom,-15.12
,22923,FRIDGE MAGNETS LES ENFANTS ASSORTED,-30,2011-10-16 14:26:00,0.85,16533.0,United Kingdom,-25.5
,22924,FRIDGE MAGNETS LA VIE EN ROSE,-30,2011-10-16 14:26:00,0.85,16533.0,United Kingdom,-25.5
,22191,IVORY DINER WALL CLOCK,-1,2011-10-16 15:03:00,8.5,13610.0,United Kingdom,-8.5
,23483,HANGING  BUTTERFLY T-LIGHT HOLDER,-3,2011-10-17 10:47:00,1.25,15091.0,United Kingdom,-3.75
,23145,ZINC T-LIGHT HOLDER STAR LARGE,-1,2011-10-17 10:50:00,0.95,17164.0,United Kingdom,-0.95
,22364,GLASS JAR DIGESTIVE BISCUITS,-4,2011-10-17 10:57:00,2.95,13089.0,United Kingdom,-11.8
,17129F,BLUE GLASS GEMS IN BAG,-2,2011-10-17 11:04:00,0.85,17096.0,United Kingdom,-1.7
,M,Manual,-1,2011-10-17 11:09:00,339.02,12783.0,Portugal,-339.02
,M,Manual,-1,2011-10-17 11:12:00,283.02,12783.0,Portugal,-283.02
,23413,VINTAGE COFFEE GRINDER BOX,-12,2011-10-17 11:32:00,4.15,17706.0,United Kingdom,-49.8
,22892,SET OF SALT AND PEPPER TOADSTOOLS,-1,2011-10-17 11:32:00,1.0,17706.0,United Kingdom,-1.0
,22070,SMALL RED RETROSPOT MUG IN BOX ,-1,2011-10-17 11:43:00,3.75,16652.0,United Kingdom,-3.75
,23296,SET OF 6 TEA TIME BAKING CASES,-6,2011-10-17 11:46:00,1.25,16101.0,United Kingdom,-7.5
,23295,SET OF 12 MINI LOAF BAKING CASES,-6,2011-10-17 11:46:00,0.83,16101.0,United Kingdom,-4.98
,23294,SET OF 6 SNACK LOAF BAKING CASES,-2,2011-10-17 11:46:00,0.83,16101.0,United Kingdom,-1.66
,23118,PARISIENNE JEWELLERY DRAWER ,-2,2011-10-17 11:46:00,7.5,16101.0,United Kingdom,-15.0
,23111,PARISIENNE SEWING BOX,-1,2011-10-17 11:46:00,12.5,16101.0,United Kingdom,-12.5
,22969,HOMEMADE JAM SCENTED CANDLES,-1,2011-10-17 11:46:00,1.45,16101.0,United Kingdom,-1.45
,CRUK,CRUK Commission,-1,2011-10-17 13:31:00,495.98,14096.0,United Kingdom,-495.98
571458,21761,damaged,-2,2011-10-17 14:02:00,0.0,,United Kingdom,-0.0
571459,20839,damages,-80,2011-10-17 14:03:00,0.0,,United Kingdom,-0.0
,20977,36 PENCILS TUBE WOODLAND,-16,2011-10-17 14:31:00,1.25,16463.0,United Kingdom,-20.0
,21232,STRAWBERRY CERAMIC TRINKET BOX,-3,2011-10-17 14:38:00,1.06,12679.0,France,-3.18
,82494L,WOODEN FRAME ANTIQUE WHITE ,-72,2011-10-17 15:07:00,2.55,12454.0,Spain,-183.6
,82486,3 DRAWER ANTIQUE WHITE WOOD CABINET,-12,2011-10-17 15:07:00,8.15,12454.0,Spain,-97.8
,82483,WOOD 2 DRAWER CABINET WHITE FINISH,-32,2011-10-17 15:07:00,5.95,12454.0,Spain,-190.4
,82482,WOODEN PICTURE FRAME WHITE FINISH,-72,2011-10-17 15:07:00,2.55,12454.0,Spain,-183.6
,72802C,VANILLA SCENT CANDLE JEWELLED BOX,-288,2011-10-17 15:07:00,1.25,12454.0,Spain,-360.0
,72802B,OCEAN SCENT CANDLE IN JEWELLED BOX,-200,2011-10-17 15:07:00,1.25,12454.0,Spain,-250.0
,23245,SET OF 3 REGENCY CAKE TINS,-16,2011-10-17 15:07:00,4.15,12454.0,Spain,-66.4
,23072,MARIE ANTOINETTE TRINKET BOX SILVER,-48,2011-10-17 15:07:00,6.5,12454.0,Spain,-312.0
,23071,MARIE ANTOINETTE TRINKET BOX GOLD,-48,2011-10-17 15:07:00,6.5,12454.0,Spain,-312.0
,23064,CINDERELLA CHANDELIER ,-10,2011-10-17 15:07:00,41.75,12454.0,Spain,-417.5
,23057,BEADED CHANDELIER T-LIGHT HOLDER,-48,2011-10-17 15:07:00,4.15,12454.0,Spain,-199.2
,23056,FLOWERS CHANDELIER T-LIGHT HOLDER,-48,2011-10-17 15:07:00,5.39,12454.0,Spain,-258.72
,23055,IVORY CHANDELIER T-LIGHT HOLDER,-48,2011-10-17 15:07:00,5.39,12454.0,Spain,-258.72
,22423,REGENCY CAKESTAND 3 TIER,-32,2011-10-17 15:07:00,10.95,12454.0,Spain,-350.4
,22173,METAL 4 HOOK HANGER FRENCH CHATEAU,-32,2011-10-17 15:07:00,2.75,12454.0,Spain,-88.0
,M,Manual,-1,2011-10-17 15:14:00,153.13,,United Kingdom,-153.13
,16169E,WRAP 50'S  CHRISTMAS,-25,2011-10-17 15:24:00,0.42,13919.0,Denmark,-10.5
,23511,EMBROIDERED RIBBON REEL EMILY ,-5,2011-10-17 15:24:00,2.08,13919.0,Denmark,-10.4
,22961,JAM MAKING SET PRINTED,-2,2011-10-17 15:24:00,1.45,13919.0,Denmark,-2.9
,21731,RED TOADSTOOL LED NIGHT LIGHT,-3,2011-10-17 15:24:00,1.65,13919.0,Denmark,-4.95
,22666,RECIPE BOX PANTRY YELLOW DESIGN,-2,2011-10-17 15:24:00,2.95,13919.0,Denmark,-5.9
,23169,CLASSIC GLASS COOKIE JAR,-6,2011-10-17 16:53:00,4.15,17677.0,United Kingdom,-24.9
,22192,BLUE DINER WALL CLOCK,-2,2011-10-18 10:58:00,8.5,16140.0,United Kingdom,-17.0
,POST,POSTAGE,-1,2011-10-18 10:59:00,4.41,16140.0,United Kingdom,-4.41
,M,Manual,-1,2011-10-18 11:34:00,79.2,16029.0,United Kingdom,-79.2
,22659,LUNCH BOX I LOVE LONDON,-1,2011-10-18 11:39:00,1.95,16393.0,United Kingdom,-1.95
,22629,SPACEBOY LUNCH BOX ,-1,2011-10-18 11:39:00,1.95,16393.0,United Kingdom,-1.95
,22381,TOY TIDY PINK POLKADOT,-1,2011-10-18 11:55:00,1.85,14688.0,United Kingdom,-1.85
,23348,CHILDRENS TOY COOKING UTENSIL SET,-2,2011-10-18 11:55:00,2.08,14688.0,United Kingdom,-4.16
,22379,RECYCLING BAG RETROSPOT ,-39,2011-10-18 11:55:00,1.85,14688.0,United Kingdom,-72.15
,M,Manual,-1,2011-10-18 12:01:00,120.58,15498.0,United Kingdom,-120.58
,21232,STRAWBERRY CERAMIC TRINKET BOX,-1,2011-10-18 13:33:00,1.06,12679.0,France,-1.06
,21232,STRAWBERRY CERAMIC TRINKET BOX,-1,2011-10-18 13:43:00,1.06,12679.0,France,-1.06
571686,22149,damages,-40,2011-10-18 14:22:00,0.0,,United Kingdom,-0.0
571687,22149,check,-46,2011-10-18 14:23:00,0.0,,United Kingdom,-0.0
571689,85135B,,-27,2011-10-18 14:28:00,0.0,,United Kingdom,-0.0
,84992,72 SWEETHEART FAIRY CAKE CASES,-24,2011-10-18 14:46:00,0.55,14776.0,United Kingdom,-13.2
,23078,ICE CREAM PEN LIP GLOSS ,-24,2011-10-18 14:46:00,1.25,14776.0,United Kingdom,-30.0
,23006,TRAVEL CARD WALLET FLOWER MEADOW,-24,2011-10-18 14:46:00,0.42,14776.0,United Kingdom,-10.08
,23002,TRAVEL CARD WALLET SKULLS,-24,2011-10-18 14:46:00,0.42,14776.0,United Kingdom,-10.08
,22998,TRAVEL CARD WALLET KEEP CALM,-24,2011-10-18 14:46:00,0.42,14776.0,United Kingdom,-10.08
,22951,60 CAKE CASES DOLLY GIRL DESIGN,-24,2011-10-18 14:46:00,0.55,14776.0,United Kingdom,-13.2
,22741,FUNKY DIVA PEN,-48,2011-10-18 14:46:00,0.85,14776.0,United Kingdom,-40.8
,22693,GROW A FLYTRAP OR SUNFLOWER IN TIN,-48,2011-10-18 14:46:00,1.25,14776.0,United Kingdom,-60.0
,22664,TOY TIDY DOLLY GIRL DESIGN,-10,2011-10-18 14:46:00,2.1,14776.0,United Kingdom,-21.0
,22523,CHILDS GARDEN FORK PINK,-12,2011-10-18 14:46:00,0.85,14776.0,United Kingdom,-10.2
,22522,CHILDS GARDEN FORK BLUE ,-12,2011-10-18 14:46:00,0.85,14776.0,United Kingdom,-10.2
,22380,TOY TIDY SPACEBOY  ,-10,2011-10-18 14:46:00,2.1,14776.0,United Kingdom,-21.0
,21975,PACK OF 60 DINOSAUR CAKE CASES,-24,2011-10-18 14:46:00,0.55,14776.0,United Kingdom,-13.2
,21703,BAG 125g SWIRLY MARBLES,-60,2011-10-18 14:46:00,0.42,14776.0,United Kingdom,-25.2
,21213,PACK OF 72 SKULL CAKE CASES,-48,2011-10-18 14:46:00,0.55,14776.0,United Kingdom,-26.4
,20975,12 PENCILS SMALL TUBE RED RETROSPOT,-24,2011-10-18 14:46:00,0.65,14776.0,United Kingdom,-15.6
,85048,15CM CHRISTMAS GLASS BALL 20 LIGHTS,-1,2011-10-18 14:51:00,7.95,15106.0,United Kingdom,-7.95
,23197,SKETCHBOOK MAGNETIC SHOPPING LIST,-1,2011-10-18 15:33:00,1.45,14056.0,United Kingdom,-1.45
,23196,VINTAGE LEAF MAGNETIC NOTEPAD,-2,2011-10-18 15:33:00,1.45,14056.0,United Kingdom,-2.9
,23198,PANTRY MAGNETIC  SHOPPING LIST,-1,2011-10-18 15:33:00,1.45,14056.0,United Kingdom,-1.45
,22899,CHILDREN'S APRON DOLLY GIRL ,-3,2011-10-18 15:33:00,2.1,14056.0,United Kingdom,-6.3
,23199,JUMBO BAG APPLES,-1,2011-10-18 15:33:00,2.08,14056.0,United Kingdom,-2.08
,23250,VINTAGE RED TRIM ENAMEL BOWL ,-1,2011-10-18 15:33:00,1.25,14056.0,United Kingdom,-1.25
,M,Manual,-2,2011-10-18 15:33:00,0.42,14056.0,United Kingdom,-0.84
,10135,COLOURING PENCILS BROWN TUBE,-1,2011-10-18 15:33:00,1.25,14056.0,United Kingdom,-1.25
,23193,BUFFALO BILL TREASURE BOOK BOX,-2,2011-10-18 15:33:00,2.25,14056.0,United Kingdom,-4.5
,23194,GYMKHANA TREASURE BOOK BOX,-4,2011-10-18 15:33:00,2.25,14056.0,United Kingdom,-9.0
,22173,METAL 4 HOOK HANGER FRENCH CHATEAU,-1,2011-10-18 15:33:00,3.29,14056.0,United Kingdom,-3.29
,21155,RED RETROSPOT PEG BAG,-1,2011-10-18 15:33:00,2.55,14056.0,United Kingdom,-2.55
,82486,3 DRAWER ANTIQUE WHITE WOOD CABINET,-1,2011-10-18 16:21:00,8.95,15296.0,United Kingdom,-8.95
,23245,SET OF 3 REGENCY CAKE TINS,-1,2011-10-18 16:21:00,4.95,15296.0,United Kingdom,-4.95
571723,85211,,-1,2011-10-18 17:30:00,0.0,,United Kingdom,-0.0
,M,Manual,-1,2011-10-19 11:16:00,3949.32,12744.0,Singapore,-3949.32
,M,Manual,-1,2011-10-19 11:16:00,2118.74,12744.0,Singapore,-2118.74
,23200,JUMBO BAG PEARS,-1,2011-10-19 11:45:00,1.79,14477.0,United Kingdom,-1.79
,23322,LARGE WHITE HEART OF WICKER,-5,2011-10-19 12:12:00,2.95,17841.0,United Kingdom,-14.75
,22120,WELCOME  WOODEN BLOCK LETTERS,-3,2011-10-19 12:12:00,9.95,17841.0,United Kingdom,-29.85
,22784,LANTERN CREAM GAZEBO ,-1,2011-10-19 13:24:00,4.95,15826.0,United Kingdom,-4.95
,22429,ENAMEL MEASURING JUG CREAM,-3,2011-10-19 13:36:00,4.25,17462.0,United Kingdom,-12.75
,85123A,WHITE HANGING HEART T-LIGHT HOLDER,-1,2011-10-19 13:37:00,2.95,17063.0,United Kingdom,-2.95
,23149,ANTIQUE IVORY WIRE BOWL SMALL,-5,2011-10-19 13:38:00,2.49,14257.0,United Kingdom,-12.45
,85159B,"WHITE TEA,COFFEE,SUGAR JARS",-1,2011-10-19 13:39:00,1.95,15159.0,United Kingdom,-1.95
,85159A,"BLACK TEA,COFFEE,SUGAR JARS",-1,2011-10-19 13:39:00,1.95,15159.0,United Kingdom,-1.95
,84976,RECTANGULAR SHAPED MIRROR,-12,2011-10-19 13:39:00,0.79,15159.0,United Kingdom,-9.48
,82583,HOT BATHS METAL SIGN,-1,2011-10-19 13:42:00,2.1,14175.0,United Kingdom,-2.1
,21166,COOK WITH WINE METAL SIGN ,-3,2011-10-19 13:42:00,2.08,14175.0,United Kingdom,-6.24
,21181,PLEASE ONE PERSON METAL SIGN,-1,2011-10-19 13:42:00,2.1,14175.0,United Kingdom,-2.1
,23423,PANTRY 3 HOOK ROLLING PIN HANGER,-1,2011-10-19 13:42:00,3.75,14175.0,United Kingdom,-3.75
,23164,REGENCY CAKE SLICE,-1,2011-10-19 13:42:00,4.95,14175.0,United Kingdom,-4.95
,22942,CHRISTMAS LIGHTS 10 SANTAS ,-1,2011-10-19 13:42:00,8.5,14175.0,United Kingdom,-8.5
,22625,RED KITCHEN SCALES,-1,2011-10-19 13:42:00,8.5,14175.0,United Kingdom,-8.5
,71477,COLOUR GLASS. STAR T-LIGHT HOLDER,-1,2011-10-19 13:43:00,3.95,16670.0,United Kingdom,-3.95
,23355,HOT WATER BOTTLE KEEP CALM,-5,2011-10-19 13:45:00,4.95,13422.0,United Kingdom,-24.75
,22666,RECIPE BOX PANTRY YELLOW DESIGN,-2,2011-10-19 14:13:00,2.95,13314.0,United Kingdom,-5.9
,22180,RETROSPOT LAMP,-2,2011-10-19 14:13:00,9.95,13314.0,United Kingdom,-19.9
,21534,DAIRY MAID LARGE MILK JUG,-3,2011-10-19 14:13:00,4.95,13314.0,United Kingdom,-14.85
,21530,DAIRY MAID TOASTRACK,-18,2011-10-19 14:13:00,0.79,13314.0,United Kingdom,-14.22
,21217,RED RETROSPOT ROUND CAKE TINS,-1,2011-10-19 14:13:00,9.95,13314.0,United Kingdom,-9.95
,21216,"SET 3 RETROSPOT TEA,COFFEE,SUGAR",-4,2011-10-19 14:13:00,4.95,13314.0,United Kingdom,-19.8
,84818,DANISH ROSE PHOTO FRAME,-17,2011-10-19 14:13:00,0.79,13314.0,United Kingdom,-13.43
,47504K,ENGLISH ROSE GARDEN SECATEURS,-12,2011-10-19 14:13:00,0.79,13314.0,United Kingdom,-9.48
,23494,VINTAGE DOILY DELUXE SEWING KIT ,-3,2011-10-19 14:13:00,5.95,13314.0,United Kingdom,-17.85
,23404,HOME SWEET HOME BLACKBOARD,-6,2011-10-19 14:13:00,4.95,13314.0,United Kingdom,-29.7
,23108,SET OF 10 LED DOLLY LIGHTS,-2,2011-10-19 14:13:00,6.25,13314.0,United Kingdom,-12.5
,22720,SET OF 3 CAKE TINS PANTRY DESIGN ,-3,2011-10-19 14:13:00,4.95,13314.0,United Kingdom,-14.85
,22720,SET OF 3 CAKE TINS PANTRY DESIGN ,-3,2011-10-19 14:13:00,4.95,13314.0,United Kingdom,-14.85
,22494,EMERGENCY FIRST AID TIN ,-2,2011-10-19 14:18:00,1.25,16533.0,United Kingdom,-2.5
,23169,CLASSIC GLASS COOKIE JAR,-3,2011-10-19 14:19:00,4.15,16157.0,United Kingdom,-12.45
,22941,CHRISTMAS LIGHTS 10 REINDEER,-1,2011-10-19 14:39:00,8.5,14488.0,United Kingdom,-8.5
,22812,PACK 3 BOXES CHRISTMAS PANNETONE,-3,2011-10-19 14:39:00,1.95,14488.0,United Kingdom,-5.85
,21889,WOODEN BOX OF DOMINOES,-2,2011-10-19 14:39:00,1.25,14488.0,United Kingdom,-2.5
,21485,RETROSPOT HEART HOT WATER BOTTLE,-3,2011-10-19 14:55:00,4.95,14297.0,United Kingdom,-14.85
571915,21627,check,-32,2011-10-19 15:34:00,0.0,,United Kingdom,-0.0
,23354,6 GIFT TAGS 50'S CHRISTMAS ,-36,2011-10-19 16:08:00,0.83,17350.0,United Kingdom,-29.88
,85185B,PINK HORSE SOCK PUPPET KIT,-1,2011-10-19 16:31:00,2.95,13115.0,United Kingdom,-2.95
,23494,VINTAGE DOILY DELUXE SEWING KIT ,-5,2011-10-19 16:31:00,5.95,13115.0,United Kingdom,-29.75
,22139,RETROSPOT TEA SET CERAMIC 11 PC ,-1,2011-10-19 16:31:00,4.95,13115.0,United Kingdom,-4.95
,21452,TOADSTOOL MONEY BOX,-1,2011-10-19 16:41:00,2.95,13109.0,United Kingdom,-2.95
,23494,VINTAGE DOILY DELUXE SEWING KIT ,-5,2011-10-19 16:44:00,5.95,12720.0,Germany,-29.75
,22456,NATURAL SLATE CHALKBOARD LARGE ,-2,2011-10-20 10:58:00,4.95,16474.0,United Kingdom,-9.9
,22147,FELTCRAFT BUTTERFLY HEARTS,-2,2011-10-20 11:44:00,1.45,15754.0,United Kingdom,-2.9
,22427,ENAMEL FLOWER JUG CREAM,-3,2011-10-20 11:48:00,5.95,17651.0,United Kingdom,-17.85
,21682,LARGE MEDINA STAMPED METAL BOWL ,-3,2011-10-20 12:45:00,4.95,17346.0,United Kingdom,-14.85
,21344,MOROCCAN BEATEN METAL DISH,-3,2011-10-20 12:45:00,9.95,17346.0,United Kingdom,-29.85
,21242,RED RETROSPOT PLATE ,-12,2011-10-20 12:45:00,1.69,17346.0,United Kingdom,-20.28
,22622,BOX OF VINTAGE ALPHABET BLOCKS,-1,2011-10-20 15:56:00,11.95,13519.0,United Kingdom,-11.95
,22171,3 HOOK PHOTO SHELF ANTIQUE WHITE,-1,2011-10-20 18:24:00,8.5,13350.0,United Kingdom,-8.5
,23397,FOOT STOOL HOME SWEET HOME ,-1,2011-10-20 18:24:00,9.95,13350.0,United Kingdom,-9.95
,23064,CINDERELLA CHANDELIER ,-1,2011-10-20 18:24:00,49.95,13350.0,United Kingdom,-49.95
,23487,SWEET HEART CAKE CARRIER,-2,2011-10-20 19:11:00,9.95,14910.0,United Kingdom,-19.9
,23295,SET OF 12 MINI LOAF BAKING CASES,-2,2011-10-20 19:11:00,0.83,14910.0,United Kingdom,-1.66
,23437, 50'S CHRISTMAS GIFT BAG LARGE,-2,2011-10-20 19:13:00,1.25,13136.0,United Kingdom,-2.5
,82483,WOOD 2 DRAWER CABINET WHITE FINISH,-1,2011-10-20 19:13:00,6.95,13136.0,United Kingdom,-6.95
,22186,RED STAR CARD HOLDER,-3,2011-10-20 19:13:00,1.95,13136.0,United Kingdom,-5.85
,22138,BAKING SET 9 PIECE RETROSPOT ,-1,2011-10-20 19:13:00,4.95,13136.0,United Kingdom,-4.95
,84406B,CREAM CUPID HEARTS COAT HANGER,-1,2011-10-20 19:13:00,3.75,14113.0,United Kingdom,-3.75
,84029E,RED WOOLLY HOTTIE WHITE HEART.,-1,2011-10-20 19:14:00,4.25,15179.0,United Kingdom,-4.25
,23483,HANGING  BUTTERFLY T-LIGHT HOLDER,-1,2011-10-20 19:15:00,1.25,17169.0,United Kingdom,-1.25
,23332,IVORY WICKER HEART LARGE,-2,2011-10-20 19:15:00,1.65,17169.0,United Kingdom,-3.3
,23323,WHITE WICKER STAR ,-1,2011-10-20 19:15:00,2.1,17169.0,United Kingdom,-2.1
,22997,TRAVEL CARD WALLET UNION JACK,-22,2011-10-20 19:16:00,0.42,16394.0,United Kingdom,-9.24
,22996,TRAVEL CARD WALLET VINTAGE TICKET,-20,2011-10-20 19:16:00,0.42,16394.0,United Kingdom,-8.4
,22460,EMBOSSED GLASS TEALIGHT HOLDER,-1,2011-10-20 19:17:00,1.25,15620.0,United Kingdom,-1.25
,71477,COLOUR GLASS. STAR T-LIGHT HOLDER,-2,2011-10-20 19:17:00,3.29,15620.0,United Kingdom,-6.58
,23395,BELLE JARDINIERE CUSHION COVER,-1,2011-10-20 19:19:00,3.75,17603.0,United Kingdom,-3.75
,23395,BELLE JARDINIERE CUSHION COVER,-1,2011-10-20 19:21:00,3.75,18228.0,United Kingdom,-3.75
,85048,15CM CHRISTMAS GLASS BALL 20 LIGHTS,-1,2011-10-20 19:21:00,6.95,18228.0,United Kingdom,-6.95
,84946,ANTIQUE SILVER T-LIGHT GLASS,-2,2011-10-20 19:23:00,1.25,15598.0,United Kingdom,-2.5
,22138,BAKING SET 9 PIECE RETROSPOT ,-1,2011-10-20 19:29:00,4.95,14911.0,EIRE,-4.95
,21430,SET/3 RED GINGHAM ROSE STORAGE BOX,-1,2011-10-20 19:29:00,3.75,14911.0,EIRE,-3.75
,22169,FAMILY ALBUM WHITE PICTURE FRAME,-1,2011-10-20 19:29:00,8.5,14911.0,EIRE,-8.5
,21181,PLEASE ONE PERSON METAL SIGN,-6,2011-10-20 19:29:00,2.1,14911.0,EIRE,-12.6
,21169,YOU'RE CONFUSING ME METAL SIGN ,-1,2011-10-20 19:29:00,1.69,14911.0,EIRE,-1.69
,21907,I'M ON HOLIDAY METAL SIGN,-1,2011-10-20 19:29:00,2.1,14911.0,EIRE,-2.1
,21166,COOK WITH WINE METAL SIGN ,-7,2011-10-20 19:29:00,2.08,14911.0,EIRE,-14.56
,22412,METAL SIGN NEIGHBOURHOOD WITCH ,-2,2011-10-20 19:29:00,2.1,14911.0,EIRE,-4.2
,21175,GIN + TONIC DIET METAL SIGN,-1,2011-10-20 19:29:00,2.55,14911.0,EIRE,-2.55
,POST,POSTAGE,-1,2011-10-21 11:00:00,18.0,12403.0,Denmark,-18.0
,23350,ROLL WRAP VINTAGE SPOT ,-12,2011-10-21 13:36:00,1.25,14147.0,United Kingdom,-15.0
,23239,SET OF 4 KNICK KNACK TINS POPPIES,-3,2011-10-21 13:58:00,4.15,15321.0,United Kingdom,-12.45
,23237,SET OF 4 KNICK KNACK TINS LEAF,-2,2011-10-21 13:58:00,4.15,15321.0,United Kingdom,-8.3
,85066,CREAM SWEETHEART MINI CHEST,-1,2011-10-21 13:58:00,12.75,15321.0,United Kingdom,-12.75
,85066,CREAM SWEETHEART MINI CHEST,-1,2011-10-21 13:58:00,12.75,15321.0,United Kingdom,-12.75
,22847,BREAD BIN DINER STYLE IVORY,-2,2011-10-21 13:58:00,16.95,15321.0,United Kingdom,-33.9
,23273,HEART T-LIGHT HOLDER WILLIE WINKIE,-1,2011-10-21 13:58:00,1.65,15321.0,United Kingdom,-1.65
,23274,STAR T-LIGHT HOLDER WILLIE WINKIE,-1,2011-10-21 13:58:00,1.65,15321.0,United Kingdom,-1.65
,23254,CHILDRENS CUTLERY DOLLY GIRL ,-1,2011-10-21 13:58:00,4.15,15321.0,United Kingdom,-4.15
,23256,CHILDRENS CUTLERY SPACEBOY ,-2,2011-10-21 13:58:00,4.15,15321.0,United Kingdom,-8.3
,22151,PLACE SETTING WHITE HEART,-1,2011-10-21 13:58:00,0.42,15321.0,United Kingdom,-0.42
,22152,PLACE SETTING WHITE STAR,-3,2011-10-21 13:58:00,0.42,15321.0,United Kingdom,-1.26
,22835,HOT WATER BOTTLE I AM SO POORLY,-2,2011-10-21 14:03:00,4.65,15728.0,United Kingdom,-9.3
,22113,GREY HEART HOT WATER BOTTLE,-5,2011-10-21 14:03:00,3.75,15728.0,United Kingdom,-18.75
,22112,CHOCOLATE HOT WATER BOTTLE,-17,2011-10-21 14:03:00,4.25,15728.0,United Kingdom,-72.25
,22111,SCOTTIE DOG HOT WATER BOTTLE,-10,2011-10-21 14:03:00,3.45,15728.0,United Kingdom,-34.5
,22423,REGENCY CAKESTAND 3 TIER,-1,2011-10-23 09:42:00,12.75,12572.0,Germany,-12.75
,71279,PINK GLASS CANDLEHOLDER,-1,2011-10-23 09:42:00,2.95,12572.0,Germany,-2.95
,23237,SET OF 4 KNICK KNACK TINS LEAF,-2,2011-10-23 10:24:00,4.15,16768.0,United Kingdom,-8.3
,85066,CREAM SWEETHEART MINI CHEST,-1,2011-10-23 14:35:00,12.75,13598.0,United Kingdom,-12.75
,85099B,JUMBO BAG RED RETROSPOT,-100,2011-10-24 10:25:00,1.79,14607.0,United Kingdom,-179.0
,23284,DOORMAT KEEP CALM AND COME IN,-10,2011-10-24 10:25:00,7.08,14607.0,United Kingdom,-70.8
,23205,CHARLOTTE BAG VINTAGE ALPHABET ,-100,2011-10-24 10:25:00,0.72,14607.0,United Kingdom,-72.0
,23201,JUMBO BAG ALPHABET,-100,2011-10-24 10:25:00,1.79,14607.0,United Kingdom,-179.0
,22386,JUMBO BAG PINK POLKADOT,-100,2011-10-24 10:25:00,1.79,14607.0,United Kingdom,-179.0
,21733,RED HANGING HEART T-LIGHT HOLDER,-32,2011-10-24 10:25:00,2.55,14607.0,United Kingdom,-81.6
,22086,PAPER CHAIN KIT 50'S CHRISTMAS ,-120,2011-10-24 10:25:00,2.55,14607.0,United Kingdom,-306.0
,23319,BOX OF 6 MINI 50'S CRACKERS,-48,2011-10-24 10:25:00,2.08,14607.0,United Kingdom,-99.84
,23351,ROLL WRAP 50'S CHRISTMAS,-72,2011-10-24 10:25:00,1.04,14607.0,United Kingdom,-74.88
,21288,STRIPEY CHOCOLATE NESTING BOXES,-24,2011-10-24 10:25:00,2.55,14607.0,United Kingdom,-61.2
,23204,CHARLOTTE BAG APPLES DESIGN,-100,2011-10-24 10:25:00,0.72,14607.0,United Kingdom,-72.0
,22356,CHARLOTTE BAG PINK POLKADOT,-100,2011-10-24 10:25:00,0.72,14607.0,United Kingdom,-72.0
,23344,JUMBO BAG 50'S CHRISTMAS ,-100,2011-10-24 10:25:00,1.79,14607.0,United Kingdom,-179.0
,20685,DOORMAT RED RETROSPOT,-10,2011-10-24 10:25:00,7.08,14607.0,United Kingdom,-70.8
,23199,JUMBO BAG APPLES,-100,2011-10-24 10:25:00,1.79,14607.0,United Kingdom,-179.0
,22355,CHARLOTTE BAG SUKI DESIGN,-100,2011-10-24 10:25:00,0.72,14607.0,United Kingdom,-72.0
,21931,JUMBO STORAGE BAG SUKI,-100,2011-10-24 10:25:00,1.79,14607.0,United Kingdom,-179.0
,20724,RED RETROSPOT CHARLOTTE BAG,-100,2011-10-24 10:25:00,0.72,14607.0,United Kingdom,-72.0
572341,85036A,,-82,2011-10-24 10:36:00,0.0,,United Kingdom,-0.0
,23064,CINDERELLA CHANDELIER ,-40,2011-10-24 10:40:00,10.0,14607.0,United Kingdom,-400.0
,23057,BEADED CHANDELIER T-LIGHT HOLDER,-96,2011-10-24 10:40:00,1.5,14607.0,United Kingdom,-144.0
,23056,FLOWERS CHANDELIER T-LIGHT HOLDER,-240,2011-10-24 10:40:00,5.39,14607.0,United Kingdom,-1293.6
,23055,IVORY CHANDELIER T-LIGHT HOLDER,-96,2011-10-24 10:40:00,1.5,14607.0,United Kingdom,-144.0
,22106,MIRROR MOSAIC HURRICANE LAMP ,-120,2011-10-24 10:40:00,1.25,14607.0,United Kingdom,-150.0
,22105,MIRROR MOSAIC GOBLET CANDLE HOLDER,-240,2011-10-24 10:40:00,0.95,14607.0,United Kingdom,-228.0
,22103,MIRROR MOSAIC T-LIGHT HOLDER ROUND,-468,2011-10-24 10:40:00,0.39,14607.0,United Kingdom,-182.52
,22102,MIRROR MOSAIC T-LIGHT HOLDER ,-720,2011-10-24 10:40:00,0.39,14607.0,United Kingdom,-280.8
,22101,MIRROR MOSAIC VOTIVE HOLDER,-324,2011-10-24 10:40:00,0.39,14607.0,United Kingdom,-126.36
,BANK CHARGES,Bank Charges,-1,2011-10-24 10:58:00,49.65,,United Kingdom,-49.65
,S,SAMPLES,-1,2011-10-24 11:03:00,33.05,,United Kingdom,-33.05
,POST,POSTAGE,-1,2011-10-24 11:55:00,11.85,,United Kingdom,-11.85
,M,Manual,-1,2011-10-24 11:55:00,162.2,,United Kingdom,-162.2
,23174,REGENCY SUGAR BOWL GREEN,-2,2011-10-24 11:58:00,3.75,16742.0,United Kingdom,-7.5
,22699,ROSES REGENCY TEACUP AND SAUCER ,-168,2011-10-24 11:58:00,2.55,16742.0,United Kingdom,-428.4
,23170,REGENCY TEA PLATE ROSES ,-20,2011-10-24 11:58:00,1.45,16742.0,United Kingdom,-29.0
,POST,POSTAGE,-1,2011-10-24 12:02:00,35.65,,United Kingdom,-35.65
,M,Manual,-1,2011-10-24 12:02:00,183.16,,United Kingdom,-183.16
,M,Manual,-1,2011-10-24 12:03:00,464.9,17949.0,United Kingdom,-464.9
,22224,WHITE LOVEBIRD LANTERN,-2,2011-10-24 12:06:00,2.95,17811.0,United Kingdom,-5.9
,22720,SET OF 3 CAKE TINS PANTRY DESIGN ,-1,2011-10-24 12:06:00,4.95,17811.0,United Kingdom,-4.95
,21238,RED RETROSPOT CUP,-2,2011-10-24 12:06:00,0.85,17811.0,United Kingdom,-1.7
,21239,PINK  POLKADOT CUP,-1,2011-10-24 12:06:00,0.85,17811.0,United Kingdom,-0.85
,22961,JAM MAKING SET PRINTED,-10,2011-10-24 12:06:00,1.45,17811.0,United Kingdom,-14.5
,POST,POSTAGE,-1,2011-10-24 12:08:00,20.47,,United Kingdom,-20.47
,M,Manual,-1,2011-10-24 12:08:00,177.04,,United Kingdom,-177.04
,POST,POSTAGE,-1,2011-10-24 12:12:00,15.53,,United Kingdom,-15.53
,M,Manual,-1,2011-10-24 12:12:00,235.54,,United Kingdom,-235.54
,POST,POSTAGE,-1,2011-10-24 12:20:00,31.6,,United Kingdom,-31.6
,M,Manual,-1,2011-10-24 12:20:00,186.21,,United Kingdom,-186.21
,POST,POSTAGE,-1,2011-10-24 12:23:00,70.21,,United Kingdom,-70.21
,M,Manual,-1,2011-10-24 12:23:00,302.04,,United Kingdom,-302.04
,POST,POSTAGE,-1,2011-10-24 12:28:00,69.72,,United Kingdom,-69.72
,M,Manual,-1,2011-10-24 12:28:00,259.79,,United Kingdom,-259.79
,20795,LARGE BLUE PROVENCAL CERAMIC BALL,-1,2011-10-24 12:34:00,2.1,14428.0,United Kingdom,-2.1
,23398,HANGING HEART BONHEUR,-1,2011-10-24 12:34:00,0.85,14428.0,United Kingdom,-0.85
,23393,HOME SWEET HOME CUSHION COVER ,-2,2011-10-24 12:34:00,3.75,14428.0,United Kingdom,-7.5
,POST,POSTAGE,-1,2011-10-24 12:35:00,29.28,,United Kingdom,-29.28
,M,Manual,-1,2011-10-24 12:35:00,248.87,,United Kingdom,-248.87
,POST,POSTAGE,-1,2011-10-24 12:41:00,30.53,,United Kingdom,-30.53
,M,Manual,-1,2011-10-24 12:41:00,265.7,,United Kingdom,-265.7
,POST,POSTAGE,-1,2011-10-24 12:44:00,22.56,,United Kingdom,-22.56
,M,Manual,-1,2011-10-24 12:44:00,181.75,,United Kingdom,-181.75
,22427,ENAMEL FLOWER JUG CREAM,-2,2011-10-24 13:07:00,5.95,17652.0,United Kingdom,-11.9
,85066,CREAM SWEETHEART MINI CHEST,-3,2011-10-24 13:07:00,12.75,17652.0,United Kingdom,-38.25
,22424,ENAMEL BREAD BIN CREAM,-2,2011-10-24 13:07:00,12.75,17652.0,United Kingdom,-25.5
,POST,POSTAGE,-1,2011-10-24 13:29:00,42.05,,United Kingdom,-42.05
,M,Manual,-1,2011-10-24 13:29:00,276.08,,United Kingdom,-276.08
572468,72803A,damages,-160,2011-10-24 13:30:00,0.0,,United Kingdom,-0.0
,85099B,JUMBO BAG RED RETROSPOT,-1,2011-10-24 13:31:00,2.08,13534.0,United Kingdom,-2.08
,23200,JUMBO BAG PEARS,-1,2011-10-24 13:31:00,2.08,13534.0,United Kingdom,-2.08
,23199,JUMBO BAG APPLES,-1,2011-10-24 13:31:00,2.08,13534.0,United Kingdom,-2.08
,47567B,TEA TIME KITCHEN APRON,-1,2011-10-24 13:31:00,5.95,13534.0,United Kingdom,-5.95
,22386,JUMBO BAG PINK POLKADOT,-4,2011-10-24 13:31:00,2.08,13534.0,United Kingdom,-8.32
,POST,POSTAGE,-1,2011-10-24 13:32:00,26.0,,United Kingdom,-26.0
,M,Manual,-1,2011-10-24 13:32:00,233.25,,United Kingdom,-233.25
,22303,COFFEE MUG APPLES DESIGN,-1,2011-10-24 13:33:00,2.1,17090.0,United Kingdom,-2.1
,84347,ROTATING SILVER ANGELS T-LIGHT HLDR,-1,2011-10-24 13:34:00,2.55,18188.0,United Kingdom,-2.55
572477,20665,adjustment,-15,2011-10-24 13:39:00,0.0,,United Kingdom,-0.0
,84879,ASSORTED COLOUR BIRD ORNAMENT,-1,2011-10-24 13:39:00,1.69,13098.0,United Kingdom,-1.69
,23012,GLASS APOTHECARY BOTTLE PERFUME,-1,2011-10-24 13:39:00,3.95,13098.0,United Kingdom,-3.95
,37449,CERAMIC CAKE STAND + HANGING CAKES,-1,2011-10-24 13:43:00,9.95,12463.0,Belgium,-9.95
,23660,HENRIETTA HEN MUG ,-12,2011-10-24 13:43:00,1.65,12463.0,Belgium,-19.8
572480,22049,damaged,-100,2011-10-24 13:44:00,0.0,,United Kingdom,-0.0
,22557,PLASTERS IN TIN VINTAGE PAISLEY ,-4,2011-10-24 13:48:00,1.65,15632.0,United Kingdom,-6.6
,22553,PLASTERS IN TIN SKULLS,-24,2011-10-24 13:48:00,1.65,15632.0,United Kingdom,-39.6
,23252,VINTAGE RED ENAMEL TRIM JUG ,-4,2011-10-24 13:48:00,3.75,15632.0,United Kingdom,-15.0
,23251,VINTAGE RED ENAMEL TRIM MUG ,-12,2011-10-24 13:48:00,1.25,15632.0,United Kingdom,-15.0
,22591,CARDHOLDER GINGHAM CHRISTMAS TREE,-2,2011-10-24 13:48:00,3.25,15632.0,United Kingdom,-6.5
,23032,DRAWER KNOB CRACKLE GLAZE IVORY,-6,2011-10-24 13:48:00,1.65,15632.0,United Kingdom,-9.9
,22730,ALARM CLOCK BAKELIKE IVORY,-1,2011-10-24 13:48:00,3.75,15632.0,United Kingdom,-3.75
,84687,BEACH HUT SHELF W 3 DRAWERS,-1,2011-10-24 13:48:00,5.95,15632.0,United Kingdom,-5.95
,23243,SET OF TEA COFFEE SUGAR TINS PANTRY,-4,2011-10-24 13:48:00,4.95,15632.0,United Kingdom,-19.8
,22154,ANGEL DECORATION 3 BUTTONS ,-3,2011-10-24 13:48:00,0.42,17314.0,United Kingdom,-1.26
,22646,CERAMIC STRAWBERRY CAKE MONEY BANK,-1,2011-10-24 13:48:00,1.45,17314.0,United Kingdom,-1.45
,23020,GLASS  SONGBIRD STORAGE JAR,-1,2011-10-24 13:50:00,11.15,14952.0,United Kingdom,-11.15
,23016,GLASS TWIST BON BON JAR,-3,2011-10-24 13:50:00,6.65,14952.0,United Kingdom,-19.95
,22197,POPCORN HOLDER,-32,2011-10-24 13:51:00,0.85,14156.0,EIRE,-27.2
,22972,CHILDREN'S SPACEBOY MUG,-1,2011-10-24 13:57:00,1.65,12474.0,Germany,-1.65
,22556,PLASTERS IN TIN CIRCUS PARADE ,-12,2011-10-24 13:57:00,1.65,12474.0,Germany,-19.8
,22636,CHILDS BREAKFAST SET CIRCUS PARADE,-2,2011-10-24 13:57:00,8.5,12474.0,Germany,-17.0
,22465,HANGING METAL STAR LANTERN,-5,2011-10-24 13:59:00,1.65,17119.0,United Kingdom,-8.25
,23323,WHITE WICKER STAR ,-1,2011-10-24 13:59:00,2.1,17119.0,United Kingdom,-2.1
,22470,HEART OF WICKER LARGE,-1,2011-10-24 13:59:00,2.95,17119.0,United Kingdom,-2.95
,23245,SET OF 3 REGENCY CAKE TINS,-1,2011-10-24 14:02:00,4.95,13047.0,United Kingdom,-4.95
,23198,PANTRY MAGNETIC  SHOPPING LIST,-3,2011-10-24 14:02:00,1.45,13047.0,United Kingdom,-4.35
,23031,DRAWER KNOB CRACKLE GLAZE PINK,-1,2011-10-24 14:02:00,1.65,13047.0,United Kingdom,-1.65
,23487,SWEET HEART CAKE CARRIER,-1,2011-10-24 14:02:00,9.95,13047.0,United Kingdom,-9.95
,22770,MIRROR CORNICE,-1,2011-10-24 14:04:00,14.95,12940.0,United Kingdom,-14.95
572514,20774,,-4,2011-10-24 14:36:00,0.0,,United Kingdom,-0.0
572516,22336,damaged,-71,2011-10-24 14:45:00,0.0,,United Kingdom,-0.0
572527,20984,damaged,-46,2011-10-24 15:35:00,0.0,,United Kingdom,-0.0
,21907,I'M ON HOLIDAY METAL SIGN,-12,2011-10-24 15:52:00,2.1,17675.0,United Kingdom,-25.2
,23409,PHOTO FRAME LINEN AND LACE LARGE,-6,2011-10-24 15:52:00,3.75,17675.0,United Kingdom,-22.5
,23348,CHILDRENS TOY COOKING UTENSIL SET,-6,2011-10-24 15:52:00,2.08,17675.0,United Kingdom,-12.48
,23485,BOTANICAL GARDENS WALL CLOCK ,-1,2011-10-24 15:55:00,20.8,15782.0,United Kingdom,-20.8
,23122,PARTY CHARMS 50 PIECES,-2,2011-10-24 15:57:00,0.83,13269.0,United Kingdom,-1.66
,22960,JAM MAKING SET WITH JARS,-1,2011-10-24 16:03:00,4.25,12380.0,Belgium,-4.25
572533,84877D,,-1,2011-10-24 16:06:00,0.0,,United Kingdom,-0.0
572534,35597D,,-2,2011-10-24 16:07:00,0.0,,United Kingdom,-0.0
,23400,SHELF WITH 4 HOOKS HOME SWEET HOME,-2,2011-10-24 16:07:00,6.25,15411.0,United Kingdom,-12.5
572536,21294,,-8,2011-10-24 16:08:00,0.0,,United Kingdom,-0.0
,22456,NATURAL SLATE CHALKBOARD LARGE ,-3,2011-10-24 16:10:00,4.95,14121.0,United Kingdom,-14.85
572543,22570,,-32,2011-10-24 16:24:00,0.0,,United Kingdom,-0.0
,23108,SET OF 10 LED DOLLY LIGHTS,-1,2011-10-24 16:50:00,6.25,17481.0,United Kingdom,-6.25
572548,23343,20713 wrongly marked,-200,2011-10-24 17:01:00,0.0,,United Kingdom,-0.0
,CRUK,CRUK Commission,-1,2011-10-24 17:07:00,425.14,14096.0,United Kingdom,-425.14
,21068,VINTAGE BILLBOARD LOVE/HATE MUG,-36,2011-10-24 17:16:00,1.06,17317.0,United Kingdom,-38.16
,21098,CHRISTMAS TOILET ROLL,-36,2011-10-24 17:26:00,1.06,17317.0,United Kingdom,-38.16
572557,22427,damages,-29,2011-10-24 17:44:00,0.0,,United Kingdom,-0.0
572564,40016,,-108,2011-10-25 09:56:00,0.0,,United Kingdom,-0.0
572615,23595,re-adjustment,-5,2011-10-25 11:39:00,0.0,,United Kingdom,-0.0
,M,Manual,-1,2011-10-25 12:30:00,80.0,14527.0,United Kingdom,-80.0
572684,23029,damages,-20,2011-10-25 14:00:00,0.0,,United Kingdom,-0.0
572685,23032,damages,-60,2011-10-25 14:01:00,0.0,,United Kingdom,-0.0
572686,23118,Breakages,-30,2011-10-25 14:03:00,0.0,,United Kingdom,-0.0
572687,20840,damages,-30,2011-10-25 14:05:00,0.0,,United Kingdom,-0.0
572689,84969,check,-50,2011-10-25 14:13:00,0.0,,United Kingdom,-0.0
572690,21539,damages?,-111,2011-10-25 14:14:00,0.0,,United Kingdom,-0.0
572691,22426,check,-15,2011-10-25 14:15:00,0.0,,United Kingdom,-0.0
572692,21071,check,-82,2011-10-25 14:16:00,0.0,,United Kingdom,-0.0
572693,35810A,check,-78,2011-10-25 14:20:00,0.0,,United Kingdom,-0.0
572699,72818,,-48,2011-10-25 14:26:00,0.0,,United Kingdom,-0.0
572701,85078,missing,-840,2011-10-25 14:31:00,0.0,,United Kingdom,-0.0
572702,37479P,??,-184,2011-10-25 14:33:00,0.0,,United Kingdom,-0.0
,23243,SET OF TEA COFFEE SUGAR TINS PANTRY,-4,2011-10-25 15:08:00,4.95,16869.0,United Kingdom,-19.8
,23487,SWEET HEART CAKE CARRIER,-1,2011-10-25 15:37:00,9.95,15836.0,United Kingdom,-9.95
,22487,WHITE WOOD GARDEN PLANT LADDER,-1,2011-10-25 15:37:00,9.95,15836.0,United Kingdom,-9.95
,22731,3D CHRISTMAS STAMPS STICKERS ,-14,2011-10-25 16:49:00,1.25,17423.0,United Kingdom,-17.5
572748,21824,check,-103,2011-10-25 16:50:00,0.0,,United Kingdom,-0.0
572749,22572,??,-335,2011-10-25 16:52:00,0.0,,United Kingdom,-0.0
,21623,VINTAGE UNION JACK MEMOBOARD,-1,2011-10-25 17:07:00,9.95,14395.0,United Kingdom,-9.95
,72802C,VANILLA SCENT CANDLE JEWELLED BOX,-36,2011-10-25 17:29:00,1.0,15482.0,United Kingdom,-36.0
,72802B,OCEAN SCENT CANDLE IN JEWELLED BOX,-36,2011-10-25 17:29:00,1.0,15482.0,United Kingdom,-36.0
,23072,MARIE ANTOINETTE TRINKET BOX SILVER,-24,2011-10-25 17:29:00,3.0,15482.0,United Kingdom,-72.0
,23071,MARIE ANTOINETTE TRINKET BOX GOLD,-24,2011-10-25 17:29:00,3.0,15482.0,United Kingdom,-72.0
,23057,BEADED CHANDELIER T-LIGHT HOLDER,-48,2011-10-25 17:29:00,1.0,15482.0,United Kingdom,-48.0
,23056,FLOWERS CHANDELIER T-LIGHT HOLDER,-48,2011-10-25 17:29:00,1.0,15482.0,United Kingdom,-48.0
,23055,IVORY CHANDELIER T-LIGHT HOLDER,-48,2011-10-25 17:29:00,1.0,15482.0,United Kingdom,-48.0
572759,37468,,-2,2011-10-25 18:45:00,0.0,,United Kingdom,-0.0
,22960,JAM MAKING SET WITH JARS,-3,2011-10-26 09:38:00,4.25,12584.0,Italy,-12.75
,22845,VINTAGE CREAM CAT FOOD CONTAINER,-1,2011-10-26 09:38:00,6.35,12584.0,Italy,-6.35
,22844,VINTAGE CREAM DOG FOOD CONTAINER,-1,2011-10-26 09:38:00,8.5,12584.0,Italy,-8.5
,22666,RECIPE BOX PANTRY YELLOW DESIGN,-1,2011-10-26 09:38:00,2.95,12584.0,Italy,-2.95
,22571,ROCKING HORSE RED CHRISTMAS ,-12,2011-10-26 11:37:00,0.85,14895.0,United Kingdom,-10.2
,23485,BOTANICAL GARDENS WALL CLOCK ,-1,2011-10-26 11:37:00,25.0,14895.0,United Kingdom,-25.0
,22796,PHOTO FRAME 3 CLASSIC HANGING,-1,2011-10-26 12:22:00,9.95,17841.0,United Kingdom,-9.95
,23406,HOME SWEET HOME KEY HOLDER,-1,2011-10-26 12:22:00,6.25,17841.0,United Kingdom,-6.25
,23245,SET OF 3 REGENCY CAKE TINS,-2,2011-10-26 12:28:00,4.95,15215.0,United Kingdom,-9.9
,23397,FOOT STOOL HOME SWEET HOME ,-1,2011-10-26 12:28:00,9.95,15215.0,United Kingdom,-9.95
,23085,ANTIQUE SILVER BAUBLE LAMP  ,-3,2011-10-26 12:28:00,10.4,15215.0,United Kingdom,-31.2
,85048,15CM CHRISTMAS GLASS BALL 20 LIGHTS,-3,2011-10-26 12:28:00,7.95,15215.0,United Kingdom,-23.85
,23175,REGENCY MILK JUG PINK ,-1,2011-10-26 12:28:00,3.25,15215.0,United Kingdom,-3.25
,85066,CREAM SWEETHEART MINI CHEST,-1,2011-10-26 12:54:00,12.75,12856.0,United Kingdom,-12.75
572891,23343,20713,-400,2011-10-26 14:14:00,0.0,,United Kingdom,-0.0
572898,22180,,-15,2011-10-26 14:50:00,0.0,,United Kingdom,-0.0
,22360,GLASS JAR ENGLISH CONFECTIONERY,-12,2011-10-26 16:29:00,2.55,16325.0,United Kingdom,-30.6
,82483,WOOD 2 DRAWER CABINET WHITE FINISH,-2,2011-10-26 16:33:00,6.95,15296.0,United Kingdom,-13.9
572919,72802C,check,-17,2011-10-26 16:49:00,0.0,,United Kingdom,-0.0
,35970,ZINC FOLKART SLEIGH BELLS,-9,2011-10-27 09:25:00,1.69,14233.0,United Kingdom,-15.21
,21314,SMALL GLASS HEART TRINKET POT,-15,2011-10-27 10:46:00,1.85,14764.0,United Kingdom,-27.75
,23458,DOLLY CABINET 3 DRAWERS ,-1,2011-10-27 10:53:00,14.95,15786.0,United Kingdom,-14.95
,23459,DOLLY CABINET 2 DRAWERS ,-1,2011-10-27 10:53:00,12.5,15786.0,United Kingdom,-12.5
,23274,STAR T-LIGHT HOLDER WILLIE WINKIE,-1,2011-10-27 10:53:00,1.65,15786.0,United Kingdom,-1.65
,22603,CHRISTMAS RETROSPOT TREE WOOD,-2,2011-10-27 10:53:00,0.85,15786.0,United Kingdom,-1.7
,22423,REGENCY CAKESTAND 3 TIER,-1,2011-10-27 10:56:00,12.75,17672.0,United Kingdom,-12.75
,22582,PACK OF 6 SWEETIE GIFT BOXES,-12,2011-10-27 10:56:00,2.55,17672.0,United Kingdom,-30.6
,22950,SET OF 36 VINTAGE CHRISTMAS DOILIES,-1,2011-10-27 10:56:00,1.45,17672.0,United Kingdom,-1.45
,23166,MEDIUM CERAMIC TOP STORAGE JAR,-1,2011-10-27 10:56:00,1.25,17672.0,United Kingdom,-1.25
,22847,BREAD BIN DINER STYLE IVORY,-1,2011-10-27 10:58:00,16.95,16690.0,United Kingdom,-16.95
,23404,HOME SWEET HOME BLACKBOARD,-1,2011-10-27 11:11:00,4.95,13890.0,United Kingdom,-4.95
572996,23462,damages,-34,2011-10-27 11:22:00,0.0,,United Kingdom,-0.0
,20979,36 PENCILS TUBE RED RETROSPOT,-11,2011-10-27 12:29:00,1.25,13735.0,United Kingdom,-13.75
,21216,"SET 3 RETROSPOT TEA,COFFEE,SUGAR",-1,2011-10-27 12:29:00,4.95,13735.0,United Kingdom,-4.95
,22606,WOODEN SKITTLES GARDEN SET,-1,2011-10-27 12:29:00,15.95,13735.0,United Kingdom,-15.95
,72807B,SET/3 OCEAN SCENT CANDLE JEWEL BOX,-3,2011-10-27 12:39:00,4.25,14911.0,EIRE,-12.75
,22891,TEA FOR ONE POLKADOT,-2,2011-10-27 12:39:00,4.25,14911.0,EIRE,-8.5
,21843,RED RETROSPOT CAKE STAND,-7,2011-10-27 12:39:00,10.95,14911.0,EIRE,-76.65
,23407,SET OF 2 TRAYS HOME SWEET HOME,-1,2011-10-27 12:57:00,9.95,14474.0,United Kingdom,-9.95
,23487,SWEET HEART CAKE CARRIER,-1,2011-10-27 13:34:00,9.95,15468.0,United Kingdom,-9.95
,23300,GARDENERS KNEELING PAD CUP OF TEA ,-1,2011-10-27 13:34:00,1.65,15468.0,United Kingdom,-1.65
,23466,TUSCAN VILLA DOVECOTE BIRD FEEDER,-1,2011-10-27 13:34:00,8.25,15468.0,United Kingdom,-8.25
,22818,CARD CHRISTMAS VILLAGE,-12,2011-10-27 13:35:00,0.42,13004.0,United Kingdom,-5.04
,23508,MINI PLAYING CARDS DOLLY GIRL ,-2,2011-10-27 13:35:00,0.42,13004.0,United Kingdom,-0.84
,22690,DOORMAT HOME SWEET HOME BLUE ,-1,2011-10-27 13:41:00,8.25,14227.0,United Kingdom,-8.25
,21524,DOORMAT SPOTTY HOME SWEET HOME,-2,2011-10-27 13:41:00,8.25,14227.0,United Kingdom,-16.5
,23245,SET OF 3 REGENCY CAKE TINS,-3,2011-10-27 13:45:00,4.95,12471.0,Germany,-14.85
,23368,SET 12 COLOUR PENCILS DOLLY GIRL ,-3,2011-10-27 13:45:00,0.65,12471.0,Germany,-1.95
,23197,SKETCHBOOK MAGNETIC SHOPPING LIST,-6,2011-10-27 13:45:00,1.45,12471.0,Germany,-8.7
,21232,STRAWBERRY CERAMIC TRINKET POT,-2,2011-10-27 13:45:00,1.25,12471.0,Germany,-2.5
,23294,SET OF 6 SNACK LOAF BAKING CASES,-1,2011-10-27 13:45:00,0.83,12471.0,Germany,-0.83
,23238,SET OF 4 KNICK KNACK TINS LONDON ,-2,2011-10-27 13:45:00,4.15,12471.0,Germany,-8.3
,22423,REGENCY CAKESTAND 3 TIER,-11,2011-10-27 13:45:00,10.95,12471.0,Germany,-120.45
,23198,PANTRY MAGNETIC  SHOPPING LIST,-13,2011-10-27 13:45:00,1.45,12471.0,Germany,-18.85
,M,Manual,-2,2011-10-27 14:15:00,4161.06,12536.0,France,-8322.12
,D,Discount,-1,2011-10-27 14:20:00,23.27,14527.0,United Kingdom,-23.27
,22503,CABIN BAG VINTAGE PAISLEY,-12,2011-10-27 14:24:00,24.95,13587.0,United Kingdom,-299.4
,22649,STRAWBERRY FAIRY CAKE TEAPOT,-1,2011-10-27 14:27:00,4.95,13991.0,United Kingdom,-4.95
,22065,CHRISTMAS PUDDING TRINKET POT ,-1,2011-10-27 14:27:00,0.39,13991.0,United Kingdom,-0.39
,21928,JUMBO BAG SCANDINAVIAN BLUE PAISLEY,-40,2011-10-27 14:38:00,1.79,13791.0,United Kingdom,-71.6
,20724,RED RETROSPOT CHARLOTTE BAG,-40,2011-10-27 14:38:00,0.72,13791.0,United Kingdom,-28.8
,22356,CHARLOTTE BAG PINK POLKADOT,-76,2011-10-27 14:38:00,0.72,13791.0,United Kingdom,-54.72
,23207,LUNCH BAG ALPHABET DESIGN,-66,2011-10-27 14:38:00,1.45,13791.0,United Kingdom,-95.7
,20728,LUNCH BAG CARS BLUE,-112,2011-10-27 14:38:00,1.45,13791.0,United Kingdom,-162.4
,20727,LUNCH BAG  BLACK SKULL.,-38,2011-10-27 14:38:00,1.45,13791.0,United Kingdom,-55.1
,23251,VINTAGE RED ENAMEL TRIM MUG ,-18,2011-10-27 14:42:00,1.25,15038.0,United Kingdom,-22.5
,23250,VINTAGE RED TRIM ENAMEL BOWL ,-6,2011-10-27 14:42:00,1.25,15038.0,United Kingdom,-7.5
,23249,VINTAGE RED ENAMEL TRIM PLATE,-6,2011-10-27 14:42:00,1.65,15038.0,United Kingdom,-9.9
,85048,15CM CHRISTMAS GLASS BALL 20 LIGHTS,-1,2011-10-27 14:45:00,7.95,15088.0,United Kingdom,-7.95
,23092,LARGE ANTIQUE WHITE PHOTO FRAME,-1,2011-10-27 14:45:00,7.9,15088.0,United Kingdom,-7.9
,23013,GLASS APOTHECARY BOTTLE TONIC,-1,2011-10-27 14:45:00,3.95,15088.0,United Kingdom,-3.95
,22654,DELUXE SEWING KIT ,-2,2011-10-27 14:47:00,5.95,12921.0,United Kingdom,-11.9
,23541,WALL ART CLASSIC PUDDINGS ,-2,2011-10-27 14:50:00,8.25,16592.0,United Kingdom,-16.5
,22467,GUMBALL COAT RACK,-1,2011-10-27 15:04:00,2.55,13969.0,United Kingdom,-2.55
573115,23343,wrongly coded 20713,-1000,2011-10-27 15:37:00,0.0,,United Kingdom,-0.0
573118,85032D,damaged,-1,2011-10-27 16:19:00,0.0,,United Kingdom,-0.0
573120,72816,,-1,2011-10-27 16:21:00,0.0,,United Kingdom,-0.0
,23526,WALL ART DOG LICENCE ,-12,2011-10-27 19:00:00,5.95,15125.0,United Kingdom,-71.4
,23462,ROCOCO WALL MIRROR WHITE,-1,2011-10-27 19:16:00,19.95,15469.0,United Kingdom,-19.95
,M,Manual,-1,2011-10-28 10:02:00,0.5,16966.0,United Kingdom,-0.5
,23048,SET OF 10 LANTERNS FAIRY LIGHT STAR,-1,2011-10-28 11:00:00,4.15,,United Kingdom,-4.15
,22627,MINT KITCHEN SCALES,-1,2011-10-28 11:38:00,8.5,12709.0,Germany,-8.5
,21672,WHITE SPOT RED CERAMIC DRAWER KNOB,-1,2011-10-28 11:49:00,1.45,14415.0,United Kingdom,-1.45
,22470,HEART OF WICKER LARGE,-1,2011-10-28 11:49:00,2.95,14415.0,United Kingdom,-2.95
,21407,BROWN CHECK CAT DOORSTOP ,-1,2011-10-28 11:49:00,4.25,14415.0,United Kingdom,-4.25
,22244,3 HOOK HANGER MAGIC GARDEN,-2,2011-10-28 11:49:00,1.95,14415.0,United Kingdom,-3.9
,21931,JUMBO STORAGE BAG SUKI,-1,2011-10-28 11:49:00,2.08,14415.0,United Kingdom,-2.08
,22367,CHILDRENS APRON SPACEBOY DESIGN,-1,2011-10-28 11:54:00,1.95,16764.0,United Kingdom,-1.95
,20682,RED RETROSPOT CHILDRENS UMBRELLA,-1,2011-10-28 11:54:00,3.25,16764.0,United Kingdom,-3.25
,22666,RECIPE BOX PANTRY YELLOW DESIGN,-1,2011-10-28 11:54:00,2.95,16764.0,United Kingdom,-2.95
,23148,MINIATURE ANTIQUE ROSE HOOK IVORY,-1,2011-10-28 11:54:00,0.83,16764.0,United Kingdom,-0.83
,22968,ROSE COTTAGE KEEPSAKE BOX ,-2,2011-10-28 12:08:00,9.95,14623.0,United Kingdom,-19.9
,POST,POSTAGE,-1,2011-10-28 12:14:00,3.95,17552.0,United Kingdom,-3.95
573254,85135C,Damages,-49,2011-10-28 12:18:00,0.0,,United Kingdom,-0.0
573258,85136C,damages,-36,2011-10-28 12:19:00,0.0,,United Kingdom,-0.0
,POST,POSTAGE,-1,2011-10-28 12:19:00,6.42,14297.0,United Kingdom,-6.42
573259,85136A,damages,-77,2011-10-28 12:20:00,0.0,,United Kingdom,-0.0
,22650,CERAMIC PIRATE CHEST MONEY BANK,-1,2011-10-28 12:27:00,1.45,15287.0,United Kingdom,-1.45
,M,Manual,-1,2011-10-28 12:50:00,907.0,12748.0,United Kingdom,-907.0
,21264,WHITE GOOSE FEATHER TREE 60CM ,-2,2011-10-28 13:00:00,1.95,14606.0,United Kingdom,-3.9
,22776,SWEETHEART 3 TIER CAKE STAND ,-1,2011-10-28 13:57:00,9.95,18030.0,United Kingdom,-9.95
,22796,PHOTO FRAME 3 CLASSIC HANGING,-1,2011-10-28 16:15:00,9.95,17837.0,United Kingdom,-9.95
,82483,WOOD 2 DRAWER CABINET WHITE FINISH,-1,2011-10-28 16:15:00,6.95,17837.0,United Kingdom,-6.95
573317,21804,,-84,2011-10-28 18:09:00,0.0,,United Kingdom,-0.0
573318,84944,,-47,2011-10-28 18:11:00,0.0,,United Kingdom,-0.0
,22169,FAMILY ALBUM WHITE PICTURE FRAME,-1,2011-10-30 10:35:00,8.5,14546.0,United Kingdom,-8.5
,85040A,S/4 PINK FLOWER CANDLES IN BOWL,-1,2011-10-30 10:35:00,1.65,14546.0,United Kingdom,-1.65
,22553,PLASTERS IN TIN SKULLS,-1,2011-10-30 10:35:00,1.65,14546.0,United Kingdom,-1.65
,22178,VICTORIAN GLASS HANGING T-LIGHT,-1,2011-10-30 10:35:00,1.95,14546.0,United Kingdom,-1.95
,23014,GLASS APOTHECARY BOTTLE ELIXIR,-1,2011-10-30 10:35:00,3.95,14546.0,United Kingdom,-3.95
,48138,DOORMAT UNION FLAG,-1,2011-10-30 10:35:00,8.25,14546.0,United Kingdom,-8.25
,22057,CERAMIC PLATE STRAWBERRY DESIGN,-36,2011-10-31 10:18:00,1.49,14560.0,United Kingdom,-53.64
573463,17012B,check,-70,2011-10-31 10:56:00,0.0,,United Kingdom,-0.0
,85017B,ENVELOPE 50 BLOSSOM IMAGES,-12,2011-10-31 10:58:00,0.85,14286.0,United Kingdom,-10.2
573482,21181,check,-54,2011-10-31 11:20:00,0.0,,United Kingdom,-0.0
573487,23400,check,-19,2011-10-31 11:46:00,0.0,,United Kingdom,-0.0
573489,85035B,check,-36,2011-10-31 11:48:00,0.0,,United Kingdom,-0.0
573490,85035A,CHECK,-59,2011-10-31 11:55:00,0.0,,United Kingdom,-0.0
573491,21618,CHECK,-54,2011-10-31 11:56:00,0.0,,United Kingdom,-0.0
573493,21619,check,-94,2011-10-31 11:57:00,0.0,,United Kingdom,-0.0
573494,47503H,check,-24,2011-10-31 11:57:00,0.0,,United Kingdom,-0.0
573497,21642,check,-138,2011-10-31 12:00:00,0.0,,United Kingdom,-0.0
573498,21636,check,-22,2011-10-31 12:00:00,0.0,,United Kingdom,-0.0
573499,21192,check,-164,2011-10-31 12:01:00,0.0,,United Kingdom,-0.0
,22064,PINK DOUGHNUT TRINKET POT ,-2,2011-10-31 12:02:00,1.65,14808.0,United Kingdom,-3.3
,23389,SPACEBOY MINI BACKPACK,-2,2011-10-31 12:02:00,4.15,14808.0,United Kingdom,-8.3
,23390,DOLLY GIRL MINI BACKPACK,-1,2011-10-31 12:02:00,4.15,14808.0,United Kingdom,-4.15
,84674,FLYING PIG WATERING CAN,-4,2011-10-31 12:02:00,2.95,14808.0,United Kingdom,-11.8
,21888,BINGO SET,-2,2011-10-31 12:02:00,3.75,14808.0,United Kingdom,-7.5
,22550,HOLIDAY FUN LUDO,-7,2011-10-31 12:02:00,3.75,14808.0,United Kingdom,-26.25
,23229,VINTAGE DONKEY TAIL GAME ,-2,2011-10-31 12:02:00,3.75,14808.0,United Kingdom,-7.5
,21913,VINTAGE SEASIDE JIGSAW PUZZLES,-2,2011-10-31 12:02:00,3.75,14808.0,United Kingdom,-7.5
573503,22595,check,-80,2011-10-31 12:03:00,0.0,,United Kingdom,-0.0
573505,85208,check,-22,2011-10-31 12:09:00,0.0,,United Kingdom,-0.0
,23462,ROCOCO WALL MIRROR WHITE,-1,2011-10-31 12:57:00,19.95,14738.0,United Kingdom,-19.95
573547,84818,damages,-70,2011-10-31 13:21:00,0.0,,United Kingdom,-0.0
,AMAZONFEE,AMAZON FEE,-1,2011-10-31 13:23:00,5942.57,,United Kingdom,-5942.57
,AMAZONFEE,AMAZON FEE,-1,2011-10-31 13:32:00,2185.04,,United Kingdom,-2185.04
,CRUK,CRUK Commission,-1,2011-10-31 14:09:00,606.0,14096.0,United Kingdom,-606.0
573590,79323G,"Unsaleable, destroyed.",-657,2011-10-31 15:15:00,0.0,,United Kingdom,-0.0
573591,79323B,"Unsaleable, destroyed.",-1671,2011-10-31 15:15:00,0.0,,United Kingdom,-0.0
573592,79323GR,"Unsaleable, destroyed.",-1158,2011-10-31 15:16:00,0.0,,United Kingdom,-0.0
573593,79323LP,"Unsaleable, destroyed.",-2618,2011-10-31 15:16:00,0.0,,United Kingdom,-0.0
573594,79323P,"Unsaleable, destroyed.",-2003,2011-10-31 15:16:00,0.0,,United Kingdom,-0.0
573595,79323S,"Unsaleable, destroyed.",-674,2011-10-31 15:17:00,0.0,,United Kingdom,-0.0
573596,79323W,"Unsaleable, destroyed.",-4830,2011-10-31 15:17:00,0.0,,United Kingdom,-0.0
573597,79341,"Unsaleable, destroyed.",-905,2011-10-31 15:18:00,0.0,,United Kingdom,-0.0
573598,79342B,"Unsaleable, destroyed.",-1128,2011-10-31 15:18:00,0.0,,United Kingdom,-0.0
573670,22176,check,-28,2011-10-31 17:02:00,0.0,,United Kingdom,-0.0
573672,22522,check,-126,2011-10-31 17:04:00,0.0,,United Kingdom,-0.0
573726,72817,check,-67,2011-10-31 17:18:00,0.0,,United Kingdom,-0.0
573734,72818,check,-26,2011-10-31 17:19:00,0.0,,United Kingdom,-0.0
,85159B,"WHITE TEA,COFFEE,SUGAR JARS",-2,2011-11-01 09:29:00,1.95,16150.0,United Kingdom,-3.9
,23393,HOME SWEET HOME CUSHION COVER ,-1,2011-11-01 09:29:00,3.75,16150.0,United Kingdom,-3.75
,22109,FULL ENGLISH BREAKFAST PLATE,-2,2011-11-01 09:29:00,3.75,16150.0,United Kingdom,-7.5
573752,46000S,dotcom sales,-90,2011-11-01 09:34:00,0.0,,United Kingdom,-0.0
,22197,POPCORN HOLDER,-1,2011-11-01 09:37:00,0.85,14329.0,United Kingdom,-0.85
,23462,ROCOCO WALL MIRROR WHITE,-1,2011-11-01 09:39:00,19.95,13126.0,United Kingdom,-19.95
,35923,CANDY HEART HANGING DECORATION,-1,2011-11-01 09:41:00,0.39,13028.0,United Kingdom,-0.39
,85183A,CHARLIE & LOLA WASTEPAPER BIN BLUE,-1,2011-11-01 09:41:00,1.25,13028.0,United Kingdom,-1.25
,22072,RED RETROSPOT TEA CUP AND SAUCER ,-1,2011-11-01 09:46:00,3.75,17865.0,United Kingdom,-3.75
,21232,STRAWBERRY CERAMIC TRINKET POT,-9,2011-11-01 09:46:00,1.25,17865.0,United Kingdom,-11.25
,21232,STRAWBERRY CERAMIC TRINKET POT,-6,2011-11-01 09:46:00,1.25,17865.0,United Kingdom,-7.5
,22423,REGENCY CAKESTAND 3 TIER,-3,2011-11-01 09:46:00,10.95,17865.0,United Kingdom,-32.85
,23293,SET OF 12 FAIRY CAKE BAKING CASES,-8,2011-11-01 09:51:00,0.83,17193.0,United Kingdom,-6.64
,22556,PLASTERS IN TIN CIRCUS PARADE ,-6,2011-11-01 09:51:00,1.65,17193.0,United Kingdom,-9.9
,22553,PLASTERS IN TIN SKULLS,-10,2011-11-01 09:52:00,1.65,16648.0,United Kingdom,-16.5
,22556,PLASTERS IN TIN CIRCUS PARADE ,-2,2011-11-01 09:52:00,1.65,16648.0,United Kingdom,-3.3
,22362,GLASS JAR PEACOCK BATH SALTS,-3,2011-11-01 09:55:00,2.95,15489.0,United Kingdom,-8.85
,22364,GLASS JAR DIGESTIVE BISCUITS,-3,2011-11-01 09:55:00,2.95,15489.0,United Kingdom,-8.85
,22363,GLASS JAR MARMALADE ,-3,2011-11-01 09:55:00,2.95,15489.0,United Kingdom,-8.85
,22361,GLASS JAR DAISY FRESH COTTON WOOL,-3,2011-11-01 09:55:00,2.95,15489.0,United Kingdom,-8.85
,22360,GLASS JAR ENGLISH CONFECTIONERY,-3,2011-11-01 09:55:00,2.95,15489.0,United Kingdom,-8.85
,23348,CHILDRENS TOY COOKING UTENSIL SET,-2,2011-11-01 09:56:00,2.08,13032.0,United Kingdom,-4.16
,23301,GARDENERS KNEELING PAD KEEP CALM ,-2,2011-11-01 09:56:00,1.65,13032.0,United Kingdom,-3.3
,23206,LUNCH BAG APPLE DESIGN,-2,2011-11-01 09:56:00,1.65,13032.0,United Kingdom,-3.3
,22646,CERAMIC STRAWBERRY CAKE MONEY BANK,-2,2011-11-01 09:56:00,1.45,13032.0,United Kingdom,-2.9
,23494,VINTAGE DOILY DELUXE SEWING KIT ,-2,2011-11-01 09:57:00,5.95,18226.0,United Kingdom,-11.9
,22924,FRIDGE MAGNETS LA VIE EN ROSE,-1,2011-11-01 09:58:00,0.85,14189.0,United Kingdom,-0.85
,23462,ROCOCO WALL MIRROR WHITE,-3,2011-11-01 10:01:00,19.95,13882.0,United Kingdom,-59.85
,23462,ROCOCO WALL MIRROR WHITE,-1,2011-11-01 10:13:00,19.95,16164.0,United Kingdom,-19.95
,22928,YELLOW GIANT GARDEN THERMOMETER,-1,2011-11-01 10:57:00,5.95,16360.0,United Kingdom,-5.95
,23007, SPACEBOY BABY GIFT SET,-2,2011-11-01 10:57:00,16.95,16360.0,United Kingdom,-33.9
,23010,CIRCUS PARADE BABY GIFT SET,-1,2011-11-01 10:57:00,16.95,16360.0,United Kingdom,-16.95
,23008,DOLLY GIRL BABY GIFT SET,-2,2011-11-01 10:57:00,16.95,16360.0,United Kingdom,-33.9
,22621,TRADITIONAL KNITTING NANCY,-1,2011-11-01 10:57:00,1.65,16360.0,United Kingdom,-1.65
,23165,LARGE CERAMIC TOP STORAGE JAR,-1,2011-11-01 10:57:00,1.65,16360.0,United Kingdom,-1.65
,22409,MONEY BOX BISCUITS DESIGN,-1,2011-11-01 10:57:00,1.25,16360.0,United Kingdom,-1.25
573815,20902,check,-3,2011-11-01 11:31:00,0.0,,United Kingdom,-0.0
573816,20898,check,-10,2011-11-01 11:32:00,0.0,,United Kingdom,-0.0
,23169,CLASSIC GLASS COOKIE JAR,-1,2011-11-01 11:55:00,3.75,15311.0,United Kingdom,-3.75
,23168,CLASSIC CAFE SUGAR DISPENSER,-2,2011-11-01 11:55:00,1.04,15311.0,United Kingdom,-2.08
,22467,GUMBALL COAT RACK,-2,2011-11-01 11:55:00,2.1,15311.0,United Kingdom,-4.2
,22411,JUMBO SHOPPER VINTAGE RED PAISLEY,-1,2011-11-01 11:55:00,1.79,15311.0,United Kingdom,-1.79
,22386,JUMBO BAG PINK POLKADOT,-1,2011-11-01 11:55:00,1.79,15311.0,United Kingdom,-1.79
,23485,BOTANICAL GARDENS WALL CLOCK ,-1,2011-11-01 12:23:00,25.0,12523.0,France,-25.0
573919,21352,check,-23,2011-11-01 17:39:00,0.0,,United Kingdom,-0.0
,22098,BOUDOIR SQUARE TISSUE BOX,-7,2011-11-02 09:50:00,0.39,17109.0,United Kingdom,-2.73
,22720,SET OF 3 CAKE TINS PANTRY DESIGN ,-1,2011-11-02 09:50:00,4.95,17109.0,United Kingdom,-4.95
,22515,CHILDS GARDEN SPADE PINK,-2,2011-11-02 10:14:00,2.1,17811.0,United Kingdom,-4.2
,21469,POLKA DOT RAFFIA FOOD COVER,-1,2011-11-02 10:14:00,3.75,17811.0,United Kingdom,-3.75
,22197,POPCORN HOLDER,-1,2011-11-02 10:14:00,0.85,17811.0,United Kingdom,-0.85
,23014,GLASS APOTHECARY BOTTLE ELIXIR,-4,2011-11-02 10:47:00,3.95,14511.0,United Kingdom,-15.8
,23013,GLASS APOTHECARY BOTTLE TONIC,-4,2011-11-02 10:47:00,3.95,14511.0,United Kingdom,-15.8
,23012,GLASS APOTHECARY BOTTLE PERFUME,-4,2011-11-02 10:47:00,3.95,14511.0,United Kingdom,-15.8
,21813,GARLAND WITH STARS AND BELLS,-6,2011-11-02 11:44:00,4.95,14390.0,United Kingdom,-29.7
,79321,CHILLI LIGHTS,-1,2011-11-02 11:51:00,5.75,17841.0,United Kingdom,-5.75
,22356,CHARLOTTE BAG PINK POLKADOT,-1,2011-11-02 11:51:00,0.85,17841.0,United Kingdom,-0.85
,21481,FAWN BLUE HOT WATER BOTTLE,-1,2011-11-02 11:51:00,3.75,17841.0,United Kingdom,-3.75
,22738,RIBBON REEL SNOWY VILLAGE,-120,2011-11-02 12:05:00,1.45,12415.0,Australia,-174.0
,51014C,"FEATHER PEN,COAL BLACK",-1,2011-11-02 12:26:00,0.39,14606.0,United Kingdom,-0.39
,23419,HOME SWEET HOME BOTTLE ,-1,2011-11-02 12:26:00,2.08,14606.0,United Kingdom,-2.08
,23380,PACK OF 12 VINTAGE DOILY TISSUES,-24,2011-11-02 12:32:00,0.39,13394.0,United Kingdom,-9.36
,22094,RED RETROSPOT TISSUE BOX,-36,2011-11-02 12:32:00,0.39,13394.0,United Kingdom,-14.04
,84836,ZINC METAL HEART DECORATION,-12,2011-11-02 12:32:00,1.25,13394.0,United Kingdom,-15.0
,22662,LUNCH BAG DOLLY GIRL DESIGN,-8,2011-11-02 12:32:00,1.65,13394.0,United Kingdom,-13.2
,35651,VINTAGE BEAD PINK SCARF ,-12,2011-11-02 12:32:00,1.65,13394.0,United Kingdom,-19.8
,35648,VINTAGE BEAD PINK PURSE ,-24,2011-11-02 12:32:00,0.83,13394.0,United Kingdom,-19.92
,22303,COFFEE MUG APPLES DESIGN,-36,2011-11-02 12:32:00,2.1,13394.0,United Kingdom,-75.6
,84380,SET OF 3 BUTTERFLY COOKIE CUTTERS,-24,2011-11-02 12:32:00,1.45,13394.0,United Kingdom,-34.8
,21705,BAG 500g SWIRLY MARBLES,-1,2011-11-02 12:33:00,1.65,14493.0,United Kingdom,-1.65
,22726,ALARM CLOCK BAKELIKE GREEN,-4,2011-11-02 12:33:00,3.75,14493.0,United Kingdom,-15.0
,23236,STORAGE TIN VINTAGE DOILY ,-1,2011-11-02 12:35:00,2.89,13870.0,United Kingdom,-2.89
,POST,POSTAGE,-1,2011-11-02 12:36:00,5.5,13394.0,United Kingdom,-5.5
,23028,DRAWER KNOB CRACKLE GLAZE BLUE,-1,2011-11-02 14:10:00,1.65,14102.0,United Kingdom,-1.65
,22938,CUPCAKE LACE PAPER SET 6,-12,2011-11-02 14:10:00,1.95,14102.0,United Kingdom,-23.4
,22779,WOODEN OWLS LIGHT GARLAND ,-12,2011-11-02 14:18:00,4.25,12474.0,Germany,-51.0
,22616,PACK OF 12 LONDON TISSUES ,-12,2011-11-02 14:43:00,0.39,13271.0,United Kingdom,-4.68
,22615,PACK OF 12 CIRCUS PARADE TISSUES ,-12,2011-11-02 14:43:00,0.39,13271.0,United Kingdom,-4.68
,22614,PACK OF 12 SPACEBOY TISSUES,-12,2011-11-02 14:43:00,0.39,13271.0,United Kingdom,-4.68
,22945,CHRISTMAS METAL TAGS ASSORTED ,-24,2011-11-02 14:43:00,0.85,13271.0,United Kingdom,-20.4
,22944,CHRISTMAS METAL POSTCARD WITH BELLS,-12,2011-11-02 14:43:00,0.39,13271.0,United Kingdom,-4.68
,72807C,SET/3 VANILLA SCENTED CANDLE IN BOX,-1,2011-11-02 16:16:00,4.25,14911.0,EIRE,-4.25
,23427,STOOL HOME SWEET HOME ,-1,2011-11-02 16:16:00,12.5,14911.0,EIRE,-12.5
,22491,PACK OF 12 COLOURED PENCILS,-12,2011-11-02 16:39:00,0.85,15521.0,United Kingdom,-10.2
574094,22147,check,-80,2011-11-03 09:46:00,0.0,,United Kingdom,-0.0
,22726,ALARM CLOCK BAKELIKE GREEN,-1,2011-11-03 09:54:00,3.75,12674.0,France,-3.75
,22614,PACK OF 12 SPACEBOY TISSUES,-1,2011-11-03 09:54:00,0.39,12674.0,France,-0.39
,22326,ROUND SNACK BOXES SET OF4 WOODLAND ,-1,2011-11-03 09:54:00,2.95,12674.0,France,-2.95
,22326,ROUND SNACK BOXES SET OF4 WOODLAND ,-1,2011-11-03 09:54:00,2.95,12674.0,France,-2.95
,23237,SET OF 4 KNICK KNACK TINS LEAF,-1,2011-11-03 09:54:00,4.15,12674.0,France,-4.15
,23254,CHILDRENS CUTLERY DOLLY GIRL ,-1,2011-11-03 09:54:00,4.15,12674.0,France,-4.15
574123,22652,check,-111,2011-11-03 10:55:00,0.0,,United Kingdom,-0.0
,23075,PARLOUR CERAMIC WALL HOOK,-10,2011-11-03 11:21:00,4.15,14505.0,United Kingdom,-41.5
574171,21818,check,-130,2011-11-03 11:45:00,0.0,,United Kingdom,-0.0
574173,35923,check,-42,2011-11-03 11:46:00,0.0,,United Kingdom,-0.0
574176,85054,check,-39,2011-11-03 11:48:00,0.0,,United Kingdom,-0.0
574198,21159,damaged,-40,2011-11-03 12:00:00,0.0,,United Kingdom,-0.0
,D,Discount,-1,2011-11-03 12:39:00,11.84,13408.0,United Kingdom,-11.84
,D,Discount,-1,2011-11-03 12:39:00,39.7,13408.0,United Kingdom,-39.7
,D,Discount,-1,2011-11-03 12:39:00,11.59,13408.0,United Kingdom,-11.59
,22486,PLASMATRONIC LAMP,-1,2011-11-03 13:00:00,12.75,13925.0,United Kingdom,-12.75
,M,Manual,-1,2011-11-03 13:44:00,64.11,15527.0,United Kingdom,-64.11
574257,72818,,-3,2011-11-03 13:46:00,0.0,,United Kingdom,-0.0
,23084,RABBIT NIGHT LIGHT,-45,2011-11-03 13:52:00,1.79,15521.0,United Kingdom,-80.55
,23325,RUSTIC STRAWBERRY JAM POT SMALL,-6,2011-11-03 14:00:00,1.65,12683.0,France,-9.9
,22352,LUNCH BOX WITH CUTLERY RETROSPOT ,-1,2011-11-03 14:00:00,2.55,12683.0,France,-2.55
,21208,PASTEL COLOUR HONEYCOMB FAN,-5,2011-11-03 14:00:00,0.39,12683.0,France,-1.95
,22636,CHILDS BREAKFAST SET CIRCUS PARADE,-4,2011-11-03 14:00:00,8.5,12683.0,France,-34.0
,23169,CLASSIC GLASS COOKIE JAR,-2,2011-11-03 14:00:00,4.15,12683.0,France,-8.3
,23236,STORAGE TIN VINTAGE DOILY ,-4,2011-11-03 14:00:00,2.89,12683.0,France,-11.56
,23110,PARISIENNE KEY CABINET ,-1,2011-11-03 14:22:00,5.75,14359.0,United Kingdom,-5.75
,22178,VICTORIAN GLASS HANGING T-LIGHT,-1,2011-11-03 15:13:00,14.75,,United Kingdom,-14.75
,22633,HAND WARMER UNION JACK,-1,2011-11-03 15:19:00,2.1,15290.0,United Kingdom,-2.1
,22262,FELT EGG COSY CHICKEN,-1,2011-11-03 15:19:00,0.85,15290.0,United Kingdom,-0.85
,22622,BOX OF VINTAGE ALPHABET BLOCKS,-6,2011-11-03 15:19:00,11.95,15290.0,United Kingdom,-71.7
,22138,BAKING SET 9 PIECE RETROSPOT ,-1,2011-11-03 15:19:00,4.95,15290.0,United Kingdom,-4.95
,21977,PACK OF 60 PINK PAISLEY CAKE CASES,-24,2011-11-03 15:19:00,0.55,15290.0,United Kingdom,-13.2
,22191,IVORY DINER WALL CLOCK,-1,2011-11-03 19:11:00,8.5,16729.0,United Kingdom,-8.5
,21264,WHITE GOOSE FEATHER TREE 60CM ,-6,2011-11-03 19:11:00,1.95,16729.0,United Kingdom,-11.7
,22423,REGENCY CAKESTAND 3 TIER,-24,2011-11-03 19:42:00,10.95,15482.0,United Kingdom,-262.8
,23080,RED METAL BOX TOP SECRET,-4,2011-11-04 10:03:00,8.25,16979.0,United Kingdom,-33.0
,23243,SET OF TEA COFFEE SUGAR TINS PANTRY,-4,2011-11-04 10:07:00,4.95,14629.0,United Kingdom,-19.8
,POST,POSTAGE,-1,2011-11-04 10:18:00,262.73,12415.0,Australia,-262.73
,23427,STOOL HOME SWEET HOME ,-1,2011-11-04 10:28:00,10.4,12500.0,Germany,-10.4
,23395,BELLE JARDINIERE CUSHION COVER,-3,2011-11-04 10:28:00,3.75,12500.0,Germany,-11.25
,23224,CHERUB HEART DECORATION GOLD,-12,2011-11-04 10:36:00,0.83,16637.0,United Kingdom,-9.96
,23222,CHRISTMAS TREE HANGING GOLD,-12,2011-11-04 10:36:00,0.83,16637.0,United Kingdom,-9.96
,23225,CHERUB HEART DECORATION SILVER ,-12,2011-11-04 10:36:00,0.83,16637.0,United Kingdom,-9.96
,22141,CHRISTMAS CRAFT TREE TOP ANGEL,-1,2011-11-04 11:23:00,2.1,16014.0,United Kingdom,-2.1
,22144,CHRISTMAS CRAFT LITTLE FRIENDS,-2,2011-11-04 11:23:00,2.1,16014.0,United Kingdom,-4.2
,23322,LARGE WHITE HEART OF WICKER,-1,2011-11-04 11:23:00,2.95,16014.0,United Kingdom,-2.95
,23404,HOME SWEET HOME BLACKBOARD,-1,2011-11-04 11:41:00,4.95,13890.0,United Kingdom,-4.95
,POST,POSTAGE,-2,2011-11-04 11:44:00,40.0,12704.0,Finland,-80.0
,22791,T-LIGHT GLASS FLUTED ANTIQUE,-1,2011-11-04 12:01:00,1.25,17690.0,United Kingdom,-1.25
,84949,SILVER HANGING T-LIGHT HOLDER,-5,2011-11-04 12:01:00,1.65,17690.0,United Kingdom,-8.25
,23497,CLASSIC CHROME BICYCLE BELL ,-12,2011-11-04 12:05:00,1.45,15809.0,United Kingdom,-17.4
,23293,SET OF 12 FAIRY CAKE BAKING CASES,-8,2011-11-04 12:05:00,0.83,15809.0,United Kingdom,-6.64
,23284,DOORMAT KEEP CALM AND COME IN,-2,2011-11-04 12:05:00,8.25,15809.0,United Kingdom,-16.5
,23234,BISCUIT TIN VINTAGE CHRISTMAS,-6,2011-11-04 12:05:00,2.89,15809.0,United Kingdom,-17.34
,23084,RABBIT NIGHT LIGHT,-6,2011-11-04 12:05:00,2.08,15809.0,United Kingdom,-12.48
,22781,GUMBALL MAGAZINE RACK,-2,2011-11-04 12:05:00,7.65,15809.0,United Kingdom,-15.3
,21993,FLORAL FOLK STATIONERY SET,-12,2011-11-04 12:05:00,1.25,15809.0,United Kingdom,-15.0
,20749,ASSORTED COLOUR MINI CASES,-2,2011-11-04 12:05:00,7.95,15809.0,United Kingdom,-15.9
,22426,ENAMEL WASH BOWL CREAM,-4,2011-11-04 12:48:00,3.75,14359.0,United Kingdom,-15.0
,23118,PARISIENNE JEWELLERY DRAWER ,-2,2011-11-04 12:56:00,7.5,15329.0,United Kingdom,-15.0
,23110,PARISIENNE KEY CABINET ,-2,2011-11-04 12:56:00,5.75,15329.0,United Kingdom,-11.5
,85099B,JUMBO BAG RED RETROSPOT,-1,2011-11-04 12:57:00,2.08,14112.0,United Kingdom,-2.08
,23436,VINTAGE CHRISTMAS GIFT BAG LARGE ,-12,2011-11-04 12:57:00,1.25,14112.0,United Kingdom,-15.0
,23015,CORDIAL GLASS JUG,-4,2011-11-04 12:57:00,8.25,14112.0,United Kingdom,-33.0
,23470,CARD HOLDER LOVE BIRD LARGE ,-1,2011-11-04 12:58:00,6.25,13050.0,United Kingdom,-6.25
,23485,BOTANICAL GARDENS WALL CLOCK ,-2,2011-11-04 13:03:00,25.0,18219.0,United Kingdom,-50.0
,22725,ALARM CLOCK BAKELIKE CHOCOLATE,-1,2011-11-04 13:06:00,3.75,16656.0,United Kingdom,-3.75
,23103,JINGLE BELL HEART DECORATION,-3,2011-11-04 13:09:00,1.65,14842.0,United Kingdom,-4.95
,23117,POPPY FIELDS CHOPPING BOARD,-1,2011-11-04 13:09:00,4.95,14842.0,United Kingdom,-4.95
,23113,PANTRY CHOPPING BOARD,-1,2011-11-04 13:09:00,4.95,14842.0,United Kingdom,-4.95
,23114,VINTAGE LEAF CHOPPING BOARD  ,-2,2011-11-04 13:09:00,4.95,14842.0,United Kingdom,-9.9
,23234,BISCUIT TIN VINTAGE CHRISTMAS,-2,2011-11-04 13:09:00,2.89,14842.0,United Kingdom,-5.78
,23235,STORAGE TIN VINTAGE LEAF,-1,2011-11-04 13:09:00,2.89,14842.0,United Kingdom,-2.89
,23436,VINTAGE CHRISTMAS GIFT BAG LARGE ,-3,2011-11-04 13:09:00,1.25,14842.0,United Kingdom,-3.75
,23375,50'S CHRISTMAS PAPER GIFT BAG,-1,2011-11-04 13:09:00,0.82,14842.0,United Kingdom,-0.82
,22424,ENAMEL BREAD BIN CREAM,-1,2011-11-04 13:09:00,12.75,14842.0,United Kingdom,-12.75
,85048,15CM CHRISTMAS GLASS BALL 20 LIGHTS,-1,2011-11-04 13:11:00,7.95,15468.0,United Kingdom,-7.95
,22197,POPCORN HOLDER,-4,2011-11-04 13:13:00,0.85,14156.0,EIRE,-3.4
,23404,HOME SWEET HOME BLACKBOARD,-1,2011-11-04 13:14:00,4.95,14412.0,United Kingdom,-4.95
,21218,RED SPOTTY BISCUIT TIN,-1,2011-11-04 13:14:00,3.75,14412.0,United Kingdom,-3.75
,84946,ANTIQUE SILVER T-LIGHT GLASS,-2,2011-11-04 13:14:00,1.25,15598.0,United Kingdom,-2.5
,23567,EGG CUP HENRIETTA HEN PINK,-1,2011-11-04 13:19:00,1.25,16191.0,United Kingdom,-1.25
,22178,VICTORIAN GLASS HANGING T-LIGHT,-1,2011-11-04 13:19:00,1.95,16191.0,United Kingdom,-1.95
,84279P,CHERRY BLOSSOM  DECORATIVE FLASK,-4,2011-11-04 13:20:00,3.75,17434.0,United Kingdom,-15.0
,22487,WHITE WOOD GARDEN PLANT LADDER,-1,2011-11-04 13:20:00,9.95,17434.0,United Kingdom,-9.95
,21408,SPOTTY PINK DUCK DOORSTOP,-2,2011-11-04 13:20:00,4.25,17434.0,United Kingdom,-8.5
,85099B,JUMBO BAG RED RETROSPOT,-1,2011-11-04 13:22:00,2.08,13534.0,United Kingdom,-2.08
,23200,JUMBO BAG PEARS,-1,2011-11-04 13:22:00,2.08,13534.0,United Kingdom,-2.08
,23199,JUMBO BAG APPLES,-1,2011-11-04 13:22:00,2.08,13534.0,United Kingdom,-2.08
,47567B,TEA TIME KITCHEN APRON,-1,2011-11-04 13:22:00,5.95,13534.0,United Kingdom,-5.95
,22386,JUMBO BAG PINK POLKADOT,-4,2011-11-04 13:22:00,2.08,13534.0,United Kingdom,-8.32
,22699,ROSES REGENCY TEACUP AND SAUCER ,-1,2011-11-04 13:24:00,2.95,15345.0,United Kingdom,-2.95
,22697,GREEN REGENCY TEACUP AND SAUCER,-1,2011-11-04 13:24:00,2.95,15345.0,United Kingdom,-2.95
,23462,ROCOCO WALL MIRROR WHITE,-1,2011-11-04 13:24:00,19.95,15345.0,United Kingdom,-19.95
,20977,36 PENCILS TUBE WOODLAND,-11,2011-11-04 13:25:00,1.25,16463.0,United Kingdom,-13.75
,22360,GLASS JAR ENGLISH CONFECTIONERY,-1,2011-11-04 13:25:00,2.95,15110.0,United Kingdom,-2.95
,22360,GLASS JAR ENGLISH CONFECTIONERY,-1,2011-11-04 13:25:00,2.95,15110.0,United Kingdom,-2.95
,22114,HOT WATER BOTTLE TEA AND SYMPATHY,-2,2011-11-04 13:25:00,4.25,15110.0,United Kingdom,-8.5
,23085,ANTIQUE SILVER BAUBLE LAMP  ,-6,2011-11-04 13:28:00,10.4,12577.0,France,-62.4
574516,22162,,-24,2011-11-04 13:38:00,0.0,,United Kingdom,-0.0
,79191C,RETRO PLASTIC ELEPHANT TRAY,-12,2011-11-04 13:38:00,0.85,15159.0,United Kingdom,-10.2
,79191B,RETRO PLASTIC POLKA TRAY,-12,2011-11-04 13:38:00,0.85,15159.0,United Kingdom,-10.2
,22187,GREEN CHRISTMAS TREE CARD HOLDER,-1,2011-11-04 13:38:00,1.95,15159.0,United Kingdom,-1.95
,22186,RED STAR CARD HOLDER,-1,2011-11-04 13:38:00,1.95,15159.0,United Kingdom,-1.95
,22698,PINK REGENCY TEACUP AND SAUCER,-1,2011-11-04 13:38:00,2.95,15159.0,United Kingdom,-2.95
,22098,BOUDOIR SQUARE TISSUE BOX,-7,2011-11-04 13:40:00,0.39,17109.0,United Kingdom,-2.73
,22720,SET OF 3 CAKE TINS PANTRY DESIGN ,-1,2011-11-04 13:40:00,4.95,17109.0,United Kingdom,-4.95
574520,21181,,-6,2011-11-04 13:44:00,0.0,,United Kingdom,-0.0
,22197,POPCORN HOLDER,-2,2011-11-04 13:51:00,0.85,14292.0,United Kingdom,-1.7
,84929,ASSTD FRUIT+FLOWERS FRIDGE MAGNETS,-1,2011-11-04 13:53:00,0.19,17841.0,United Kingdom,-0.19
,23264,SET OF 3 WOODEN SLEIGH DECORATIONS,-1,2011-11-04 13:53:00,1.25,17841.0,United Kingdom,-1.25
,22893,MINI CAKE STAND T-LIGHT HOLDER,-6,2011-11-04 13:53:00,0.42,17841.0,United Kingdom,-2.52
,22356,CHARLOTTE BAG PINK POLKADOT,-1,2011-11-04 13:53:00,0.85,17841.0,United Kingdom,-0.85
,22379,RECYCLING BAG RETROSPOT ,-1,2011-11-04 13:53:00,2.1,17841.0,United Kingdom,-2.1
,M,Manual,-1,2011-11-04 13:53:00,12.75,17841.0,United Kingdom,-12.75
,22947,WOODEN ADVENT CALENDAR RED,-2,2011-11-04 13:53:00,7.95,17841.0,United Kingdom,-15.9
,84659A,WHITE TRAVEL ALARM CLOCK,-1,2011-11-04 13:55:00,2.55,17841.0,United Kingdom,-2.55
,22273,FELTCRAFT DOLL MOLLY,-2,2011-11-04 13:57:00,2.95,14567.0,United Kingdom,-5.9
,22112,CHOCOLATE HOT WATER BOTTLE,-24,2011-11-04 13:58:00,4.04,14156.0,EIRE,-96.96
,22699,ROSES REGENCY TEACUP AND SAUCER ,-1,2011-11-04 15:11:00,2.95,18044.0,United Kingdom,-2.95
,22946,WOODEN ADVENT CALENDAR CREAM,-6,2011-11-04 15:48:00,12.75,15187.0,United Kingdom,-76.5
574577,21519,check,-80,2011-11-04 17:09:00,0.0,,United Kingdom,-0.0
574578,40001,check,-240,2011-11-04 17:09:00,0.0,,United Kingdom,-0.0
574579,72802B,check,-203,2011-11-04 17:14:00,0.0,,United Kingdom,-0.0
574580,20751,check,-35,2011-11-04 17:44:00,0.0,,United Kingdom,-0.0
574581,23187,check,-62,2011-11-04 17:45:00,0.0,,United Kingdom,-0.0
574582,84279P,check,-104,2011-11-04 17:46:00,0.0,,United Kingdom,-0.0
574583,22892,check,-62,2011-11-04 17:46:00,0.0,,United Kingdom,-0.0
,85036C,ROSE 1 WICK MORRIS BOXED CANDLE,-180,2011-11-04 18:11:00,1.0,15482.0,United Kingdom,-180.0
,82494L,WOODEN FRAME ANTIQUE WHITE ,-48,2011-11-04 18:11:00,2.55,15482.0,United Kingdom,-122.4
,82486,3 DRAWER ANTIQUE WHITE WOOD CABINET,-24,2011-11-04 18:11:00,8.15,15482.0,United Kingdom,-195.6
,82483,WOOD 2 DRAWER CABINET WHITE FINISH,-32,2011-11-04 18:11:00,5.95,15482.0,United Kingdom,-190.4
,82482,WOODEN PICTURE FRAME WHITE FINISH,-72,2011-11-04 18:11:00,2.55,15482.0,United Kingdom,-183.6
,72802C,VANILLA SCENT CANDLE JEWELLED BOX,-180,2011-11-04 18:11:00,1.0,15482.0,United Kingdom,-180.0
,72802B,OCEAN SCENT CANDLE IN JEWELLED BOX,-162,2011-11-04 18:11:00,1.0,15482.0,United Kingdom,-162.0
,22423,REGENCY CAKESTAND 3 TIER,-24,2011-11-04 18:11:00,10.95,15482.0,United Kingdom,-262.8
,22173,METAL 4 HOOK HANGER FRENCH CHATEAU,-64,2011-11-04 18:11:00,2.75,15482.0,United Kingdom,-176.0
,22384,LUNCH BAG PINK POLKADOT,-1,2011-11-06 11:44:00,1.65,15426.0,United Kingdom,-1.65
,20728,LUNCH BAG CARS BLUE,-1,2011-11-06 11:44:00,1.65,15426.0,United Kingdom,-1.65
,22662,LUNCH BAG DOLLY GIRL DESIGN,-1,2011-11-06 11:44:00,1.65,15426.0,United Kingdom,-1.65
,22383,LUNCH BAG SUKI DESIGN ,-1,2011-11-06 11:44:00,1.65,15426.0,United Kingdom,-1.65
,22534,MAGIC DRAWING SLATE SPACEBOY ,-2,2011-11-06 11:44:00,0.42,15426.0,United Kingdom,-0.84
,22197,POPCORN HOLDER,-3,2011-11-06 11:44:00,0.85,15426.0,United Kingdom,-2.55
,21155,RED RETROSPOT PEG BAG,-1,2011-11-06 11:44:00,2.55,15426.0,United Kingdom,-2.55
,23407,SET OF 2 TRAYS HOME SWEET HOME,-1,2011-11-06 14:25:00,9.95,14502.0,United Kingdom,-9.95
,22393,PAPERWEIGHT VINTAGE COLLAGE,-1,2011-11-06 14:25:00,2.55,14502.0,United Kingdom,-2.55
,21539,RED RETROSPOT BUTTER DISH,-1,2011-11-06 14:25:00,4.95,14502.0,United Kingdom,-4.95
,22778,GLASS CLOCHE SMALL,-1,2011-11-06 14:25:00,3.95,14502.0,United Kingdom,-3.95
,20725,LUNCH BAG RED RETROSPOT,-100,2011-11-07 08:41:00,1.45,17107.0,United Kingdom,-145.0
,22383,LUNCH BAG SUKI DESIGN ,-100,2011-11-07 08:41:00,1.45,17107.0,United Kingdom,-145.0
,22382,LUNCH BAG SPACEBOY DESIGN ,-100,2011-11-07 08:41:00,1.45,17107.0,United Kingdom,-145.0
,23404,HOME SWEET HOME BLACKBOARD,-2,2011-11-07 09:20:00,4.95,13924.0,United Kingdom,-9.9
,23227,FILIGREE HEART BUTTERFLY WHITE ,-3,2011-11-07 09:20:00,1.25,13924.0,United Kingdom,-3.75
,22720,SET OF 3 CAKE TINS PANTRY DESIGN ,-2,2011-11-07 09:20:00,4.95,13924.0,United Kingdom,-9.9
574757,72802C,damages,-54,2011-11-07 10:08:00,0.0,,United Kingdom,-0.0
574816,85036C,damages wax,-1560,2011-11-07 10:37:00,0.0,,United Kingdom,-0.0
574822,85036B,damages wax,-1284,2011-11-07 10:38:00,0.0,,United Kingdom,-0.0
,22960,JAM MAKING SET WITH JARS,-1,2011-11-07 10:58:00,4.25,16678.0,United Kingdom,-4.25
,22900,SET 2 TEA TOWELS I LOVE LONDON ,-12,2011-11-07 10:58:00,3.25,16678.0,United Kingdom,-39.0
,21535,RED RETROSPOT SMALL MILK JUG,-3,2011-11-07 11:12:00,2.55,16232.0,United Kingdom,-7.65
,23240,SET OF 4 KNICK KNACK TINS DOILY ,-10,2011-11-07 12:03:00,4.15,14702.0,United Kingdom,-41.5
,POST,POSTAGE,-1,2011-11-07 12:30:00,15.0,12408.0,Belgium,-15.0
,23486,ANTIQUE HEART SHELF UNIT,-2,2011-11-07 13:00:00,14.55,13993.0,United Kingdom,-29.1
,POST,POSTAGE,-1,2011-11-07 13:06:00,4.41,16416.0,United Kingdom,-4.41
,23347,I LOVE LONDON BEAKER,-16,2011-11-07 13:06:00,1.25,16416.0,United Kingdom,-20.0
,85048,15CM CHRISTMAS GLASS BALL 20 LIGHTS,-2,2011-11-07 13:13:00,7.95,14426.0,United Kingdom,-15.9
,23169,CLASSIC GLASS COOKIE JAR,-1,2011-11-07 14:07:00,3.75,14606.0,United Kingdom,-3.75
,23236,STORAGE TIN VINTAGE DOILY ,-1,2011-11-07 14:43:00,2.89,12597.0,Spain,-2.89
,22071,SMALL WHITE RETROSPOT MUG IN BOX ,-3,2011-11-07 14:43:00,3.75,12597.0,Spain,-11.25
,20914,SET/5 RED RETROSPOT LID GLASS BOWLS,-6,2011-11-07 14:43:00,2.95,12597.0,Spain,-17.7
,21843,RED RETROSPOT CAKE STAND,-2,2011-11-07 14:43:00,10.95,12597.0,Spain,-21.9
,22553,PLASTERS IN TIN SKULLS,-12,2011-11-07 14:43:00,1.65,12597.0,Spain,-19.8
,22554,PLASTERS IN TIN WOODLAND ANIMALS,-12,2011-11-07 14:43:00,1.65,12597.0,Spain,-19.8
,23661,MILK MAIDS MUG ,-12,2011-11-07 14:43:00,1.65,12597.0,Spain,-19.8
,23458,DOLLY CABINET 3 DRAWERS ,-1,2011-11-07 14:43:00,14.95,12597.0,Spain,-14.95
,AMAZONFEE,AMAZON FEE,-1,2011-11-07 15:03:00,5877.18,,United Kingdom,-5877.18
,23131,MISTLETOE HEART WREATH CREAM,-5,2011-11-07 15:11:00,4.15,17014.0,United Kingdom,-20.75
,AMAZONFEE,AMAZON FEE,-1,2011-11-07 15:21:00,8286.22,,United Kingdom,-8286.22
574905,85017B,,-22,2011-11-07 15:28:00,0.0,,United Kingdom,-0.0
574906,85034A,damaged,-81,2011-11-07 15:30:00,0.0,,United Kingdom,-0.0
,23173,REGENCY TEAPOT ROSES ,-2,2011-11-07 15:51:00,8.15,13324.0,United Kingdom,-16.3
,22867,HAND WARMER BIRD DESIGN,-12,2011-11-07 16:39:00,2.1,15502.0,United Kingdom,-25.2
,22633,HAND WARMER UNION JACK,-6,2011-11-07 16:39:00,2.1,15502.0,United Kingdom,-12.6
,22632,HAND WARMER RED RETROSPOT,-6,2011-11-07 16:39:00,2.1,15502.0,United Kingdom,-12.6
,22844,VINTAGE CREAM DOG FOOD CONTAINER,-2,2011-11-07 16:39:00,8.5,15502.0,United Kingdom,-17.0
,22635,CHILDS BREAKFAST SET DOLLY GIRL ,-8,2011-11-07 16:39:00,8.5,15502.0,United Kingdom,-68.0
,22635,CHILDS BREAKFAST SET DOLLY GIRL ,-67,2011-11-07 16:39:00,8.5,15502.0,United Kingdom,-569.5
,22197,POPCORN HOLDER,-64,2011-11-07 16:39:00,0.85,15502.0,United Kingdom,-54.4
,21167,WHITE SAGE INCENSE,-50,2011-11-07 16:39:00,0.21,15502.0,United Kingdom,-10.5
,23161,REGENCY CAKE FORK,-12,2011-11-07 16:39:00,1.25,15502.0,United Kingdom,-15.0
,23159,SET OF 5 PANCAKE DAY MAGNETS,-12,2011-11-07 16:39:00,2.08,15502.0,United Kingdom,-24.96
,23158,SET OF 5 LUCKY CAT MAGNETS ,-12,2011-11-07 16:39:00,2.08,15502.0,United Kingdom,-24.96
,23154,SET OF 4 JAM JAR MAGNETS,-12,2011-11-07 16:39:00,2.08,15502.0,United Kingdom,-24.96
,22659,LUNCH BOX I LOVE LONDON,-12,2011-11-07 16:39:00,1.95,15502.0,United Kingdom,-23.4
,22631,CIRCUS PARADE LUNCH BOX ,-12,2011-11-07 16:39:00,1.95,15502.0,United Kingdom,-23.4
,23297,SET 40 HEART SHAPE PETIT FOUR CASES,-4,2011-11-07 16:39:00,1.65,15502.0,United Kingdom,-6.6
,22960,JAM MAKING SET WITH JARS,-2,2011-11-08 08:55:00,4.25,12656.0,France,-8.5
,22734,SET OF 6 RIBBONS VINTAGE CHRISTMAS,-6,2011-11-08 09:52:00,2.89,18223.0,United Kingdom,-17.34
,23319,BOX OF 6 MINI 50'S CRACKERS,-1,2011-11-08 09:52:00,2.49,18223.0,United Kingdom,-2.49
,22720,SET OF 3 CAKE TINS PANTRY DESIGN ,-3,2011-11-08 09:52:00,4.95,18223.0,United Kingdom,-14.85
,23235,STORAGE TIN VINTAGE LEAF,-1,2011-11-08 09:52:00,2.89,18223.0,United Kingdom,-2.89
,23198,PANTRY MAGNETIC  SHOPPING LIST,-3,2011-11-08 09:56:00,1.45,15066.0,United Kingdom,-4.35
,20979,36 PENCILS TUBE RED RETROSPOT,-16,2011-11-08 09:56:00,1.25,15066.0,United Kingdom,-20.0
,22423,REGENCY CAKESTAND 3 TIER,-1,2011-11-08 09:56:00,12.75,15066.0,United Kingdom,-12.75
,23110,PARISIENNE KEY CABINET ,-2,2011-11-08 09:56:00,5.75,15066.0,United Kingdom,-11.5
,22666,RECIPE BOX PANTRY YELLOW DESIGN,-1,2011-11-08 09:56:00,2.95,15066.0,United Kingdom,-2.95
,22960,JAM MAKING SET WITH JARS,-2,2011-11-08 09:56:00,4.25,15066.0,United Kingdom,-8.5
,23080,RED METAL BOX TOP SECRET,-1,2011-11-08 09:56:00,8.25,15066.0,United Kingdom,-8.25
,23235,STORAGE TIN VINTAGE LEAF,-5,2011-11-08 09:56:00,2.89,15066.0,United Kingdom,-14.45
,22720,SET OF 3 CAKE TINS PANTRY DESIGN ,-2,2011-11-08 09:56:00,4.95,15066.0,United Kingdom,-9.9
,22424,ENAMEL BREAD BIN CREAM,-2,2011-11-08 09:56:00,12.75,15066.0,United Kingdom,-25.5
,22139,RETROSPOT TEA SET CERAMIC 11 PC ,-3,2011-11-08 09:56:00,4.95,15066.0,United Kingdom,-14.85
,23084,RABBIT NIGHT LIGHT,-5,2011-11-08 09:57:00,2.08,17924.0,United Kingdom,-10.4
,23133,LARGE IVORY HEART WALL ORGANISER,-1,2011-11-08 11:06:00,8.25,17289.0,United Kingdom,-8.25
,48138,DOORMAT UNION FLAG,-4,2011-11-08 11:17:00,8.25,13587.0,United Kingdom,-33.0
,23284,DOORMAT KEEP CALM AND COME IN,-4,2011-11-08 11:17:00,8.25,13587.0,United Kingdom,-33.0
,M,Manual,-96,2011-11-08 11:23:00,0.19,16253.0,United Kingdom,-18.24
,22320,BIRDS MOBILE VINTAGE DESIGN,-1,2011-11-08 11:38:00,5.95,15005.0,United Kingdom,-5.95
,20728,LUNCH BAG CARS BLUE,-1,2011-11-08 11:38:00,1.65,15005.0,United Kingdom,-1.65
,22066,LOVE HEART TRINKET POT,-1,2011-11-08 11:38:00,0.39,15005.0,United Kingdom,-0.39
,37447,CERAMIC CAKE DESIGN SPOTTED PLATE,-1,2011-11-08 11:38:00,1.49,15005.0,United Kingdom,-1.49
,22720,SET OF 3 CAKE TINS PANTRY DESIGN ,-1,2011-11-08 11:38:00,4.95,15005.0,United Kingdom,-4.95
,22197,POPCORN HOLDER,-1,2011-11-08 11:38:00,0.85,15005.0,United Kingdom,-0.85
,22327,ROUND SNACK BOXES SET OF 4 SKULLS,-1,2011-11-08 12:05:00,2.95,16764.0,United Kingdom,-2.95
,20914,SET/5 RED RETROSPOT LID GLASS BOWLS,-1,2011-11-08 12:05:00,2.95,16764.0,United Kingdom,-2.95
,35970,ZINC FOLKART SLEIGH BELLS,-1,2011-11-08 12:05:00,1.69,16764.0,United Kingdom,-1.69
,85099C,JUMBO  BAG BAROQUE BLACK WHITE,-1,2011-11-08 12:05:00,2.08,16764.0,United Kingdom,-2.08
,22666,RECIPE BOX PANTRY YELLOW DESIGN,-12,2011-11-08 12:07:00,2.95,14948.0,United Kingdom,-35.4
,M,Manual,-1,2011-11-08 12:10:00,14.95,13047.0,United Kingdom,-14.95
575048,84665,water damaged,-15,2011-11-08 12:12:00,0.0,,United Kingdom,-0.0
,20727,LUNCH BAG  BLACK SKULL.,-1,2011-11-08 12:17:00,1.65,14232.0,United Kingdom,-1.65
,23462,ROCOCO WALL MIRROR WHITE,-2,2011-11-08 12:22:00,19.95,14329.0,United Kingdom,-39.9
,84078A,SET/4 WHITE RETRO STORAGE CUBES ,-1,2011-11-08 12:24:00,39.95,17736.0,United Kingdom,-39.95
,79321,CHILLI LIGHTS,-1,2011-11-08 12:25:00,4.95,16013.0,United Kingdom,-4.95
,22423,REGENCY CAKESTAND 3 TIER,-1,2011-11-08 12:25:00,10.95,16013.0,United Kingdom,-10.95
,23494,VINTAGE DOILY DELUXE SEWING KIT ,-1,2011-11-08 12:39:00,5.95,12472.0,Germany,-5.95
,22467,GUMBALL COAT RACK,-8,2011-11-08 12:39:00,2.55,12472.0,Germany,-20.4
,22212,FOUR HOOK  WHITE LOVEBIRDS,-1,2011-11-08 12:39:00,2.1,12472.0,Germany,-2.1
,21669,BLUE STRIPE CERAMIC DRAWER KNOB,-1,2011-11-08 12:39:00,1.45,12472.0,Germany,-1.45
,20749,ASSORTED COLOUR MINI CASES,-1,2011-11-08 12:39:00,7.95,12472.0,Germany,-7.95
,20712,JUMBO BAG WOODLAND ANIMALS,-2,2011-11-08 12:39:00,2.08,12472.0,Germany,-4.16
,23404,HOME SWEET HOME BLACKBOARD,-2,2011-11-08 12:40:00,4.95,13924.0,United Kingdom,-9.9
,23227,FILIGREE HEART BUTTERFLY WHITE ,-3,2011-11-08 12:40:00,1.25,13924.0,United Kingdom,-3.75
,22720,SET OF 3 CAKE TINS PANTRY DESIGN ,-2,2011-11-08 12:40:00,4.95,13924.0,United Kingdom,-9.9
,22990,COTTON APRON PANTRY DESIGN,-2,2011-11-08 13:28:00,4.95,14911.0,EIRE,-9.9
,22666,RECIPE BOX PANTRY YELLOW DESIGN,-2,2011-11-08 13:28:00,2.95,14911.0,EIRE,-5.9
,22452,MEASURING TAPE BABUSHKA PINK,-1,2011-11-08 13:28:00,2.95,14911.0,EIRE,-2.95
,23480,MINI LIGHTS WOODLAND MUSHROOMS,-5,2011-11-08 13:30:00,3.75,12483.0,Sweden,-18.75
,22633,HAND WARMER UNION JACK,-1,2011-11-08 13:30:00,2.1,12483.0,Sweden,-2.1
,21843,RED RETROSPOT CAKE STAND,-4,2011-11-08 13:30:00,10.95,12613.0,Germany,-43.8
,22720,SET OF 3 CAKE TINS PANTRY DESIGN ,-1,2011-11-08 13:30:00,4.95,12613.0,Germany,-4.95
,23243,SET OF TEA COFFEE SUGAR TINS PANTRY,-1,2011-11-08 13:30:00,4.95,12613.0,Germany,-4.95
,23245,SET OF 3 REGENCY CAKE TINS,-2,2011-11-08 13:30:00,4.95,12613.0,Germany,-9.9
,79191C,RETRO PLASTIC ELEPHANT TRAY,-12,2011-11-08 13:30:00,0.85,12613.0,Germany,-10.2
,22352,LUNCH BOX WITH CUTLERY RETROSPOT ,-1,2011-11-08 13:30:00,2.55,12613.0,Germany,-2.55
,22326,ROUND SNACK BOXES SET OF4 WOODLAND ,-3,2011-11-08 13:30:00,2.95,12613.0,Germany,-8.85
,22978,PANTRY ROLLING PIN,-6,2011-11-08 13:30:00,3.75,12613.0,Germany,-22.5
,22558,CLOTHES PEGS RETROSPOT PACK 24 ,-6,2011-11-08 13:30:00,1.65,12613.0,Germany,-9.9
,22492,MINI PAINT SET VINTAGE ,-12,2011-11-08 13:30:00,0.65,12613.0,Germany,-7.8
,21591,COSY HOUR CIGAR BOX MATCHES ,-30,2011-11-08 15:36:00,1.25,17183.0,United Kingdom,-37.5
,23368,SET 12 COLOUR PENCILS DOLLY GIRL ,-3,2011-11-08 16:05:00,0.65,12471.0,Germany,-1.95
,23347,I LOVE LONDON BEAKER,-12,2011-11-08 16:05:00,1.25,12471.0,Germany,-15.0
,23291,DOLLY GIRL CHILDRENS CUP,-1,2011-11-08 16:05:00,1.25,12471.0,Germany,-1.25
,23289,DOLLY GIRL CHILDRENS BOWL,-1,2011-11-08 16:05:00,1.25,12471.0,Germany,-1.25
,23245,SET OF 3 REGENCY CAKE TINS,-6,2011-11-08 16:05:00,4.15,12471.0,Germany,-24.9
,23240,SET OF 4 KNICK KNACK TINS DOILY ,-3,2011-11-08 16:05:00,4.15,12471.0,Germany,-12.45
,23198,PANTRY MAGNETIC  SHOPPING LIST,-9,2011-11-08 16:05:00,1.45,12471.0,Germany,-13.05
,22947,WOODEN ADVENT CALENDAR RED,-1,2011-11-08 16:15:00,33.17,,United Kingdom,-33.17
,22666,RECIPE BOX PANTRY YELLOW DESIGN,-1,2011-11-08 16:17:00,2.95,13709.0,United Kingdom,-2.95
,90176A,CLASSIC DIAMANTE NECKLACE JET,-1,2011-11-08 16:17:00,7.5,13709.0,United Kingdom,-7.5
,90176D,DIAMANTE NECKLACE PURPLE,-1,2011-11-08 16:17:00,7.5,13709.0,United Kingdom,-7.5
,22892,SET OF SALT AND PEPPER TOADSTOOLS,-12,2011-11-08 16:18:00,1.25,16602.0,United Kingdom,-15.0
,71459,HANGING JAM JAR T-LIGHT HOLDERS,-3,2011-11-08 16:18:00,0.85,16602.0,United Kingdom,-2.55
,71477,COLOUR GLASS. STAR T-LIGHT HOLDER,-4,2011-11-08 16:18:00,3.95,16602.0,United Kingdom,-15.8
,85066,CREAM SWEETHEART MINI CHEST,-2,2011-11-08 16:19:00,12.75,16379.0,United Kingdom,-25.5
,22191,IVORY DINER WALL CLOCK,-1,2011-11-08 16:20:00,8.5,15251.0,United Kingdom,-8.5
,23462,ROCOCO WALL MIRROR WHITE,-3,2011-11-08 16:21:00,16.95,15513.0,United Kingdom,-50.85
,23170,REGENCY TEA PLATE ROSES ,-12,2011-11-08 16:21:00,1.65,15513.0,United Kingdom,-19.8
,22665,RECIPE BOX BLUE SKETCHBOOK DESIGN,-3,2011-11-08 16:21:00,2.55,15513.0,United Kingdom,-7.65
,23247,BISCUIT TIN 50'S CHRISTMAS,-1,2011-11-08 16:23:00,2.89,14911.0,EIRE,-2.89
,71477,COLOUR GLASS. STAR T-LIGHT HOLDER,-2,2011-11-08 16:23:00,3.95,14911.0,EIRE,-7.9
,23301,GARDENERS KNEELING PAD KEEP CALM ,-2,2011-11-08 16:23:00,1.65,14911.0,EIRE,-3.3
,22960,JAM MAKING SET WITH JARS,-5,2011-11-08 16:25:00,4.25,15271.0,United Kingdom,-21.25
,23355,HOT WATER BOTTLE KEEP CALM,-1,2011-11-08 17:49:00,4.95,18164.0,United Kingdom,-4.95
,22960,JAM MAKING SET WITH JARS,-3,2011-11-08 17:53:00,4.25,16790.0,United Kingdom,-12.75
,23494,VINTAGE DOILY DELUXE SEWING KIT ,-1,2011-11-08 17:54:00,5.95,15275.0,United Kingdom,-5.95
,21313,GLASS HEART T-LIGHT HOLDER ,-5,2011-11-08 17:56:00,0.85,14156.0,EIRE,-4.25
,22973,CHILDREN'S CIRCUS PARADE MUG,-1,2011-11-09 11:33:00,1.65,12472.0,Germany,-1.65
,85099C,JUMBO  BAG BAROQUE BLACK WHITE,-100,2011-11-09 11:41:00,1.79,17511.0,United Kingdom,-179.0
,85099B,JUMBO BAG RED RETROSPOT,-100,2011-11-09 11:41:00,1.79,17511.0,United Kingdom,-179.0
,23582,VINTAGE DOILY JUMBO BAG RED ,-100,2011-11-09 11:41:00,1.79,17511.0,United Kingdom,-179.0
,23581,JUMBO BAG PAISLEY PARK,-100,2011-11-09 11:41:00,1.79,17511.0,United Kingdom,-179.0
,23344,JUMBO BAG 50'S CHRISTMAS ,-100,2011-11-09 11:41:00,1.79,17511.0,United Kingdom,-179.0
,23343,JUMBO BAG VINTAGE CHRISTMAS ,-100,2011-11-09 11:41:00,1.79,17511.0,United Kingdom,-179.0
,23203,JUMBO BAG VINTAGE DOILY ,-100,2011-11-09 11:41:00,1.79,17511.0,United Kingdom,-179.0
,23202,JUMBO BAG VINTAGE LEAF,-100,2011-11-09 11:41:00,1.79,17511.0,United Kingdom,-179.0
,23199,JUMBO BAG APPLES,-100,2011-11-09 11:41:00,1.79,17511.0,United Kingdom,-179.0
,22411,JUMBO SHOPPER VINTAGE RED PAISLEY,-100,2011-11-09 11:41:00,1.79,17511.0,United Kingdom,-179.0
,22386,JUMBO BAG PINK POLKADOT,-100,2011-11-09 11:41:00,1.79,17511.0,United Kingdom,-179.0
,22385,JUMBO BAG SPACEBOY DESIGN,-100,2011-11-09 11:41:00,1.79,17511.0,United Kingdom,-179.0
,21931,JUMBO STORAGE BAG SUKI,-100,2011-11-09 11:41:00,1.79,17511.0,United Kingdom,-179.0
,21928,JUMBO BAG SCANDINAVIAN BLUE PAISLEY,-100,2011-11-09 11:41:00,1.79,17511.0,United Kingdom,-179.0
,M,Manual,-4,2011-11-09 11:59:00,10.95,13623.0,United Kingdom,-43.8
,37449,CERAMIC CAKE STAND + HANGING CAKES,-1,2011-11-09 11:59:00,9.95,13623.0,United Kingdom,-9.95
,11001,ASSTD DESIGN RACING CAR PEN,-1,2011-11-09 11:59:00,1.69,13623.0,United Kingdom,-1.69
575287,84508A,check,-39,2011-11-09 12:15:00,0.0,,United Kingdom,-0.0
,85048,15CM CHRISTMAS GLASS BALL 20 LIGHTS,-2,2011-11-09 13:47:00,7.95,14911.0,EIRE,-15.9
,22992,REVOLVER WOODEN RULER ,-276,2011-11-09 14:36:00,1.65,12931.0,United Kingdom,-455.4
,22991,GIRAFFE WOODEN RULER,-288,2011-11-09 14:36:00,1.65,12931.0,United Kingdom,-475.2
,23099,FRENCH CARRIAGE LANTERN,-1,2011-11-09 15:19:00,6.65,15916.0,United Kingdom,-6.65
,22784,LANTERN CREAM GAZEBO ,-1,2011-11-09 15:19:00,4.95,15916.0,United Kingdom,-4.95
,22119,PEACE WOODEN BLOCK LETTERS,-1,2011-11-09 15:19:00,6.95,15916.0,United Kingdom,-6.95
575386,20977,,-16,2011-11-09 15:22:00,0.0,,United Kingdom,-0.0
575503,35933,,-2,2011-11-10 10:19:00,0.0,,United Kingdom,-0.0
,22382,LUNCH BAG SPACEBOY DESIGN ,-1,2011-11-10 10:33:00,1.65,14456.0,United Kingdom,-1.65
,22960,JAM MAKING SET WITH JARS,-4,2011-11-10 11:12:00,4.25,12544.0,Spain,-17.0
,21155,RED RETROSPOT PEG BAG,-1,2011-11-10 11:14:00,2.55,14606.0,United Kingdom,-2.55
,23110,PARISIENNE KEY CABINET ,-2,2011-11-10 11:22:00,5.75,14401.0,United Kingdom,-11.5
,22630,DOLLY GIRL LUNCH BOX,-1,2011-11-10 11:33:00,1.95,17528.0,United Kingdom,-1.95
,21754,HOME BUILDING BLOCK WORD,-1,2011-11-10 11:33:00,6.25,17528.0,United Kingdom,-6.25
,23485,BOTANICAL GARDENS WALL CLOCK ,-1,2011-11-10 11:33:00,20.8,17528.0,United Kingdom,-20.8
,23252,VINTAGE RED ENAMEL TRIM JUG ,-1,2011-11-10 11:34:00,3.75,16705.0,United Kingdom,-3.75
,21535,RED RETROSPOT SMALL MILK JUG,-1,2011-11-10 11:34:00,2.55,16705.0,United Kingdom,-2.55
,23494,VINTAGE DOILY DELUXE SEWING KIT ,-3,2011-11-10 11:44:00,5.95,17652.0,United Kingdom,-17.85
,23322,LARGE WHITE HEART OF WICKER,-3,2011-11-10 11:46:00,2.95,15597.0,United Kingdom,-8.85
,22568,FELTCRAFT CUSHION OWL,-2,2011-11-10 11:48:00,3.75,15358.0,United Kingdom,-7.5
,23487,SWEET HEART CAKE CARRIER,-1,2011-11-10 11:51:00,9.95,13599.0,United Kingdom,-9.95
,21259,VICTORIAN SEWING BOX SMALL ,-1,2011-11-10 11:57:00,5.95,15839.0,United Kingdom,-5.95
,22178,VICTORIAN GLASS HANGING T-LIGHT,-6,2011-11-10 12:04:00,1.65,14064.0,United Kingdom,-9.9
,23483,HANGING  BUTTERFLY T-LIGHT HOLDER,-6,2011-11-10 12:08:00,1.04,15785.0,United Kingdom,-6.24
,22197,POPCORN HOLDER,-10,2011-11-10 12:08:00,0.72,15785.0,United Kingdom,-7.2
,22080,RIBBON REEL POLKADOTS ,-10,2011-11-10 12:10:00,1.65,12619.0,Germany,-16.5
,22079,RIBBON REEL HEARTS DESIGN ,-10,2011-11-10 12:10:00,1.65,12619.0,Germany,-16.5
,CRUK,CRUK Commission,-1,2011-11-10 12:37:00,517.51,14096.0,United Kingdom,-517.51
,35970,ZINC FOLKART SLEIGH BELLS,-11,2011-11-10 12:38:00,1.49,16133.0,United Kingdom,-16.39
,23250,VINTAGE RED TRIM ENAMEL BOWL ,-2,2011-11-10 12:38:00,1.25,16133.0,United Kingdom,-2.5
,23240,SET OF 4 KNICK KNACK TINS DOILY ,-2,2011-11-10 12:38:00,4.15,16133.0,United Kingdom,-8.3
,23382,BOX OF 6 CHRISTMAS CAKE DECORATIONS,-3,2011-11-10 12:38:00,3.75,16133.0,United Kingdom,-11.25
,22139,RETROSPOT TEA SET CERAMIC 11 PC ,-3,2011-11-10 12:38:00,4.25,16133.0,United Kingdom,-12.75
575613,23118,check,-6,2011-11-10 12:47:00,0.0,,United Kingdom,-0.0
575614,22121,check,-10,2011-11-10 12:48:00,0.0,,United Kingdom,-0.0
575615,82582,??,-130,2011-11-10 12:51:00,0.0,,United Kingdom,-0.0
,23469,CARD HOLDER LOVE BIRD SMALL,-2,2011-11-10 12:51:00,4.15,15805.0,United Kingdom,-8.3
,23470,CARD HOLDER LOVE BIRD LARGE ,-4,2011-11-10 12:51:00,5.39,15805.0,United Kingdom,-21.56
575617,21014,check,-90,2011-11-10 12:53:00,0.0,,United Kingdom,-0.0
575625,35972,check,-3,2011-11-10 13:20:00,0.0,,United Kingdom,-0.0
,23581,JUMBO BAG PAISLEY PARK,-1,2011-11-10 13:21:00,2.08,17651.0,United Kingdom,-2.08
,22720,SET OF 3 CAKE TINS PANTRY DESIGN ,-1,2011-11-10 13:21:00,4.95,17651.0,United Kingdom,-4.95
,84029G,KNITTED UNION FLAG HOT WATER BOTTLE,-2,2011-11-10 13:35:00,4.25,15830.0,United Kingdom,-8.5
,23355,HOT WATER BOTTLE KEEP CALM,-4,2011-11-10 13:35:00,4.95,15830.0,United Kingdom,-19.8
,M,Manual,-1,2011-11-10 13:45:00,424.06,12473.0,Germany,-424.06
,M,Manual,-1,2011-11-10 13:45:00,549.34,12473.0,Germany,-549.34
,M,Manual,-1,2011-11-10 13:48:00,40.46,12473.0,Germany,-40.46
,21877,HOME SWEET HOME MUG,-18,2011-11-10 14:03:00,1.45,15814.0,United Kingdom,-26.1
,23085,ANTIQUE SILVER BAUBLE LAMP  ,-2,2011-11-10 14:22:00,8.25,16523.0,United Kingdom,-16.5
,22726,ALARM CLOCK BAKELIKE GREEN,-1,2011-11-10 14:24:00,3.75,14194.0,United Kingdom,-3.75
,22624,IVORY KITCHEN SCALES,-1,2011-11-10 14:26:00,8.5,17653.0,United Kingdom,-8.5
,22617,BAKING SET SPACEBOY DESIGN,-1,2011-11-10 14:26:00,4.95,17653.0,United Kingdom,-4.95
,22139,RETROSPOT TEA SET CERAMIC 11 PC ,-1,2011-11-10 14:26:00,4.95,17653.0,United Kingdom,-4.95
,21754,HOME BUILDING BLOCK WORD,-1,2011-11-10 14:26:00,6.25,17653.0,United Kingdom,-6.25
,23348,CHILDRENS TOY COOKING UTENSIL SET,-1,2011-11-10 14:26:00,2.08,17653.0,United Kingdom,-2.08
,23329,DECORATIVE WICKER HEART LARGE,-3,2011-11-10 14:26:00,1.65,17653.0,United Kingdom,-4.95
,85034A,3 GARDENIA MORRIS BOXED CANDLES,-3,2011-11-10 14:28:00,1.25,13988.0,United Kingdom,-3.75
,23470,CARD HOLDER LOVE BIRD LARGE ,-2,2011-11-10 14:28:00,6.25,13988.0,United Kingdom,-12.5
,22306,SILVER MUG BONE CHINA TREE OF LIFE,-1,2011-11-10 14:28:00,1.06,13988.0,United Kingdom,-1.06
,22727,ALARM CLOCK BAKELIKE RED ,-1,2011-11-10 14:48:00,3.75,13767.0,United Kingdom,-3.75
,22423,REGENCY CAKESTAND 3 TIER,-5,2011-11-10 14:48:00,12.75,13767.0,United Kingdom,-63.75
,21136,PAINTED METAL PEARS ASSORTED,-1,2011-11-10 14:52:00,1.69,13769.0,United Kingdom,-1.69
,22720,SET OF 3 CAKE TINS PANTRY DESIGN ,-1,2011-11-10 14:53:00,4.95,12952.0,United Kingdom,-4.95
,23113,PANTRY CHOPPING BOARD,-1,2011-11-10 14:54:00,4.95,17442.0,United Kingdom,-4.95
,75049L,LARGE CIRCULAR MIRROR MOBILE,-2,2011-11-10 14:55:00,1.25,18092.0,United Kingdom,-2.5
,22441,GROW YOUR OWN BASIL IN ENAMEL MUG,-1,2011-11-10 14:56:00,2.1,14032.0,United Kingdom,-2.1
,23462,ROCOCO WALL MIRROR WHITE,-1,2011-11-10 15:00:00,19.95,12417.0,Belgium,-19.95
,15044D,RED PAPER PARASOL,-1,2011-11-10 15:02:00,2.55,13081.0,United Kingdom,-2.55
,23565,EGG CUP MILKMAID HELGA ,-4,2011-11-10 15:03:00,1.25,13098.0,United Kingdom,-5.0
,23165,LARGE CERAMIC TOP STORAGE JAR,-2,2011-11-10 15:03:00,1.65,13098.0,United Kingdom,-3.3
,35971,ROSE FOLKART HEART DECORATIONS,-16,2011-11-10 15:23:00,1.25,16863.0,United Kingdom,-20.0
575704,21843,smashed,-63,2011-11-10 17:00:00,0.0,,United Kingdom,-0.0
575714,85125,check,-64,2011-11-10 17:55:00,0.0,,United Kingdom,-0.0
575715,72802B,check,-36,2011-11-10 17:58:00,0.0,,United Kingdom,-0.0
575716,72802C,check,-21,2011-11-10 18:00:00,0.0,,United Kingdom,-0.0
575717,85175,check,-42,2011-11-10 18:02:00,0.0,,United Kingdom,-0.0
575720,21817,check,-8,2011-11-10 18:09:00,0.0,,United Kingdom,-0.0
575721,22804,Wrongly mrked had 85123a in box,-256,2011-11-10 18:19:00,0.0,,United Kingdom,-0.0
575722,85123A,wrongly marked carton 22804,-256,2011-11-10 18:20:00,0.0,,United Kingdom,-0.0
,21982,PACK OF 12 SUKI TISSUES ,-1,2011-11-11 10:19:00,0.39,13588.0,United Kingdom,-0.39
,21519,GIN & TONIC DIET GREETING CARD ,-12,2011-11-11 10:19:00,0.42,13588.0,United Kingdom,-5.04
,22276,WASH BAG VINTAGE ROSE PAISLEY,-1,2011-11-11 10:24:00,2.55,12856.0,United Kingdom,-2.55
,23244,ROUND STORAGE TIN VINTAGE LEAF,-1,2011-11-11 10:24:00,1.95,12856.0,United Kingdom,-1.95
,23213,STAR WREATH DECORATION WITH BELL,-12,2011-11-11 10:40:00,1.25,13500.0,United Kingdom,-15.0
,23212,HEART WREATH DECORATION WITH BELL,-12,2011-11-11 10:40:00,1.25,13500.0,United Kingdom,-15.0
,22726,ALARM CLOCK BAKELIKE GREEN,-1,2011-11-11 10:55:00,3.75,15034.0,United Kingdom,-3.75
,22086,PAPER CHAIN KIT 50'S CHRISTMAS ,-40,2011-11-11 11:15:00,2.55,13881.0,United Kingdom,-102.0
,22554,PLASTERS IN TIN WOODLAND ANIMALS,-12,2011-11-11 11:40:00,1.65,12517.0,Germany,-19.8
,22551,PLASTERS IN TIN SPACEBOY,-11,2011-11-11 11:40:00,1.65,12517.0,Germany,-18.15
,21915,RED  HARMONICA IN BOX ,-12,2011-11-11 11:58:00,1.25,13408.0,United Kingdom,-15.0
,D,Discount,-1,2011-11-11 12:52:00,97.14,13408.0,United Kingdom,-97.14
,21892,TRADITIONAL WOODEN CATCH CUP GAME ,-1,2011-11-11 13:30:00,1.25,13588.0,United Kingdom,-1.25
,21519,GIN & TONIC DIET GREETING CARD ,-12,2011-11-11 13:30:00,0.42,13588.0,United Kingdom,-5.04
575907,22268,check,-10,2011-11-11 15:52:00,0.0,,United Kingdom,-0.0
575909,20711,check,-220,2011-11-11 16:02:00,0.0,,United Kingdom,-0.0
575912,22943,check,-7,2011-11-11 16:20:00,0.0,,United Kingdom,-0.0
,20974,12 PENCILS SMALL TUBE SKULL,-184,2011-11-11 17:01:00,0.65,12931.0,United Kingdom,-119.6
,84992,72 SWEETHEART FAIRY CAKE CASES,-24,2011-11-13 11:38:00,0.55,17838.0,United Kingdom,-13.2
,84991,60 TEATIME FAIRY CAKE CASES,-24,2011-11-13 11:38:00,0.55,17838.0,United Kingdom,-13.2
,23309,SET OF 60 I LOVE LONDON CAKE CASES ,-24,2011-11-13 11:38:00,0.55,17838.0,United Kingdom,-13.2
,23309,SET OF 60 I LOVE LONDON CAKE CASES ,-24,2011-11-13 11:38:00,0.55,17838.0,United Kingdom,-13.2
,23275,SET OF 3 HANGING OWLS OLLIE BEAK,-24,2011-11-13 11:38:00,1.25,17838.0,United Kingdom,-30.0
,23266,SET OF 3 WOODEN STOCKING DECORATION,-12,2011-11-13 11:38:00,1.25,17838.0,United Kingdom,-15.0
,23265,SET OF 3 WOODEN TREE DECORATIONS,-14,2011-11-13 11:38:00,1.25,17838.0,United Kingdom,-17.5
,23263,SET OF 3 WOODEN HEART DECORATIONS,-12,2011-11-13 11:38:00,1.25,17838.0,United Kingdom,-15.0
,23226,FILIGREE HEART DAISY WHITE,-48,2011-11-13 11:38:00,1.25,17838.0,United Kingdom,-60.0
,22571,ROCKING HORSE RED CHRISTMAS ,-96,2011-11-13 11:38:00,0.72,17838.0,United Kingdom,-69.12
,22155,STAR DECORATION RUSTIC,-48,2011-11-13 11:38:00,0.42,17838.0,United Kingdom,-20.16
,21876,POTTERING MUG,-12,2011-11-13 11:38:00,1.65,17838.0,United Kingdom,-19.8
,21875,KINGS CHOICE MUG,-24,2011-11-13 11:38:00,1.25,17838.0,United Kingdom,-30.0
,21820,GLITTER HEART GARLAND WITH BELLS ,-18,2011-11-13 11:38:00,3.75,17838.0,United Kingdom,-67.5
,21811,HANGING HEART WITH BELL,-48,2011-11-13 11:38:00,0.39,17838.0,United Kingdom,-18.72
,21621,VINTAGE UNION JACK BUNTING,-6,2011-11-13 11:38:00,8.5,17838.0,United Kingdom,-51.0
,21813,GARLAND WITH STARS AND BELLS,-1,2011-11-13 11:56:00,4.95,16015.0,United Kingdom,-4.95
,21812,GARLAND WITH HEARTS AND BELLS,-2,2011-11-13 11:56:00,4.95,16015.0,United Kingdom,-9.9
,21166,COOK WITH WINE METAL SIGN ,-10,2011-11-13 12:30:00,2.08,14547.0,United Kingdom,-20.8
,22371,AIRLINE BAG VINTAGE TOKYO 78,-2,2011-11-13 12:30:00,4.25,16794.0,United Kingdom,-8.5
,22972,CHILDREN'S SPACEBOY MUG,-1,2011-11-13 13:39:00,1.65,12867.0,United Kingdom,-1.65
,22974,CHILDRENS DOLLY GIRL MUG,-1,2011-11-13 13:39:00,1.65,12867.0,United Kingdom,-1.65
,20724,RED RETROSPOT CHARLOTTE BAG,-1,2011-11-13 13:39:00,0.85,12867.0,United Kingdom,-0.85
,23238,SET OF 4 KNICK KNACK TINS LONDON ,-6,2011-11-13 13:39:00,4.15,12867.0,United Kingdom,-24.9
,22278,OVERNIGHT BAG VINTAGE ROSE PAISLEY,-2,2011-11-13 16:05:00,4.95,18069.0,United Kingdom,-9.9
,20685,DOORMAT RED RETROSPOT,-24,2011-11-14 10:32:00,7.08,15113.0,United Kingdom,-169.92
,22555,PLASTERS IN TIN STRONGMAN,-12,2011-11-14 11:23:00,1.65,12476.0,Germany,-19.8
,22556,PLASTERS IN TIN CIRCUS PARADE ,-12,2011-11-14 11:23:00,1.65,12476.0,Germany,-19.8
576185,22575,missing?,-130,2011-11-14 11:25:00,0.0,,United Kingdom,-0.0
576193,22827,,-8,2011-11-14 11:57:00,0.0,,United Kingdom,-0.0
,22960,JAM MAKING SET WITH JARS,-3,2011-11-14 12:03:00,4.25,16790.0,United Kingdom,-12.75
,21539,RED RETROSPOT BUTTER DISH,-1,2011-11-14 12:03:00,4.95,14606.0,United Kingdom,-4.95
,21642,ASSORTED TUTTI FRUTTI PEN,-23,2011-11-14 12:08:00,0.29,13755.0,United Kingdom,-6.67
,22186,RED STAR CARD HOLDER,-1,2011-11-14 12:13:00,1.95,12610.0,Italy,-1.95
,22584,PACK OF 6 PANNETONE GIFT BOXES,-1,2011-11-14 12:13:00,2.55,12610.0,Italy,-2.55
,22960,JAM MAKING SET WITH JARS,-6,2011-11-14 12:13:00,4.25,12610.0,Italy,-25.5
,85123A,WHITE HANGING HEART T-LIGHT HOLDER,-3,2011-11-14 12:56:00,2.95,12584.0,Italy,-8.85
,22960,JAM MAKING SET WITH JARS,-3,2011-11-14 12:56:00,4.25,12584.0,Italy,-12.75
,22847,BREAD BIN DINER STYLE IVORY,-1,2011-11-14 12:56:00,16.95,12584.0,Italy,-16.95
,22804,PINK HANGING HEART T-LIGHT HOLDER,-3,2011-11-14 12:56:00,2.95,12584.0,Italy,-8.85
,22720,SET OF 3 CAKE TINS PANTRY DESIGN ,-3,2011-11-14 12:56:00,4.95,12584.0,Italy,-14.85
,21843,RED RETROSPOT CAKE STAND,-1,2011-11-14 12:56:00,10.95,12584.0,Italy,-10.95
,D,Discount,-1,2011-11-14 12:57:00,183.0,13694.0,United Kingdom,-183.0
,22941,CHRISTMAS LIGHTS 10 REINDEER,-1,2011-11-14 13:02:00,8.5,15993.0,United Kingdom,-8.5
,23314,VINTAGE CHRISTMAS TABLECLOTH,-1,2011-11-14 13:02:00,12.5,15993.0,United Kingdom,-12.5
,21263,GREEN GOOSE FEATHER TREE 60CM,-2,2011-11-14 13:02:00,1.95,15993.0,United Kingdom,-3.9
,23404,HOME SWEET HOME BLACKBOARD,-1,2011-11-14 13:10:00,4.95,13268.0,United Kingdom,-4.95
,22591,CARDHOLDER GINGHAM CHRISTMAS TREE,-1,2011-11-14 13:10:00,3.25,13268.0,United Kingdom,-3.25
,22457,NATURAL SLATE HEART CHALKBOARD ,-1,2011-11-14 13:11:00,2.95,14910.0,United Kingdom,-2.95
,23330,DECORATIVE WICKER HEART MEDIUM,-6,2011-11-14 13:11:00,1.25,14910.0,United Kingdom,-7.5
,23236,STORAGE TIN VINTAGE DOILY ,-3,2011-11-14 13:13:00,2.89,13816.0,Germany,-8.67
,22804,PINK HANGING HEART T-LIGHT HOLDER,-1,2011-11-14 13:15:00,2.95,17602.0,United Kingdom,-2.95
,22781,GUMBALL MAGAZINE RACK,-1,2011-11-14 13:15:00,7.65,17602.0,United Kingdom,-7.65
,22890,NOVELTY BISCUITS CAKE STAND 3 TIER,-2,2011-11-14 13:15:00,9.95,17602.0,United Kingdom,-19.9
,22840,ROUND CAKE TIN VINTAGE RED,-1,2011-11-14 13:15:00,7.95,17602.0,United Kingdom,-7.95
,23198,PANTRY MAGNETIC  SHOPPING LIST,-3,2011-11-14 13:24:00,1.45,14868.0,United Kingdom,-4.35
,22633,HAND WARMER UNION JACK,-1,2011-11-14 13:24:00,2.1,14868.0,United Kingdom,-2.1
,22568,FELTCRAFT CUSHION OWL,-2,2011-11-14 13:24:00,3.75,14868.0,United Kingdom,-7.5
,21259,VICTORIAN SEWING BOX SMALL ,-2,2011-11-14 13:25:00,5.95,15839.0,United Kingdom,-11.9
,22138,BAKING SET 9 PIECE RETROSPOT ,-2,2011-11-14 13:25:00,4.95,15839.0,United Kingdom,-9.9
,M,Manual,-1,2011-11-14 13:26:00,326.1,,Hong Kong,-326.1
,23048,SET OF 10 LANTERNS FAIRY LIGHT STAR,-3,2011-11-14 13:28:00,4.15,17769.0,United Kingdom,-12.45
,23486,ANTIQUE HEART SHELF UNIT,-1,2011-11-14 13:34:00,16.65,14441.0,United Kingdom,-16.65
,22470,HEART OF WICKER LARGE,-2,2011-11-14 13:35:00,2.95,13447.0,United Kingdom,-5.9
,23404,HOME SWEET HOME BLACKBOARD,-3,2011-11-14 13:35:00,4.95,13447.0,United Kingdom,-14.85
,23084,RABBIT NIGHT LIGHT,-2,2011-11-14 13:35:00,2.08,13447.0,United Kingdom,-4.16
,84949,SILVER HANGING T-LIGHT HOLDER,-2,2011-11-14 13:37:00,1.65,16747.0,United Kingdom,-3.3
,85123A,WHITE HANGING HEART T-LIGHT HOLDER,-1,2011-11-14 13:38:00,2.55,15953.0,United Kingdom,-2.55
,85061W,WHITE JEWELLED HEART DECORATION,-2,2011-11-14 13:38:00,0.85,15953.0,United Kingdom,-1.7
,21385,IVORY HANGING DECORATION  HEART,-2,2011-11-14 13:38:00,0.85,15953.0,United Kingdom,-1.7
,D,Discount,-1,2011-11-14 13:40:00,6.0,18167.0,United Kingdom,-6.0
,23301,GARDENERS KNEELING PAD KEEP CALM ,-1,2011-11-14 13:42:00,1.65,13139.0,United Kingdom,-1.65
,22596,CHRISTMAS STAR WISH LIST CHALKBOARD,-1,2011-11-14 13:42:00,1.25,13139.0,United Kingdom,-1.25
,23566,EGG CUP MILKMAID HEIDI,-4,2011-11-14 13:42:00,1.25,13139.0,United Kingdom,-5.0
,23565,EGG CUP MILKMAID HELGA ,-1,2011-11-14 13:42:00,1.25,13139.0,United Kingdom,-1.25
,23155,KNICKERBOCKERGLORY MAGNET ASSORTED ,-1,2011-11-14 13:47:00,0.83,16639.0,United Kingdom,-0.83
,23486,ANTIQUE HEART SHELF UNIT,-6,2011-11-14 13:47:00,14.55,16639.0,United Kingdom,-87.3
576250,71279,damages,-74,2011-11-14 13:50:00,0.0,,United Kingdom,-0.0
,23470,CARD HOLDER LOVE BIRD LARGE ,-1,2011-11-14 15:10:00,6.25,16161.0,United Kingdom,-6.25
,22596,CHRISTMAS STAR WISH LIST CHALKBOARD,-6,2011-11-14 15:10:00,1.25,16161.0,United Kingdom,-7.5
,20973,12 PENCIL SMALL TUBE WOODLAND,-2,2011-11-14 15:10:00,0.65,16161.0,United Kingdom,-1.3
,22141,CHRISTMAS CRAFT TREE TOP ANGEL,-1,2011-11-14 15:10:00,2.1,16161.0,United Kingdom,-2.1
,21259,VICTORIAN SEWING BOX SMALL ,-1,2011-11-14 15:10:00,5.95,16161.0,United Kingdom,-5.95
,23414,ZINC BOX SIGN HOME,-4,2011-11-14 15:13:00,9.95,15050.0,United Kingdom,-39.8
,CRUK,CRUK Commission,-1,2011-11-14 15:27:00,1038.75,14096.0,United Kingdom,-1038.75
,23404,HOME SWEET HOME BLACKBOARD,-1,2011-11-14 15:40:00,4.95,13267.0,United Kingdom,-4.95
,22591,CARDHOLDER GINGHAM CHRISTMAS TREE,-1,2011-11-14 15:40:00,3.25,13267.0,United Kingdom,-3.25
,22909,SET OF 20 VINTAGE CHRISTMAS NAPKINS,-4,2011-11-14 15:41:00,0.85,17730.0,United Kingdom,-3.4
,23335,EGG FRYING PAN IVORY ,-6,2011-11-14 17:10:00,2.08,14910.0,United Kingdom,-12.48
,90050,CRACKED GLAZE NECKLACE IVORY,-2,2011-11-14 17:23:00,6.95,14794.0,United Kingdom,-13.9
576366,23072,damages,-50,2011-11-14 18:30:00,0.0,,United Kingdom,-0.0
576367,23071,damages,-65,2011-11-14 18:31:00,0.0,,United Kingdom,-0.0
576368,21135,wet rusty,-864,2011-11-14 18:33:00,0.0,,United Kingdom,-0.0
576369,21135,wet rusty,-288,2011-11-14 18:35:00,0.0,,United Kingdom,-0.0
,22585,PACK OF 6 BIRDY GIFT TAGS,-1,2011-11-15 08:52:00,1.25,16878.0,United Kingdom,-1.25
,22583,PACK OF 6 HANDBAG GIFT BOXES,-1,2011-11-15 08:52:00,2.55,16878.0,United Kingdom,-2.55
,21034,REX CASH+CARRY JUMBO SHOPPER,-10,2011-11-15 08:52:00,0.95,16878.0,United Kingdom,-9.5
,84687,BEACH HUT SHELF W 3 DRAWERS,-1,2011-11-15 10:34:00,5.95,13735.0,United Kingdom,-5.95
,21891,TRADITIONAL WOODEN SKIPPING ROPE,-6,2011-11-15 10:34:00,0.72,13735.0,United Kingdom,-4.32
,23487,SWEET HEART CAKE CARRIER,-3,2011-11-15 10:48:00,9.95,13081.0,United Kingdom,-29.85
,21990,MODERN FLORAL STATIONERY SET,-12,2011-11-15 10:52:00,1.25,13026.0,United Kingdom,-15.0
,POST,POSTAGE,-1,2011-11-15 10:54:00,7.62,13026.0,United Kingdom,-7.62
576407,47590B,check,-57,2011-11-15 11:18:00,0.0,,United Kingdom,-0.0
576410,71038,check,-16,2011-11-15 11:20:00,0.0,,United Kingdom,-0.0
576411,85111,check,-117,2011-11-15 11:20:00,0.0,,United Kingdom,-0.0
,23079,TOADSTOOL BEDSIDE LIGHT ,-4,2011-11-15 11:20:00,8.95,15298.0,United Kingdom,-35.8
576413,17012C,check,-22,2011-11-15 11:21:00,0.0,,United Kingdom,-0.0
576415,17012B,,-2,2011-11-15 11:22:00,0.0,,United Kingdom,-0.0
576419,85036B,check,-23,2011-11-15 11:23:00,0.0,,United Kingdom,-0.0
576424,85036C,check,-4,2011-11-15 11:24:00,0.0,,United Kingdom,-0.0
576436,22943,check,-26,2011-11-15 11:27:00,0.0,,United Kingdom,-0.0
576473,21868,,-108,2011-11-15 11:40:00,0.0,,United Kingdom,-0.0
,22689,DOORMAT MERRY CHRISTMAS RED ,-2,2011-11-15 12:16:00,8.25,13950.0,United Kingdom,-16.5
,23089,GLASS BON BON JAR,-1,2011-11-15 13:22:00,1.65,15311.0,United Kingdom,-1.65
,22778,GLASS CLOCHE SMALL,-3,2011-11-15 13:22:00,3.39,15311.0,United Kingdom,-10.17
,21530,DAIRY MAID TOASTRACK,-1,2011-11-15 13:22:00,0.79,15311.0,United Kingdom,-0.79
,21314,SMALL GLASS HEART TRINKET POT,-2,2011-11-15 13:22:00,1.85,15311.0,United Kingdom,-3.7
,75049L,LARGE CIRCULAR MIRROR MOBILE,-3,2011-11-15 13:22:00,0.85,15311.0,United Kingdom,-2.55
,22845,VINTAGE CREAM CAT FOOD CONTAINER,-1,2011-11-15 13:22:00,5.55,15311.0,United Kingdom,-5.55
,22681,FRENCH BLUE METAL DOOR SIGN 6,-1,2011-11-15 13:22:00,1.06,15311.0,United Kingdom,-1.06
,21559,STRAWBERRY LUNCH BOX WITH CUTLERY,-1,2011-11-15 13:22:00,2.1,15311.0,United Kingdom,-2.1
,23146,TRIPLE HOOK ANTIQUE IVORY ROSE,-1,2011-11-15 13:22:00,2.89,15311.0,United Kingdom,-2.89
,23275,SET OF 3 HANGING OWLS OLLIE BEAK,-4,2011-11-15 13:22:00,1.04,15311.0,United Kingdom,-4.16
,22386,JUMBO BAG PINK POLKADOT,-2,2011-11-15 13:22:00,1.79,15311.0,United Kingdom,-3.58
,21929,JUMBO BAG PINK VINTAGE PAISLEY,-1,2011-11-15 13:22:00,1.79,15311.0,United Kingdom,-1.79
,22411,JUMBO SHOPPER VINTAGE RED PAISLEY,-2,2011-11-15 13:22:00,1.79,15311.0,United Kingdom,-3.58
576566,21830,,-186,2011-11-15 13:39:00,0.0,,United Kingdom,-0.0
,23462,ROCOCO WALL MIRROR WHITE,-2,2011-11-15 13:39:00,19.95,13066.0,United Kingdom,-39.9
576569,47504K,,-21,2011-11-15 13:45:00,0.0,,United Kingdom,-0.0
,84946,ANTIQUE SILVER T-LIGHT GLASS,-1,2011-11-15 14:00:00,1.25,17521.0,United Kingdom,-1.25
576578,22412,,-37,2011-11-15 14:05:00,0.0,,United Kingdom,-0.0
576580,22034,,-5,2011-11-15 14:15:00,0.0,,United Kingdom,-0.0
,85036A,GARDENIA 1 WICK MORRIS BOXED CANDLE,-1,2011-11-16 10:23:00,1.25,15584.0,United Kingdom,-1.25
,85036C,ROSE 1 WICK MORRIS BOXED CANDLE,-1,2011-11-16 10:23:00,1.25,15584.0,United Kingdom,-1.25
,23199,JUMBO BAG APPLES,-1,2011-11-16 11:55:00,2.08,16393.0,United Kingdom,-2.08
,23344,JUMBO BAG 50'S CHRISTMAS ,-1,2011-11-16 11:55:00,2.08,16393.0,United Kingdom,-2.08
,23241,TREASURE TIN GYMKHANA DESIGN,-1,2011-11-16 11:55:00,2.08,16393.0,United Kingdom,-2.08
,22629,SPACEBOY LUNCH BOX ,-1,2011-11-16 11:55:00,1.95,16393.0,United Kingdom,-1.95
,23238,SET OF 4 KNICK KNACK TINS LONDON ,-1,2011-11-16 11:55:00,4.15,16393.0,United Kingdom,-4.15
,22367,CHILDRENS APRON SPACEBOY DESIGN,-1,2011-11-16 11:55:00,1.95,16393.0,United Kingdom,-1.95
576674,21823,damaged,-6,2011-11-16 12:00:00,0.0,,United Kingdom,-0.0
576762,21744,check,-21,2011-11-16 13:08:00,0.0,,United Kingdom,-0.0
576763,23035,check,-64,2011-11-16 13:09:00,0.0,,United Kingdom,-0.0
576764,16008,check,-1510,2011-11-16 13:10:00,0.0,,United Kingdom,-0.0
576765,22219,???lost,-550,2011-11-16 13:11:00,0.0,,United Kingdom,-0.0
576767,22339,check,-60,2011-11-16 13:12:00,0.0,,United Kingdom,-0.0
576773,22181,check,-92,2011-11-16 13:21:00,0.0,,United Kingdom,-0.0
576776,21811,check,-240,2011-11-16 13:22:00,0.0,,United Kingdom,-0.0
,22356,CHARLOTTE BAG PINK POLKADOT,-10,2011-11-16 13:51:00,0.85,14109.0,United Kingdom,-8.5
,23099,FRENCH CARRIAGE LANTERN,-2,2011-11-16 13:51:00,6.65,14109.0,United Kingdom,-13.3
,72807C,SET/3 VANILLA SCENTED CANDLE IN BOX,-4,2011-11-16 13:51:00,4.25,14109.0,United Kingdom,-17.0
,37495,FAIRY CAKE BIRTHDAY CANDLE SET,-4,2011-11-16 13:51:00,3.75,14109.0,United Kingdom,-15.0
,22792,FLUTED ANTIQUE CANDLE HOLDER,-12,2011-11-16 13:51:00,0.85,14109.0,United Kingdom,-10.2
,22762,CUPBOARD 3 DRAWER MA CAMPAGNE,-2,2011-11-16 13:56:00,14.95,15344.0,United Kingdom,-29.9
,POST,POSTAGE,-1,2011-11-16 14:24:00,18.0,12569.0,Germany,-18.0
,23322,LARGE WHITE HEART OF WICKER,-40,2011-11-16 14:56:00,2.55,12748.0,United Kingdom,-102.0
,23057,BEADED CHANDELIER T-LIGHT HOLDER,-144,2011-11-16 14:56:00,1.0,12748.0,United Kingdom,-144.0
,23056,FLOWERS CHANDELIER T-LIGHT HOLDER,-144,2011-11-16 14:56:00,1.0,12748.0,United Kingdom,-144.0
,23055,IVORY CHANDELIER T-LIGHT HOLDER,-144,2011-11-16 14:56:00,1.0,12748.0,United Kingdom,-144.0
,22071,SMALL WHITE RETROSPOT MUG IN BOX ,-244,2011-11-16 14:56:00,0.5,12748.0,United Kingdom,-122.0
,22070,SMALL RED RETROSPOT MUG IN BOX ,-234,2011-11-16 14:56:00,0.5,12748.0,United Kingdom,-117.0
,21843,RED RETROSPOT CAKE STAND,-132,2011-11-16 14:56:00,4.0,12748.0,United Kingdom,-528.0
576835,21618,,-2,2011-11-16 15:10:00,0.0,,United Kingdom,-0.0
576839,35818B,adjustment,-22,2011-11-16 15:21:00,0.0,,United Kingdom,-0.0
576843,10133,damaged,-82,2011-11-16 15:32:00,0.0,,United Kingdom,-0.0
,23470,CARD HOLDER LOVE BIRD LARGE ,-1,2011-11-16 15:40:00,6.25,13924.0,United Kingdom,-6.25
,23404,HOME SWEET HOME BLACKBOARD,-1,2011-11-16 15:40:00,4.95,13924.0,United Kingdom,-4.95
,22138,BAKING SET 9 PIECE RETROSPOT ,-3,2011-11-16 15:40:00,4.95,13924.0,United Kingdom,-14.85
,21428,SET3 BOOK BOX GREEN GINGHAM FLOWER ,-2,2011-11-16 15:40:00,4.25,13924.0,United Kingdom,-8.5
,23556,LANDMARK FRAME COVENT GARDEN ,-1,2011-11-16 15:51:00,12.5,16912.0,United Kingdom,-12.5
,22928,YELLOW GIANT GARDEN THERMOMETER,-1,2011-11-16 15:52:00,5.95,17183.0,United Kingdom,-5.95
,22846,BREAD BIN DINER STYLE RED ,-1,2011-11-16 15:52:00,16.95,17183.0,United Kingdom,-16.95
,22423,REGENCY CAKESTAND 3 TIER,-1,2011-11-16 16:09:00,12.75,16278.0,United Kingdom,-12.75
,23581,JUMBO BAG PAISLEY PARK,-1,2011-11-16 16:19:00,2.08,18263.0,United Kingdom,-2.08
,23358,HOT STUFF HOT WATER BOTTLE,-2,2011-11-16 16:21:00,3.75,14907.0,United Kingdom,-7.5
,23118,PARISIENNE JEWELLERY DRAWER ,-2,2011-11-16 16:23:00,7.5,14441.0,United Kingdom,-15.0
,23111,PARISIENNE SEWING BOX,-1,2011-11-16 16:23:00,12.5,14441.0,United Kingdom,-12.5
,POST,POSTAGE,-2,2011-11-17 08:47:00,65.0,17828.0,Malta,-130.0
,23485,BOTANICAL GARDENS WALL CLOCK ,-1,2011-11-17 09:15:00,25.0,12712.0,Germany,-25.0
,22551,PLASTERS IN TIN SPACEBOY,-1,2011-11-17 09:39:00,1.65,12670.0,France,-1.65
,22556,PLASTERS IN TIN CIRCUS PARADE ,-5,2011-11-17 09:39:00,1.65,12670.0,France,-8.25
,23542,WALL ART 70'S ALPHABET ,-1,2011-11-17 10:40:00,7.45,14102.0,United Kingdom,-7.45
,23311,VINTAGE CHRISTMAS STOCKING ,-1,2011-11-17 10:44:00,2.55,15529.0,United Kingdom,-2.55
,23239,SET OF 4 KNICK KNACK TINS POPPIES,-6,2011-11-17 10:44:00,4.15,15529.0,United Kingdom,-24.9
,23210,WHITE ROCKING HORSE HAND PAINTED,-20,2011-11-17 10:51:00,1.25,17613.0,United Kingdom,-25.0
,21673,WHITE SPOT BLUE CERAMIC DRAWER KNOB,-3,2011-11-17 10:54:00,1.45,14102.0,United Kingdom,-4.35
,21670,BLUE SPOT CERAMIC DRAWER KNOB,-6,2011-11-17 10:54:00,1.45,14102.0,United Kingdom,-8.7
,22158,3 HEARTS HANGING DECORATION RUSTIC,-3,2011-11-17 11:51:00,2.95,13668.0,United Kingdom,-8.85
,21671,RED SPOT CERAMIC DRAWER KNOB,-11,2011-11-17 11:51:00,1.45,13668.0,United Kingdom,-15.95
,23035,DRAWER KNOB CERAMIC IVORY,-3,2011-11-17 11:51:00,1.45,13668.0,United Kingdom,-4.35
,21670,BLUE SPOT CERAMIC DRAWER KNOB,-5,2011-11-17 11:51:00,1.45,13668.0,United Kingdom,-7.25
,21668,RED STRIPE CERAMIC DRAWER KNOB,-3,2011-11-17 11:51:00,1.45,13668.0,United Kingdom,-4.35
,21669,BLUE STRIPE CERAMIC DRAWER KNOB,-5,2011-11-17 11:51:00,1.45,13668.0,United Kingdom,-7.25
,84949,SILVER HANGING T-LIGHT HOLDER,-2,2011-11-17 11:51:00,1.65,13668.0,United Kingdom,-3.3
,82580,BATHROOM METAL SIGN,-25,2011-11-17 11:51:00,0.55,13668.0,United Kingdom,-13.75
,22153,ANGEL DECORATION STARS ON DRESS,-21,2011-11-17 11:51:00,0.42,13668.0,United Kingdom,-8.82
,22779,WOODEN OWLS LIGHT GARLAND ,-2,2011-11-17 11:52:00,4.25,12474.0,Germany,-8.5
,22467,GUMBALL COAT RACK,-1,2011-11-17 11:52:00,2.55,12474.0,Germany,-2.55
,84946,ANTIQUE SILVER T-LIGHT GLASS,-144,2011-11-17 13:31:00,1.06,15864.0,United Kingdom,-152.64
,22801,ANTIQUE GLASS PEDESTAL BOWL,-3,2011-11-17 13:35:00,3.75,13894.0,United Kingdom,-11.25
,84947,ANTIQUE SILVER TEA GLASS ENGRAVED,-6,2011-11-17 13:35:00,1.25,13894.0,United Kingdom,-7.5
,M,Manual,-30,2011-11-17 14:49:00,1.0,15563.0,United Kingdom,-30.0
,POST,POSTAGE,-1,2011-11-17 14:54:00,40.0,12704.0,Finland,-40.0
,22698,PINK REGENCY TEACUP AND SAUCER,-3,2011-11-17 15:02:00,2.95,14359.0,United Kingdom,-8.85
,22507,MEMO BOARD RETROSPOT  DESIGN,-1,2011-11-17 15:08:00,4.95,14456.0,United Kingdom,-4.95
,82582,AREA PATROLLED METAL SIGN,-6,2011-11-17 15:24:00,2.1,18230.0,United Kingdom,-12.6
,22928,YELLOW GIANT GARDEN THERMOMETER,-3,2011-11-17 16:40:00,5.95,17095.0,United Kingdom,-17.85
577111,22587,check,-41,2011-11-17 17:55:00,0.0,,United Kingdom,-0.0
577112,22586,check,-30,2011-11-17 17:55:00,0.0,,United Kingdom,-0.0
577113,22271,check,-43,2011-11-17 17:58:00,0.0,,United Kingdom,-0.0
577114,21786,check,-209,2011-11-17 17:59:00,0.0,,United Kingdom,-0.0
577115,85035C,check,-24,2011-11-17 18:02:00,0.0,,United Kingdom,-0.0
577116,21165,check,-28,2011-11-17 18:04:00,0.0,,United Kingdom,-0.0
577118,22286,check,-47,2011-11-17 18:05:00,0.0,,United Kingdom,-0.0
577119,22778,check,-10,2011-11-17 18:08:00,0.0,,United Kingdom,-0.0
577120,20752,check,-10,2011-11-17 18:09:00,0.0,,United Kingdom,-0.0
577122,23348,sold with wrong barcode,-57,2011-11-17 18:33:00,0.0,,United Kingdom,-0.0
577123,23288,check,-63,2011-11-17 18:34:00,0.0,,United Kingdom,-0.0
577124,22759,check,-327,2011-11-17 18:41:00,0.0,,United Kingdom,-0.0
,22827,RUSTIC  SEVENTEEN DRAWER SIDEBOARD,-1,2011-11-17 20:01:00,165.0,15861.0,United Kingdom,-165.0
,22423,REGENCY CAKESTAND 3 TIER,-1,2011-11-18 09:42:00,12.75,13396.0,United Kingdom,-12.75
,23031,DRAWER KNOB CRACKLE GLAZE PINK,-1,2011-11-18 09:42:00,1.65,13396.0,United Kingdom,-1.65
,23029,DRAWER KNOB CRACKLE GLAZE GREEN,-3,2011-11-18 09:42:00,1.65,13396.0,United Kingdom,-4.95
,23322,LARGE WHITE HEART OF WICKER,-3,2011-11-18 09:44:00,2.95,17034.0,United Kingdom,-8.85
,23323,WHITE WICKER STAR ,-1,2011-11-18 09:44:00,2.1,17034.0,United Kingdom,-2.1
,84459A,PINK METAL CHICKEN HEART ,-24,2011-11-18 09:50:00,1.49,12781.0,Czech Republic,-35.76
,22231,JIGSAW TREE WITH BIRDHOUSE,-15,2011-11-18 09:50:00,1.45,12781.0,Czech Republic,-21.75
,23236,STORAGE TIN VINTAGE DOILY ,-3,2011-11-18 09:54:00,2.89,13266.0,United Kingdom,-8.67
,22720,SET OF 3 CAKE TINS PANTRY DESIGN ,-3,2011-11-18 09:54:00,4.95,13266.0,United Kingdom,-14.85
,22097,SWALLOW SQUARE TISSUE BOX,-10,2011-11-18 09:54:00,0.39,13266.0,United Kingdom,-3.9
,22096,PINK PAISLEY SQUARE TISSUE BOX ,-6,2011-11-18 09:54:00,0.39,13266.0,United Kingdom,-2.34
,22094,RED RETROSPOT TISSUE BOX,-6,2011-11-18 09:54:00,0.39,13266.0,United Kingdom,-2.34
,75049L,LARGE CIRCULAR MIRROR MOBILE,-35,2011-11-18 09:55:00,0.85,15502.0,United Kingdom,-29.75
,85048,15CM CHRISTMAS GLASS BALL 20 LIGHTS,-1,2011-11-18 09:58:00,7.95,15406.0,United Kingdom,-7.95
,84665,SQUARE CHERRY BLOSSOM CABINET,-1,2011-11-18 09:58:00,5.95,15406.0,United Kingdom,-5.95
,22796,PHOTO FRAME 3 CLASSIC HANGING,-2,2011-11-18 09:58:00,9.95,15406.0,United Kingdom,-19.9
,20931,BLUE POT PLANT CANDLE ,-11,2011-11-18 09:58:00,2.95,15406.0,United Kingdom,-32.45
,22900,SET 2 TEA TOWELS I LOVE LONDON ,-12,2011-11-18 10:27:00,3.25,16678.0,United Kingdom,-39.0
,POST,POSTAGE,-1,2011-11-18 10:28:00,4.41,16678.0,United Kingdom,-4.41
,22690,DOORMAT HOME SWEET HOME BLUE ,-1,2011-11-18 11:45:00,8.25,16924.0,United Kingdom,-8.25
,21523,DOORMAT FANCY FONT HOME SWEET HOME,-1,2011-11-18 11:45:00,8.25,16924.0,United Kingdom,-8.25
,48116,DOORMAT MULTICOLOUR STRIPE,-1,2011-11-18 11:45:00,8.25,16924.0,United Kingdom,-8.25
,48129,DOORMAT TOPIARY,-1,2011-11-18 11:45:00,8.25,16924.0,United Kingdom,-8.25
,23283,DOORMAT VINTAGE LEAF,-6,2011-11-18 11:45:00,8.25,16924.0,United Kingdom,-49.5
,48173C,DOORMAT BLACK FLOCK ,-3,2011-11-18 11:45:00,8.25,16924.0,United Kingdom,-24.75
,D,Discount,-1,2011-11-18 12:06:00,27.26,14527.0,United Kingdom,-27.26
,D,Discount,-1,2011-11-18 12:06:00,14.88,14527.0,United Kingdom,-14.88
,D,Discount,-1,2011-11-18 12:06:00,19.82,14527.0,United Kingdom,-19.82
,D,Discount,-1,2011-11-18 12:06:00,16.76,14527.0,United Kingdom,-16.76
577304,20956,check,-152,2011-11-18 13:04:00,0.0,,United Kingdom,-0.0
577305,22946,check,-21,2011-11-18 13:06:00,0.0,,United Kingdom,-0.0
577307,16169E,check,-313,2011-11-18 13:06:00,0.0,,United Kingdom,-0.0
,22485,SET OF 2 WOODEN MARKET CRATES,-1,2011-11-18 13:57:00,12.75,17904.0,United Kingdom,-12.75
,23065,LARGE DECO JEWELLERY STAND,-1,2011-11-18 14:13:00,12.5,17779.0,United Kingdom,-12.5
,S,SAMPLES,-1,2011-11-18 14:16:00,2.89,,United Kingdom,-2.89
,S,SAMPLES,-1,2011-11-18 14:16:00,75.0,,United Kingdom,-75.0
,S,SAMPLES,-1,2011-11-18 14:16:00,5.99,,United Kingdom,-5.99
,BANK CHARGES,Bank Charges,-1,2011-11-18 15:11:00,490.06,,United Kingdom,-490.06
,BANK CHARGES,Bank Charges,-1,2011-11-18 15:13:00,27.21,,United Kingdom,-27.21
,23243,SET OF TEA COFFEE SUGAR TINS PANTRY,-8,2011-11-18 15:16:00,4.95,15563.0,United Kingdom,-39.6
,M,Manual,-1,2011-11-18 15:25:00,530.25,,United Kingdom,-530.25
,M,Manual,-1,2011-11-18 15:30:00,1149.98,,United Kingdom,-1149.98
,21464,DISCO BALL ROTATOR BATTERY OPERATED,-4,2011-11-18 15:32:00,4.25,16168.0,United Kingdom,-17.0
,84978,HANGING HEART JAR T-LIGHT HOLDER,-3,2011-11-18 15:35:00,1.25,14315.0,United Kingdom,-3.75
,22301,COFFEE MUG CAT + BIRD DESIGN,-3,2011-11-18 15:35:00,2.55,14315.0,United Kingdom,-7.65
,22302,COFFEE MUG PEARS  DESIGN,-5,2011-11-18 15:35:00,2.55,14315.0,United Kingdom,-12.75
,21671,RED SPOT CERAMIC DRAWER KNOB,-1,2011-11-18 15:37:00,1.45,17728.0,United Kingdom,-1.45
,22367,CHILDRENS APRON SPACEBOY DESIGN,-2,2011-11-18 15:37:00,1.95,17728.0,United Kingdom,-3.9
,22776,SWEETHEART 3 TIER CAKE STAND ,-1,2011-11-18 15:37:00,9.95,17728.0,United Kingdom,-9.95
,POST,POSTAGE,-1,2011-11-18 15:45:00,4.0,12781.0,Czech Republic,-4.0
,23470,CARD HOLDER LOVE BIRD LARGE ,-1,2011-11-18 15:50:00,6.25,14732.0,United Kingdom,-6.25
,21137,BLACK RECORD COVER FRAME,-4,2011-11-18 16:12:00,3.75,13012.0,United Kingdom,-15.0
,23110,PARISIENNE KEY CABINET ,-2,2011-11-18 16:14:00,5.75,14073.0,United Kingdom,-11.5
,23235,STORAGE TIN VINTAGE LEAF,-3,2011-11-18 16:17:00,2.89,12697.0,Sweden,-8.67
,23118,PARISIENNE JEWELLERY DRAWER ,-2,2011-11-18 16:18:00,7.5,14140.0,United Kingdom,-15.0
,22271,FELTCRAFT DOLL ROSIE,-2,2011-11-18 16:20:00,2.95,14132.0,United Kingdom,-5.9
,23118,PARISIENNE JEWELLERY DRAWER ,-2,2011-11-18 16:21:00,7.5,14441.0,United Kingdom,-15.0
,23111,PARISIENNE SEWING BOX,-1,2011-11-18 16:21:00,12.5,14441.0,United Kingdom,-12.5
,22362,GLASS JAR PEACOCK BATH SALTS,-1,2011-11-18 16:24:00,2.95,15297.0,United Kingdom,-2.95
,23012,GLASS APOTHECARY BOTTLE PERFUME,-1,2011-11-18 16:24:00,3.95,15297.0,United Kingdom,-3.95
,21068,VINTAGE BILLBOARD LOVE/HATE MUG,-1,2011-11-18 16:48:00,1.25,13091.0,United Kingdom,-1.25
,21871,SAVE THE PLANET MUG,-2,2011-11-18 16:48:00,1.65,13091.0,United Kingdom,-3.3
,22064,PINK DOUGHNUT TRINKET POT ,-13,2011-11-18 16:48:00,1.65,13091.0,United Kingdom,-21.45
,21313,GLASS HEART T-LIGHT HOLDER ,-10,2011-11-18 16:50:00,0.64,14156.0,EIRE,-6.4
,23661,MILK MAIDS MUG ,-1,2011-11-18 16:53:00,1.65,14189.0,United Kingdom,-1.65
,23660,HENRIETTA HEN MUG ,-1,2011-11-18 16:53:00,1.65,14189.0,United Kingdom,-1.65
,23401,RUSTIC MIRROR WITH LACE HEART,-1,2011-11-18 16:54:00,6.25,18276.0,United Kingdom,-6.25
,22699,ROSES REGENCY TEACUP AND SAUCER ,-6,2011-11-18 16:58:00,2.95,14911.0,EIRE,-17.7
,22698,PINK REGENCY TEACUP AND SAUCER,-1,2011-11-18 16:58:00,2.95,14911.0,EIRE,-2.95
,22697,GREEN REGENCY TEACUP AND SAUCER,-5,2011-11-18 16:58:00,2.95,14911.0,EIRE,-14.75
,22182,CAKE STAND VICTORIAN FILIGREE SMALL,-1,2011-11-18 16:58:00,4.95,14911.0,EIRE,-4.95
,22507,MEMO BOARD RETROSPOT  DESIGN,-3,2011-11-18 16:58:00,4.95,14911.0,EIRE,-14.85
,22941,CHRISTMAS LIGHTS 10 REINDEER,-1,2011-11-18 16:58:00,8.5,14911.0,EIRE,-8.5
,22423,REGENCY CAKESTAND 3 TIER,-1,2011-11-18 16:58:00,12.75,14911.0,EIRE,-12.75
,23454,THREE MINI HANGING FRAMES,-2,2011-11-18 16:58:00,4.15,14911.0,EIRE,-8.3
,21429,RED GINGHAM ROSE JEWELLERY BOX,-2,2011-11-18 16:58:00,1.95,14911.0,EIRE,-3.9
,23118,PARISIENNE JEWELLERY DRAWER ,-1,2011-11-18 16:58:00,7.5,14911.0,EIRE,-7.5
,23108,SET OF 10 LED DOLLY LIGHTS,-2,2011-11-18 16:59:00,6.25,13381.0,United Kingdom,-12.5
,23401,RUSTIC MIRROR WITH LACE HEART,-1,2011-11-18 17:01:00,6.25,18276.0,United Kingdom,-6.25
,22197,POPCORN HOLDER,-13,2011-11-18 17:03:00,0.72,13078.0,United Kingdom,-9.36
,22109,FULL ENGLISH BREAKFAST PLATE,-2,2011-11-18 17:03:00,3.39,13078.0,United Kingdom,-6.78
,23169,CLASSIC GLASS COOKIE JAR,-6,2011-11-18 17:05:00,4.15,16560.0,United Kingdom,-24.9
,84946,ANTIQUE SILVER T-LIGHT GLASS,-4,2011-11-18 17:09:00,1.25,14902.0,United Kingdom,-5.0
,23493,VINTAGE DOILY TRAVEL SEWING KIT,-1,2011-11-18 17:09:00,1.95,14902.0,United Kingdom,-1.95
,23184,BULL DOG BOTTLE OPENER,-2,2011-11-18 17:09:00,4.95,14902.0,United Kingdom,-9.9
,22219,LOVEBIRD HANGING DECORATION WHITE ,-2,2011-11-18 17:09:00,0.85,14902.0,United Kingdom,-1.7
,37447,CERAMIC CAKE DESIGN SPOTTED PLATE,-4,2011-11-18 17:10:00,1.49,12779.0,Poland,-5.96
,23423,PANTRY 3 HOOK ROLLING PIN HANGER,-2,2011-11-18 17:10:00,3.75,12779.0,Poland,-7.5
,22666,RECIPE BOX PANTRY YELLOW DESIGN,-2,2011-11-18 17:10:00,2.95,12779.0,Poland,-5.9
,22220,CAKE STAND LOVEBIRD 2 TIER WHITE,-1,2011-11-18 17:12:00,9.95,12504.0,Germany,-9.95
,22776,SWEETHEART 3 TIER CAKE STAND ,-1,2011-11-18 17:12:00,9.95,12504.0,Germany,-9.95
,22236,CAKE STAND 3 TIER MAGIC GARDEN,-1,2011-11-18 17:12:00,12.75,12504.0,Germany,-12.75
,84978,HANGING HEART JAR T-LIGHT HOLDER,-7,2011-11-18 17:15:00,1.25,16839.0,United Kingdom,-8.75
,21340,CLASSIC METAL BIRDCAGE PLANT HOLDER,-1,2011-11-18 17:15:00,12.75,16839.0,United Kingdom,-12.75
,22138,BAKING SET 9 PIECE RETROSPOT ,-1,2011-11-18 17:15:00,4.95,13895.0,United Kingdom,-4.95
,POST,POSTAGE,-1,2011-11-20 11:39:00,18.0,12778.0,Netherlands,-18.0
,23198,PANTRY MAGNETIC  SHOPPING LIST,-5,2011-11-20 11:59:00,1.45,15533.0,United Kingdom,-7.25
,21846,PINK DIAMANTE PEN IN GIFT BOX,-12,2011-11-20 12:46:00,4.95,13118.0,United Kingdom,-59.4
,84086B,YELLOW/BLUE RETRO RADIO,-1,2011-11-20 12:59:00,2.95,18110.0,United Kingdom,-2.95
,22835,HOT WATER BOTTLE I AM SO POORLY,-4,2011-11-20 12:59:00,4.95,18110.0,United Kingdom,-19.8
,22751,FELTCRAFT PRINCESS OLIVIA DOLL,-2,2011-11-20 12:59:00,3.75,18110.0,United Kingdom,-7.5
,23080,RED METAL BOX TOP SECRET,-1,2011-11-20 14:48:00,8.25,17841.0,United Kingdom,-8.25
,21927,BLUE/CREAM STRIPE CUSHION COVER ,-3,2011-11-20 14:48:00,1.25,17841.0,United Kingdom,-3.75
,23395,BELLE JARDINIERE CUSHION COVER,-1,2011-11-20 14:48:00,3.75,17841.0,United Kingdom,-3.75
,23165,LARGE CERAMIC TOP STORAGE JAR,-1,2011-11-20 14:48:00,1.65,17841.0,United Kingdom,-1.65
,23148,MINIATURE ANTIQUE ROSE HOOK IVORY,-7,2011-11-20 14:48:00,0.83,17841.0,United Kingdom,-5.81
,23146,TRIPLE HOOK ANTIQUE IVORY ROSE,-1,2011-11-20 14:48:00,3.29,17841.0,United Kingdom,-3.29
,22467,GUMBALL COAT RACK,-1,2011-11-20 14:48:00,2.55,17841.0,United Kingdom,-2.55
,23032,DRAWER KNOB CRACKLE GLAZE IVORY,-1,2011-11-20 14:48:00,1.65,17841.0,United Kingdom,-1.65
,85123A,WHITE HANGING HEART T-LIGHT HOLDER,-1,2011-11-20 14:48:00,2.95,17841.0,United Kingdom,-2.95
,21925,UNION STRIPE CUSHION COVER ,-1,2011-11-20 14:48:00,1.25,17841.0,United Kingdom,-1.25
,35970,ZINC FOLKART SLEIGH BELLS,-4,2011-11-20 14:48:00,1.69,17841.0,United Kingdom,-6.76
,21499,BLUE POLKADOT WRAP,-200,2011-11-21 10:18:00,0.36,17888.0,United Kingdom,-72.0
,22726,ALARM CLOCK BAKELIKE GREEN,-1,2011-11-21 10:51:00,3.75,14493.0,United Kingdom,-3.75
,85048,15CM CHRISTMAS GLASS BALL 20 LIGHTS,-1,2011-11-21 11:29:00,7.95,13890.0,United Kingdom,-7.95
,22800,ANTIQUE TALL SWIRLGLASS TRINKET POT,-2,2011-11-21 11:47:00,3.75,14426.0,United Kingdom,-7.5
,22798,ANTIQUE GLASS DRESSING TABLE POT,-2,2011-11-21 11:47:00,2.95,14426.0,United Kingdom,-5.9
,84946,ANTIQUE SILVER T-LIGHT GLASS,-8,2011-11-21 11:47:00,1.06,14426.0,United Kingdom,-8.48
,22654,DELUXE SEWING KIT ,-2,2011-11-21 11:48:00,5.95,12628.0,Germany,-11.9
,23245,SET OF 3 REGENCY CAKE TINS,-1,2011-11-21 11:48:00,4.95,12628.0,Germany,-4.95
,23064,CINDERELLA CHANDELIER ,-8,2011-11-21 12:35:00,10.0,14607.0,United Kingdom,-80.0
,22812,PACK 3 BOXES CHRISTMAS PANETTONE,-6,2011-11-21 13:06:00,1.95,17811.0,United Kingdom,-11.7
,84978,HANGING HEART JAR T-LIGHT HOLDER,-24,2011-11-21 13:25:00,1.25,15681.0,United Kingdom,-30.0
,84949,SILVER HANGING T-LIGHT HOLDER,-24,2011-11-21 13:25:00,1.65,15681.0,United Kingdom,-39.6
,23393,HOME SWEET HOME CUSHION COVER ,-12,2011-11-21 13:25:00,3.75,15681.0,United Kingdom,-45.0
,23225,CHERUB HEART DECORATION SILVER ,-24,2011-11-21 13:25:00,0.83,15681.0,United Kingdom,-19.92
,23221,REINDEER HEART DECORATION SILVER,-24,2011-11-21 13:25:00,0.83,15681.0,United Kingdom,-19.92
,23084,RABBIT NIGHT LIGHT,-12,2011-11-21 13:25:00,2.08,15681.0,United Kingdom,-24.96
,23042,PAPER LANTERN 7 POINT SNOW STAR,-10,2011-11-21 13:25:00,6.65,15681.0,United Kingdom,-66.5
,23022,SMALL BONNE JAM JAR  T-LIGHT HOLDER,-24,2011-11-21 13:25:00,2.08,15681.0,United Kingdom,-49.92
,22910,PAPER CHAIN KIT VINTAGE CHRISTMAS,-18,2011-11-21 13:25:00,2.95,15681.0,United Kingdom,-53.1
,22863,SOAP DISH BROCANTE,-12,2011-11-21 13:25:00,2.95,15681.0,United Kingdom,-35.4
,22734,SET OF 6 RIBBONS VINTAGE CHRISTMAS,-12,2011-11-21 13:25:00,2.89,15681.0,United Kingdom,-34.68
,22599,CHRISTMAS MUSICAL ZINC STAR,-24,2011-11-21 13:25:00,0.85,15681.0,United Kingdom,-20.4
,22597,MUSICAL ZINC HEART DECORATION ,-24,2011-11-21 13:25:00,0.85,15681.0,United Kingdom,-20.4
,20979,36 PENCILS TUBE RED RETROSPOT,-16,2011-11-21 13:25:00,1.25,15681.0,United Kingdom,-20.0
,23206,LUNCH BAG APPLE DESIGN,-5,2011-11-21 14:30:00,1.65,12878.0,United Kingdom,-8.25
,23204,CHARLOTTE BAG APPLES DESIGN,-6,2011-11-21 14:30:00,0.85,12878.0,United Kingdom,-5.1
,23170,REGENCY TEA PLATE ROSES ,-4,2011-11-21 14:37:00,1.65,16670.0,United Kingdom,-6.6
,22697,GREEN REGENCY TEACUP AND SAUCER,-1,2011-11-21 14:37:00,2.95,16670.0,United Kingdom,-2.95
,22065,CHRISTMAS PUDDING TRINKET POT ,-6,2011-11-21 14:37:00,0.39,16670.0,United Kingdom,-2.34
,21314,SMALL GLASS HEART TRINKET POT,-24,2011-11-21 14:40:00,1.85,13756.0,United Kingdom,-44.4
,22236,CAKE STAND 3 TIER MAGIC GARDEN,-12,2011-11-21 16:00:00,10.95,12504.0,Germany,-131.4
,22776,SWEETHEART 3 TIER CAKE STAND ,-12,2011-11-21 16:00:00,8.5,12504.0,Germany,-102.0
,22220,CAKE STAND LOVEBIRD 2 TIER WHITE,-12,2011-11-21 16:00:00,8.5,12504.0,Germany,-102.0
,23057,BEADED CHANDELIER T-LIGHT HOLDER,-96,2011-11-21 16:11:00,1.0,,United Kingdom,-96.0
,23056,FLOWERS CHANDELIER T-LIGHT HOLDER,-96,2011-11-21 16:11:00,1.0,,United Kingdom,-96.0
,23055,IVORY CHANDELIER T-LIGHT HOLDER,-96,2011-11-21 16:11:00,1.0,,United Kingdom,-96.0
,84665,SQUARE CHERRY BLOSSOM CABINET,-3,2011-11-21 16:14:00,5.95,15406.0,United Kingdom,-17.85
,22469,HEART OF WICKER SMALL,-40,2011-11-21 16:27:00,1.45,13246.0,United Kingdom,-58.0
,20719,WOODLAND CHARLOTTE BAG,-10,2011-11-21 16:27:00,0.72,13246.0,United Kingdom,-7.2
577787,23055,rusty thrown away,-398,2011-11-21 16:28:00,0.0,,United Kingdom,-0.0
577788,23056,rusty throw away,-210,2011-11-21 16:28:00,0.0,,United Kingdom,-0.0
577789,23057,rusty throw away,-280,2011-11-21 16:28:00,0.0,,United Kingdom,-0.0
,23130,MISTLETOE HEART WREATH GREEN,-8,2011-11-21 16:55:00,4.15,13458.0,United Kingdom,-33.2
,22505,MEMO BOARD COTTAGE DESIGN,-1,2011-11-22 09:16:00,4.95,17071.0,United Kingdom,-4.95
,22947,WOODEN ADVENT CALENDAR RED,-1,2011-11-22 09:17:00,7.95,13081.0,United Kingdom,-7.95
,22990,COTTON APRON PANTRY DESIGN,-1,2011-11-22 09:17:00,4.95,13081.0,United Kingdom,-4.95
,79190A,RETRO PLASTIC 70'S TRAY,-3,2011-11-22 09:23:00,0.42,17313.0,United Kingdom,-1.26
,23320,GIANT 50'S CHRISTMAS CRACKER,-1,2011-11-22 09:23:00,2.89,17313.0,United Kingdom,-2.89
,23319,BOX OF 6 MINI 50'S CRACKERS,-8,2011-11-22 09:23:00,2.49,17313.0,United Kingdom,-19.92
,23318,BOX OF 6 MINI VINTAGE CRACKERS,-8,2011-11-22 09:23:00,2.08,17313.0,United Kingdom,-16.64
,72802A,ROSE SCENT CANDLE IN JEWELLED BOX,-1,2011-11-22 09:29:00,4.25,13777.0,United Kingdom,-4.25
,20679,EDWARDIAN PARASOL RED,-1,2011-11-22 09:29:00,5.95,13777.0,United Kingdom,-5.95
,23318,BOX OF 6 MINI VINTAGE CRACKERS,-11,2011-11-22 09:53:00,2.08,14911.0,EIRE,-22.88
,84988,SET OF 72 PINK HEART PAPER DOILIES,-12,2011-11-22 10:18:00,1.45,18274.0,United Kingdom,-17.4
,84509A,SET OF 4 ENGLISH ROSE PLACEMATS,-4,2011-11-22 10:18:00,3.75,18274.0,United Kingdom,-15.0
,23245,SET OF 3 REGENCY CAKE TINS,-4,2011-11-22 10:18:00,4.95,18274.0,United Kingdom,-19.8
,23243,SET OF TEA COFFEE SUGAR TINS PANTRY,-4,2011-11-22 10:18:00,4.95,18274.0,United Kingdom,-19.8
,22989,SET 2 PANTRY DESIGN TEA TOWELS,-6,2011-11-22 10:18:00,3.25,18274.0,United Kingdom,-19.5
,22851,SET 20 NAPKINS FAIRY CAKES DESIGN ,-12,2011-11-22 10:18:00,0.85,18274.0,United Kingdom,-10.2
,22720,SET OF 3 CAKE TINS PANTRY DESIGN ,-3,2011-11-22 10:18:00,4.95,18274.0,United Kingdom,-14.85
,22423,REGENCY CAKESTAND 3 TIER,-1,2011-11-22 10:18:00,12.75,18274.0,United Kingdom,-12.75
,21974,SET OF 36 PAISLEY FLOWER DOILIES,-12,2011-11-22 10:18:00,1.45,18274.0,United Kingdom,-17.4
,21231,SWEETHEART CERAMIC TRINKET BOX,-12,2011-11-22 10:18:00,1.25,18274.0,United Kingdom,-15.0
,21108,FAIRY CAKE FLANNEL ASSORTED COLOUR,-18,2011-11-22 10:18:00,0.79,18274.0,United Kingdom,-14.22
577836,21888,check,-57,2011-11-22 10:26:00,0.0,,United Kingdom,-0.0
,22138,BAKING SET 9 PIECE RETROSPOT ,-1,2011-11-22 10:33:00,4.95,16633.0,United Kingdom,-4.95
,22947,WOODEN ADVENT CALENDAR RED,-2,2011-11-22 10:59:00,7.95,14534.0,United Kingdom,-15.9
,23535,WALL ART BICYCLE SAFETY,-1,2011-11-22 10:59:00,5.95,14534.0,United Kingdom,-5.95
,22910,PAPER CHAIN KIT VINTAGE CHRISTMAS,-3,2011-11-22 10:59:00,2.95,14534.0,United Kingdom,-8.85
,22248,DECORATION  PINK CHICK MAGIC GARDEN,-16,2011-11-22 11:42:00,0.85,16191.0,United Kingdom,-13.6
,POST,POSTAGE,-1,2011-11-22 11:43:00,3.25,16191.0,United Kingdom,-3.25
577999,21018,damaged,-63,2011-11-22 12:29:00,0.0,,United Kingdom,-0.0
,37495,FAIRY CAKE BIRTHDAY CANDLE SET,-3,2011-11-22 12:31:00,3.75,13832.0,United Kingdom,-11.25
,23197,SKETCHBOOK MAGNETIC SHOPPING LIST,-1,2011-11-22 12:40:00,1.45,16474.0,United Kingdom,-1.45
,23234,BISCUIT TIN VINTAGE CHRISTMAS,-1,2011-11-22 12:40:00,2.89,16474.0,United Kingdom,-2.89
,22065,CHRISTMAS PUDDING TRINKET POT ,-1,2011-11-22 12:40:00,0.39,16474.0,United Kingdom,-0.39
,85104,SILVER GLASS T-LIGHT SET,-3,2011-11-22 12:40:00,2.95,16474.0,United Kingdom,-8.85
,21843,RED RETROSPOT CAKE STAND,-1,2011-11-22 14:13:00,10.95,17338.0,United Kingdom,-10.95
,21262,WHITE GOOSE FEATHER CHRISTMAS TREE ,-2,2011-11-22 15:29:00,2.95,15811.0,United Kingdom,-5.9
,23174,REGENCY SUGAR BOWL GREEN,-3,2011-11-22 15:30:00,4.15,12471.0,Germany,-12.45
,23245,SET OF 3 REGENCY CAKE TINS,-4,2011-11-22 15:30:00,4.95,12471.0,Germany,-19.8
,23197,SKETCHBOOK MAGNETIC SHOPPING LIST,-3,2011-11-22 15:30:00,1.45,12471.0,Germany,-4.35
,M,Manual,-36,2011-11-22 16:02:00,0.32,18139.0,United Kingdom,-11.52
,M,Manual,-36,2011-11-22 16:02:00,0.56,18139.0,United Kingdom,-20.16
,M,Manual,-24,2011-11-22 16:18:00,0.56,18139.0,United Kingdom,-13.44
,22910,PAPER CHAIN KIT VINTAGE CHRISTMAS,-20,2011-11-22 16:18:00,2.55,12936.0,United Kingdom,-51.0
,POST,POSTAGE,-2,2011-11-22 17:03:00,40.0,12483.0,Sweden,-80.0
578095,23397,damaged,-9,2011-11-22 17:25:00,0.0,,United Kingdom,-0.0
,84029E,RED WOOLLY HOTTIE WHITE HEART.,-48,2011-11-22 17:31:00,3.75,,United Kingdom,-180.0
,82494L,WOODEN FRAME ANTIQUE WHITE ,-48,2011-11-22 17:31:00,2.55,,United Kingdom,-122.4
,23358,HOT STUFF HOT WATER BOTTLE,-36,2011-11-22 17:31:00,3.29,,United Kingdom,-118.44
,23355,HOT WATER BOTTLE KEEP CALM,-48,2011-11-22 17:31:00,4.15,,United Kingdom,-199.2
,22835,HOT WATER BOTTLE I AM SO POORLY,-48,2011-11-22 17:31:00,4.25,,United Kingdom,-204.0
,22114,HOT WATER BOTTLE TEA AND SYMPATHY,-48,2011-11-22 17:31:00,3.75,,United Kingdom,-180.0
,22112,CHOCOLATE HOT WATER BOTTLE,-48,2011-11-22 17:31:00,4.25,,United Kingdom,-204.0
,23169,CLASSIC GLASS COOKIE JAR,-2,2011-11-23 09:23:00,4.15,15804.0,United Kingdom,-8.3
,15039,SANDALWOOD FAN,-2,2011-11-23 09:23:00,0.85,15804.0,United Kingdom,-1.7
,84945,MULTI COLOUR SILVER T-LIGHT HOLDER,-2,2011-11-23 09:23:00,0.85,15804.0,United Kingdom,-1.7
,POST,POSTAGE,-2,2011-11-23 10:27:00,1.0,12452.0,Switzerland,-2.0
,22659,LUNCH BOX I LOVE LONDON,-1,2011-11-23 10:30:00,1.95,14049.0,United Kingdom,-1.95
,20749,ASSORTED COLOUR MINI CASES,-1,2011-11-23 10:30:00,7.95,14049.0,United Kingdom,-7.95
,21559,STRAWBERRY LUNCH BOX WITH CUTLERY,-1,2011-11-23 10:30:00,2.55,14049.0,United Kingdom,-2.55
,21561,DINOSAUR LUNCH BOX WITH CUTLERY,-1,2011-11-23 10:30:00,2.55,14049.0,United Kingdom,-2.55
,22492,MINI PAINT SET VINTAGE ,-2,2011-11-23 10:30:00,0.65,14049.0,United Kingdom,-1.3
,22352,LUNCH BOX WITH CUTLERY RETROSPOT ,-1,2011-11-23 10:30:00,2.55,14049.0,United Kingdom,-2.55
,21890,S/6 WOODEN SKITTLES IN COTTON BAG,-1,2011-11-23 10:30:00,3.25,14049.0,United Kingdom,-3.25
,21915,RED  HARMONICA IN BOX ,-1,2011-11-23 10:30:00,1.25,14049.0,United Kingdom,-1.25
,21459,YELLOW EASTER EGG HUNT START POST,-1,2011-11-23 10:30:00,1.95,14049.0,United Kingdom,-1.95
,21461,BLUE EASTER EGG HUNT START POST,-1,2011-11-23 10:30:00,1.95,14049.0,United Kingdom,-1.95
,22662,LUNCH BAG DOLLY GIRL DESIGN,-1,2011-11-23 10:30:00,1.65,14049.0,United Kingdom,-1.65
,20728,LUNCH BAG CARS BLUE,-1,2011-11-23 10:30:00,1.65,14049.0,United Kingdom,-1.65
,23485,BOTANICAL GARDENS WALL CLOCK ,-1,2011-11-23 10:49:00,20.8,13171.0,United Kingdom,-20.8
,75049L,LARGE CIRCULAR MIRROR MOBILE,-1,2011-11-23 10:50:00,0.85,15502.0,United Kingdom,-0.85
,71477,COLOURED GLASS STAR T-LIGHT HOLDER,-2,2011-11-23 10:57:00,3.95,14156.0,EIRE,-7.9
,23328,SET 6 SCHOOL MILK BOTTLES IN CRATE,-1,2011-11-23 10:57:00,3.75,14156.0,EIRE,-3.75
,23325,RUSTIC STRAWBERRY JAM POT SMALL,-5,2011-11-23 10:57:00,1.65,14156.0,EIRE,-8.25
,23173,REGENCY TEAPOT ROSES ,-1,2011-11-23 10:57:00,9.95,14156.0,EIRE,-9.95
,23569,TRADTIONAL ALPHABET STAMP SET,-2,2011-11-23 11:04:00,4.95,17010.0,United Kingdom,-9.9
,22697,GREEN REGENCY TEACUP AND SAUCER,-3,2011-11-23 11:06:00,2.95,16201.0,United Kingdom,-8.85
,22699,ROSES REGENCY TEACUP AND SAUCER ,-1,2011-11-23 11:06:00,2.95,16201.0,United Kingdom,-2.95
,23170,REGENCY TEA PLATE ROSES ,-3,2011-11-23 11:06:00,1.65,16201.0,United Kingdom,-4.95
,84817,DANISH ROSE DECORATIVE PLATE,-12,2011-11-23 11:06:00,2.1,16201.0,United Kingdom,-25.2
578145,22579,dotcom,-40,2011-11-23 11:07:00,0.0,,United Kingdom,-0.0
,20728,LUNCH BAG CARS BLUE,-1,2011-11-23 11:11:00,1.65,15117.0,United Kingdom,-1.65
,22109,FULL ENGLISH BREAKFAST PLATE,-1,2011-11-23 11:34:00,3.75,14032.0,United Kingdom,-3.75
,D,Discount,-1,2011-11-23 12:29:00,26.33,14912.0,Italy,-26.33
578245,22568,?? missing,-170,2011-11-23 12:37:00,0.0,,United Kingdom,-0.0
,23300,GARDENERS KNEELING PAD CUP OF TEA ,-40,2011-11-23 13:00:00,1.65,17809.0,United Kingdom,-66.0
,72807C,SET/3 VANILLA SCENTED CANDLE IN BOX,-120,2011-11-23 13:02:00,3.81,16660.0,United Kingdom,-457.2
,CRUK,CRUK Commission,-1,2011-11-23 13:39:00,849.93,14096.0,United Kingdom,-849.93
,22768,FAMILY PHOTO FRAME CORNICE,-2,2011-11-23 13:42:00,9.95,17828.0,Malta,-19.9
,85034C,3 ROSE MORRIS BOXED CANDLES,-1,2011-11-23 13:42:00,1.25,17828.0,Malta,-1.25
,72807C,SET/3 VANILLA SCENTED CANDLE IN BOX,-1,2011-11-23 13:42:00,4.25,17828.0,Malta,-4.25
,22307,GOLD MUG BONE CHINA TREE OF LIFE,-1,2011-11-23 13:42:00,1.06,17828.0,Malta,-1.06
,72741,GRAND CHOCOLATECANDLE,-3,2011-11-23 13:42:00,1.45,17828.0,Malta,-4.35
,23108,SET OF 10 LED DOLLY LIGHTS,-1,2011-11-23 13:48:00,5.39,17511.0,United Kingdom,-5.39
,23470,CARD HOLDER LOVE BIRD LARGE ,-1,2011-11-23 13:48:00,5.39,17511.0,United Kingdom,-5.39
,22665,RECIPE BOX BLUE SKETCHBOOK DESIGN,-1,2011-11-23 13:48:00,2.55,17511.0,United Kingdom,-2.55
,23493,VINTAGE DOILY TRAVEL SEWING KIT,-1,2011-11-23 13:48:00,1.65,17511.0,United Kingdom,-1.65
,21535,RED RETROSPOT SMALL MILK JUG,-2,2011-11-23 13:48:00,2.1,17511.0,United Kingdom,-4.2
,21240,BLUE POLKADOT CUP,-2,2011-11-23 13:48:00,0.72,17511.0,United Kingdom,-1.44
,21430,SET/3 RED GINGHAM ROSE STORAGE BOX,-1,2011-11-23 13:48:00,3.39,17511.0,United Kingdom,-3.39
,22197,POPCORN HOLDER,-1,2011-11-23 13:48:00,0.85,17511.0,United Kingdom,-0.85
,21927,BLUE/CREAM STRIPE CUSHION COVER ,-4,2011-11-23 13:53:00,1.25,17841.0,United Kingdom,-5.0
,22339,CHRISTMAS TREE PAINTED ZINC ,-7,2011-11-23 13:53:00,0.19,17841.0,United Kingdom,-1.33
,22338,STAR DECORATION PAINTED ZINC ,-3,2011-11-23 13:53:00,0.19,17841.0,United Kingdom,-0.57
,84375,SET OF 20 KIDS COOKIE CUTTERS,-1,2011-11-23 13:53:00,2.1,17841.0,United Kingdom,-2.1
,20752,BLUE POLKADOT WASHING UP GLOVES,-1,2011-11-23 13:53:00,2.1,17841.0,United Kingdom,-2.1
,22429,ENAMEL MEASURING JUG CREAM,-1,2011-11-23 13:54:00,4.25,17841.0,United Kingdom,-4.25
578327,72807A,wet pallet,-504,2011-11-23 17:55:00,0.0,,United Kingdom,-0.0
578328,72807B,wet pallet,-696,2011-11-23 17:55:00,0.0,,United Kingdom,-0.0
578329,72807C,wet pallet,-408,2011-11-23 17:56:00,0.0,,United Kingdom,-0.0
,23312,VINTAGE CHRISTMAS GIFT SACK,-1,2011-11-24 09:15:00,4.15,15993.0,United Kingdom,-4.15
,22178,VICTORIAN GLASS HANGING T-LIGHT,-3,2011-11-24 10:13:00,1.95,14397.0,United Kingdom,-5.85
,84946,ANTIQUE SILVER T-LIGHT GLASS,-2,2011-11-24 10:13:00,1.25,14397.0,United Kingdom,-2.5
,22596,CHRISTMAS STAR WISH LIST CHALKBOARD,-4,2011-11-24 10:13:00,1.25,14397.0,United Kingdom,-5.0
,20956,PORCELAIN T-LIGHT HOLDERS ASSORTED,-3,2011-11-24 10:13:00,1.25,14397.0,United Kingdom,-3.75
,82494L,WOODEN FRAME ANTIQUE WHITE ,-48,2011-11-24 10:40:00,2.55,15482.0,United Kingdom,-122.4
,23355,HOT WATER BOTTLE KEEP CALM,-24,2011-11-24 10:40:00,4.15,15482.0,United Kingdom,-99.6
,22835,HOT WATER BOTTLE I AM SO POORLY,-24,2011-11-24 10:40:00,4.25,15482.0,United Kingdom,-102.0
,22804,PINK HANGING HEART T-LIGHT HOLDER,-160,2011-11-24 10:40:00,2.55,15482.0,United Kingdom,-408.0
,22423,REGENCY CAKESTAND 3 TIER,-12,2011-11-24 10:40:00,12.75,15482.0,United Kingdom,-153.0
,22197,POPCORN HOLDER,-200,2011-11-24 10:40:00,0.72,15482.0,United Kingdom,-144.0
,22114,HOT WATER BOTTLE TEA AND SYMPATHY,-24,2011-11-24 10:40:00,3.75,15482.0,United Kingdom,-90.0
,22112,CHOCOLATE HOT WATER BOTTLE,-24,2011-11-24 10:40:00,4.25,15482.0,United Kingdom,-102.0
,22071,SMALL WHITE RETROSPOT MUG IN BOX ,-36,2011-11-24 10:40:00,1.0,15482.0,United Kingdom,-36.0
,22070,SMALL RED RETROSPOT MUG IN BOX ,-36,2011-11-24 10:40:00,3.39,15482.0,United Kingdom,-122.04
,21843,RED RETROSPOT CAKE STAND,-72,2011-11-24 10:40:00,9.95,15482.0,United Kingdom,-716.4
,21135,VICTORIAN  METAL POSTCARD SPRING,-288,2011-11-24 10:40:00,0.4,15482.0,United Kingdom,-115.2
,23048,SET OF 10 LANTERNS FAIRY LIGHT STAR,-4,2011-11-24 11:00:00,4.15,14640.0,United Kingdom,-16.6
,23221,REINDEER HEART DECORATION SILVER,-12,2011-11-24 11:00:00,0.83,14640.0,United Kingdom,-9.96
,23433,HANGING QUILTED PATCHWORK APPLES,-24,2011-11-24 11:00:00,0.83,14640.0,United Kingdom,-19.92
,22759,SET OF 3 NOTEBOOKS IN PARCEL,-12,2011-11-24 11:00:00,1.65,14640.0,United Kingdom,-19.8
,22866,HAND WARMER SCOTTY DOG DESIGN,-96,2011-11-24 11:05:00,1.85,16191.0,United Kingdom,-177.6
,22414,DOORMAT NEIGHBOURHOOD WITCH ,-1,2011-11-24 11:16:00,8.25,14410.0,United Kingdom,-8.25
,48138,DOORMAT UNION FLAG,-1,2011-11-24 11:16:00,8.25,14410.0,United Kingdom,-8.25
,22366,DOORMAT AIRMAIL ,-1,2011-11-24 11:16:00,8.25,14410.0,United Kingdom,-8.25
,48173C,DOORMAT BLACK FLOCK ,-1,2011-11-24 11:16:00,8.25,14410.0,United Kingdom,-8.25
,22526,WHEELBARROW FOR CHILDREN ,-1,2011-11-24 11:16:00,12.75,14410.0,United Kingdom,-12.75
,22551,PLASTERS IN TIN SPACEBOY,-1,2011-11-24 11:16:00,1.65,14410.0,United Kingdom,-1.65
,22964,3 PIECE SPACEBOY COOKIE CUTTER SET,-1,2011-11-24 11:16:00,2.1,14410.0,United Kingdom,-2.1
,21125,SET 6 FOOTBALL CELEBRATION CANDLES,-1,2011-11-24 11:16:00,1.25,14410.0,United Kingdom,-1.25
,22652,TRAVEL SEWING KIT,-1,2011-11-24 11:16:00,1.65,14410.0,United Kingdom,-1.65
,22555,PLASTERS IN TIN STRONGMAN,-3,2011-11-24 11:16:00,1.65,14410.0,United Kingdom,-4.95
,22554,PLASTERS IN TIN WOODLAND ANIMALS,-2,2011-11-24 11:16:00,1.65,14410.0,United Kingdom,-3.3
,22434,BALLOON PUMP WITH 10 BALLOONS,-2,2011-11-24 11:16:00,1.95,14410.0,United Kingdom,-3.9
,22974,CHILDRENS DOLLY GIRL MUG,-1,2011-11-24 11:16:00,1.65,14410.0,United Kingdom,-1.65
,22972,CHILDREN'S SPACEBOY MUG,-1,2011-11-24 11:16:00,1.65,14410.0,United Kingdom,-1.65
,21714,CITRONELLA CANDLE GARDEN POT,-5,2011-11-24 11:16:00,1.25,14410.0,United Kingdom,-6.25
,22949,SET OF 36 DOLLY GIRL PAPER DOILIES,-2,2011-11-24 11:16:00,1.45,14410.0,United Kingdom,-2.9
,84987,SET OF 36 TEATIME PAPER DOILIES,-1,2011-11-24 11:16:00,1.45,14410.0,United Kingdom,-1.45
,21973,SET OF 36 MUSHROOM PAPER DOILIES,-1,2011-11-24 11:16:00,1.45,14410.0,United Kingdom,-1.45
,21972,SET OF 36 DINOSAUR PAPER DOILIES,-1,2011-11-24 11:16:00,1.45,14410.0,United Kingdom,-1.45
,20679,EDWARDIAN PARASOL RED,-2,2011-11-24 11:16:00,5.95,14410.0,United Kingdom,-11.9
,15056P,EDWARDIAN PARASOL PINK,-2,2011-11-24 11:16:00,5.95,14410.0,United Kingdom,-11.9
,21622,VINTAGE UNION JACK CUSHION COVER,-4,2011-11-24 11:16:00,4.95,14410.0,United Kingdom,-19.8
,21624,VINTAGE UNION JACK DOORSTOP,-2,2011-11-24 11:16:00,5.95,14410.0,United Kingdom,-11.9
,22922,FRIDGE MAGNETS US DINER ASSORTED,-120,2011-11-24 11:44:00,0.72,14277.0,France,-86.4
,22923,FRIDGE MAGNETS LES ENFANTS ASSORTED,-120,2011-11-24 11:44:00,0.72,14277.0,France,-86.4
,22924,FRIDGE MAGNETS LA VIE EN ROSE,-120,2011-11-24 11:44:00,0.72,14277.0,France,-86.4
578426,23131,,-12,2011-11-24 12:03:00,0.0,,United Kingdom,-0.0
578431,22579,,-18,2011-11-24 12:15:00,0.0,,United Kingdom,-0.0
,21559,STRAWBERRY LUNCH BOX WITH CUTLERY,-1,2011-11-24 12:20:00,2.55,12395.0,Belgium,-2.55
578473,72807B,damages,-101,2011-11-24 12:43:00,0.0,,United Kingdom,-0.0
578474,72807A,damages,-56,2011-11-24 12:44:00,0.0,,United Kingdom,-0.0
578475,72807C,damages,-149,2011-11-24 12:44:00,0.0,,United Kingdom,-0.0
578476,72807B,????missing,-124,2011-11-24 12:45:00,0.0,,United Kingdom,-0.0
578477,72807A,???missing,-224,2011-11-24 12:45:00,0.0,,United Kingdom,-0.0
578478,72807C,???missing,-428,2011-11-24 12:45:00,0.0,,United Kingdom,-0.0
578524,22810,check,-25,2011-11-24 14:20:00,0.0,,United Kingdom,-0.0
578525,22152,check,-179,2011-11-24 14:21:00,0.0,,United Kingdom,-0.0
578527,21819,check,-14,2011-11-24 14:24:00,0.0,,United Kingdom,-0.0
578528,22601,check,-20,2011-11-24 14:24:00,0.0,,United Kingdom,-0.0
578529,22087,,-23,2011-11-24 14:29:00,0.0,,United Kingdom,-0.0
,23582,VINTAGE DOILY JUMBO BAG RED ,-1,2011-11-24 17:14:00,2.08,17323.0,United Kingdom,-2.08
,22384,LUNCH BAG PINK POLKADOT,-3,2011-11-24 17:14:00,1.65,17323.0,United Kingdom,-4.95
,22946,WOODEN ADVENT CALENDAR CREAM,-1,2011-11-24 18:05:00,16.95,16016.0,United Kingdom,-16.95
578733,21643,damaged,-9,2011-11-25 11:32:00,0.0,,United Kingdom,-0.0
578738,21638,,-33,2011-11-25 11:33:00,0.0,,United Kingdom,-0.0
,POST,POSTAGE,-3,2011-11-25 11:35:00,18.0,12681.0,France,-54.0
,POST,POSTAGE,-1,2011-11-25 12:01:00,7.6,13081.0,United Kingdom,-7.6
,22191,IVORY DINER WALL CLOCK,-1,2011-11-25 12:55:00,8.5,16764.0,United Kingdom,-8.5
,23494,VINTAGE DOILY DELUXE SEWING KIT ,-1,2011-11-25 12:55:00,5.95,16764.0,United Kingdom,-5.95
,22378,WALL TIDY RETROSPOT ,-1,2011-11-25 15:18:00,2.1,13069.0,United Kingdom,-2.1
,22867,HAND WARMER BIRD DESIGN,-1,2011-11-25 15:18:00,2.1,13069.0,United Kingdom,-2.1
,22866,HAND WARMER SCOTTY DOG DESIGN,-1,2011-11-25 15:18:00,2.1,13069.0,United Kingdom,-2.1
,22834,HAND WARMER BABUSHKA DESIGN,-32,2011-11-25 15:18:00,2.1,13069.0,United Kingdom,-67.2
,22632,HAND WARMER RED RETROSPOT,-1,2011-11-25 15:18:00,2.1,13069.0,United Kingdom,-2.1
,22379,RECYCLING BAG RETROSPOT ,-15,2011-11-25 15:18:00,2.1,13069.0,United Kingdom,-31.5
,22380,TOY TIDY SPACEBOY  ,-17,2011-11-25 15:18:00,2.1,13069.0,United Kingdom,-35.7
,22381,TOY TIDY PINK POLKADOT,-8,2011-11-25 15:18:00,2.1,13069.0,United Kingdom,-16.8
,23285,PINK VINTAGE SPOT BEAKER,-2,2011-11-25 15:18:00,0.85,13069.0,United Kingdom,-1.7
,23288,GREEN VINTAGE SPOT BEAKER,-8,2011-11-25 15:18:00,0.85,13069.0,United Kingdom,-6.8
,23286,BLUE VINTAGE SPOT BEAKER,-8,2011-11-25 15:18:00,0.85,13069.0,United Kingdom,-6.8
,22736,RIBBON REEL MAKING SNOWMEN ,-3,2011-11-25 15:18:00,1.65,13069.0,United Kingdom,-4.95
,21673,WHITE SPOT BLUE CERAMIC DRAWER KNOB,-9,2011-11-25 15:18:00,1.45,13069.0,United Kingdom,-13.05
,23298,SPOTTY BUNTING,-2,2011-11-25 15:18:00,4.95,13069.0,United Kingdom,-9.9
,22614,PACK OF 12 SPACEBOY TISSUES,-2,2011-11-25 15:18:00,0.39,13069.0,United Kingdom,-0.78
,21981,PACK OF 12 WOODLAND TISSUES ,-7,2011-11-25 15:18:00,0.39,13069.0,United Kingdom,-2.73
,22469,HEART OF WICKER SMALL,-20,2011-11-25 15:18:00,1.65,13069.0,United Kingdom,-33.0
,23321,SMALL WHITE HEART OF WICKER,-12,2011-11-25 15:18:00,1.65,13069.0,United Kingdom,-19.8
,21972,SET OF 36 DINOSAUR PAPER DOILIES,-1,2011-11-25 15:18:00,1.45,13069.0,United Kingdom,-1.45
,22416,SET OF 36 SPACEBOY PAPER DOILIES,-6,2011-11-25 15:18:00,1.45,13069.0,United Kingdom,-8.7
,84987,SET OF 36 TEATIME PAPER DOILIES,-2,2011-11-25 15:18:00,1.45,13069.0,United Kingdom,-2.9
,47566,PARTY BUNTING,-6,2011-11-25 15:18:00,4.95,13069.0,United Kingdom,-29.7
,22694,WICKER STAR ,-1,2011-11-25 15:18:00,2.1,13069.0,United Kingdom,-2.1
578837,35833P,check,-24,2011-11-25 15:51:00,0.0,,United Kingdom,-0.0
578838,21591,check,-267,2011-11-25 15:52:00,0.0,,United Kingdom,-0.0
578839,22959,check,-175,2011-11-25 15:52:00,0.0,,United Kingdom,-0.0
578840,22142,check,-70,2011-11-25 15:54:00,0.0,,United Kingdom,-0.0
,23393,HOME SWEET HOME CUSHION COVER ,-1,2011-11-27 12:44:00,3.75,15351.0,United Kingdom,-3.75
,22776,SWEETHEART 3 TIER CAKE STAND ,-3,2011-11-27 12:44:00,9.95,15351.0,United Kingdom,-29.85
,22997,TRAVEL CARD WALLET UNION JACK,-1,2011-11-27 15:31:00,0.42,15555.0,United Kingdom,-0.42
,22999,TRAVEL CARD WALLET VINTAGE LEAF,-1,2011-11-27 15:31:00,0.42,15555.0,United Kingdom,-0.42
,22996,TRAVEL CARD WALLET VINTAGE TICKET,-1,2011-11-27 15:31:00,0.42,15555.0,United Kingdom,-0.42
,22563,HAPPY STENCIL CRAFT,-1,2011-11-27 15:31:00,1.25,15555.0,United Kingdom,-1.25
,85204,HANGING WOOD AND FELT FLOWER,-1,2011-11-27 15:31:00,0.12,15555.0,United Kingdom,-0.12
,35961,FOLKART ZINC HEART CHRISTMAS DEC,-1,2011-11-27 15:31:00,0.85,15555.0,United Kingdom,-0.85
,20728,LUNCH BAG CARS BLUE,-1,2011-11-27 15:31:00,1.65,15555.0,United Kingdom,-1.65
,20981,12 PENCILS TALL TUBE WOODLAND,-1,2011-11-27 15:31:00,0.85,15555.0,United Kingdom,-0.85
,POST,POSTAGE,-1,2011-11-28 10:14:00,7.0,16678.0,United Kingdom,-7.0
,84598,BOYS ALPHABET IRON ON PATCHES,-288,2011-11-28 10:48:00,0.21,12427.0,Germany,-60.48
,POST,POSTAGE,-1,2011-11-28 10:50:00,4.41,16900.0,United Kingdom,-4.41
,16054,POPART RECT PENCIL SHARPENER ASST,-108,2011-11-28 10:50:00,0.12,16900.0,United Kingdom,-12.96
,22326,ROUND SNACK BOXES SET OF4 WOODLAND ,-1,2011-11-28 12:22:00,2.95,12674.0,France,-2.95
,22371,AIRLINE BAG VINTAGE TOKYO 78,-1,2011-11-28 13:05:00,4.25,16393.0,United Kingdom,-4.25
,21928,JUMBO BAG SCANDINAVIAN BLUE PAISLEY,-2,2011-11-28 13:05:00,2.08,16393.0,United Kingdom,-4.16
,22993,SET OF 4 PANTRY JELLY MOULDS,-1,2011-11-28 13:05:00,1.25,16393.0,United Kingdom,-1.25
,23289,DOLLY GIRL CHILDRENS BOWL,-1,2011-11-28 13:05:00,1.25,16393.0,United Kingdom,-1.25
,23238,SET OF 4 KNICK KNACK TINS LONDON ,-2,2011-11-28 13:05:00,4.15,16393.0,United Kingdom,-8.3
,22726,ALARM CLOCK BAKELIKE GREEN,-1,2011-11-28 14:26:00,3.75,17924.0,United Kingdom,-3.75
,22427,ENAMEL FLOWER JUG CREAM,-12,2011-11-28 14:31:00,5.45,17811.0,United Kingdom,-65.4
,22941,CHRISTMAS LIGHTS 10 REINDEER,-2,2011-11-28 14:55:00,8.5,12362.0,Belgium,-17.0
,22942,CHRISTMAS LIGHTS 10 SANTAS ,-2,2011-11-28 14:55:00,8.5,12362.0,Belgium,-17.0
,22943,CHRISTMAS LIGHTS 10 VINTAGE BAUBLES,-3,2011-11-28 14:55:00,4.95,12362.0,Belgium,-14.85
,23397,FOOT STOOL HOME SWEET HOME ,-2,2011-11-28 15:30:00,9.95,13238.0,United Kingdom,-19.9
,POST,POSTAGE,-4,2011-11-28 15:43:00,18.0,12657.0,France,-72.0
,23320,GIANT 50'S CHRISTMAS CRACKER,-12,2011-11-28 15:43:00,2.89,12657.0,France,-34.68
,23318,BOX OF 6 MINI VINTAGE CRACKERS,-20,2011-11-28 15:43:00,2.49,12657.0,France,-49.8
,22959,WRAP CHRISTMAS VILLAGE,-250,2011-11-28 15:43:00,0.42,12657.0,France,-105.0
,22900,SET 2 TEA TOWELS I LOVE LONDON ,-6,2011-11-28 15:43:00,3.25,12657.0,France,-19.5
,22818,CARD CHRISTMAS VILLAGE,-72,2011-11-28 15:43:00,0.42,12657.0,France,-30.24
,22809,SET OF 6 T-LIGHTS SANTA,-12,2011-11-28 15:43:00,2.95,12657.0,France,-35.4
,22423,REGENCY CAKESTAND 3 TIER,-10,2011-11-28 15:43:00,12.75,12657.0,France,-127.5
,22357,KINGS CHOICE BISCUIT TIN,-4,2011-11-28 15:43:00,4.25,12657.0,France,-17.0
,CRUK,CRUK Commission,-1,2011-11-28 15:54:00,987.14,14096.0,United Kingdom,-987.14
,71477,COLOURED GLASS STAR T-LIGHT HOLDER,-24,2011-11-29 09:25:00,3.29,15621.0,United Kingdom,-78.96
,22470,HEART OF WICKER LARGE,-10,2011-11-29 10:16:00,3.2,17450.0,United Kingdom,-32.0
,23225,CHERUB HEART DECORATION SILVER ,-36,2011-11-29 11:47:00,0.83,17658.0,United Kingdom,-29.88
,22163,HEART STRING MEMO HOLDER HANGING,-24,2011-11-29 11:47:00,0.79,17658.0,United Kingdom,-18.96
,22584,PACK OF 6 PANETTONE GIFT BOXES,-14,2011-11-29 11:47:00,2.55,17658.0,United Kingdom,-35.7
,22585,PACK OF 6 BIRDY GIFT TAGS,-20,2011-11-29 11:47:00,1.25,17658.0,United Kingdom,-25.0
,POST,POSTAGE,-1,2011-11-29 11:56:00,9.72,14205.0,United Kingdom,-9.72
,23169,CLASSIC GLASS COOKIE JAR,-4,2011-11-29 12:52:00,3.75,15311.0,United Kingdom,-15.0
579429,20711,lost in space,-98,2011-11-29 13:04:00,0.0,,United Kingdom,-0.0
,23263,SET OF 3 WOODEN HEART DECORATIONS,-12,2011-11-29 13:09:00,1.25,17584.0,United Kingdom,-15.0
,21533,RETROSPOT LARGE MILK JUG,-12,2011-11-29 13:26:00,4.25,14235.0,United Kingdom,-51.0
579460,21110,,-151,2011-11-29 14:39:00,0.0,,United Kingdom,-0.0
,22666,RECIPE BOX PANTRY YELLOW DESIGN,-2,2011-11-29 15:38:00,2.95,18161.0,United Kingdom,-5.9
,22946,WOODEN ADVENT CALENDAR CREAM,-1,2011-11-29 16:19:00,16.95,16759.0,United Kingdom,-16.95
,23139,SINGLE WIRE HOOK PINK HEART,-12,2011-11-29 18:11:00,1.45,12748.0,United Kingdom,-17.4
,22307,GOLD MUG BONE CHINA TREE OF LIFE,-6,2011-11-29 18:19:00,1.06,12748.0,United Kingdom,-6.36
,21843,RED RETROSPOT CAKE STAND,-1,2011-11-29 18:19:00,10.95,12748.0,United Kingdom,-10.95
,22840,ROUND CAKE TIN VINTAGE RED,-1,2011-11-29 18:19:00,7.95,12748.0,United Kingdom,-7.95
,POST,POSTAGE,-1,2011-11-30 09:21:00,18.0,12494.0,France,-18.0
,22890,NOVELTY BISCUITS CAKE STAND 3 TIER,-4,2011-11-30 09:21:00,9.95,12494.0,France,-39.8
,23245,SET OF 3 REGENCY CAKE TINS,-1,2011-11-30 10:42:00,4.95,16764.0,United Kingdom,-4.95
,21428,SET3 BOOK BOX GREEN GINGHAM FLOWER ,-1,2011-11-30 11:05:00,4.25,13924.0,United Kingdom,-4.25
,22588,CARD HOLDER GINGHAM HEART,-2,2011-11-30 11:05:00,2.89,13924.0,United Kingdom,-5.78
,23084,RABBIT NIGHT LIGHT,-1,2011-11-30 11:39:00,2.08,12553.0,France,-2.08
,21731,RED TOADSTOOL LED NIGHT LIGHT,-1,2011-11-30 11:39:00,1.65,12553.0,France,-1.65
579681,21615,check,-26,2011-11-30 13:33:00,0.0,,United Kingdom,-0.0
579682,85172,check,-145,2011-11-30 13:33:00,0.0,,United Kingdom,-0.0
579683,21868,check,-28,2011-11-30 13:35:00,0.0,,United Kingdom,-0.0
579688,21116,,-33,2011-11-30 13:51:00,0.0,,United Kingdom,-0.0
579691,47503A,,-5,2011-11-30 14:05:00,0.0,,United Kingdom,-0.0
,22591,CARDHOLDER GINGHAM CHRISTMAS TREE,-4,2011-11-30 14:16:00,3.25,15467.0,United Kingdom,-13.0
579731,35648,check,-46,2011-11-30 14:23:00,0.0,,United Kingdom,-0.0
579732,35648,check,-10,2011-11-30 14:24:00,0.0,,United Kingdom,-0.0
579733,84581,check,-41,2011-11-30 14:24:00,0.0,,United Kingdom,-0.0
579734,84859C,wet?,-153,2011-11-30 14:25:00,0.0,,United Kingdom,-0.0
579735,21793,check,-40,2011-11-30 14:25:00,0.0,,United Kingdom,-0.0
,22567,20 DOLLY PEGS RETROSPOT,-1,2011-11-30 14:28:00,1.45,16956.0,United Kingdom,-1.45
,22762,CUPBOARD 3 DRAWER MA CAMPAGNE,-1,2011-11-30 14:28:00,14.95,16956.0,United Kingdom,-14.95
579742,85204,lost??,-1131,2011-11-30 14:34:00,0.0,,United Kingdom,-0.0
579743,21810,check,-135,2011-11-30 14:36:00,0.0,,United Kingdom,-0.0
579745,22043,check,-40,2011-11-30 14:39:00,0.0,,United Kingdom,-0.0
,35004B,SET OF 3 BLACK FLYING DUCKS,-3,2011-11-30 14:40:00,4.65,13078.0,United Kingdom,-13.95
,23229,VINTAGE DONKEY TAIL GAME ,-1,2011-11-30 14:41:00,3.75,14875.0,United Kingdom,-3.75
,72802C,VANILLA SCENT CANDLE JEWELLED BOX,-1,2011-11-30 14:46:00,3.81,13777.0,United Kingdom,-3.81
,85123A,WHITE HANGING HEART T-LIGHT HOLDER,-1,2011-11-30 14:46:00,2.55,13777.0,United Kingdom,-2.55
,22434,BALLOON PUMP WITH 10 BALLOONS,-16,2011-11-30 14:48:00,1.95,15484.0,United Kingdom,-31.2
579755,84912B,damaged,-14,2011-11-30 14:54:00,0.0,,United Kingdom,-0.0
,71477,COLOURED GLASS STAR T-LIGHT HOLDER,-1,2011-11-30 14:54:00,3.95,14733.0,United Kingdom,-3.95
,22169,FAMILY ALBUM WHITE PICTURE FRAME,-1,2011-11-30 14:54:00,8.5,14733.0,United Kingdom,-8.5
,47469,ASSORTED SHAPES PHOTO CLIP SILVER ,-24,2011-11-30 14:56:00,0.65,,United Kingdom,-15.6
,22423,REGENCY CAKESTAND 3 TIER,-1,2011-11-30 14:58:00,10.95,14644.0,United Kingdom,-10.95
,22620,4 TRADITIONAL SPINNING TOPS,-2,2011-11-30 15:05:00,1.45,17096.0,United Kingdom,-2.9
,20914,SET/5 RED RETROSPOT LID GLASS BOWLS,-1,2011-11-30 15:07:00,2.95,14936.0,Channel Islands,-2.95
,23486,ANTIQUE HEART SHELF UNIT,-1,2011-11-30 15:07:00,16.65,14936.0,Channel Islands,-16.65
,23486,ANTIQUE HEART SHELF UNIT,-1,2011-11-30 15:08:00,16.65,15793.0,United Kingdom,-16.65
,23118,PARISIENNE JEWELLERY DRAWER ,-1,2011-11-30 15:12:00,7.5,13212.0,United Kingdom,-7.5
,23460,SWEETHEART WALL TIDY ,-1,2011-11-30 15:14:00,9.95,14217.0,United Kingdom,-9.95
,23460,SWEETHEART WALL TIDY ,-1,2011-11-30 15:18:00,9.95,14217.0,United Kingdom,-9.95
,22457,NATURAL SLATE HEART CHALKBOARD ,-1,2011-11-30 15:20:00,2.95,17451.0,United Kingdom,-2.95
,22456,NATURAL SLATE CHALKBOARD LARGE ,-6,2011-11-30 15:20:00,4.95,17451.0,United Kingdom,-29.7
,23460,SWEETHEART WALL TIDY ,-1,2011-11-30 15:20:00,9.95,17451.0,United Kingdom,-9.95
,23597,PAPER BUNTING PAISLEY PARK,-6,2011-11-30 15:21:00,2.95,17727.0,United Kingdom,-17.7
,23243,SET OF TEA COFFEE SUGAR TINS PANTRY,-2,2011-11-30 15:29:00,4.95,12584.0,Italy,-9.9
,22847,BREAD BIN DINER STYLE IVORY,-3,2011-11-30 15:29:00,16.95,12584.0,Italy,-50.85
,22845,VINTAGE CREAM CAT FOOD CONTAINER,-3,2011-11-30 15:29:00,6.35,12584.0,Italy,-19.05
,22844,VINTAGE CREAM DOG FOOD CONTAINER,-3,2011-11-30 15:29:00,8.5,12584.0,Italy,-25.5
,22666,RECIPE BOX PANTRY YELLOW DESIGN,-1,2011-11-30 15:29:00,2.95,12584.0,Italy,-2.95
,23485,BOTANICAL GARDENS WALL CLOCK ,-4,2011-11-30 15:43:00,20.8,15969.0,United Kingdom,-83.2
,22120,WELCOME  WOODEN BLOCK LETTERS,-9,2011-11-30 16:37:00,9.95,12584.0,Italy,-89.55
,23485,BOTANICAL GARDENS WALL CLOCK ,-2,2011-11-30 16:39:00,20.5,17528.0,United Kingdom,-41.0
,23428,IVORY RETRO KITCHEN WALL CLOCK,-2,2011-11-30 16:44:00,8.15,14189.0,United Kingdom,-16.3
,20727,LUNCH BAG  BLACK SKULL.,-1,2011-11-30 16:54:00,1.65,16101.0,United Kingdom,-1.65
,22979,PANTRY WASHING UP BRUSH,-4,2011-11-30 17:02:00,1.45,18059.0,United Kingdom,-5.8
,23013,GLASS APOTHECARY BOTTLE TONIC,-1,2011-11-30 17:02:00,3.95,18059.0,United Kingdom,-3.95
,23113,PANTRY CHOPPING BOARD,-1,2011-11-30 17:07:00,4.95,16240.0,United Kingdom,-4.95
,22489,PACK OF 12 TRADITIONAL CRAYONS,-1,2011-11-30 17:07:00,0.42,16240.0,United Kingdom,-0.42
,22138,BAKING SET 9 PIECE RETROSPOT ,-1,2011-11-30 17:07:00,4.95,16240.0,United Kingdom,-4.95
,21790,VINTAGE SNAP CARDS,-1,2011-11-30 17:07:00,0.85,16240.0,United Kingdom,-0.85
,84849A,HELLO SAILOR BLUE SOAP HOLDER,-16,2011-11-30 17:12:00,1.69,17340.0,United Kingdom,-27.04
,82483,WOOD 2 DRAWER CABINET WHITE FINISH,-1,2011-11-30 17:12:00,6.95,17340.0,United Kingdom,-6.95
,23542,WALL ART 70'S ALPHABET ,-3,2011-11-30 17:12:00,8.25,17340.0,United Kingdom,-24.75
,23169,CLASSIC GLASS COOKIE JAR,-4,2011-11-30 17:12:00,4.15,17340.0,United Kingdom,-16.6
,22728,ALARM CLOCK BAKELIKE PINK,-2,2011-11-30 17:12:00,3.75,17340.0,United Kingdom,-7.5
,22727,ALARM CLOCK BAKELIKE RED ,-2,2011-11-30 17:12:00,3.75,17340.0,United Kingdom,-7.5
,22467,GUMBALL COAT RACK,-5,2011-11-30 17:12:00,2.55,17340.0,United Kingdom,-12.75
,22423,REGENCY CAKESTAND 3 TIER,-1,2011-11-30 17:12:00,12.75,17340.0,United Kingdom,-12.75
,21326,AGED GLASS SILVER T-LIGHT HOLDER,-6,2011-11-30 17:12:00,0.65,17340.0,United Kingdom,-3.9
,21314,SMALL GLASS HEART TRINKET POT,-1,2011-11-30 17:12:00,2.1,17340.0,United Kingdom,-2.1
,21871,SAVE THE PLANET MUG,-6,2011-11-30 17:28:00,1.65,13050.0,United Kingdom,-9.9
,23245,SET OF 3 REGENCY CAKE TINS,-1,2011-11-30 17:28:00,4.95,13050.0,United Kingdom,-4.95
,21535,RED RETROSPOT SMALL MILK JUG,-1,2011-11-30 17:32:00,2.55,14194.0,United Kingdom,-2.55
,23254,CHILDRENS CUTLERY DOLLY GIRL ,-4,2011-11-30 17:32:00,4.15,14194.0,United Kingdom,-16.6
,D,Discount,-1,2011-11-30 17:34:00,20.53,14527.0,United Kingdom,-20.53
,22163,HEART STRING MEMO HOLDER HANGING,-1,2011-11-30 17:39:00,0.79,15676.0,United Kingdom,-0.79
,22578,WOODEN STAR CHRISTMAS SCANDINAVIAN,-1,2011-11-30 17:39:00,0.29,15676.0,United Kingdom,-0.29
,23370,SET 36 COLOURING PENCILS DOILY,-1,2011-11-30 17:39:00,1.25,15676.0,United Kingdom,-1.25
,22594,CHRISTMAS GINGHAM TREE,-1,2011-11-30 17:39:00,0.85,15676.0,United Kingdom,-0.85
,21172,PARTY METAL SIGN ,-1,2011-11-30 17:39:00,1.45,15676.0,United Kingdom,-1.45
,23491,VINTAGE JINGLE BELLS HEART,-1,2011-11-30 17:39:00,8.25,15676.0,United Kingdom,-8.25
,85088,CANDY SPOT HAND BAG,-2,2011-11-30 17:39:00,2.1,15676.0,United Kingdom,-4.2
,23460,SWEETHEART WALL TIDY ,-2,2011-11-30 17:39:00,9.95,15676.0,United Kingdom,-19.9
,23458,DOLLY CABINET 3 DRAWERS ,-2,2011-11-30 17:39:00,14.95,15676.0,United Kingdom,-29.9
,22170,PICTURE FRAME WOOD TRIPLE PORTRAIT,-3,2011-11-30 17:39:00,6.75,15676.0,United Kingdom,-20.25
,22197,POPCORN HOLDER,-1,2011-11-30 17:39:00,0.85,15676.0,United Kingdom,-0.85
,23146,TRIPLE HOOK ANTIQUE IVORY ROSE,-1,2011-11-30 17:39:00,3.29,15676.0,United Kingdom,-3.29
,84946,ANTIQUE SILVER T-LIGHT GLASS,-1,2011-11-30 17:42:00,1.25,16717.0,United Kingdom,-1.25
,85048,15CM CHRISTMAS GLASS BALL 20 LIGHTS,-1,2011-11-30 17:42:00,7.95,16717.0,United Kingdom,-7.95
,23490,T-LIGHT HOLDER HANGING LOVE BIRD,-3,2011-11-30 17:42:00,3.75,16717.0,United Kingdom,-11.25
,23245,SET OF 3 REGENCY CAKE TINS,-8,2011-12-01 08:12:00,4.15,13853.0,United Kingdom,-33.2
,84947,ANTIQUE SILVER TEA GLASS ENGRAVED,-1,2011-12-01 08:14:00,1.25,15197.0,United Kingdom,-1.25
,23374,RED SPOT PAPER GIFT BAG,-1,2011-12-01 08:14:00,0.82,15197.0,United Kingdom,-0.82
,84945,MULTI COLOUR SILVER T-LIGHT HOLDER,-2,2011-12-01 08:14:00,0.85,15197.0,United Kingdom,-1.7
,23485,BOTANICAL GARDENS WALL CLOCK ,-1,2011-12-01 08:18:00,25.0,13644.0,United Kingdom,-25.0
,23186,FRENCH STYLE STORAGE JAR CAFE ,-6,2011-12-01 08:18:00,0.29,13644.0,United Kingdom,-1.74
,23461,SWEETHEART BIRD HOUSE,-4,2011-12-01 08:23:00,4.15,13310.0,United Kingdom,-16.6
,37449,CERAMIC CAKE STAND + HANGING CAKES,-2,2011-12-01 08:25:00,9.95,13468.0,United Kingdom,-19.9
,23012,GLASS APOTHECARY BOTTLE PERFUME,-1,2011-12-01 08:26:00,3.95,13098.0,United Kingdom,-3.95
,23568,EGG CUP HENRIETTA HEN CREAM ,-1,2011-12-01 08:26:00,1.25,13098.0,United Kingdom,-1.25
,23319,BOX OF 6 MINI 50'S CRACKERS,-6,2011-12-01 08:26:00,2.08,13098.0,United Kingdom,-12.48
,23374,RED SPOT PAPER GIFT BAG,-5,2011-12-01 08:27:00,0.82,14329.0,United Kingdom,-4.1
,23456,MEDIUM PARLOUR PICTURE FRAME ,-2,2011-12-01 08:27:00,4.15,13971.0,United Kingdom,-8.3
,23382,BOX OF 6 CHRISTMAS CAKE DECORATIONS,-2,2011-12-01 08:29:00,3.75,17636.0,United Kingdom,-7.5
,23256,CHILDRENS CUTLERY SPACEBOY ,-1,2011-12-01 08:29:00,4.15,17636.0,United Kingdom,-4.15
,23203,JUMBO BAG VINTAGE DOILY ,-1,2011-12-01 08:29:00,2.08,17636.0,United Kingdom,-2.08
,22470,HEART OF WICKER LARGE,-2,2011-12-01 08:29:00,2.95,17636.0,United Kingdom,-5.9
,22153,ANGEL DECORATION STARS ON DRESS,-1,2011-12-01 08:32:00,0.42,14299.0,United Kingdom,-0.42
,22969,HOMEMADE JAM SCENTED CANDLES,-1,2011-12-01 08:32:00,1.45,14299.0,United Kingdom,-1.45
,23169,CLASSIC GLASS COOKIE JAR,-1,2011-12-01 08:39:00,4.15,13365.0,United Kingdom,-4.15
,23165,LARGE CERAMIC TOP STORAGE JAR,-2,2011-12-01 08:39:00,1.65,13365.0,United Kingdom,-3.3
,22623,BOX OF VINTAGE JIGSAW BLOCKS ,-3,2011-12-01 08:39:00,5.95,13365.0,United Kingdom,-17.85
,22666,RECIPE BOX PANTRY YELLOW DESIGN,-3,2011-12-01 08:39:00,2.95,13365.0,United Kingdom,-8.85
,85159B,"WHITE TEA,COFFEE,SUGAR JARS",-7,2011-12-01 08:41:00,1.95,18130.0,United Kingdom,-13.65
,85066,CREAM SWEETHEART MINI CHEST,-2,2011-12-01 08:43:00,12.75,17049.0,United Kingdom,-25.5
,82486,3 DRAWER ANTIQUE WHITE WOOD CABINET,-2,2011-12-01 08:43:00,8.95,17049.0,United Kingdom,-17.9
,82483,WOOD 2 DRAWER CABINET WHITE FINISH,-2,2011-12-01 08:43:00,6.95,17049.0,United Kingdom,-13.9
,22197,POPCORN HOLDER,-12,2011-12-01 08:44:00,0.72,13078.0,United Kingdom,-8.64
,22621,TRADITIONAL KNITTING NANCY,-1,2011-12-01 08:46:00,1.65,17063.0,United Kingdom,-1.65
,22169,FAMILY ALBUM WHITE PICTURE FRAME,-2,2011-12-01 08:48:00,7.65,,EIRE,-15.3
,D,Discount,-1,2011-12-01 08:49:00,28.68,14527.0,United Kingdom,-28.68
,84947,ANTIQUE SILVER TEA GLASS ENGRAVED,-1,2011-12-01 08:53:00,1.25,14525.0,United Kingdom,-1.25
,23085,ANTIQUE SILVER BAUBLE LAMP  ,-1,2011-12-01 08:53:00,10.4,14525.0,United Kingdom,-10.4
,84949,SILVER HANGING T-LIGHT HOLDER,-11,2011-12-01 08:54:00,1.45,17044.0,United Kingdom,-15.95
,71477,COLOURED GLASS STAR T-LIGHT HOLDER,-1,2011-12-01 08:55:00,3.95,14626.0,United Kingdom,-3.95
,22867,HAND WARMER BIRD DESIGN,-4,2011-12-01 08:56:00,2.1,13267.0,United Kingdom,-8.4
,23032,DRAWER KNOB CRACKLE GLAZE IVORY,-4,2011-12-01 08:56:00,1.65,13267.0,United Kingdom,-6.6
,22726,ALARM CLOCK BAKELIKE GREEN,-2,2011-12-01 08:56:00,3.75,16570.0,United Kingdom,-7.5
,23169,CLASSIC GLASS COOKIE JAR,-2,2011-12-01 08:58:00,4.15,13410.0,United Kingdom,-8.3
,22636,CHILDS BREAKFAST SET CIRCUS PARADE,-1,2011-12-01 09:00:00,8.5,17540.0,United Kingdom,-8.5
,22505,MEMO BOARD COTTAGE DESIGN,-1,2011-12-01 09:06:00,4.95,17071.0,United Kingdom,-4.95
,23168,CLASSIC CAFE SUGAR DISPENSER,-3,2011-12-01 09:13:00,1.25,16293.0,United Kingdom,-3.75
,21240,BLUE POLKADOT CUP,-3,2011-12-01 09:16:00,0.85,15544.0,United Kingdom,-2.55
,22355,CHARLOTTE BAG SUKI DESIGN,-1,2011-12-01 09:19:00,0.72,14389.0,United Kingdom,-0.72
,85099C,JUMBO  BAG BAROQUE BLACK WHITE,-1,2011-12-01 09:19:00,2.08,14389.0,United Kingdom,-2.08
,85099B,JUMBO BAG RED RETROSPOT,-1,2011-12-01 09:19:00,2.08,14389.0,United Kingdom,-2.08
,23207,LUNCH BAG ALPHABET DESIGN,-2,2011-12-01 09:19:00,1.65,14389.0,United Kingdom,-3.3
,23204,CHARLOTTE BAG APPLES DESIGN,-2,2011-12-01 09:19:00,0.72,14389.0,United Kingdom,-1.44
,23199,JUMBO BAG APPLES,-5,2011-12-01 09:19:00,2.08,14389.0,United Kingdom,-10.4
,23200,JUMBO BAG PEARS,-1,2011-12-01 09:19:00,2.08,14389.0,United Kingdom,-2.08
,20727,LUNCH BAG  BLACK SKULL.,-2,2011-12-01 09:19:00,1.65,14389.0,United Kingdom,-3.3
,23485,BOTANICAL GARDENS WALL CLOCK ,-1,2011-12-01 09:29:00,25.0,14121.0,United Kingdom,-25.0
,22768,FAMILY PHOTO FRAME CORNICE,-2,2011-12-01 09:34:00,9.95,17828.0,Malta,-19.9
,85034C,3 ROSE MORRIS BOXED CANDLES,-1,2011-12-01 09:34:00,1.25,17828.0,Malta,-1.25
,72807C,SET/3 VANILLA SCENTED CANDLE IN BOX,-1,2011-12-01 09:34:00,4.25,17828.0,Malta,-4.25
,22307,GOLD MUG BONE CHINA TREE OF LIFE,-1,2011-12-01 09:34:00,1.06,17828.0,Malta,-1.06
,72741,GRAND CHOCOLATECANDLE,-3,2011-12-01 09:34:00,1.45,17828.0,Malta,-4.35
,23251,VINTAGE RED ENAMEL TRIM MUG ,-1,2011-12-01 09:36:00,1.25,15563.0,United Kingdom,-1.25
,22720,SET OF 3 CAKE TINS PANTRY DESIGN ,-2,2011-12-01 09:36:00,4.95,15563.0,United Kingdom,-9.9
,23207,LUNCH BAG ALPHABET DESIGN,-10,2011-12-01 09:39:00,1.65,13115.0,United Kingdom,-16.5
,22768,FAMILY PHOTO FRAME CORNICE,-1,2011-12-01 09:42:00,9.95,14950.0,United Kingdom,-9.95
,22423,REGENCY CAKESTAND 3 TIER,-1,2011-12-01 09:44:00,12.75,14853.0,United Kingdom,-12.75
,21422,PORCELAIN ROSE SMALL,-2,2011-12-01 09:44:00,0.85,14860.0,United Kingdom,-1.7
,71477,COLOURED GLASS STAR T-LIGHT HOLDER,-6,2011-12-01 09:46:00,3.95,14188.0,United Kingdom,-23.7
,23146,TRIPLE HOOK ANTIQUE IVORY ROSE,-1,2011-12-01 10:38:00,3.29,15021.0,United Kingdom,-3.29
,23462,ROCOCO WALL MIRROR WHITE,-1,2011-12-01 10:38:00,19.95,15021.0,United Kingdom,-19.95
,23411, TRELLIS COAT RACK,-1,2011-12-01 10:41:00,4.95,15993.0,United Kingdom,-4.95
,22697,GREEN REGENCY TEACUP AND SAUCER,-1,2011-12-01 10:41:00,2.95,15993.0,United Kingdom,-2.95
,22699,ROSES REGENCY TEACUP AND SAUCER ,-1,2011-12-01 10:41:00,2.95,15993.0,United Kingdom,-2.95
,22197,POPCORN HOLDER,-1,2011-12-01 10:41:00,0.85,15993.0,United Kingdom,-0.85
,21822,GLITTER CHRISTMAS TREE WITH BELLS,-1,2011-12-01 10:56:00,0.79,16376.0,United Kingdom,-0.79
,21098,CHRISTMAS TOILET ROLL,-3,2011-12-01 10:56:00,1.25,16376.0,United Kingdom,-3.75
,21730,GLASS STAR FROSTED T-LIGHT HOLDER,-1,2011-12-01 10:56:00,4.95,16376.0,United Kingdom,-4.95
,23661,MILK MAIDS MUG ,-1,2011-12-01 11:13:00,1.65,14189.0,United Kingdom,-1.65
,23660,HENRIETTA HEN MUG ,-1,2011-12-01 11:13:00,1.65,14189.0,United Kingdom,-1.65
,22840,ROUND CAKE TIN VINTAGE RED,-2,2011-12-01 11:13:00,7.95,14388.0,United Kingdom,-15.9
,22429,ENAMEL MEASURING JUG CREAM,-2,2011-12-01 11:13:00,4.25,14388.0,United Kingdom,-8.5
,22326,ROUND SNACK BOXES SET OF4 WOODLAND ,-1,2011-12-01 11:13:00,2.95,14388.0,United Kingdom,-2.95
,23415,HOME SWEET HOME HOOK,-5,2011-12-01 11:18:00,1.65,15745.0,United Kingdom,-8.25
,23470,CARD HOLDER LOVE BIRD LARGE ,-1,2011-12-01 11:18:00,6.25,15745.0,United Kingdom,-6.25
,23169,CLASSIC GLASS COOKIE JAR,-5,2011-12-01 11:21:00,3.75,13408.0,United Kingdom,-18.75
,22467,GUMBALL COAT RACK,-1,2011-12-01 13:12:00,2.55,14911.0,EIRE,-2.55
,22942,CHRISTMAS LIGHTS 10 SANTAS ,-1,2011-12-01 14:02:00,7.65,16240.0,United Kingdom,-7.65
580087,84341B,,-2,2011-12-01 14:27:00,0.0,,United Kingdom,-0.0
,23485,BOTANICAL GARDENS WALL CLOCK ,-1,2011-12-01 15:06:00,20.8,13171.0,United Kingdom,-20.8
,85048,15CM CHRISTMAS GLASS BALL 20 LIGHTS,-1,2011-12-01 18:12:00,7.95,17576.0,United Kingdom,-7.95
,21108,FAIRY CAKE FLANNEL ASSORTED COLOUR,-18,2011-12-01 18:12:00,2.1,17576.0,United Kingdom,-37.8
,85034C,3 ROSE MORRIS BOXED CANDLES,-12,2011-12-01 18:12:00,4.25,17576.0,United Kingdom,-51.0
,POST,POSTAGE,-2,2011-12-02 10:49:00,18.0,12700.0,France,-36.0
,22797,CHEST OF DRAWERS GINGHAM HEART ,-2,2011-12-02 11:21:00,16.95,12359.0,Cyprus,-33.9
,23245,SET OF 3 REGENCY CAKE TINS,-2,2011-12-02 11:21:00,4.95,12359.0,Cyprus,-9.9
,22826,LOVE SEAT ANTIQUE WHITE METAL,-1,2011-12-02 11:21:00,42.5,12359.0,Cyprus,-42.5
,22720,SET OF 3 CAKE TINS PANTRY DESIGN ,-1,2011-12-02 11:21:00,4.95,12359.0,Cyprus,-4.95
,22628,PICNIC BOXES SET OF 3 RETROSPOT ,-1,2011-12-02 11:34:00,4.95,12465.0,Belgium,-4.95
,22321,BIRD DECORATION RED RETROSPOT,-1,2011-12-02 11:34:00,0.85,12465.0,Belgium,-0.85
,22601,CHRISTMAS RETROSPOT ANGEL WOOD,-1,2011-12-02 11:34:00,0.85,12465.0,Belgium,-0.85
,22329,ROUND CONTAINER SET OF 5 RETROSPOT,-1,2011-12-02 11:34:00,1.65,12465.0,Belgium,-1.65
,23108,SET OF 10 LED DOLLY LIGHTS,-24,2011-12-02 11:42:00,3.39,17949.0,United Kingdom,-81.36
,20961,STRAWBERRY BATH SPONGE ,-50,2011-12-02 11:45:00,1.25,14126.0,United Kingdom,-62.5
,22974,CHILDRENS DOLLY GIRL MUG,-2,2011-12-02 11:58:00,1.65,13352.0,United Kingdom,-3.3
,22972,CHILDREN'S SPACEBOY MUG,-1,2011-12-02 11:58:00,1.65,13352.0,United Kingdom,-1.65
,21231,SWEETHEART CERAMIC TRINKET BOX,-3,2011-12-02 11:58:00,1.25,13352.0,United Kingdom,-3.75
,23348,CHILDRENS TOY COOKING UTENSIL SET,-3,2011-12-02 12:00:00,2.08,14688.0,United Kingdom,-6.24
,22381,TOY TIDY PINK POLKADOT,-1,2011-12-02 12:00:00,2.1,14688.0,United Kingdom,-2.1
,22379,RECYCLING BAG RETROSPOT ,-8,2011-12-02 12:00:00,1.85,14688.0,United Kingdom,-14.8
580218,22577,check,-300,2011-12-02 12:12:00,0.0,,United Kingdom,-0.0
,M,Manual,-4,2011-12-02 12:43:00,9.95,12536.0,France,-39.8
,M,Manual,-16,2011-12-02 12:43:00,0.29,12536.0,France,-4.64
,70007,HI TEC ALPINE HAND WARMER,-12,2011-12-02 12:43:00,1.65,12536.0,France,-19.8
,85175,CACTI T-LIGHT CANDLES,-16,2011-12-02 12:43:00,0.42,12536.0,France,-6.72
,84821,DANISH ROSE DELUXE COASTER,-12,2011-12-02 12:43:00,0.85,12536.0,France,-10.2
,84819,DANISH ROSE ROUND SEWING BOX,-3,2011-12-02 12:43:00,4.25,12536.0,France,-12.75
,84817,DANISH ROSE DECORATIVE PLATE,-12,2011-12-02 12:43:00,2.1,12536.0,France,-25.2
,72586,SET OF 6 HALLOWEEN GHOST T-LIGHTS,-36,2011-12-02 12:43:00,0.42,12536.0,France,-15.12
,22232,JIGSAW TOADSTOOLS 3 PIECE,-16,2011-12-02 12:43:00,0.59,12536.0,France,-9.44
,21934,SKULL SHOULDER BAG,-10,2011-12-02 12:43:00,1.65,12536.0,France,-16.5
,21872,GLAMOROUS  MUG,-12,2011-12-02 12:43:00,1.06,12536.0,France,-12.72
,23544,WALL ART MID CENTURY MODERN ,-1,2011-12-02 15:09:00,8.25,13969.0,United Kingdom,-8.25
,22598,CHRISTMAS MUSICAL ZINC TREE,-6,2011-12-02 15:09:00,0.85,13969.0,United Kingdom,-5.1
,22597,MUSICAL ZINC HEART DECORATION ,-10,2011-12-02 15:09:00,0.85,13969.0,United Kingdom,-8.5
,22338,STAR DECORATION PAINTED ZINC ,-18,2011-12-02 15:09:00,0.65,13969.0,United Kingdom,-11.7
,21810,CHRISTMAS HANGING STAR WITH BELL,-11,2011-12-02 15:09:00,1.25,13969.0,United Kingdom,-13.75
,22340,NOEL GARLAND PAINTED ZINC ,-12,2011-12-02 15:09:00,1.45,13969.0,United Kingdom,-17.4
,37450,CERAMIC CAKE BOWL + HANGING CAKES,-1,2011-12-02 15:10:00,2.95,12668.0,Germany,-2.95
,22649,STRAWBERRY FAIRY CAKE TEAPOT,-3,2011-12-02 15:10:00,4.95,12668.0,Germany,-14.85
,22419,LIPSTICK PEN RED,-6,2011-12-02 15:10:00,0.42,12668.0,Germany,-2.52
,22303,COFFEE MUG APPLES DESIGN,-2,2011-12-02 15:10:00,2.55,12668.0,Germany,-5.1
,21232,STRAWBERRY CERAMIC TRINKET POT,-3,2011-12-02 15:10:00,1.25,12668.0,Germany,-3.75
580359,20775,,-35,2011-12-02 16:11:00,0.0,,United Kingdom,-0.0
580377,84609,damages,-29,2011-12-02 17:52:00,0.0,,United Kingdom,-0.0
580378,22792,damages,-73,2011-12-02 17:56:00,0.0,,United Kingdom,-0.0
580379,72225C,,-144,2011-12-02 17:57:00,0.0,,United Kingdom,-0.0
580380,21620,check,-20,2011-12-02 17:58:00,0.0,,United Kingdom,-0.0
580381,21758,,-9,2011-12-02 17:58:00,0.0,,United Kingdom,-0.0
580382,16045,check,-900,2011-12-02 17:59:00,0.0,,United Kingdom,-0.0
580383,20652,check,-37,2011-12-02 17:59:00,0.0,,United Kingdom,-0.0
,84247E,PACK OF 12 CHRISTMAS FUN CARDS,-12,2011-12-04 10:46:00,2.95,16283.0,United Kingdom,-35.4
,22423,REGENCY CAKESTAND 3 TIER,-1,2011-12-04 13:37:00,12.75,15867.0,United Kingdom,-12.75
,72351B,SET/6 PINK  BUTTERFLY T-LIGHTS,-1,2011-12-04 13:37:00,2.1,15867.0,United Kingdom,-2.1
,M,Manual,-1,2011-12-04 13:48:00,1.25,14456.0,United Kingdom,-1.25
,23075,PARLOUR CERAMIC WALL HOOK,-1,2011-12-04 14:59:00,4.15,13435.0,United Kingdom,-4.15
580546,23406,CHECK,-21,2011-12-05 09:27:00,0.0,,United Kingdom,-0.0
580547,21201,???,-390,2011-12-05 09:29:00,0.0,,United Kingdom,-0.0
580561,22043,dotcom,-9,2011-12-05 10:25:00,0.0,,United Kingdom,-0.0
,23302,KNEELING MAT HOUSEWORK  DESIGN,-6,2011-12-05 11:02:00,0.79,16360.0,United Kingdom,-4.74
,22197,POPCORN HOLDER,-1,2011-12-05 11:02:00,0.85,16360.0,United Kingdom,-0.85
,AMAZONFEE,AMAZON FEE,-1,2011-12-05 11:35:00,11586.5,,United Kingdom,-11586.5
,AMAZONFEE,AMAZON FEE,-1,2011-12-05 11:36:00,17836.46,,United Kingdom,-17836.46
,71477,COLOURED GLASS STAR T-LIGHT HOLDER,-14,2011-12-05 12:52:00,3.95,15621.0,United Kingdom,-55.3
,22666,RECIPE BOX PANTRY YELLOW DESIGN,-1,2011-12-05 13:20:00,2.95,14777.0,United Kingdom,-2.95
,22960,JAM MAKING SET WITH JARS,-1,2011-12-05 15:28:00,4.25,15984.0,United Kingdom,-4.25
,22963,JAM JAR WITH GREEN LID,-6,2011-12-05 15:28:00,0.85,15984.0,United Kingdom,-5.1
,22358,KINGS CHOICE TEA CADDY ,-1,2011-12-05 15:28:00,2.95,15984.0,United Kingdom,-2.95
,22488,NATURAL SLATE RECTANGLE CHALKBOARD,-1,2011-12-05 15:28:00,1.65,15984.0,United Kingdom,-1.65
,22842,BISCUIT TIN VINTAGE RED,-1,2011-12-05 15:28:00,6.75,15984.0,United Kingdom,-6.75
,22993,SET OF 4 PANTRY JELLY MOULDS,-12,2011-12-05 16:12:00,1.25,17426.0,United Kingdom,-15.0
,23243,SET OF TEA COFFEE SUGAR TINS PANTRY,-3,2011-12-05 16:25:00,4.95,14793.0,United Kingdom,-14.85
,23494,VINTAGE DOILY DELUXE SEWING KIT ,-40,2011-12-05 16:26:00,5.95,17404.0,Sweden,-238.0
,22424,ENAMEL BREAD BIN CREAM,-2,2011-12-05 16:26:00,12.75,16705.0,United Kingdom,-25.5
,22725,ALARM CLOCK BAKELIKE CHOCOLATE,-1,2011-12-05 16:26:00,3.75,16705.0,United Kingdom,-3.75
,23661,MILK MAIDS MUG ,-6,2011-12-05 16:32:00,1.65,12957.0,United Kingdom,-9.9
,84946,ANTIQUE SILVER T-LIGHT GLASS,-12,2011-12-05 16:33:00,1.25,14546.0,United Kingdom,-15.0
,20802,SMALL GLASS SUNDAE DISH CLEAR,-3,2011-12-05 16:34:00,1.65,14198.0,United Kingdom,-4.95
,23175,REGENCY MILK JUG PINK ,-1,2011-12-05 16:34:00,3.25,14198.0,United Kingdom,-3.25
,85066,CREAM SWEETHEART MINI CHEST,-1,2011-12-05 16:36:00,12.75,16057.0,United Kingdom,-12.75
,23407,SET OF 2 TRAYS HOME SWEET HOME,-2,2011-12-05 16:36:00,9.95,16057.0,United Kingdom,-19.9
,23243,SET OF TEA COFFEE SUGAR TINS PANTRY,-1,2011-12-05 16:36:00,4.95,16057.0,United Kingdom,-4.95
,22720,SET OF 3 CAKE TINS PANTRY DESIGN ,-2,2011-12-05 16:39:00,4.95,12479.0,Germany,-9.9
,20979,36 PENCILS TUBE RED RETROSPOT,-4,2011-12-05 16:39:00,1.25,12479.0,Germany,-5.0
,CRUK,CRUK Commission,-1,2011-12-05 17:17:00,1100.44,14096.0,United Kingdom,-1100.44
,20978,36 PENCILS TUBE SKULLS,-16,2011-12-06 09:25:00,1.25,12479.0,Germany,-20.0
,20979,36 PENCILS TUBE RED RETROSPOT,-12,2011-12-06 09:25:00,1.25,12479.0,Germany,-15.0
,23084,RABBIT NIGHT LIGHT,-2,2011-12-06 09:29:00,2.08,17659.0,United Kingdom,-4.16
,22776,SWEETHEART 3 TIER CAKE STAND ,-1,2011-12-06 09:29:00,9.95,17659.0,United Kingdom,-9.95
,79321,CHILLI LIGHTS,-1,2011-12-06 09:46:00,5.75,17611.0,United Kingdom,-5.75
,22940,FELTCRAFT CHRISTMAS FAIRY,-12,2011-12-06 09:49:00,0.5,18167.0,United Kingdom,-6.0
,22795,SWEETHEART RECIPE BOOK STAND,-6,2011-12-06 09:49:00,0.7,18167.0,United Kingdom,-4.2
,23201,JUMBO BAG ALPHABET,-10,2011-12-06 09:56:00,2.08,12921.0,United Kingdom,-20.8
,23080,RED METAL BOX TOP SECRET,-2,2011-12-06 09:56:00,8.25,12921.0,United Kingdom,-16.5
,22941,CHRISTMAS LIGHTS 10 REINDEER,-1,2011-12-06 10:31:00,8.5,17528.0,United Kingdom,-8.5
,22943,CHRISTMAS LIGHTS 10 VINTAGE BAUBLES,-1,2011-12-06 10:31:00,4.95,17528.0,United Kingdom,-4.95
,22139,RETROSPOT TEA SET CERAMIC 11 PC ,-1,2011-12-06 10:31:00,4.95,17528.0,United Kingdom,-4.95
,22625,RED KITCHEN SCALES,-1,2011-12-06 10:32:00,7.65,14543.0,United Kingdom,-7.65
,22960,JAM MAKING SET WITH JARS,-2,2011-12-06 10:32:00,4.25,14543.0,United Kingdom,-8.5
,22628,PICNIC BOXES SET OF 3 RETROSPOT ,-1,2011-12-06 10:32:00,4.95,14543.0,United Kingdom,-4.95
,22605,WOODEN CROQUET GARDEN SET,-1,2011-12-06 10:32:00,10.95,14543.0,United Kingdom,-10.95
,22667,RECIPE BOX RETROSPOT ,-12,2011-12-06 10:38:00,2.95,14562.0,United Kingdom,-35.4
,22667,RECIPE BOX RETROSPOT ,-12,2011-12-06 10:38:00,2.95,14562.0,United Kingdom,-35.4
,21430,SET/3 RED GINGHAM ROSE STORAGE BOX,-1,2011-12-06 10:46:00,3.75,14562.0,United Kingdom,-3.75
,22840,ROUND CAKE TIN VINTAGE RED,-1,2011-12-06 10:46:00,7.95,14562.0,United Kingdom,-7.95
,22667,RECIPE BOX RETROSPOT ,-1,2011-12-06 10:46:00,2.55,14562.0,United Kingdom,-2.55
,23301,GARDENERS KNEELING PAD KEEP CALM ,-1,2011-12-06 10:46:00,1.65,14562.0,United Kingdom,-1.65
,85099F,JUMBO BAG STRAWBERRY,-1,2011-12-06 10:52:00,2.08,14655.0,United Kingdom,-2.08
,23020,GLASS  SONGBIRD STORAGE JAR,-1,2011-12-06 10:54:00,12.5,13914.0,United Kingdom,-12.5
,23527,WALL ART ANIMALS AND NATURE ,-1,2011-12-06 10:55:00,3.75,14869.0,United Kingdom,-3.75
,23322,LARGE WHITE HEART OF WICKER,-3,2011-12-06 10:56:00,2.95,13255.0,United Kingdom,-8.85
,23202,JUMBO BAG VINTAGE LEAF,-20,2011-12-06 11:05:00,2.08,16523.0,United Kingdom,-41.6
,85123A,WHITE HANGING HEART T-LIGHT HOLDER,-1,2011-12-06 11:23:00,2.95,16764.0,United Kingdom,-2.95
,84949,SILVER HANGING T-LIGHT HOLDER,-5,2011-12-06 11:32:00,1.45,13098.0,United Kingdom,-7.25
,23249,VINTAGE RED ENAMEL TRIM PLATE,-1,2011-12-06 11:37:00,1.65,17490.0,United Kingdom,-1.65
,23250,VINTAGE RED TRIM ENAMEL BOWL ,-31,2011-12-06 11:37:00,1.25,17490.0,United Kingdom,-38.75
,23238,SET OF 4 KNICK KNACK TINS LONDON ,-1,2011-12-06 11:40:00,3.75,12753.0,Japan,-3.75
,23237,SET OF 4 KNICK KNACK TINS LEAF,-3,2011-12-06 11:40:00,3.75,12753.0,Japan,-11.25
,22667,RECIPE BOX RETROSPOT ,-3,2011-12-06 11:40:00,2.55,12753.0,Japan,-7.65
,21731,RED TOADSTOOL LED NIGHT LIGHT,-2,2011-12-06 11:40:00,1.45,12753.0,Japan,-2.9
,23480,MINI LIGHTS WOODLAND MUSHROOMS,-15,2011-12-06 11:40:00,3.29,12753.0,Japan,-49.35
,22466,FAIRY TALE COTTAGE NIGHT LIGHT,-17,2011-12-06 11:40:00,1.65,12753.0,Japan,-28.05
,23084,RABBIT NIGHT LIGHT,-7,2011-12-06 11:40:00,1.79,12753.0,Japan,-12.53
,22621,TRADITIONAL KNITTING NANCY,-1,2011-12-06 11:40:00,1.45,12753.0,Japan,-1.45
,21258,VICTORIAN SEWING BOX LARGE,-5,2011-12-06 12:25:00,10.95,15311.0,United Kingdom,-54.75
,22041,"RECORD FRAME 7"" SINGLE SIZE ",-24,2011-12-06 13:37:00,2.55,12989.0,United Kingdom,-61.2
,22536,MAGIC DRAWING SLATE PURDEY,-120,2011-12-06 13:41:00,0.36,17857.0,United Kingdom,-43.2
,84535B,FAIRY CAKES NOTEBOOK A6 SIZE,-1,2011-12-06 13:57:00,0.65,13362.0,United Kingdom,-0.65
,22558,CLOTHES PEGS RETROSPOT PACK 24 ,-1,2011-12-06 13:57:00,1.65,13362.0,United Kingdom,-1.65
,22273,FELTCRAFT DOLL MOLLY,-1,2011-12-06 13:57:00,2.95,13362.0,United Kingdom,-2.95
,21218,RED SPOTTY BISCUIT TIN,-24,2011-12-06 14:01:00,3.25,16779.0,United Kingdom,-78.0
,23493,VINTAGE DOILY TRAVEL SEWING KIT,-4,2011-12-06 14:07:00,1.95,16571.0,United Kingdom,-7.8
,23486,ANTIQUE HEART SHELF UNIT,-2,2011-12-06 14:07:00,16.65,16571.0,United Kingdom,-33.3
,23469,CARD HOLDER LOVE BIRD SMALL,-2,2011-12-06 14:07:00,4.15,16571.0,United Kingdom,-8.3
,23452,HEART MINI PORTRAIT FRAME,-1,2011-12-06 14:07:00,1.95,16571.0,United Kingdom,-1.95
,23408,PHOTO FRAME LINEN AND LACE SMALL,-6,2011-12-06 14:07:00,2.08,16571.0,United Kingdom,-12.48
,23240,SET OF 4 KNICK KNACK TINS DOILY ,-1,2011-12-06 14:07:00,4.15,16571.0,United Kingdom,-4.15
,22766,PHOTO FRAME CORNICE,-8,2011-12-06 14:07:00,2.95,16571.0,United Kingdom,-23.6
,22720,SET OF 3 CAKE TINS PANTRY DESIGN ,-1,2011-12-06 14:07:00,4.95,16571.0,United Kingdom,-4.95
,21833,CAMOUFLAGE LED TORCH,-1,2011-12-06 14:07:00,1.69,16571.0,United Kingdom,-1.69
,21642,ASSORTED TUTTI FRUTTI PEN,-1,2011-12-06 14:07:00,0.29,16571.0,United Kingdom,-0.29
,22333,RETROSPOT PARTY BAG + STICKER SET,-32,2011-12-06 14:19:00,1.65,12967.0,United Kingdom,-52.8
,22276,WASH BAG VINTAGE ROSE PAISLEY,-6,2011-12-06 14:19:00,2.55,12967.0,United Kingdom,-15.3
,22128,PARTY CONES CANDY ASSORTED,-42,2011-12-06 14:19:00,1.25,12967.0,United Kingdom,-52.5
,22111,SCOTTIE DOG HOT WATER BOTTLE,-4,2011-12-06 14:19:00,4.95,12967.0,United Kingdom,-19.8
,21429,RED GINGHAM ROSE JEWELLERY BOX,-25,2011-12-06 14:19:00,1.65,12967.0,United Kingdom,-41.25
,21428,SET3 BOOK BOX GREEN GINGHAM FLOWER ,-25,2011-12-06 14:19:00,3.75,12967.0,United Kingdom,-93.75
,21242,RED RETROSPOT PLATE ,-5,2011-12-06 14:19:00,1.69,12967.0,United Kingdom,-8.45
,21238,RED RETROSPOT CUP,-16,2011-12-06 14:19:00,0.85,12967.0,United Kingdom,-13.6
,20682,RED RETROSPOT CHILDRENS UMBRELLA,-15,2011-12-06 14:19:00,3.25,12967.0,United Kingdom,-48.75
,84997D,CHILDRENS CUTLERY POLKADOT PINK,-4,2011-12-06 14:19:00,3.75,12967.0,United Kingdom,-15.0
,84997C,CHILDRENS CUTLERY POLKADOT BLUE,-5,2011-12-06 14:19:00,3.75,12967.0,United Kingdom,-18.75
,84997B,CHILDRENS CUTLERY RETROSPOT RED ,-6,2011-12-06 14:19:00,3.75,12967.0,United Kingdom,-22.5
,84997A,CHILDRENS CUTLERY POLKADOT GREEN ,-9,2011-12-06 14:19:00,3.75,12967.0,United Kingdom,-33.75
,POST,POSTAGE,-1,2011-12-06 14:23:00,4.5,12839.0,United Kingdom,-4.5
,23212,HEART WREATH DECORATION WITH BELL,-12,2011-12-06 14:52:00,1.25,16554.0,United Kingdom,-15.0
,22130,PARTY CONE CHRISTMAS DECORATION ,-1,2011-12-06 14:52:00,0.85,16554.0,United Kingdom,-0.85
,23108,SET OF 10 LED DOLLY LIGHTS,-2,2011-12-06 14:52:00,6.25,16554.0,United Kingdom,-12.5
,23103,JINGLE BELL HEART DECORATION,-24,2011-12-06 14:52:00,1.65,16554.0,United Kingdom,-39.6
,23083,SET 6 PAPER TABLE LANTERN STARS ,-3,2011-12-06 14:52:00,3.75,16554.0,United Kingdom,-11.25
,22602,RETROSPOT WOODEN HEART DECORATION,-4,2011-12-06 14:52:00,0.85,16554.0,United Kingdom,-3.4
,22600,CHRISTMAS RETROSPOT STAR WOOD,-4,2011-12-06 14:52:00,0.85,16554.0,United Kingdom,-3.4
,22577,WOODEN HEART CHRISTMAS SCANDINAVIAN,-5,2011-12-06 14:52:00,0.29,16554.0,United Kingdom,-1.45
,22469,HEART OF WICKER SMALL,-4,2011-12-06 14:52:00,1.65,16554.0,United Kingdom,-6.6
,21314,SMALL GLASS HEART TRINKET POT,-4,2011-12-06 14:52:00,2.1,16554.0,United Kingdom,-8.4
,23583,LUNCH BAG PAISLEY PARK  ,-10,2011-12-06 14:57:00,1.65,15622.0,United Kingdom,-16.5
,23582,VINTAGE DOILY JUMBO BAG RED ,-20,2011-12-06 14:57:00,2.08,15622.0,United Kingdom,-41.6
,23581,JUMBO BAG PAISLEY PARK,-20,2011-12-06 14:57:00,2.08,15622.0,United Kingdom,-41.6
,23542,WALL ART 70'S ALPHABET ,-2,2011-12-06 14:57:00,8.25,15622.0,United Kingdom,-16.5
,23536,WALL ART VILLAGE SHOW ,-4,2011-12-06 14:57:00,5.95,15622.0,United Kingdom,-23.8
,23534,WALL ART STOP FOR TEA ,-4,2011-12-06 14:57:00,5.95,15622.0,United Kingdom,-23.8
,23534,WALL ART STOP FOR TEA ,-3,2011-12-06 14:57:00,5.95,15622.0,United Kingdom,-17.85
,23527,WALL ART ANIMALS AND NATURE ,-6,2011-12-06 14:57:00,3.75,15622.0,United Kingdom,-22.5
,23526,WALL ART DOG LICENCE ,-4,2011-12-06 14:57:00,5.95,15622.0,United Kingdom,-23.8
,23525,WALL ART BUFFALO BILL ,-6,2011-12-06 14:57:00,3.75,15622.0,United Kingdom,-22.5
,23524,WALL ART HORSE & PONY ,-6,2011-12-06 14:57:00,3.75,15622.0,United Kingdom,-22.5
,23523,WALL ART TREASURE AHOY ,-6,2011-12-06 14:57:00,3.75,15622.0,United Kingdom,-22.5
,23485,BOTANICAL GARDENS WALL CLOCK ,-1,2011-12-06 14:57:00,25.0,15622.0,United Kingdom,-25.0
,23382,BOX OF 6 CHRISTMAS CAKE DECORATIONS,-12,2011-12-06 14:57:00,3.75,15622.0,United Kingdom,-45.0
,23284,DOORMAT KEEP CALM AND COME IN,-2,2011-12-06 14:57:00,8.25,15622.0,United Kingdom,-16.5
,22946,WOODEN ADVENT CALENDAR CREAM,-6,2011-12-06 15:01:00,12.75,15814.0,United Kingdom,-76.5
,90058B,CRYSTAL STUD EARRINGS ASSORTED COL ,-36,2011-12-06 15:04:00,0.38,14298.0,United Kingdom,-13.68
,90058A,CRYSTAL STUD EARRINGS CLEAR DISPLAY,-36,2011-12-06 15:04:00,0.38,14298.0,United Kingdom,-13.68
,22313,OFFICE MUG WARMER PINK,-250,2011-12-06 15:04:00,2.55,14298.0,United Kingdom,-637.5
,22331,WOODLAND PARTY BAG + STICKER SET,-1,2011-12-06 16:42:00,1.65,12709.0,Germany,-1.65
580990,21109,wet,-48,2011-12-06 16:54:00,0.0,,United Kingdom,-0.0
580991,22481,wet boxes,-288,2011-12-06 16:55:00,0.0,,United Kingdom,-0.0
,M,Manual,-1,2011-12-07 09:15:00,125.0,16971.0,United Kingdom,-125.0
,21232,STRAWBERRY CERAMIC TRINKET POT,-1,2011-12-07 09:24:00,1.25,13014.0,United Kingdom,-1.25
,37449,CERAMIC CAKE STAND + HANGING CAKES,-1,2011-12-07 09:24:00,9.95,13014.0,United Kingdom,-9.95
,85099C,JUMBO  BAG BAROQUE BLACK WHITE,-1,2011-12-07 11:27:00,2.08,12375.0,Finland,-2.08
,22946,WOODEN ADVENT CALENDAR CREAM,-1,2011-12-07 11:44:00,16.95,14534.0,United Kingdom,-16.95
,23403,LETTER HOLDER HOME SWEET HOME,-1,2011-12-07 12:14:00,3.75,13668.0,United Kingdom,-3.75
,22988,SOLDIERS EGG CUP ,-1,2011-12-07 12:24:00,1.25,16393.0,United Kingdom,-1.25
,21931,JUMBO STORAGE BAG SUKI,-1,2011-12-07 12:24:00,2.08,16393.0,United Kingdom,-2.08
,85099B,JUMBO BAG RED RETROSPOT,-1,2011-12-07 12:24:00,2.08,16393.0,United Kingdom,-2.08
,23343,JUMBO BAG VINTAGE CHRISTMAS ,-3,2011-12-07 12:24:00,2.08,16393.0,United Kingdom,-6.24
,22865,HAND WARMER OWL DESIGN,-1,2011-12-07 12:24:00,2.1,16393.0,United Kingdom,-2.1
,23238,SET OF 4 KNICK KNACK TINS LONDON ,-2,2011-12-07 12:24:00,4.15,16393.0,United Kingdom,-8.3
,23311,VINTAGE CHRISTMAS STOCKING ,-2,2011-12-07 12:24:00,2.55,16393.0,United Kingdom,-5.1
,22526,WHEELBARROW FOR CHILDREN ,-1,2011-12-07 12:28:00,12.75,14087.0,United Kingdom,-12.75
,21452,TOADSTOOL MONEY BOX,-4,2011-12-07 12:38:00,2.95,13109.0,United Kingdom,-11.8
,85099B,JUMBO BAG RED RETROSPOT,-3,2011-12-07 12:46:00,2.08,12785.0,Portugal,-6.24
,M,Manual,-1,2011-12-07 13:48:00,9.95,17490.0,United Kingdom,-9.95
,35970,ZINC FOLKART SLEIGH BELLS,-12,2011-12-07 13:48:00,1.69,17490.0,United Kingdom,-20.28
,23249,VINTAGE RED ENAMEL TRIM PLATE,-9,2011-12-07 13:48:00,1.49,17490.0,United Kingdom,-13.41
,23250,VINTAGE RED TRIM ENAMEL BOWL ,-38,2011-12-07 13:48:00,1.04,17490.0,United Kingdom,-39.52
,22063,CERAMIC BOWL WITH STRAWBERRY DESIGN,-1,2011-12-07 14:02:00,2.95,12462.0,Spain,-2.95
,23247,BISCUIT TIN 50'S CHRISTMAS,-4,2011-12-07 14:02:00,2.89,12462.0,Spain,-11.56
,37449,CERAMIC CAKE STAND + HANGING CAKES,-1,2011-12-07 14:02:00,9.95,12462.0,Spain,-9.95
,22059,CERAMIC STRAWBERRY DESIGN MUG,-2,2011-12-07 14:02:00,1.49,12462.0,Spain,-2.98
,22057,CERAMIC PLATE STRAWBERRY DESIGN,-6,2011-12-07 14:02:00,1.49,12462.0,Spain,-8.94
,84817,DANISH ROSE DECORATIVE PLATE,-4,2011-12-07 14:02:00,2.1,12462.0,Spain,-8.4
,84946,ANTIQUE SILVER T-LIGHT GLASS,-3,2011-12-07 14:32:00,1.06,14739.0,United Kingdom,-3.18
,23079,TOADSTOOL BEDSIDE LIGHT ,-1,2011-12-07 15:39:00,8.95,15525.0,United Kingdom,-8.95
,23494,VINTAGE DOILY DELUXE SEWING KIT ,-1,2011-12-07 15:39:00,5.95,15525.0,United Kingdom,-5.95
581190,84801A,check,-102,2011-12-07 16:55:00,0.0,,United Kingdom,-0.0
581198,22025,check,-30,2011-12-07 18:26:00,0.0,,United Kingdom,-0.0
581199,84581,,-2,2011-12-07 18:26:00,0.0,,United Kingdom,-0.0
581200,84508C,check,-21,2011-12-07 18:27:00,0.0,,United Kingdom,-0.0
581201,22217,damages?,-155,2011-12-07 18:30:00,0.0,,United Kingdom,-0.0
581204,85104,????damages????,-355,2011-12-07 18:32:00,0.0,,United Kingdom,-0.0
581205,20893,damages,-55,2011-12-07 18:32:00,0.0,,United Kingdom,-0.0
581206,21693,mixed up,-87,2011-12-07 18:34:00,0.0,,United Kingdom,-0.0
581207,21688,mixed up,-337,2011-12-07 18:34:00,0.0,,United Kingdom,-0.0
581208,72801C,check,-10,2011-12-07 18:35:00,0.0,,United Kingdom,-0.0
581210,23395,check,-26,2011-12-07 18:36:00,0.0,,United Kingdom,-0.0
581212,22578,lost,-1050,2011-12-07 18:38:00,0.0,,United Kingdom,-0.0
581213,22576,check,-30,2011-12-07 18:38:00,0.0,,United Kingdom,-0.0
581226,23090,missing,-338,2011-12-08 09:56:00,0.0,,United Kingdom,-0.0
,22423,REGENCY CAKESTAND 3 TIER,-6,2011-12-08 10:06:00,10.95,16019.0,United Kingdom,-65.7
,23210,WHITE ROCKING HORSE HAND PAINTED,-12,2011-12-08 10:06:00,1.25,16019.0,United Kingdom,-15.0
,82494L,WOODEN FRAME ANTIQUE WHITE ,-6,2011-12-08 10:06:00,2.95,16019.0,United Kingdom,-17.7
,22781,GUMBALL MAGAZINE RACK,-24,2011-12-08 10:06:00,6.75,16019.0,United Kingdom,-162.0
,22467,GUMBALL COAT RACK,-36,2011-12-08 10:06:00,2.1,16019.0,United Kingdom,-75.6
,85099B,JUMBO BAG RED RETROSPOT,-10,2011-12-08 10:14:00,2.08,12558.0,USA,-20.8
,84828,JUNGLE POPSICLES ICE LOLLY MOULDS,-24,2011-12-08 10:14:00,1.25,12558.0,USA,-30.0
,79191C,RETRO PLASTIC ELEPHANT TRAY,-24,2011-12-08 10:14:00,0.85,12558.0,USA,-20.4
,23392,SPACEBOY ROCKET LOLLY MAKERS,-24,2011-12-08 10:14:00,2.08,12558.0,USA,-49.92
,23344,JUMBO BAG 50'S CHRISTMAS ,-10,2011-12-08 10:14:00,2.08,12558.0,USA,-20.8
,23209,LUNCH BAG VINTAGE DOILY ,-20,2011-12-08 10:14:00,1.65,12558.0,USA,-33.0
,23158,SET OF 5 LUCKY CAT MAGNETS ,-36,2011-12-08 10:14:00,2.08,12558.0,USA,-74.88
,22712,CARD DOLLY GIRL ,-12,2011-12-08 10:14:00,0.42,12558.0,USA,-5.04
,22027,TEA PARTY BIRTHDAY CARD,-12,2011-12-08 10:14:00,0.42,12558.0,USA,-5.04
,21508,VINTAGE KID DOLLY CARD ,-12,2011-12-08 10:14:00,0.42,12558.0,USA,-5.04
,21507,ELEPHANT BIRTHDAY CARD ,-12,2011-12-08 10:14:00,0.42,12558.0,USA,-5.04
,23243,SET OF TEA COFFEE SUGAR TINS PANTRY,-1,2011-12-08 10:34:00,4.95,15950.0,United Kingdom,-4.95
,22840,ROUND CAKE TIN VINTAGE RED,-2,2011-12-08 10:34:00,7.95,15950.0,United Kingdom,-15.9
,23459,DOLLY CABINET 2 DRAWERS ,-2,2011-12-08 10:34:00,12.5,15950.0,United Kingdom,-25.0
,23273,HEART T-LIGHT HOLDER WILLIE WINKIE,-1,2011-12-08 10:34:00,1.65,15950.0,United Kingdom,-1.65
,22423,REGENCY CAKESTAND 3 TIER,-1,2011-12-08 10:34:00,12.75,15950.0,United Kingdom,-12.75
,22627,MINT KITCHEN SCALES,-1,2011-12-08 11:42:00,8.5,16933.0,United Kingdom,-8.5
,82484,WOOD BLACK BOARD ANT WHITE FINISH,-1,2011-12-08 11:42:00,7.95,16933.0,United Kingdom,-7.95
,23020,GLASS  SONGBIRD STORAGE JAR,-1,2011-12-08 11:46:00,12.5,12523.0,France,-12.5
,21531,RED RETROSPOT SUGAR JAM BOWL,-1,2011-12-08 11:46:00,2.55,12523.0,France,-2.55
,23174,REGENCY SUGAR BOWL GREEN,-1,2011-12-08 11:46:00,4.15,12523.0,France,-4.15
,22909,SET OF 20 VINTAGE CHRISTMAS NAPKINS,-1,2011-12-08 11:51:00,0.85,18223.0,United Kingdom,-0.85
,22666,RECIPE BOX PANTRY YELLOW DESIGN,-1,2011-12-08 11:51:00,2.95,18223.0,United Kingdom,-2.95
,21533,RETROSPOT LARGE MILK JUG,-1,2011-12-08 11:53:00,4.25,14442.0,Channel Islands,-4.25
,22959,WRAP CHRISTMAS VILLAGE,-25,2011-12-08 11:57:00,0.42,15877.0,United Kingdom,-10.5
,16169E,WRAP 50'S  CHRISTMAS,-100,2011-12-08 11:57:00,0.42,15877.0,United Kingdom,-42.0
,51008,AFGHAN SLIPPER SOCK PAIR,-2,2011-12-08 13:06:00,3.45,17673.0,United Kingdom,-6.9
,21733,RED HANGING HEART T-LIGHT HOLDER,-3,2011-12-08 13:13:00,2.55,13081.0,United Kingdom,-7.65
,23374,RED SPOT PAPER GIFT BAG,-10,2011-12-08 13:13:00,0.82,13081.0,United Kingdom,-8.2
,22780,LIGHT GARLAND BUTTERFILES PINK,-3,2011-12-08 13:14:00,4.25,16892.0,United Kingdom,-12.75
,84946,ANTIQUE SILVER T-LIGHT GLASS,-1,2011-12-08 14:08:00,1.25,12476.0,Germany,-1.25
,20979,36 PENCILS TUBE RED RETROSPOT,-3,2011-12-08 14:08:00,1.25,12476.0,Germany,-3.75
,23425,STORAGE TIN HOME SWEET HOME,-3,2011-12-08 14:08:00,2.49,12476.0,Germany,-7.47
,22364,GLASS JAR DIGESTIVE BISCUITS,-2,2011-12-08 14:08:00,2.95,12476.0,Germany,-5.9
,23114,VINTAGE LEAF CHOPPING BOARD  ,-1,2011-12-08 14:08:00,4.95,12476.0,Germany,-4.95
,23245,SET OF 3 REGENCY CAKE TINS,-1,2011-12-08 14:08:00,4.95,12476.0,Germany,-4.95
,23462,ROCOCO WALL MIRROR WHITE,-1,2011-12-08 14:08:00,19.95,12476.0,Germany,-19.95
,22781,GUMBALL MAGAZINE RACK,-1,2011-12-08 14:08:00,7.65,12476.0,Germany,-7.65
,82484,WOOD BLACK BOARD ANT WHITE FINISH,-1,2011-12-08 14:08:00,7.95,12476.0,Germany,-7.95
,82482,WOODEN PICTURE FRAME WHITE FINISH,-1,2011-12-08 14:08:00,2.95,12476.0,Germany,-2.95
,22173,METAL 4 HOOK HANGER FRENCH CHATEAU,-2,2011-12-08 14:08:00,3.29,12476.0,Germany,-6.58
,85199L,LARGE HANGING IVORY & RED WOOD BIRD,-1,2011-12-08 14:08:00,0.65,12476.0,Germany,-0.65
,85127,SMALL SQUARE CUT GLASS CANDLESTICK,-5,2011-12-08 14:08:00,4.95,12476.0,Germany,-24.75
581422,23169,smashed,-235,2011-12-08 15:24:00,0.0,,United Kingdom,-0.0
,22197,POPCORN HOLDER,-5,2011-12-08 18:48:00,0.72,13078.0,United Kingdom,-3.6
,22107,PIZZA PLATE IN BOX,-1,2011-12-08 18:48:00,1.25,13078.0,United Kingdom,-1.25
,16219,HOUSE SHAPE PENCIL SHARPENER,-48,2011-12-08 18:51:00,0.06,12985.0,United Kingdom,-2.88
,21642,ASSORTED TUTTI FRUTTI PEN,-72,2011-12-08 18:51:00,0.29,12985.0,United Kingdom,-20.88
,85048,15CM CHRISTMAS GLASS BALL 20 LIGHTS,-2,2011-12-08 18:56:00,7.95,17526.0,United Kingdom,-15.9
,23458,DOLLY CABINET 3 DRAWERS ,-1,2011-12-08 18:57:00,14.95,15951.0,United Kingdom,-14.95
,71477,COLOURED GLASS STAR T-LIGHT HOLDER,-6,2011-12-08 18:57:00,3.95,15951.0,United Kingdom,-23.7
,23660,HENRIETTA HEN MUG ,-2,2011-12-08 18:59:00,1.65,15755.0,United Kingdom,-3.3
,22171,3 HOOK PHOTO SHELF ANTIQUE WHITE,-1,2011-12-08 18:59:00,8.5,15755.0,United Kingdom,-8.5
,21876,POTTERING MUG,-4,2011-12-08 18:59:00,1.65,15755.0,United Kingdom,-6.6
,20914,SET/5 RED RETROSPOT LID GLASS BOWLS,-3,2011-12-08 18:59:00,2.95,15755.0,United Kingdom,-8.85
,22838,3 TIER CAKE TIN RED AND CREAM,-1,2011-12-08 19:20:00,14.95,13883.0,United Kingdom,-14.95
,22720,SET OF 3 CAKE TINS PANTRY DESIGN ,-2,2011-12-08 19:20:00,4.95,13883.0,United Kingdom,-9.9
,21216,"SET 3 RETROSPOT TEA,COFFEE,SUGAR",-1,2011-12-08 19:20:00,4.95,13883.0,United Kingdom,-4.95
,21535,RED RETROSPOT SMALL MILK JUG,-2,2011-12-08 19:20:00,2.55,13883.0,United Kingdom,-5.1
,21232,STRAWBERRY CERAMIC TRINKET POT,-1,2011-12-08 19:20:00,1.25,13883.0,United Kingdom,-1.25
,21314,SMALL GLASS HEART TRINKET POT,-10,2011-12-08 19:26:00,2.1,13599.0,United Kingdom,-21.0
,22098,BOUDOIR SQUARE TISSUE BOX,-12,2011-12-08 19:26:00,0.39,13599.0,United Kingdom,-4.68
,23084,RABBIT NIGHT LIGHT,-4,2011-12-08 19:28:00,2.08,17924.0,United Kingdom,-8.32
,23843,"PAPER CRAFT , LITTLE BIRDIE",-80995,2011-12-09 09:27:00,2.08,16446.0,United Kingdom,-168469.6
,22178,VICTORIAN GLASS HANGING T-LIGHT,-12,2011-12-09 09:57:00,1.95,14397.0,United Kingdom,-23.4
,23144,ZINC T-LIGHT HOLDER STARS SMALL,-11,2011-12-09 09:57:00,0.83,14397.0,United Kingdom,-9.13
,M,Manual,-1,2011-12-09 10:28:00,224.69,15498.0,United Kingdom,-224.69
,21258,VICTORIAN SEWING BOX LARGE,-5,2011-12-09 11:57:00,10.95,15311.0,United Kingdom,-54.75
,84978,HANGING HEART JAR T-LIGHT HOLDER,-1,2011-12-09 11:58:00,1.25,17315.0,United Kingdom,-1.25
,20979,36 PENCILS TUBE RED RETROSPOT,-5,2011-12-09 11:58:00,1.25,17315.0,United Kingdom,-6.25
