Country_name,Country_ISO3,Year,Indicator_name,Indicator_code,Value
"Egypt, Arab Rep.",EGY,2020,Firms with female top manager (% of firms),IC.FRM.FEMM.ZS,6.3
"Egypt, Arab Rep.",EGY,2016,Firms with female top manager (% of firms),IC.FRM.FEMM.ZS,4.9
"Egypt, Arab Rep.",EGY,2013,Firms with female top manager (% of firms),IC.FRM.FEMM.ZS,7.1
"Egypt, Arab Rep.",EGY,2020,Firms with female participation in ownership (% of firms),IC.FRM.FEMO.ZS,5.2
"Egypt, Arab Rep.",EGY,2016,Firms with female participation in ownership (% of firms),IC.FRM.FEMO.ZS,17.8
"Egypt, Arab Rep.",EGY,2013,Firms with female participation in ownership (% of firms),IC.FRM.FEMO.ZS,16.1
"Egypt, Arab Rep.",EGY,2008,Firms with female participation in ownership (% of firms),IC.FRM.FEMO.ZS,34.0
"Egypt, Arab Rep.",EGY,2007,Firms with female participation in ownership (% of firms),IC.FRM.FEMO.ZS,20.9
"Egypt, Arab Rep.",EGY,2021,"Literacy rate, youth female (% of females ages 15-24)",SE.ADT.1524.LT.FE.ZS,90.86
"Egypt, Arab Rep.",EGY,2017,"Literacy rate, youth female (% of females ages 15-24)",SE.ADT.1524.LT.FE.ZS,86.81055
"Egypt, Arab Rep.",EGY,2015,"Literacy rate, youth female (% of females ages 15-24)",SE.ADT.1524.LT.FE.ZS,5.59
"Egypt, Arab Rep.",EGY,2014,"Literacy rate, youth female (% of females ages 15-24)",SE.ADT.1524.LT.FE.ZS,94.08
"Egypt, Arab Rep.",EGY,2013,"Literacy rate, youth female (% of females ages 15-24)",SE.ADT.1524.LT.FE.ZS,90.3254
"Egypt, Arab Rep.",EGY,2012,"Literacy rate, youth female (% of females ages 15-24)",SE.ADT.1524.LT.FE.ZS,86.05159
"Egypt, Arab Rep.",EGY,2010,"Literacy rate, youth female (% of females ages 15-24)",SE.ADT.1524.LT.FE.ZS,84.30693
"Egypt, Arab Rep.",EGY,2008,"Literacy rate, youth female (% of females ages 15-24)",SE.ADT.1524.LT.FE.ZS,87.73
"Egypt, Arab Rep.",EGY,2006,"Literacy rate, youth female (% of females ages 15-24)",SE.ADT.1524.LT.FE.ZS,81.75145
"Egypt, Arab Rep.",EGY,2005,"Literacy rate, youth female (% of females ages 15-24)",SE.ADT.1524.LT.FE.ZS,78.77518
"Egypt, Arab Rep.",EGY,2000,"Literacy rate, youth female (% of females ages 15-24)",SE.ADT.1524.LT.FE.ZS,77.19
"Egypt, Arab Rep.",EGY,1996,"Literacy rate, youth female (% of females ages 15-24)",SE.ADT.1524.LT.FE.ZS,66.93154
"Egypt, Arab Rep.",EGY,1986,"Literacy rate, youth female (% of females ages 15-24)",SE.ADT.1524.LT.FE.ZS,54.00466
"Egypt, Arab Rep.",EGY,1976,"Literacy rate, youth female (% of females ages 15-24)",SE.ADT.1524.LT.FE.ZS,38.12264
"Egypt, Arab Rep.",EGY,2021,"Literacy rate, youth (ages 15-24), gender parity index (GPI)",SE.ADT.1524.LT.FM.ZS,0.98622
"Egypt, Arab Rep.",EGY,2017,"Literacy rate, youth (ages 15-24), gender parity index (GPI)",SE.ADT.1524.LT.FM.ZS,0.97013
"Egypt, Arab Rep.",EGY,2015,"Literacy rate, youth (ages 15-24), gender parity index (GPI)",SE.ADT.1524.LT.FM.ZS,1.1270125
"Egypt, Arab Rep.",EGY,2013,"Literacy rate, youth (ages 15-24), gender parity index (GPI)",SE.ADT.1524.LT.FM.ZS,0.96451
"Egypt, Arab Rep.",EGY,2012,"Literacy rate, youth (ages 15-24), gender parity index (GPI)",SE.ADT.1524.LT.FM.ZS,0.93174
"Egypt, Arab Rep.",EGY,2010,"Literacy rate, youth (ages 15-24), gender parity index (GPI)",SE.ADT.1524.LT.FM.ZS,0.93098
"Egypt, Arab Rep.",EGY,2006,"Literacy rate, youth (ages 15-24), gender parity index (GPI)",SE.ADT.1524.LT.FM.ZS,0.93051
"Egypt, Arab Rep.",EGY,2005,"Literacy rate, youth (ages 15-24), gender parity index (GPI)",SE.ADT.1524.LT.FM.ZS,0.87451
"Egypt, Arab Rep.",EGY,1996,"Literacy rate, youth (ages 15-24), gender parity index (GPI)",SE.ADT.1524.LT.FM.ZS,0.84733
"Egypt, Arab Rep.",EGY,1986,"Literacy rate, youth (ages 15-24), gender parity index (GPI)",SE.ADT.1524.LT.FM.ZS,0.75657
"Egypt, Arab Rep.",EGY,1976,"Literacy rate, youth (ages 15-24), gender parity index (GPI)",SE.ADT.1524.LT.FM.ZS,0.60473
"Egypt, Arab Rep.",EGY,2021,"Literacy rate, youth male (% of males ages 15-24)",SE.ADT.1524.LT.MA.ZS,92.13
"Egypt, Arab Rep.",EGY,2017,"Literacy rate, youth male (% of males ages 15-24)",SE.ADT.1524.LT.MA.ZS,89.48338
"Egypt, Arab Rep.",EGY,2015,"Literacy rate, youth male (% of males ages 15-24)",SE.ADT.1524.LT.MA.ZS,4.88
"Egypt, Arab Rep.",EGY,2013,"Literacy rate, youth male (% of males ages 15-24)",SE.ADT.1524.LT.MA.ZS,93.64928
"Egypt, Arab Rep.",EGY,2012,"Literacy rate, youth male (% of males ages 15-24)",SE.ADT.1524.LT.MA.ZS,92.35576
"Egypt, Arab Rep.",EGY,2010,"Literacy rate, youth male (% of males ages 15-24)",SE.ADT.1524.LT.MA.ZS,90.55763
"Egypt, Arab Rep.",EGY,2006,"Literacy rate, youth male (% of males ages 15-24)",SE.ADT.1524.LT.MA.ZS,87.8568
"Egypt, Arab Rep.",EGY,2005,"Literacy rate, youth male (% of males ages 15-24)",SE.ADT.1524.LT.MA.ZS,90.07912
"Egypt, Arab Rep.",EGY,1996,"Literacy rate, youth male (% of males ages 15-24)",SE.ADT.1524.LT.MA.ZS,78.99087
"Egypt, Arab Rep.",EGY,1986,"Literacy rate, youth male (% of males ages 15-24)",SE.ADT.1524.LT.MA.ZS,71.38068
"Egypt, Arab Rep.",EGY,1976,"Literacy rate, youth male (% of males ages 15-24)",SE.ADT.1524.LT.MA.ZS,63.04068
"Egypt, Arab Rep.",EGY,2021,"Literacy rate, adult female (% of females ages 15 and above)",SE.ADT.LITR.FE.ZS,67.39
"Egypt, Arab Rep.",EGY,2017,"Literacy rate, adult female (% of females ages 15 and above)",SE.ADT.LITR.FE.ZS,65.50569
"Egypt, Arab Rep.",EGY,2013,"Literacy rate, adult female (% of females ages 15 and above)",SE.ADT.LITR.FE.ZS,62.70522
"Egypt, Arab Rep.",EGY,2012,"Literacy rate, adult female (% of females ages 15 and above)",SE.ADT.LITR.FE.ZS,65.75666
"Egypt, Arab Rep.",EGY,2010,"Literacy rate, adult female (% of females ages 15 and above)",SE.ADT.LITR.FE.ZS,63.51581
"Egypt, Arab Rep.",EGY,2006,"Literacy rate, adult female (% of females ages 15 and above)",SE.ADT.LITR.FE.ZS,57.81191
"Egypt, Arab Rep.",EGY,2005,"Literacy rate, adult female (% of females ages 15 and above)",SE.ADT.LITR.FE.ZS,56.12155
"Egypt, Arab Rep.",EGY,1996,"Literacy rate, adult female (% of females ages 15 and above)",SE.ADT.LITR.FE.ZS,43.59531
"Egypt, Arab Rep.",EGY,1986,"Literacy rate, adult female (% of females ages 15 and above)",SE.ADT.LITR.FE.ZS,31.39267
"Egypt, Arab Rep.",EGY,1976,"Literacy rate, adult female (% of females ages 15 and above)",SE.ADT.LITR.FE.ZS,22.43801
"Egypt, Arab Rep.",EGY,2021,"Literacy rate, adult male (% of males ages 15 and above)",SE.ADT.LITR.MA.ZS,78.78
"Egypt, Arab Rep.",EGY,2017,"Literacy rate, adult male (% of males ages 15 and above)",SE.ADT.LITR.MA.ZS,76.49522
"Egypt, Arab Rep.",EGY,2013,"Literacy rate, adult male (% of males ages 15 and above)",SE.ADT.LITR.MA.ZS,81.69406
"Egypt, Arab Rep.",EGY,2012,"Literacy rate, adult male (% of males ages 15 and above)",SE.ADT.LITR.MA.ZS,81.67922
"Egypt, Arab Rep.",EGY,2010,"Literacy rate, adult male (% of males ages 15 and above)",SE.ADT.LITR.MA.ZS,80.26865
"Egypt, Arab Rep.",EGY,2006,"Literacy rate, adult male (% of males ages 15 and above)",SE.ADT.LITR.MA.ZS,74.6218
"Egypt, Arab Rep.",EGY,2005,"Literacy rate, adult male (% of males ages 15 and above)",SE.ADT.LITR.MA.ZS,77.91013
"Egypt, Arab Rep.",EGY,1996,"Literacy rate, adult male (% of males ages 15 and above)",SE.ADT.LITR.MA.ZS,67.15178
"Egypt, Arab Rep.",EGY,1986,"Literacy rate, adult male (% of males ages 15 and above)",SE.ADT.LITR.MA.ZS,56.97616
"Egypt, Arab Rep.",EGY,1976,"Literacy rate, adult male (% of males ages 15 and above)",SE.ADT.LITR.MA.ZS,53.61519
"Egypt, Arab Rep.",EGY,2019,"School enrollment, primary (gross), gender parity index (GPI)",SE.ENR.PRIM.FM.ZS,1.00809
"Egypt, Arab Rep.",EGY,2018,"School enrollment, primary (gross), gender parity index (GPI)",SE.ENR.PRIM.FM.ZS,1.00392
"Egypt, Arab Rep.",EGY,2017,"School enrollment, primary (gross), gender parity index (GPI)",SE.ENR.PRIM.FM.ZS,1.00268
"Egypt, Arab Rep.",EGY,2016,"School enrollment, primary (gross), gender parity index (GPI)",SE.ENR.PRIM.FM.ZS,1.00067
"Egypt, Arab Rep.",EGY,2014,"School enrollment, primary (gross), gender parity index (GPI)",SE.ENR.PRIM.FM.ZS,0.99713
"Egypt, Arab Rep.",EGY,2013,"School enrollment, primary (gross), gender parity index (GPI)",SE.ENR.PRIM.FM.ZS,0.99144
"Egypt, Arab Rep.",EGY,2012,"School enrollment, primary (gross), gender parity index (GPI)",SE.ENR.PRIM.FM.ZS,0.98676
"Egypt, Arab Rep.",EGY,2011,"School enrollment, primary (gross), gender parity index (GPI)",SE.ENR.PRIM.FM.ZS,0.95477
"Egypt, Arab Rep.",EGY,2010,"School enrollment, primary (gross), gender parity index (GPI)",SE.ENR.PRIM.FM.ZS,0.97102
"Egypt, Arab Rep.",EGY,2009,"School enrollment, primary (gross), gender parity index (GPI)",SE.ENR.PRIM.FM.ZS,0.96744
"Egypt, Arab Rep.",EGY,2007,"School enrollment, primary (gross), gender parity index (GPI)",SE.ENR.PRIM.FM.ZS,0.9581
"Egypt, Arab Rep.",EGY,2006,"School enrollment, primary (gross), gender parity index (GPI)",SE.ENR.PRIM.FM.ZS,0.95045
"Egypt, Arab Rep.",EGY,2005,"School enrollment, primary (gross), gender parity index (GPI)",SE.ENR.PRIM.FM.ZS,0.94735
"Egypt, Arab Rep.",EGY,2004,"School enrollment, primary (gross), gender parity index (GPI)",SE.ENR.PRIM.FM.ZS,0.96778
"Egypt, Arab Rep.",EGY,2003,"School enrollment, primary (gross), gender parity index (GPI)",SE.ENR.PRIM.FM.ZS,0.95733
"Egypt, Arab Rep.",EGY,2002,"School enrollment, primary (gross), gender parity index (GPI)",SE.ENR.PRIM.FM.ZS,0.94831
"Egypt, Arab Rep.",EGY,2001,"School enrollment, primary (gross), gender parity index (GPI)",SE.ENR.PRIM.FM.ZS,0.9406
"Egypt, Arab Rep.",EGY,2000,"School enrollment, primary (gross), gender parity index (GPI)",SE.ENR.PRIM.FM.ZS,0.93109
"Egypt, Arab Rep.",EGY,1999,"School enrollment, primary (gross), gender parity index (GPI)",SE.ENR.PRIM.FM.ZS,0.92325
"Egypt, Arab Rep.",EGY,1997,"School enrollment, primary (gross), gender parity index (GPI)",SE.ENR.PRIM.FM.ZS,0.87843
"Egypt, Arab Rep.",EGY,1996,"School enrollment, primary (gross), gender parity index (GPI)",SE.ENR.PRIM.FM.ZS,0.76296
"Egypt, Arab Rep.",EGY,1995,"School enrollment, primary (gross), gender parity index (GPI)",SE.ENR.PRIM.FM.ZS,0.88816
"Egypt, Arab Rep.",EGY,1994,"School enrollment, primary (gross), gender parity index (GPI)",SE.ENR.PRIM.FM.ZS,0.85471
"Egypt, Arab Rep.",EGY,1993,"School enrollment, primary (gross), gender parity index (GPI)",SE.ENR.PRIM.FM.ZS,0.86868
"Egypt, Arab Rep.",EGY,1992,"School enrollment, primary (gross), gender parity index (GPI)",SE.ENR.PRIM.FM.ZS,0.86178
"Egypt, Arab Rep.",EGY,1991,"School enrollment, primary (gross), gender parity index (GPI)",SE.ENR.PRIM.FM.ZS,0.84122
"Egypt, Arab Rep.",EGY,1990,"School enrollment, primary (gross), gender parity index (GPI)",SE.ENR.PRIM.FM.ZS,0.85005
"Egypt, Arab Rep.",EGY,1989,"School enrollment, primary (gross), gender parity index (GPI)",SE.ENR.PRIM.FM.ZS,0.83553
"Egypt, Arab Rep.",EGY,1988,"School enrollment, primary (gross), gender parity index (GPI)",SE.ENR.PRIM.FM.ZS,0.78912
"Egypt, Arab Rep.",EGY,1987,"School enrollment, primary (gross), gender parity index (GPI)",SE.ENR.PRIM.FM.ZS,0.81903
"Egypt, Arab Rep.",EGY,1986,"School enrollment, primary (gross), gender parity index (GPI)",SE.ENR.PRIM.FM.ZS,0.80613
"Egypt, Arab Rep.",EGY,1985,"School enrollment, primary (gross), gender parity index (GPI)",SE.ENR.PRIM.FM.ZS,0.78846
"Egypt, Arab Rep.",EGY,1984,"School enrollment, primary (gross), gender parity index (GPI)",SE.ENR.PRIM.FM.ZS,0.76809
"Egypt, Arab Rep.",EGY,1983,"School enrollment, primary (gross), gender parity index (GPI)",SE.ENR.PRIM.FM.ZS,0.7465
"Egypt, Arab Rep.",EGY,1982,"School enrollment, primary (gross), gender parity index (GPI)",SE.ENR.PRIM.FM.ZS,0.72997
"Egypt, Arab Rep.",EGY,1981,"School enrollment, primary (gross), gender parity index (GPI)",SE.ENR.PRIM.FM.ZS,0.71799
"Egypt, Arab Rep.",EGY,1980,"School enrollment, primary (gross), gender parity index (GPI)",SE.ENR.PRIM.FM.ZS,0.70519
"Egypt, Arab Rep.",EGY,1979,"School enrollment, primary (gross), gender parity index (GPI)",SE.ENR.PRIM.FM.ZS,0.69659
"Egypt, Arab Rep.",EGY,1978,"School enrollment, primary (gross), gender parity index (GPI)",SE.ENR.PRIM.FM.ZS,0.68519
"Egypt, Arab Rep.",EGY,1977,"School enrollment, primary (gross), gender parity index (GPI)",SE.ENR.PRIM.FM.ZS,0.67433
"Egypt, Arab Rep.",EGY,1976,"School enrollment, primary (gross), gender parity index (GPI)",SE.ENR.PRIM.FM.ZS,0.66633
"Egypt, Arab Rep.",EGY,1975,"School enrollment, primary (gross), gender parity index (GPI)",SE.ENR.PRIM.FM.ZS,0.65771
"Egypt, Arab Rep.",EGY,1974,"School enrollment, primary (gross), gender parity index (GPI)",SE.ENR.PRIM.FM.ZS,0.65708
"Egypt, Arab Rep.",EGY,1973,"School enrollment, primary (gross), gender parity index (GPI)",SE.ENR.PRIM.FM.ZS,0.65407
"Egypt, Arab Rep.",EGY,1972,"School enrollment, primary (gross), gender parity index (GPI)",SE.ENR.PRIM.FM.ZS,0.65534
"Egypt, Arab Rep.",EGY,1971,"School enrollment, primary (gross), gender parity index (GPI)",SE.ENR.PRIM.FM.ZS,0.65692
"Egypt, Arab Rep.",EGY,2019,"School enrollment, primary and secondary (gross), gender parity index (GPI)",SE.ENR.PRSC.FM.ZS,1.00065
"Egypt, Arab Rep.",EGY,2018,"School enrollment, primary and secondary (gross), gender parity index (GPI)",SE.ENR.PRSC.FM.ZS,0.99651
"Egypt, Arab Rep.",EGY,2017,"School enrollment, primary and secondary (gross), gender parity index (GPI)",SE.ENR.PRSC.FM.ZS,0.99414
"Egypt, Arab Rep.",EGY,2016,"School enrollment, primary and secondary (gross), gender parity index (GPI)",SE.ENR.PRSC.FM.ZS,0.99319
"Egypt, Arab Rep.",EGY,2014,"School enrollment, primary and secondary (gross), gender parity index (GPI)",SE.ENR.PRSC.FM.ZS,0.99601
"Egypt, Arab Rep.",EGY,2013,"School enrollment, primary and secondary (gross), gender parity index (GPI)",SE.ENR.PRSC.FM.ZS,0.98574
"Egypt, Arab Rep.",EGY,2012,"School enrollment, primary and secondary (gross), gender parity index (GPI)",SE.ENR.PRSC.FM.ZS,0.98528
"Egypt, Arab Rep.",EGY,2011,"School enrollment, primary and secondary (gross), gender parity index (GPI)",SE.ENR.PRSC.FM.ZS,0.96888
"Egypt, Arab Rep.",EGY,2010,"School enrollment, primary and secondary (gross), gender parity index (GPI)",SE.ENR.PRSC.FM.ZS,0.97123
"Egypt, Arab Rep.",EGY,2009,"School enrollment, primary and secondary (gross), gender parity index (GPI)",SE.ENR.PRSC.FM.ZS,0.97607
"Egypt, Arab Rep.",EGY,2004,"School enrollment, primary and secondary (gross), gender parity index (GPI)",SE.ENR.PRSC.FM.ZS,0.95747
"Egypt, Arab Rep.",EGY,2003,"School enrollment, primary and secondary (gross), gender parity index (GPI)",SE.ENR.PRSC.FM.ZS,0.95052
"Egypt, Arab Rep.",EGY,2001,"School enrollment, primary and secondary (gross), gender parity index (GPI)",SE.ENR.PRSC.FM.ZS,0.94193
"Egypt, Arab Rep.",EGY,2000,"School enrollment, primary and secondary (gross), gender parity index (GPI)",SE.ENR.PRSC.FM.ZS,0.93284
"Egypt, Arab Rep.",EGY,1999,"School enrollment, primary and secondary (gross), gender parity index (GPI)",SE.ENR.PRSC.FM.ZS,0.9231
"Egypt, Arab Rep.",EGY,1997,"School enrollment, primary and secondary (gross), gender parity index (GPI)",SE.ENR.PRSC.FM.ZS,0.87682
"Egypt, Arab Rep.",EGY,1996,"School enrollment, primary and secondary (gross), gender parity index (GPI)",SE.ENR.PRSC.FM.ZS,0.81125
"Egypt, Arab Rep.",EGY,1995,"School enrollment, primary and secondary (gross), gender parity index (GPI)",SE.ENR.PRSC.FM.ZS,0.88577
"Egypt, Arab Rep.",EGY,1994,"School enrollment, primary and secondary (gross), gender parity index (GPI)",SE.ENR.PRSC.FM.ZS,0.85103
"Egypt, Arab Rep.",EGY,1993,"School enrollment, primary and secondary (gross), gender parity index (GPI)",SE.ENR.PRSC.FM.ZS,0.86283
"Egypt, Arab Rep.",EGY,1992,"School enrollment, primary and secondary (gross), gender parity index (GPI)",SE.ENR.PRSC.FM.ZS,0.85558
"Egypt, Arab Rep.",EGY,1991,"School enrollment, primary and secondary (gross), gender parity index (GPI)",SE.ENR.PRSC.FM.ZS,0.82344
"Egypt, Arab Rep.",EGY,1990,"School enrollment, primary and secondary (gross), gender parity index (GPI)",SE.ENR.PRSC.FM.ZS,0.81632
"Egypt, Arab Rep.",EGY,1989,"School enrollment, primary and secondary (gross), gender parity index (GPI)",SE.ENR.PRSC.FM.ZS,0.79858
"Egypt, Arab Rep.",EGY,1988,"School enrollment, primary and secondary (gross), gender parity index (GPI)",SE.ENR.PRSC.FM.ZS,0.76398
"Egypt, Arab Rep.",EGY,1987,"School enrollment, primary and secondary (gross), gender parity index (GPI)",SE.ENR.PRSC.FM.ZS,0.7739
"Egypt, Arab Rep.",EGY,1986,"School enrollment, primary and secondary (gross), gender parity index (GPI)",SE.ENR.PRSC.FM.ZS,0.76126
"Egypt, Arab Rep.",EGY,1985,"School enrollment, primary and secondary (gross), gender parity index (GPI)",SE.ENR.PRSC.FM.ZS,0.7436
"Egypt, Arab Rep.",EGY,1984,"School enrollment, primary and secondary (gross), gender parity index (GPI)",SE.ENR.PRSC.FM.ZS,0.72541
"Egypt, Arab Rep.",EGY,1983,"School enrollment, primary and secondary (gross), gender parity index (GPI)",SE.ENR.PRSC.FM.ZS,0.70735
"Egypt, Arab Rep.",EGY,1982,"School enrollment, primary and secondary (gross), gender parity index (GPI)",SE.ENR.PRSC.FM.ZS,0.69192
"Egypt, Arab Rep.",EGY,1981,"School enrollment, primary and secondary (gross), gender parity index (GPI)",SE.ENR.PRSC.FM.ZS,0.67884
"Egypt, Arab Rep.",EGY,1980,"School enrollment, primary and secondary (gross), gender parity index (GPI)",SE.ENR.PRSC.FM.ZS,0.66282
"Egypt, Arab Rep.",EGY,1979,"School enrollment, primary and secondary (gross), gender parity index (GPI)",SE.ENR.PRSC.FM.ZS,0.65713
"Egypt, Arab Rep.",EGY,1978,"School enrollment, primary and secondary (gross), gender parity index (GPI)",SE.ENR.PRSC.FM.ZS,0.64478
"Egypt, Arab Rep.",EGY,1977,"School enrollment, primary and secondary (gross), gender parity index (GPI)",SE.ENR.PRSC.FM.ZS,0.63877
"Egypt, Arab Rep.",EGY,1976,"School enrollment, primary and secondary (gross), gender parity index (GPI)",SE.ENR.PRSC.FM.ZS,0.63041
"Egypt, Arab Rep.",EGY,1975,"School enrollment, primary and secondary (gross), gender parity index (GPI)",SE.ENR.PRSC.FM.ZS,0.61847
"Egypt, Arab Rep.",EGY,1974,"School enrollment, primary and secondary (gross), gender parity index (GPI)",SE.ENR.PRSC.FM.ZS,0.62412
"Egypt, Arab Rep.",EGY,1973,"School enrollment, primary and secondary (gross), gender parity index (GPI)",SE.ENR.PRSC.FM.ZS,0.62062
"Egypt, Arab Rep.",EGY,1972,"School enrollment, primary and secondary (gross), gender parity index (GPI)",SE.ENR.PRSC.FM.ZS,0.61954
"Egypt, Arab Rep.",EGY,1971,"School enrollment, primary and secondary (gross), gender parity index (GPI)",SE.ENR.PRSC.FM.ZS,0.6184
"Egypt, Arab Rep.",EGY,2019,"School enrollment, secondary (gross), gender parity index (GPI)",SE.ENR.SECO.FM.ZS,0.99046
"Egypt, Arab Rep.",EGY,2018,"School enrollment, secondary (gross), gender parity index (GPI)",SE.ENR.SECO.FM.ZS,0.98659
"Egypt, Arab Rep.",EGY,2017,"School enrollment, secondary (gross), gender parity index (GPI)",SE.ENR.SECO.FM.ZS,0.98297
"Egypt, Arab Rep.",EGY,2016,"School enrollment, secondary (gross), gender parity index (GPI)",SE.ENR.SECO.FM.ZS,0.98369
"Egypt, Arab Rep.",EGY,2014,"School enrollment, secondary (gross), gender parity index (GPI)",SE.ENR.SECO.FM.ZS,0.99558
"Egypt, Arab Rep.",EGY,2013,"School enrollment, secondary (gross), gender parity index (GPI)",SE.ENR.SECO.FM.ZS,0.97932
"Egypt, Arab Rep.",EGY,2012,"School enrollment, secondary (gross), gender parity index (GPI)",SE.ENR.SECO.FM.ZS,0.98464
"Egypt, Arab Rep.",EGY,2011,"School enrollment, secondary (gross), gender parity index (GPI)",SE.ENR.SECO.FM.ZS,0.98889
"Egypt, Arab Rep.",EGY,2010,"School enrollment, secondary (gross), gender parity index (GPI)",SE.ENR.SECO.FM.ZS,0.97303
"Egypt, Arab Rep.",EGY,2009,"School enrollment, secondary (gross), gender parity index (GPI)",SE.ENR.SECO.FM.ZS,0.99099
"Egypt, Arab Rep.",EGY,2004,"School enrollment, secondary (gross), gender parity index (GPI)",SE.ENR.SECO.FM.ZS,0.94786
"Egypt, Arab Rep.",EGY,2003,"School enrollment, secondary (gross), gender parity index (GPI)",SE.ENR.SECO.FM.ZS,0.94425
"Egypt, Arab Rep.",EGY,2001,"School enrollment, secondary (gross), gender parity index (GPI)",SE.ENR.SECO.FM.ZS,0.94327
"Egypt, Arab Rep.",EGY,2000,"School enrollment, secondary (gross), gender parity index (GPI)",SE.ENR.SECO.FM.ZS,0.9347
"Egypt, Arab Rep.",EGY,1999,"School enrollment, secondary (gross), gender parity index (GPI)",SE.ENR.SECO.FM.ZS,0.92313
"Egypt, Arab Rep.",EGY,1997,"School enrollment, secondary (gross), gender parity index (GPI)",SE.ENR.SECO.FM.ZS,0.87502
"Egypt, Arab Rep.",EGY,1996,"School enrollment, secondary (gross), gender parity index (GPI)",SE.ENR.SECO.FM.ZS,0.87962
"Egypt, Arab Rep.",EGY,1995,"School enrollment, secondary (gross), gender parity index (GPI)",SE.ENR.SECO.FM.ZS,0.88267
"Egypt, Arab Rep.",EGY,1994,"School enrollment, secondary (gross), gender parity index (GPI)",SE.ENR.SECO.FM.ZS,0.84599
"Egypt, Arab Rep.",EGY,1993,"School enrollment, secondary (gross), gender parity index (GPI)",SE.ENR.SECO.FM.ZS,0.85542
"Egypt, Arab Rep.",EGY,1992,"School enrollment, secondary (gross), gender parity index (GPI)",SE.ENR.SECO.FM.ZS,0.84795
"Egypt, Arab Rep.",EGY,1991,"School enrollment, secondary (gross), gender parity index (GPI)",SE.ENR.SECO.FM.ZS,0.80174
"Egypt, Arab Rep.",EGY,1990,"School enrollment, secondary (gross), gender parity index (GPI)",SE.ENR.SECO.FM.ZS,0.77644
"Egypt, Arab Rep.",EGY,1989,"School enrollment, secondary (gross), gender parity index (GPI)",SE.ENR.SECO.FM.ZS,0.73851
"Egypt, Arab Rep.",EGY,1988,"School enrollment, secondary (gross), gender parity index (GPI)",SE.ENR.SECO.FM.ZS,0.72367
"Egypt, Arab Rep.",EGY,1987,"School enrollment, secondary (gross), gender parity index (GPI)",SE.ENR.SECO.FM.ZS,0.70506
"Egypt, Arab Rep.",EGY,1986,"School enrollment, secondary (gross), gender parity index (GPI)",SE.ENR.SECO.FM.ZS,0.69301
"Egypt, Arab Rep.",EGY,1985,"School enrollment, secondary (gross), gender parity index (GPI)",SE.ENR.SECO.FM.ZS,0.67535
"Egypt, Arab Rep.",EGY,1984,"School enrollment, secondary (gross), gender parity index (GPI)",SE.ENR.SECO.FM.ZS,0.66116
"Egypt, Arab Rep.",EGY,1983,"School enrollment, secondary (gross), gender parity index (GPI)",SE.ENR.SECO.FM.ZS,0.6489
"Egypt, Arab Rep.",EGY,1982,"School enrollment, secondary (gross), gender parity index (GPI)",SE.ENR.SECO.FM.ZS,0.63569
"Egypt, Arab Rep.",EGY,1981,"School enrollment, secondary (gross), gender parity index (GPI)",SE.ENR.SECO.FM.ZS,0.6208
"Egypt, Arab Rep.",EGY,1980,"School enrollment, secondary (gross), gender parity index (GPI)",SE.ENR.SECO.FM.ZS,0.59958
"Egypt, Arab Rep.",EGY,1979,"School enrollment, secondary (gross), gender parity index (GPI)",SE.ENR.SECO.FM.ZS,0.59744
"Egypt, Arab Rep.",EGY,1978,"School enrollment, secondary (gross), gender parity index (GPI)",SE.ENR.SECO.FM.ZS,0.58152
"Egypt, Arab Rep.",EGY,1977,"School enrollment, secondary (gross), gender parity index (GPI)",SE.ENR.SECO.FM.ZS,0.57912
"Egypt, Arab Rep.",EGY,1976,"School enrollment, secondary (gross), gender parity index (GPI)",SE.ENR.SECO.FM.ZS,0.56345
"Egypt, Arab Rep.",EGY,1975,"School enrollment, secondary (gross), gender parity index (GPI)",SE.ENR.SECO.FM.ZS,0.53925
"Egypt, Arab Rep.",EGY,1974,"School enrollment, secondary (gross), gender parity index (GPI)",SE.ENR.SECO.FM.ZS,0.55109
"Egypt, Arab Rep.",EGY,1973,"School enrollment, secondary (gross), gender parity index (GPI)",SE.ENR.SECO.FM.ZS,0.54065
"Egypt, Arab Rep.",EGY,1972,"School enrollment, secondary (gross), gender parity index (GPI)",SE.ENR.SECO.FM.ZS,0.53115
"Egypt, Arab Rep.",EGY,1971,"School enrollment, secondary (gross), gender parity index (GPI)",SE.ENR.SECO.FM.ZS,0.52008
"Egypt, Arab Rep.",EGY,2018,"School enrollment, tertiary (gross), gender parity index (GPI)",SE.ENR.TERT.FM.ZS,1.04445
"Egypt, Arab Rep.",EGY,2017,"School enrollment, tertiary (gross), gender parity index (GPI)",SE.ENR.TERT.FM.ZS,1.0335
"Egypt, Arab Rep.",EGY,2016,"School enrollment, tertiary (gross), gender parity index (GPI)",SE.ENR.TERT.FM.ZS,1.02232
"Egypt, Arab Rep.",EGY,2015,"School enrollment, tertiary (gross), gender parity index (GPI)",SE.ENR.TERT.FM.ZS,0.96149
"Egypt, Arab Rep.",EGY,2014,"School enrollment, tertiary (gross), gender parity index (GPI)",SE.ENR.TERT.FM.ZS,0.89416
"Egypt, Arab Rep.",EGY,2013,"School enrollment, tertiary (gross), gender parity index (GPI)",SE.ENR.TERT.FM.ZS,0.89272
"Egypt, Arab Rep.",EGY,2012,"School enrollment, tertiary (gross), gender parity index (GPI)",SE.ENR.TERT.FM.ZS,0.89463
"Egypt, Arab Rep.",EGY,2011,"School enrollment, tertiary (gross), gender parity index (GPI)",SE.ENR.TERT.FM.ZS,0.9099
"Egypt, Arab Rep.",EGY,2010,"School enrollment, tertiary (gross), gender parity index (GPI)",SE.ENR.TERT.FM.ZS,0.91622
"Egypt, Arab Rep.",EGY,2009,"School enrollment, tertiary (gross), gender parity index (GPI)",SE.ENR.TERT.FM.ZS,0.89888
"Egypt, Arab Rep.",EGY,2008,"School enrollment, tertiary (gross), gender parity index (GPI)",SE.ENR.TERT.FM.ZS,0.93342
"Egypt, Arab Rep.",EGY,2007,"School enrollment, tertiary (gross), gender parity index (GPI)",SE.ENR.TERT.FM.ZS,0.7635
"Egypt, Arab Rep.",EGY,2006,"School enrollment, tertiary (gross), gender parity index (GPI)",SE.ENR.TERT.FM.ZS,0.87968
"Egypt, Arab Rep.",EGY,2005,"School enrollment, tertiary (gross), gender parity index (GPI)",SE.ENR.TERT.FM.ZS,0.84122
"Egypt, Arab Rep.",EGY,2004,"School enrollment, tertiary (gross), gender parity index (GPI)",SE.ENR.TERT.FM.ZS,0.80932
"Egypt, Arab Rep.",EGY,2003,"School enrollment, tertiary (gross), gender parity index (GPI)",SE.ENR.TERT.FM.ZS,0.86806
"Egypt, Arab Rep.",EGY,2002,"School enrollment, tertiary (gross), gender parity index (GPI)",SE.ENR.TERT.FM.ZS,0.81686
"Egypt, Arab Rep.",EGY,2001,"School enrollment, tertiary (gross), gender parity index (GPI)",SE.ENR.TERT.FM.ZS,0.7911
"Egypt, Arab Rep.",EGY,1991,"School enrollment, tertiary (gross), gender parity index (GPI)",SE.ENR.TERT.FM.ZS,0.58329
"Egypt, Arab Rep.",EGY,1990,"School enrollment, tertiary (gross), gender parity index (GPI)",SE.ENR.TERT.FM.ZS,0.53192
"Egypt, Arab Rep.",EGY,1989,"School enrollment, tertiary (gross), gender parity index (GPI)",SE.ENR.TERT.FM.ZS,0.5168
"Egypt, Arab Rep.",EGY,1988,"School enrollment, tertiary (gross), gender parity index (GPI)",SE.ENR.TERT.FM.ZS,0.4991
"Egypt, Arab Rep.",EGY,1987,"School enrollment, tertiary (gross), gender parity index (GPI)",SE.ENR.TERT.FM.ZS,0.40876
"Egypt, Arab Rep.",EGY,1986,"School enrollment, tertiary (gross), gender parity index (GPI)",SE.ENR.TERT.FM.ZS,0.4328
"Egypt, Arab Rep.",EGY,1985,"School enrollment, tertiary (gross), gender parity index (GPI)",SE.ENR.TERT.FM.ZS,0.50757
"Egypt, Arab Rep.",EGY,1984,"School enrollment, tertiary (gross), gender parity index (GPI)",SE.ENR.TERT.FM.ZS,0.47758
"Egypt, Arab Rep.",EGY,1983,"School enrollment, tertiary (gross), gender parity index (GPI)",SE.ENR.TERT.FM.ZS,0.48721
"Egypt, Arab Rep.",EGY,1982,"School enrollment, tertiary (gross), gender parity index (GPI)",SE.ENR.TERT.FM.ZS,0.48271
"Egypt, Arab Rep.",EGY,1981,"School enrollment, tertiary (gross), gender parity index (GPI)",SE.ENR.TERT.FM.ZS,0.48162
"Egypt, Arab Rep.",EGY,1980,"School enrollment, tertiary (gross), gender parity index (GPI)",SE.ENR.TERT.FM.ZS,0.46678
"Egypt, Arab Rep.",EGY,1979,"School enrollment, tertiary (gross), gender parity index (GPI)",SE.ENR.TERT.FM.ZS,0.45963
"Egypt, Arab Rep.",EGY,1978,"School enrollment, tertiary (gross), gender parity index (GPI)",SE.ENR.TERT.FM.ZS,0.44066
"Egypt, Arab Rep.",EGY,1977,"School enrollment, tertiary (gross), gender parity index (GPI)",SE.ENR.TERT.FM.ZS,0.43808
"Egypt, Arab Rep.",EGY,1976,"School enrollment, tertiary (gross), gender parity index (GPI)",SE.ENR.TERT.FM.ZS,0.47018
"Egypt, Arab Rep.",EGY,1975,"School enrollment, tertiary (gross), gender parity index (GPI)",SE.ENR.TERT.FM.ZS,0.45072
"Egypt, Arab Rep.",EGY,1974,"School enrollment, tertiary (gross), gender parity index (GPI)",SE.ENR.TERT.FM.ZS,0.44208
"Egypt, Arab Rep.",EGY,1973,"School enrollment, tertiary (gross), gender parity index (GPI)",SE.ENR.TERT.FM.ZS,0.43411
"Egypt, Arab Rep.",EGY,1972,"School enrollment, tertiary (gross), gender parity index (GPI)",SE.ENR.TERT.FM.ZS,0.40549
"Egypt, Arab Rep.",EGY,1971,"School enrollment, tertiary (gross), gender parity index (GPI)",SE.ENR.TERT.FM.ZS,0.39658
"Egypt, Arab Rep.",EGY,2019,"School enrollment, preprimary, female (% gross)",SE.PRE.ENRR.FE,29.28243
"Egypt, Arab Rep.",EGY,2018,"School enrollment, preprimary, female (% gross)",SE.PRE.ENRR.FE,28.64515
"Egypt, Arab Rep.",EGY,2017,"School enrollment, preprimary, female (% gross)",SE.PRE.ENRR.FE,28.7086
"Egypt, Arab Rep.",EGY,2016,"School enrollment, preprimary, female (% gross)",SE.PRE.ENRR.FE,29.62922
"Egypt, Arab Rep.",EGY,2014,"School enrollment, preprimary, female (% gross)",SE.PRE.ENRR.FE,29.62553
"Egypt, Arab Rep.",EGY,2013,"School enrollment, preprimary, female (% gross)",SE.PRE.ENRR.FE,24.14213
"Egypt, Arab Rep.",EGY,2012,"School enrollment, preprimary, female (% gross)",SE.PRE.ENRR.FE,24.87968
"Egypt, Arab Rep.",EGY,2011,"School enrollment, preprimary, female (% gross)",SE.PRE.ENRR.FE,24.71526
"Egypt, Arab Rep.",EGY,2010,"School enrollment, preprimary, female (% gross)",SE.PRE.ENRR.FE,26.31288
"Egypt, Arab Rep.",EGY,2009,"School enrollment, preprimary, female (% gross)",SE.PRE.ENRR.FE,22.67781
"Egypt, Arab Rep.",EGY,2008,"School enrollment, preprimary, female (% gross)",SE.PRE.ENRR.FE,21.11555
"Egypt, Arab Rep.",EGY,2007,"School enrollment, preprimary, female (% gross)",SE.PRE.ENRR.FE,16.25182
"Egypt, Arab Rep.",EGY,2006,"School enrollment, preprimary, female (% gross)",SE.PRE.ENRR.FE,16.5301
"Egypt, Arab Rep.",EGY,2005,"School enrollment, preprimary, female (% gross)",SE.PRE.ENRR.FE,15.31726
"Egypt, Arab Rep.",EGY,2004,"School enrollment, preprimary, female (% gross)",SE.PRE.ENRR.FE,13.4572
"Egypt, Arab Rep.",EGY,2003,"School enrollment, preprimary, female (% gross)",SE.PRE.ENRR.FE,12.98072
"Egypt, Arab Rep.",EGY,2002,"School enrollment, preprimary, female (% gross)",SE.PRE.ENRR.FE,12.16803
"Egypt, Arab Rep.",EGY,2001,"School enrollment, preprimary, female (% gross)",SE.PRE.ENRR.FE,11.39257
"Egypt, Arab Rep.",EGY,2000,"School enrollment, preprimary, female (% gross)",SE.PRE.ENRR.FE,10.57518
"Egypt, Arab Rep.",EGY,1999,"School enrollment, preprimary, female (% gross)",SE.PRE.ENRR.FE,9.67673
"Egypt, Arab Rep.",EGY,1998,"School enrollment, preprimary, female (% gross)",SE.PRE.ENRR.FE,9.20225
"Egypt, Arab Rep.",EGY,1997,"School enrollment, preprimary, female (% gross)",SE.PRE.ENRR.FE,8.28039
"Egypt, Arab Rep.",EGY,1996,"School enrollment, preprimary, female (% gross)",SE.PRE.ENRR.FE,7.54534
"Egypt, Arab Rep.",EGY,1995,"School enrollment, preprimary, female (% gross)",SE.PRE.ENRR.FE,7.29955
"Egypt, Arab Rep.",EGY,1994,"School enrollment, preprimary, female (% gross)",SE.PRE.ENRR.FE,7.00167
"Egypt, Arab Rep.",EGY,1993,"School enrollment, preprimary, female (% gross)",SE.PRE.ENRR.FE,6.82478
"Egypt, Arab Rep.",EGY,1992,"School enrollment, preprimary, female (% gross)",SE.PRE.ENRR.FE,6.5965
"Egypt, Arab Rep.",EGY,1991,"School enrollment, preprimary, female (% gross)",SE.PRE.ENRR.FE,6.02947
"Egypt, Arab Rep.",EGY,1990,"School enrollment, preprimary, female (% gross)",SE.PRE.ENRR.FE,5.46768
"Egypt, Arab Rep.",EGY,1989,"School enrollment, preprimary, female (% gross)",SE.PRE.ENRR.FE,5.17731
"Egypt, Arab Rep.",EGY,1988,"School enrollment, preprimary, female (% gross)",SE.PRE.ENRR.FE,4.96165
"Egypt, Arab Rep.",EGY,1987,"School enrollment, preprimary, female (% gross)",SE.PRE.ENRR.FE,4.58719
"Egypt, Arab Rep.",EGY,1986,"School enrollment, preprimary, female (% gross)",SE.PRE.ENRR.FE,4.49659
"Egypt, Arab Rep.",EGY,1983,"School enrollment, preprimary, female (% gross)",SE.PRE.ENRR.FE,3.26254
"Egypt, Arab Rep.",EGY,1982,"School enrollment, preprimary, female (% gross)",SE.PRE.ENRR.FE,3.08915
"Egypt, Arab Rep.",EGY,1981,"School enrollment, preprimary, female (% gross)",SE.PRE.ENRR.FE,3.11849
"Egypt, Arab Rep.",EGY,1980,"School enrollment, preprimary, female (% gross)",SE.PRE.ENRR.FE,2.88106
"Egypt, Arab Rep.",EGY,1979,"School enrollment, preprimary, female (% gross)",SE.PRE.ENRR.FE,2.60297
"Egypt, Arab Rep.",EGY,1977,"School enrollment, preprimary, female (% gross)",SE.PRE.ENRR.FE,2.09603
"Egypt, Arab Rep.",EGY,1976,"School enrollment, preprimary, female (% gross)",SE.PRE.ENRR.FE,1.92411
"Egypt, Arab Rep.",EGY,1975,"School enrollment, preprimary, female (% gross)",SE.PRE.ENRR.FE,1.67942
"Egypt, Arab Rep.",EGY,1974,"School enrollment, preprimary, female (% gross)",SE.PRE.ENRR.FE,1.66805
"Egypt, Arab Rep.",EGY,1973,"School enrollment, preprimary, female (% gross)",SE.PRE.ENRR.FE,1.53056
"Egypt, Arab Rep.",EGY,1972,"School enrollment, preprimary, female (% gross)",SE.PRE.ENRR.FE,1.34199
"Egypt, Arab Rep.",EGY,1971,"School enrollment, preprimary, female (% gross)",SE.PRE.ENRR.FE,1.2825
"Egypt, Arab Rep.",EGY,2019,"School enrollment, preprimary, male (% gross)",SE.PRE.ENRR.MA,29.25799
"Egypt, Arab Rep.",EGY,2018,"School enrollment, preprimary, male (% gross)",SE.PRE.ENRR.MA,28.76636
"Egypt, Arab Rep.",EGY,2017,"School enrollment, preprimary, male (% gross)",SE.PRE.ENRR.MA,29.06419
"Egypt, Arab Rep.",EGY,2016,"School enrollment, preprimary, male (% gross)",SE.PRE.ENRR.MA,30.15512
"Egypt, Arab Rep.",EGY,2014,"School enrollment, preprimary, male (% gross)",SE.PRE.ENRR.MA,30.1966
"Egypt, Arab Rep.",EGY,2013,"School enrollment, preprimary, male (% gross)",SE.PRE.ENRR.MA,24.89926
"Egypt, Arab Rep.",EGY,2012,"School enrollment, preprimary, male (% gross)",SE.PRE.ENRR.MA,25.67241
"Egypt, Arab Rep.",EGY,2011,"School enrollment, preprimary, male (% gross)",SE.PRE.ENRR.MA,25.52666
"Egypt, Arab Rep.",EGY,2010,"School enrollment, preprimary, male (% gross)",SE.PRE.ENRR.MA,30.10166
"Egypt, Arab Rep.",EGY,2009,"School enrollment, preprimary, male (% gross)",SE.PRE.ENRR.MA,23.56243
"Egypt, Arab Rep.",EGY,2008,"School enrollment, preprimary, male (% gross)",SE.PRE.ENRR.MA,21.90467
"Egypt, Arab Rep.",EGY,2007,"School enrollment, preprimary, male (% gross)",SE.PRE.ENRR.MA,17.03785
"Egypt, Arab Rep.",EGY,2006,"School enrollment, preprimary, male (% gross)",SE.PRE.ENRR.MA,17.29435
"Egypt, Arab Rep.",EGY,2005,"School enrollment, preprimary, male (% gross)",SE.PRE.ENRR.MA,15.98435
"Egypt, Arab Rep.",EGY,2004,"School enrollment, preprimary, male (% gross)",SE.PRE.ENRR.MA,14.01158
"Egypt, Arab Rep.",EGY,2003,"School enrollment, preprimary, male (% gross)",SE.PRE.ENRR.MA,13.52419
"Egypt, Arab Rep.",EGY,2002,"School enrollment, preprimary, male (% gross)",SE.PRE.ENRR.MA,12.74804
"Egypt, Arab Rep.",EGY,2001,"School enrollment, preprimary, male (% gross)",SE.PRE.ENRR.MA,11.90095
"Egypt, Arab Rep.",EGY,2000,"School enrollment, preprimary, male (% gross)",SE.PRE.ENRR.MA,11.03576
"Egypt, Arab Rep.",EGY,1999,"School enrollment, preprimary, male (% gross)",SE.PRE.ENRR.MA,10.09099
"Egypt, Arab Rep.",EGY,1998,"School enrollment, preprimary, male (% gross)",SE.PRE.ENRR.MA,9.52769
"Egypt, Arab Rep.",EGY,1997,"School enrollment, preprimary, male (% gross)",SE.PRE.ENRR.MA,8.56643
"Egypt, Arab Rep.",EGY,1996,"School enrollment, preprimary, male (% gross)",SE.PRE.ENRR.MA,7.77444
"Egypt, Arab Rep.",EGY,1995,"School enrollment, preprimary, male (% gross)",SE.PRE.ENRR.MA,7.44978
"Egypt, Arab Rep.",EGY,1994,"School enrollment, preprimary, male (% gross)",SE.PRE.ENRR.MA,7.1528
"Egypt, Arab Rep.",EGY,1993,"School enrollment, preprimary, male (% gross)",SE.PRE.ENRR.MA,6.91424
"Egypt, Arab Rep.",EGY,1992,"School enrollment, preprimary, male (% gross)",SE.PRE.ENRR.MA,6.64688
"Egypt, Arab Rep.",EGY,1991,"School enrollment, preprimary, male (% gross)",SE.PRE.ENRR.MA,6.03314
"Egypt, Arab Rep.",EGY,1990,"School enrollment, preprimary, male (% gross)",SE.PRE.ENRR.MA,5.52114
"Egypt, Arab Rep.",EGY,1989,"School enrollment, preprimary, male (% gross)",SE.PRE.ENRR.MA,5.24471
"Egypt, Arab Rep.",EGY,1988,"School enrollment, preprimary, male (% gross)",SE.PRE.ENRR.MA,5.01126
"Egypt, Arab Rep.",EGY,1987,"School enrollment, preprimary, male (% gross)",SE.PRE.ENRR.MA,4.61205
"Egypt, Arab Rep.",EGY,1986,"School enrollment, preprimary, male (% gross)",SE.PRE.ENRR.MA,4.50145
"Egypt, Arab Rep.",EGY,1983,"School enrollment, preprimary, male (% gross)",SE.PRE.ENRR.MA,3.23982
"Egypt, Arab Rep.",EGY,1982,"School enrollment, preprimary, male (% gross)",SE.PRE.ENRR.MA,3.0248
"Egypt, Arab Rep.",EGY,1981,"School enrollment, preprimary, male (% gross)",SE.PRE.ENRR.MA,3.04851
"Egypt, Arab Rep.",EGY,1980,"School enrollment, preprimary, male (% gross)",SE.PRE.ENRR.MA,2.82915
"Egypt, Arab Rep.",EGY,1979,"School enrollment, preprimary, male (% gross)",SE.PRE.ENRR.MA,2.45059
"Egypt, Arab Rep.",EGY,1977,"School enrollment, preprimary, male (% gross)",SE.PRE.ENRR.MA,2.07311
"Egypt, Arab Rep.",EGY,1976,"School enrollment, preprimary, male (% gross)",SE.PRE.ENRR.MA,1.84678
"Egypt, Arab Rep.",EGY,1975,"School enrollment, preprimary, male (% gross)",SE.PRE.ENRR.MA,1.56862
"Egypt, Arab Rep.",EGY,1974,"School enrollment, preprimary, male (% gross)",SE.PRE.ENRR.MA,1.555
"Egypt, Arab Rep.",EGY,1973,"School enrollment, preprimary, male (% gross)",SE.PRE.ENRR.MA,1.4566
"Egypt, Arab Rep.",EGY,1972,"School enrollment, preprimary, male (% gross)",SE.PRE.ENRR.MA,1.27841
"Egypt, Arab Rep.",EGY,1971,"School enrollment, preprimary, male (% gross)",SE.PRE.ENRR.MA,1.15777
"Egypt, Arab Rep.",EGY,2019,"Primary completion rate, female (% of relevant age group)",SE.PRM.CMPT.FE.ZS,105.43458
"Egypt, Arab Rep.",EGY,2018,"Primary completion rate, female (% of relevant age group)",SE.PRM.CMPT.FE.ZS,101.63324
"Egypt, Arab Rep.",EGY,2017,"Primary completion rate, female (% of relevant age group)",SE.PRM.CMPT.FE.ZS,97.62611
"Egypt, Arab Rep.",EGY,2016,"Primary completion rate, female (% of relevant age group)",SE.PRM.CMPT.FE.ZS,97.67213
"Egypt, Arab Rep.",EGY,2013,"Primary completion rate, female (% of relevant age group)",SE.PRM.CMPT.FE.ZS,100.98303
"Egypt, Arab Rep.",EGY,2010,"Primary completion rate, female (% of relevant age group)",SE.PRM.CMPT.FE.ZS,95.04538
"Egypt, Arab Rep.",EGY,2009,"Primary completion rate, female (% of relevant age group)",SE.PRM.CMPT.FE.ZS,92.30376
"Egypt, Arab Rep.",EGY,2007,"Primary completion rate, female (% of relevant age group)",SE.PRM.CMPT.FE.ZS,89.04963
"Egypt, Arab Rep.",EGY,2006,"Primary completion rate, female (% of relevant age group)",SE.PRM.CMPT.FE.ZS,86.10126
"Egypt, Arab Rep.",EGY,2005,"Primary completion rate, female (% of relevant age group)",SE.PRM.CMPT.FE.ZS,88.33763
"Egypt, Arab Rep.",EGY,2004,"Primary completion rate, female (% of relevant age group)",SE.PRM.CMPT.FE.ZS,88.81866
"Egypt, Arab Rep.",EGY,2003,"Primary completion rate, female (% of relevant age group)",SE.PRM.CMPT.FE.ZS,87.01359
"Egypt, Arab Rep.",EGY,2002,"Primary completion rate, female (% of relevant age group)",SE.PRM.CMPT.FE.ZS,87.81994
"Egypt, Arab Rep.",EGY,2001,"Primary completion rate, female (% of relevant age group)",SE.PRM.CMPT.FE.ZS,86.86697
"Egypt, Arab Rep.",EGY,2000,"Primary completion rate, female (% of relevant age group)",SE.PRM.CMPT.FE.ZS,88.18682
"Egypt, Arab Rep.",EGY,1999,"Primary completion rate, female (% of relevant age group)",SE.PRM.CMPT.FE.ZS,89.53053
"Egypt, Arab Rep.",EGY,1997,"Primary completion rate, female (% of relevant age group)",SE.PRM.CMPT.FE.ZS,83.48016
"Egypt, Arab Rep.",EGY,1986,"Primary completion rate, female (% of relevant age group)",SE.PRM.CMPT.FE.ZS,62.83475
"Egypt, Arab Rep.",EGY,1981,"Primary completion rate, female (% of relevant age group)",SE.PRM.CMPT.FE.ZS,44.34078
"Egypt, Arab Rep.",EGY,1980,"Primary completion rate, female (% of relevant age group)",SE.PRM.CMPT.FE.ZS,36.99266
"Egypt, Arab Rep.",EGY,1979,"Primary completion rate, female (% of relevant age group)",SE.PRM.CMPT.FE.ZS,23.8906
"Egypt, Arab Rep.",EGY,1978,"Primary completion rate, female (% of relevant age group)",SE.PRM.CMPT.FE.ZS,37.24914
"Egypt, Arab Rep.",EGY,1977,"Primary completion rate, female (% of relevant age group)",SE.PRM.CMPT.FE.ZS,47.54169
"Egypt, Arab Rep.",EGY,1976,"Primary completion rate, female (% of relevant age group)",SE.PRM.CMPT.FE.ZS,47.57163
"Egypt, Arab Rep.",EGY,1975,"Primary completion rate, female (% of relevant age group)",SE.PRM.CMPT.FE.ZS,46.27101
"Egypt, Arab Rep.",EGY,1974,"Primary completion rate, female (% of relevant age group)",SE.PRM.CMPT.FE.ZS,44.56649
"Egypt, Arab Rep.",EGY,1973,"Primary completion rate, female (% of relevant age group)",SE.PRM.CMPT.FE.ZS,42.22535
"Egypt, Arab Rep.",EGY,1972,"Primary completion rate, female (% of relevant age group)",SE.PRM.CMPT.FE.ZS,39.54059
"Egypt, Arab Rep.",EGY,1971,"Primary completion rate, female (% of relevant age group)",SE.PRM.CMPT.FE.ZS,41.73461
"Egypt, Arab Rep.",EGY,2019,"Primary completion rate, male (% of relevant age group)",SE.PRM.CMPT.MA.ZS,103.83146
"Egypt, Arab Rep.",EGY,2018,"Primary completion rate, male (% of relevant age group)",SE.PRM.CMPT.MA.ZS,99.79187
"Egypt, Arab Rep.",EGY,2017,"Primary completion rate, male (% of relevant age group)",SE.PRM.CMPT.MA.ZS,96.77821
"Egypt, Arab Rep.",EGY,2016,"Primary completion rate, male (% of relevant age group)",SE.PRM.CMPT.MA.ZS,96.18514
"Egypt, Arab Rep.",EGY,2013,"Primary completion rate, male (% of relevant age group)",SE.PRM.CMPT.MA.ZS,100.10255
"Egypt, Arab Rep.",EGY,2010,"Primary completion rate, male (% of relevant age group)",SE.PRM.CMPT.MA.ZS,96.96021
"Egypt, Arab Rep.",EGY,2009,"Primary completion rate, male (% of relevant age group)",SE.PRM.CMPT.MA.ZS,94.66161
"Egypt, Arab Rep.",EGY,2007,"Primary completion rate, male (% of relevant age group)",SE.PRM.CMPT.MA.ZS,92.70627
"Egypt, Arab Rep.",EGY,2006,"Primary completion rate, male (% of relevant age group)",SE.PRM.CMPT.MA.ZS,88.55051
"Egypt, Arab Rep.",EGY,2005,"Primary completion rate, male (% of relevant age group)",SE.PRM.CMPT.MA.ZS,95.42289
"Egypt, Arab Rep.",EGY,2004,"Primary completion rate, male (% of relevant age group)",SE.PRM.CMPT.MA.ZS,91.49066
"Egypt, Arab Rep.",EGY,2003,"Primary completion rate, male (% of relevant age group)",SE.PRM.CMPT.MA.ZS,90.24239
"Egypt, Arab Rep.",EGY,2002,"Primary completion rate, male (% of relevant age group)",SE.PRM.CMPT.MA.ZS,88.63509
"Egypt, Arab Rep.",EGY,2001,"Primary completion rate, male (% of relevant age group)",SE.PRM.CMPT.MA.ZS,91.80259
"Egypt, Arab Rep.",EGY,2000,"Primary completion rate, male (% of relevant age group)",SE.PRM.CMPT.MA.ZS,94.18768
"Egypt, Arab Rep.",EGY,1999,"Primary completion rate, male (% of relevant age group)",SE.PRM.CMPT.MA.ZS,96.38818
"Egypt, Arab Rep.",EGY,1997,"Primary completion rate, male (% of relevant age group)",SE.PRM.CMPT.MA.ZS,94.08847
"Egypt, Arab Rep.",EGY,1986,"Primary completion rate, male (% of relevant age group)",SE.PRM.CMPT.MA.ZS,84.88091
"Egypt, Arab Rep.",EGY,1981,"Primary completion rate, male (% of relevant age group)",SE.PRM.CMPT.MA.ZS,66.24383
"Egypt, Arab Rep.",EGY,1980,"Primary completion rate, male (% of relevant age group)",SE.PRM.CMPT.MA.ZS,55.83953
"Egypt, Arab Rep.",EGY,1979,"Primary completion rate, male (% of relevant age group)",SE.PRM.CMPT.MA.ZS,48.12437
"Egypt, Arab Rep.",EGY,1978,"Primary completion rate, male (% of relevant age group)",SE.PRM.CMPT.MA.ZS,70.92676
"Egypt, Arab Rep.",EGY,1977,"Primary completion rate, male (% of relevant age group)",SE.PRM.CMPT.MA.ZS,76.6001
"Egypt, Arab Rep.",EGY,1976,"Primary completion rate, male (% of relevant age group)",SE.PRM.CMPT.MA.ZS,76.22407
"Egypt, Arab Rep.",EGY,1975,"Primary completion rate, male (% of relevant age group)",SE.PRM.CMPT.MA.ZS,75.34927
"Egypt, Arab Rep.",EGY,1974,"Primary completion rate, male (% of relevant age group)",SE.PRM.CMPT.MA.ZS,71.63985
"Egypt, Arab Rep.",EGY,1973,"Primary completion rate, male (% of relevant age group)",SE.PRM.CMPT.MA.ZS,69.87709
"Egypt, Arab Rep.",EGY,1972,"Primary completion rate, male (% of relevant age group)",SE.PRM.CMPT.MA.ZS,65.70332
"Egypt, Arab Rep.",EGY,1971,"Primary completion rate, male (% of relevant age group)",SE.PRM.CMPT.MA.ZS,69.80085
"Egypt, Arab Rep.",EGY,2006,"Educational attainment, at least completed primary, population 25+ years, female (%) (cumulative)",SE.PRM.CUAT.FE.ZS,40.34365
"Egypt, Arab Rep.",EGY,2006,"Educational attainment, at least completed primary, population 25+ years, male (%) (cumulative)",SE.PRM.CUAT.MA.ZS,58.20105
"Egypt, Arab Rep.",EGY,2006,"Educational attainment, at least completed primary, population 25+ years, total (%) (cumulative)",SE.PRM.CUAT.ZS,49.40781
"Egypt, Arab Rep.",EGY,2018,"Primary education, pupils (% female)",SE.PRM.ENRL.FE.ZS,48.59901
"Egypt, Arab Rep.",EGY,2017,"Primary education, pupils (% female)",SE.PRM.ENRL.FE.ZS,48.57092
"Egypt, Arab Rep.",EGY,2016,"Primary education, pupils (% female)",SE.PRM.ENRL.FE.ZS,48.51585
"Egypt, Arab Rep.",EGY,2014,"Primary education, pupils (% female)",SE.PRM.ENRL.FE.ZS,48.42062
"Egypt, Arab Rep.",EGY,2013,"Primary education, pupils (% female)",SE.PRM.ENRL.FE.ZS,48.28475
"Egypt, Arab Rep.",EGY,2012,"Primary education, pupils (% female)",SE.PRM.ENRL.FE.ZS,48.1877
"Egypt, Arab Rep.",EGY,2011,"Primary education, pupils (% female)",SE.PRM.ENRL.FE.ZS,47.40263
"Egypt, Arab Rep.",EGY,2010,"Primary education, pupils (% female)",SE.PRM.ENRL.FE.ZS,47.85334
"Egypt, Arab Rep.",EGY,2009,"Primary education, pupils (% female)",SE.PRM.ENRL.FE.ZS,47.7916
"Egypt, Arab Rep.",EGY,2007,"Primary education, pupils (% female)",SE.PRM.ENRL.FE.ZS,47.59621
"Egypt, Arab Rep.",EGY,2006,"Primary education, pupils (% female)",SE.PRM.ENRL.FE.ZS,47.40855
"Egypt, Arab Rep.",EGY,2005,"Primary education, pupils (% female)",SE.PRM.ENRL.FE.ZS,47.336
"Egypt, Arab Rep.",EGY,2004,"Primary education, pupils (% female)",SE.PRM.ENRL.FE.ZS,47.87272
"Egypt, Arab Rep.",EGY,2003,"Primary education, pupils (% female)",SE.PRM.ENRL.FE.ZS,47.60759
"Egypt, Arab Rep.",EGY,2002,"Primary education, pupils (% female)",SE.PRM.ENRL.FE.ZS,47.37107
"Egypt, Arab Rep.",EGY,2001,"Primary education, pupils (% female)",SE.PRM.ENRL.FE.ZS,47.15847
"Egypt, Arab Rep.",EGY,2000,"Primary education, pupils (% female)",SE.PRM.ENRL.FE.ZS,46.9071
"Egypt, Arab Rep.",EGY,1999,"Primary education, pupils (% female)",SE.PRM.ENRL.FE.ZS,46.68987
"Egypt, Arab Rep.",EGY,1997,"Primary education, pupils (% female)",SE.PRM.ENRL.FE.ZS,45.44422
"Egypt, Arab Rep.",EGY,1996,"Primary education, pupils (% female)",SE.PRM.ENRL.FE.ZS,41.99095
"Egypt, Arab Rep.",EGY,1995,"Primary education, pupils (% female)",SE.PRM.ENRL.FE.ZS,45.73728
"Egypt, Arab Rep.",EGY,1994,"Primary education, pupils (% female)",SE.PRM.ENRL.FE.ZS,44.79675
"Egypt, Arab Rep.",EGY,1993,"Primary education, pupils (% female)",SE.PRM.ENRL.FE.ZS,45.19884
"Egypt, Arab Rep.",EGY,1992,"Primary education, pupils (% female)",SE.PRM.ENRL.FE.ZS,44.98439
"Egypt, Arab Rep.",EGY,1991,"Primary education, pupils (% female)",SE.PRM.ENRL.FE.ZS,44.35141
"Egypt, Arab Rep.",EGY,1990,"Primary education, pupils (% female)",SE.PRM.ENRL.FE.ZS,44.61102
"Egypt, Arab Rep.",EGY,1989,"Primary education, pupils (% female)",SE.PRM.ENRL.FE.ZS,44.18131
"Egypt, Arab Rep.",EGY,1988,"Primary education, pupils (% female)",SE.PRM.ENRL.FE.ZS,42.77022
"Egypt, Arab Rep.",EGY,1987,"Primary education, pupils (% female)",SE.PRM.ENRL.FE.ZS,43.65378
"Egypt, Arab Rep.",EGY,1986,"Primary education, pupils (% female)",SE.PRM.ENRL.FE.ZS,43.20029
"Egypt, Arab Rep.",EGY,1985,"Primary education, pupils (% female)",SE.PRM.ENRL.FE.ZS,42.64354
"Egypt, Arab Rep.",EGY,1984,"Primary education, pupils (% female)",SE.PRM.ENRL.FE.ZS,41.98478
"Egypt, Arab Rep.",EGY,1983,"Primary education, pupils (% female)",SE.PRM.ENRL.FE.ZS,41.26416
"Egypt, Arab Rep.",EGY,1982,"Primary education, pupils (% female)",SE.PRM.ENRL.FE.ZS,40.68429
"Egypt, Arab Rep.",EGY,1981,"Primary education, pupils (% female)",SE.PRM.ENRL.FE.ZS,40.2321
"Egypt, Arab Rep.",EGY,1980,"Primary education, pupils (% female)",SE.PRM.ENRL.FE.ZS,39.75165
"Egypt, Arab Rep.",EGY,1979,"Primary education, pupils (% female)",SE.PRM.ENRL.FE.ZS,39.4309
"Egypt, Arab Rep.",EGY,1978,"Primary education, pupils (% female)",SE.PRM.ENRL.FE.ZS,39.02333
"Egypt, Arab Rep.",EGY,1977,"Primary education, pupils (% female)",SE.PRM.ENRL.FE.ZS,38.62558
"Egypt, Arab Rep.",EGY,1976,"Primary education, pupils (% female)",SE.PRM.ENRL.FE.ZS,38.305
"Egypt, Arab Rep.",EGY,1975,"Primary education, pupils (% female)",SE.PRM.ENRL.FE.ZS,37.97586
"Egypt, Arab Rep.",EGY,1974,"Primary education, pupils (% female)",SE.PRM.ENRL.FE.ZS,37.91633
"Egypt, Arab Rep.",EGY,1973,"Primary education, pupils (% female)",SE.PRM.ENRL.FE.ZS,37.7612
"Egypt, Arab Rep.",EGY,1972,"Primary education, pupils (% female)",SE.PRM.ENRL.FE.ZS,37.75712
"Egypt, Arab Rep.",EGY,1971,"Primary education, pupils (% female)",SE.PRM.ENRL.FE.ZS,37.76821
"Egypt, Arab Rep.",EGY,2019,"School enrollment, primary, female (% gross)",SE.PRM.ENRR.FE,106.85143
"Egypt, Arab Rep.",EGY,2018,"School enrollment, primary, female (% gross)",SE.PRM.ENRR.FE,106.49911
"Egypt, Arab Rep.",EGY,2017,"School enrollment, primary, female (% gross)",SE.PRM.ENRR.FE,106.27984
"Egypt, Arab Rep.",EGY,2016,"School enrollment, primary, female (% gross)",SE.PRM.ENRR.FE,105.43012
"Egypt, Arab Rep.",EGY,2014,"School enrollment, primary, female (% gross)",SE.PRM.ENRR.FE,103.71776
"Egypt, Arab Rep.",EGY,2013,"School enrollment, primary, female (% gross)",SE.PRM.ENRR.FE,104.62894
"Egypt, Arab Rep.",EGY,2012,"School enrollment, primary, female (% gross)",SE.PRM.ENRR.FE,104.06121
"Egypt, Arab Rep.",EGY,2011,"School enrollment, primary, female (% gross)",SE.PRM.ENRR.FE,96.82499
"Egypt, Arab Rep.",EGY,2010,"School enrollment, primary, female (% gross)",SE.PRM.ENRR.FE,100.73978
"Egypt, Arab Rep.",EGY,2009,"School enrollment, primary, female (% gross)",SE.PRM.ENRR.FE,99.65919
"Egypt, Arab Rep.",EGY,2007,"School enrollment, primary, female (% gross)",SE.PRM.ENRR.FE,96.22624
"Egypt, Arab Rep.",EGY,2006,"School enrollment, primary, female (% gross)",SE.PRM.ENRR.FE,94.72658
"Egypt, Arab Rep.",EGY,2005,"School enrollment, primary, female (% gross)",SE.PRM.ENRR.FE,93.05295
"Egypt, Arab Rep.",EGY,2004,"School enrollment, primary, female (% gross)",SE.PRM.ENRR.FE,94.10366
"Egypt, Arab Rep.",EGY,2003,"School enrollment, primary, female (% gross)",SE.PRM.ENRR.FE,93.20288
"Egypt, Arab Rep.",EGY,2002,"School enrollment, primary, female (% gross)",SE.PRM.ENRR.FE,92.20969
"Egypt, Arab Rep.",EGY,2001,"School enrollment, primary, female (% gross)",SE.PRM.ENRR.FE,91.01946
"Egypt, Arab Rep.",EGY,2000,"School enrollment, primary, female (% gross)",SE.PRM.ENRR.FE,90.38898
"Egypt, Arab Rep.",EGY,1999,"School enrollment, primary, female (% gross)",SE.PRM.ENRR.FE,90.55926
"Egypt, Arab Rep.",EGY,1997,"School enrollment, primary, female (% gross)",SE.PRM.ENRR.FE,90.03382
"Egypt, Arab Rep.",EGY,1996,"School enrollment, primary, female (% gross)",SE.PRM.ENRR.FE,83.78275
"Egypt, Arab Rep.",EGY,1995,"School enrollment, primary, female (% gross)",SE.PRM.ENRR.FE,82.95275
"Egypt, Arab Rep.",EGY,1994,"School enrollment, primary, female (% gross)",SE.PRM.ENRR.FE,87.84827
"Egypt, Arab Rep.",EGY,1993,"School enrollment, primary, female (% gross)",SE.PRM.ENRR.FE,79.89998
"Egypt, Arab Rep.",EGY,1992,"School enrollment, primary, female (% gross)",SE.PRM.ENRR.FE,78.7997
"Egypt, Arab Rep.",EGY,1991,"School enrollment, primary, female (% gross)",SE.PRM.ENRR.FE,85.20469
"Egypt, Arab Rep.",EGY,1990,"School enrollment, primary, female (% gross)",SE.PRM.ENRR.FE,83.45578
"Egypt, Arab Rep.",EGY,1989,"School enrollment, primary, female (% gross)",SE.PRM.ENRR.FE,80.8555
"Egypt, Arab Rep.",EGY,1988,"School enrollment, primary, female (% gross)",SE.PRM.ENRR.FE,77.56835
"Egypt, Arab Rep.",EGY,1987,"School enrollment, primary, female (% gross)",SE.PRM.ENRR.FE,76.95665
"Egypt, Arab Rep.",EGY,1986,"School enrollment, primary, female (% gross)",SE.PRM.ENRR.FE,73.84915
"Egypt, Arab Rep.",EGY,1985,"School enrollment, primary, female (% gross)",SE.PRM.ENRR.FE,70.76457
"Egypt, Arab Rep.",EGY,1984,"School enrollment, primary, female (% gross)",SE.PRM.ENRR.FE,67.46922
"Egypt, Arab Rep.",EGY,1983,"School enrollment, primary, female (% gross)",SE.PRM.ENRR.FE,64.02749
"Egypt, Arab Rep.",EGY,1982,"School enrollment, primary, female (% gross)",SE.PRM.ENRR.FE,60.76228
"Egypt, Arab Rep.",EGY,1981,"School enrollment, primary, female (% gross)",SE.PRM.ENRR.FE,58.47486
"Egypt, Arab Rep.",EGY,1980,"School enrollment, primary, female (% gross)",SE.PRM.ENRR.FE,57.02176
"Egypt, Arab Rep.",EGY,1979,"School enrollment, primary, female (% gross)",SE.PRM.ENRR.FE,55.42933
"Egypt, Arab Rep.",EGY,1978,"School enrollment, primary, female (% gross)",SE.PRM.ENRR.FE,54.80343
"Egypt, Arab Rep.",EGY,1977,"School enrollment, primary, female (% gross)",SE.PRM.ENRR.FE,54.45526
"Egypt, Arab Rep.",EGY,1976,"School enrollment, primary, female (% gross)",SE.PRM.ENRR.FE,54.76015
"Egypt, Arab Rep.",EGY,1975,"School enrollment, primary, female (% gross)",SE.PRM.ENRR.FE,54.87473
"Egypt, Arab Rep.",EGY,1974,"School enrollment, primary, female (% gross)",SE.PRM.ENRR.FE,53.9874
"Egypt, Arab Rep.",EGY,1973,"School enrollment, primary, female (% gross)",SE.PRM.ENRR.FE,55.93911
"Egypt, Arab Rep.",EGY,1972,"School enrollment, primary, female (% gross)",SE.PRM.ENRR.FE,55.66144
"Egypt, Arab Rep.",EGY,1971,"School enrollment, primary, female (% gross)",SE.PRM.ENRR.FE,54.97048
"Egypt, Arab Rep.",EGY,2019,"School enrollment, primary, male (% gross)",SE.PRM.ENRR.MA,105.99355
"Egypt, Arab Rep.",EGY,2018,"School enrollment, primary, male (% gross)",SE.PRM.ENRR.MA,106.08322
"Egypt, Arab Rep.",EGY,2017,"School enrollment, primary, male (% gross)",SE.PRM.ENRR.MA,105.99561
"Egypt, Arab Rep.",EGY,2016,"School enrollment, primary, male (% gross)",SE.PRM.ENRR.MA,105.35916
"Egypt, Arab Rep.",EGY,2014,"School enrollment, primary, male (% gross)",SE.PRM.ENRR.MA,104.01631
"Egypt, Arab Rep.",EGY,2013,"School enrollment, primary, male (% gross)",SE.PRM.ENRR.MA,105.53279
"Egypt, Arab Rep.",EGY,2012,"School enrollment, primary, male (% gross)",SE.PRM.ENRR.MA,105.45696
"Egypt, Arab Rep.",EGY,2011,"School enrollment, primary, male (% gross)",SE.PRM.ENRR.MA,101.41169
"Egypt, Arab Rep.",EGY,2010,"School enrollment, primary, male (% gross)",SE.PRM.ENRR.MA,103.74598
"Egypt, Arab Rep.",EGY,2009,"School enrollment, primary, male (% gross)",SE.PRM.ENRR.MA,103.01324
"Egypt, Arab Rep.",EGY,2007,"School enrollment, primary, male (% gross)",SE.PRM.ENRR.MA,100.43438
"Egypt, Arab Rep.",EGY,2006,"School enrollment, primary, male (% gross)",SE.PRM.ENRR.MA,99.66539
"Egypt, Arab Rep.",EGY,2005,"School enrollment, primary, male (% gross)",SE.PRM.ENRR.MA,98.22448
"Egypt, Arab Rep.",EGY,2004,"School enrollment, primary, male (% gross)",SE.PRM.ENRR.MA,97.23657
"Egypt, Arab Rep.",EGY,2003,"School enrollment, primary, male (% gross)",SE.PRM.ENRR.MA,97.35753
"Egypt, Arab Rep.",EGY,2002,"School enrollment, primary, male (% gross)",SE.PRM.ENRR.MA,97.23628
"Egypt, Arab Rep.",EGY,2001,"School enrollment, primary, male (% gross)",SE.PRM.ENRR.MA,96.76752
"Egypt, Arab Rep.",EGY,2000,"School enrollment, primary, male (% gross)",SE.PRM.ENRR.MA,97.07819
"Egypt, Arab Rep.",EGY,1999,"School enrollment, primary, male (% gross)",SE.PRM.ENRR.MA,98.08706
"Egypt, Arab Rep.",EGY,1997,"School enrollment, primary, male (% gross)",SE.PRM.ENRR.MA,102.49356
"Egypt, Arab Rep.",EGY,1996,"School enrollment, primary, male (% gross)",SE.PRM.ENRR.MA,109.81312
"Egypt, Arab Rep.",EGY,1995,"School enrollment, primary, male (% gross)",SE.PRM.ENRR.MA,93.39877
"Egypt, Arab Rep.",EGY,1994,"School enrollment, primary, male (% gross)",SE.PRM.ENRR.MA,102.78153
"Egypt, Arab Rep.",EGY,1993,"School enrollment, primary, male (% gross)",SE.PRM.ENRR.MA,91.97867
"Egypt, Arab Rep.",EGY,1992,"School enrollment, primary, male (% gross)",SE.PRM.ENRR.MA,91.4388
"Egypt, Arab Rep.",EGY,1991,"School enrollment, primary, male (% gross)",SE.PRM.ENRR.MA,101.2871
"Egypt, Arab Rep.",EGY,1990,"School enrollment, primary, male (% gross)",SE.PRM.ENRR.MA,98.17796
"Egypt, Arab Rep.",EGY,1989,"School enrollment, primary, male (% gross)",SE.PRM.ENRR.MA,96.77147
"Egypt, Arab Rep.",EGY,1988,"School enrollment, primary, male (% gross)",SE.PRM.ENRR.MA,98.29731
"Egypt, Arab Rep.",EGY,1987,"School enrollment, primary, male (% gross)",SE.PRM.ENRR.MA,93.96108
"Egypt, Arab Rep.",EGY,1986,"School enrollment, primary, male (% gross)",SE.PRM.ENRR.MA,91.60925
"Egypt, Arab Rep.",EGY,1985,"School enrollment, primary, male (% gross)",SE.PRM.ENRR.MA,89.7506
"Egypt, Arab Rep.",EGY,1984,"School enrollment, primary, male (% gross)",SE.PRM.ENRR.MA,87.84036
"Egypt, Arab Rep.",EGY,1983,"School enrollment, primary, male (% gross)",SE.PRM.ENRR.MA,85.77073
"Egypt, Arab Rep.",EGY,1982,"School enrollment, primary, male (% gross)",SE.PRM.ENRR.MA,83.23963
"Egypt, Arab Rep.",EGY,1981,"School enrollment, primary, male (% gross)",SE.PRM.ENRR.MA,81.44288
"Egypt, Arab Rep.",EGY,1980,"School enrollment, primary, male (% gross)",SE.PRM.ENRR.MA,80.86069
"Egypt, Arab Rep.",EGY,1979,"School enrollment, primary, male (% gross)",SE.PRM.ENRR.MA,79.5722
"Egypt, Arab Rep.",EGY,1978,"School enrollment, primary, male (% gross)",SE.PRM.ENRR.MA,79.98313
"Egypt, Arab Rep.",EGY,1977,"School enrollment, primary, male (% gross)",SE.PRM.ENRR.MA,80.75497
"Egypt, Arab Rep.",EGY,1976,"School enrollment, primary, male (% gross)",SE.PRM.ENRR.MA,82.18228
"Egypt, Arab Rep.",EGY,1975,"School enrollment, primary, male (% gross)",SE.PRM.ENRR.MA,83.43242
"Egypt, Arab Rep.",EGY,1974,"School enrollment, primary, male (% gross)",SE.PRM.ENRR.MA,82.16268
"Egypt, Arab Rep.",EGY,1973,"School enrollment, primary, male (% gross)",SE.PRM.ENRR.MA,85.52526
"Egypt, Arab Rep.",EGY,1972,"School enrollment, primary, male (% gross)",SE.PRM.ENRR.MA,84.93495
"Egypt, Arab Rep.",EGY,1971,"School enrollment, primary, male (% gross)",SE.PRM.ENRR.MA,83.67946
"Egypt, Arab Rep.",EGY,2018,"Gross intake ratio in first grade of primary education, female (% of relevant age group)",SE.PRM.GINT.FE.ZS,102.41373
"Egypt, Arab Rep.",EGY,2017,"Gross intake ratio in first grade of primary education, female (% of relevant age group)",SE.PRM.GINT.FE.ZS,105.26717
"Egypt, Arab Rep.",EGY,2016,"Gross intake ratio in first grade of primary education, female (% of relevant age group)",SE.PRM.GINT.FE.ZS,102.80086
"Egypt, Arab Rep.",EGY,2014,"Gross intake ratio in first grade of primary education, female (% of relevant age group)",SE.PRM.GINT.FE.ZS,103.50414
"Egypt, Arab Rep.",EGY,2013,"Gross intake ratio in first grade of primary education, female (% of relevant age group)",SE.PRM.GINT.FE.ZS,102.8274
"Egypt, Arab Rep.",EGY,2012,"Gross intake ratio in first grade of primary education, female (% of relevant age group)",SE.PRM.GINT.FE.ZS,101.34301
"Egypt, Arab Rep.",EGY,2011,"Gross intake ratio in first grade of primary education, female (% of relevant age group)",SE.PRM.GINT.FE.ZS,101.65322
"Egypt, Arab Rep.",EGY,2010,"Gross intake ratio in first grade of primary education, female (% of relevant age group)",SE.PRM.GINT.FE.ZS,100.40497
"Egypt, Arab Rep.",EGY,2009,"Gross intake ratio in first grade of primary education, female (% of relevant age group)",SE.PRM.GINT.FE.ZS,100.31436
"Egypt, Arab Rep.",EGY,2007,"Gross intake ratio in first grade of primary education, female (% of relevant age group)",SE.PRM.GINT.FE.ZS,98.14197
"Egypt, Arab Rep.",EGY,2006,"Gross intake ratio in first grade of primary education, female (% of relevant age group)",SE.PRM.GINT.FE.ZS,96.59187
"Egypt, Arab Rep.",EGY,2005,"Gross intake ratio in first grade of primary education, female (% of relevant age group)",SE.PRM.GINT.FE.ZS,96.61232
"Egypt, Arab Rep.",EGY,2004,"Gross intake ratio in first grade of primary education, female (% of relevant age group)",SE.PRM.GINT.FE.ZS,94.37917
"Egypt, Arab Rep.",EGY,2003,"Gross intake ratio in first grade of primary education, female (% of relevant age group)",SE.PRM.GINT.FE.ZS,92.69685
"Egypt, Arab Rep.",EGY,2002,"Gross intake ratio in first grade of primary education, female (% of relevant age group)",SE.PRM.GINT.FE.ZS,92.73163
"Egypt, Arab Rep.",EGY,2001,"Gross intake ratio in first grade of primary education, female (% of relevant age group)",SE.PRM.GINT.FE.ZS,90.38676
"Egypt, Arab Rep.",EGY,2000,"Gross intake ratio in first grade of primary education, female (% of relevant age group)",SE.PRM.GINT.FE.ZS,88.09306
"Egypt, Arab Rep.",EGY,1999,"Gross intake ratio in first grade of primary education, female (% of relevant age group)",SE.PRM.GINT.FE.ZS,84.50095
"Egypt, Arab Rep.",EGY,1997,"Gross intake ratio in first grade of primary education, female (% of relevant age group)",SE.PRM.GINT.FE.ZS,81.48816
"Egypt, Arab Rep.",EGY,1986,"Gross intake ratio in first grade of primary education, female (% of relevant age group)",SE.PRM.GINT.FE.ZS,80.23401
"Egypt, Arab Rep.",EGY,2018,"Gross intake ratio in first grade of primary education, male (% of relevant age group)",SE.PRM.GINT.MA.ZS,101.17963
"Egypt, Arab Rep.",EGY,2017,"Gross intake ratio in first grade of primary education, male (% of relevant age group)",SE.PRM.GINT.MA.ZS,104.96672
"Egypt, Arab Rep.",EGY,2016,"Gross intake ratio in first grade of primary education, male (% of relevant age group)",SE.PRM.GINT.MA.ZS,102.23186
"Egypt, Arab Rep.",EGY,2014,"Gross intake ratio in first grade of primary education, male (% of relevant age group)",SE.PRM.GINT.MA.ZS,103.13719
"Egypt, Arab Rep.",EGY,2013,"Gross intake ratio in first grade of primary education, male (% of relevant age group)",SE.PRM.GINT.MA.ZS,102.12858
"Egypt, Arab Rep.",EGY,2012,"Gross intake ratio in first grade of primary education, male (% of relevant age group)",SE.PRM.GINT.MA.ZS,100.45896
"Egypt, Arab Rep.",EGY,2011,"Gross intake ratio in first grade of primary education, male (% of relevant age group)",SE.PRM.GINT.MA.ZS,102.15718
"Egypt, Arab Rep.",EGY,2010,"Gross intake ratio in first grade of primary education, male (% of relevant age group)",SE.PRM.GINT.MA.ZS,100.94548
"Egypt, Arab Rep.",EGY,2009,"Gross intake ratio in first grade of primary education, male (% of relevant age group)",SE.PRM.GINT.MA.ZS,101.16359
"Egypt, Arab Rep.",EGY,2007,"Gross intake ratio in first grade of primary education, male (% of relevant age group)",SE.PRM.GINT.MA.ZS,99.49051
"Egypt, Arab Rep.",EGY,2006,"Gross intake ratio in first grade of primary education, male (% of relevant age group)",SE.PRM.GINT.MA.ZS,98.89444
"Egypt, Arab Rep.",EGY,2005,"Gross intake ratio in first grade of primary education, male (% of relevant age group)",SE.PRM.GINT.MA.ZS,98.82432
"Egypt, Arab Rep.",EGY,2004,"Gross intake ratio in first grade of primary education, male (% of relevant age group)",SE.PRM.GINT.MA.ZS,93.7294
"Egypt, Arab Rep.",EGY,2003,"Gross intake ratio in first grade of primary education, male (% of relevant age group)",SE.PRM.GINT.MA.ZS,93.33761
"Egypt, Arab Rep.",EGY,2002,"Gross intake ratio in first grade of primary education, male (% of relevant age group)",SE.PRM.GINT.MA.ZS,93.72161
"Egypt, Arab Rep.",EGY,2001,"Gross intake ratio in first grade of primary education, male (% of relevant age group)",SE.PRM.GINT.MA.ZS,92.09463
"Egypt, Arab Rep.",EGY,2000,"Gross intake ratio in first grade of primary education, male (% of relevant age group)",SE.PRM.GINT.MA.ZS,90.82533
"Egypt, Arab Rep.",EGY,1999,"Gross intake ratio in first grade of primary education, male (% of relevant age group)",SE.PRM.GINT.MA.ZS,87.1021
"Egypt, Arab Rep.",EGY,1997,"Gross intake ratio in first grade of primary education, male (% of relevant age group)",SE.PRM.GINT.MA.ZS,88.59453
"Egypt, Arab Rep.",EGY,1986,"Gross intake ratio in first grade of primary education, male (% of relevant age group)",SE.PRM.GINT.MA.ZS,93.90977
"Egypt, Arab Rep.",EGY,2012,"School enrollment, primary, female (% net)",SE.PRM.NENR.FE,98.77074
"Egypt, Arab Rep.",EGY,2004,"School enrollment, primary, female (% net)",SE.PRM.NENR.FE,89.87591
"Egypt, Arab Rep.",EGY,2003,"School enrollment, primary, female (% net)",SE.PRM.NENR.FE,88.22327
"Egypt, Arab Rep.",EGY,2002,"School enrollment, primary, female (% net)",SE.PRM.NENR.FE,86.75323
"Egypt, Arab Rep.",EGY,2001,"School enrollment, primary, female (% net)",SE.PRM.NENR.FE,85.45946
"Egypt, Arab Rep.",EGY,2000,"School enrollment, primary, female (% net)",SE.PRM.NENR.FE,84.32374
"Egypt, Arab Rep.",EGY,1999,"School enrollment, primary, female (% net)",SE.PRM.NENR.FE,84.2703
"Egypt, Arab Rep.",EGY,1997,"School enrollment, primary, female (% net)",SE.PRM.NENR.FE,84.15564
"Egypt, Arab Rep.",EGY,1994,"School enrollment, primary, female (% net)",SE.PRM.NENR.FE,80.85954
"Egypt, Arab Rep.",EGY,1978,"School enrollment, primary, female (% net)",SE.PRM.NENR.FE,54.43943
"Egypt, Arab Rep.",EGY,1973,"School enrollment, primary, female (% net)",SE.PRM.NENR.FE,51.34122
"Egypt, Arab Rep.",EGY,1972,"School enrollment, primary, female (% net)",SE.PRM.NENR.FE,51.57135
"Egypt, Arab Rep.",EGY,1971,"School enrollment, primary, female (% net)",SE.PRM.NENR.FE,51.44103
"Egypt, Arab Rep.",EGY,2012,"School enrollment, primary, male (% net)",SE.PRM.NENR.MA,98.31666
"Egypt, Arab Rep.",EGY,2004,"School enrollment, primary, male (% net)",SE.PRM.NENR.MA,91.41475
"Egypt, Arab Rep.",EGY,2003,"School enrollment, primary, male (% net)",SE.PRM.NENR.MA,90.72041
"Egypt, Arab Rep.",EGY,2002,"School enrollment, primary, male (% net)",SE.PRM.NENR.MA,89.75788
"Egypt, Arab Rep.",EGY,2001,"School enrollment, primary, male (% net)",SE.PRM.NENR.MA,89.1922
"Egypt, Arab Rep.",EGY,2000,"School enrollment, primary, male (% net)",SE.PRM.NENR.MA,88.857
"Egypt, Arab Rep.",EGY,1999,"School enrollment, primary, male (% net)",SE.PRM.NENR.MA,89.65508
"Egypt, Arab Rep.",EGY,1997,"School enrollment, primary, male (% net)",SE.PRM.NENR.MA,94.08485
"Egypt, Arab Rep.",EGY,1994,"School enrollment, primary, male (% net)",SE.PRM.NENR.MA,93.58536
"Egypt, Arab Rep.",EGY,1978,"School enrollment, primary, male (% net)",SE.PRM.NENR.MA,78.58982
"Egypt, Arab Rep.",EGY,1973,"School enrollment, primary, male (% net)",SE.PRM.NENR.MA,78.14689
"Egypt, Arab Rep.",EGY,1972,"School enrollment, primary, male (% net)",SE.PRM.NENR.MA,78.2335
"Egypt, Arab Rep.",EGY,1971,"School enrollment, primary, male (% net)",SE.PRM.NENR.MA,77.54768
"Egypt, Arab Rep.",EGY,2018,"Net intake rate in grade 1, female (% of official school-age population)",SE.PRM.NINT.FE.ZS,90.17153
"Egypt, Arab Rep.",EGY,2016,"Net intake rate in grade 1, female (% of official school-age population)",SE.PRM.NINT.FE.ZS,88.23827
"Egypt, Arab Rep.",EGY,2010,"Net intake rate in grade 1, female (% of official school-age population)",SE.PRM.NINT.FE.ZS,86.60515
"Egypt, Arab Rep.",EGY,2009,"Net intake rate in grade 1, female (% of official school-age population)",SE.PRM.NINT.FE.ZS,86.63047
"Egypt, Arab Rep.",EGY,2018,"Net intake rate in grade 1, male (% of official school-age population)",SE.PRM.NINT.MA.ZS,89.13516
"Egypt, Arab Rep.",EGY,2016,"Net intake rate in grade 1, male (% of official school-age population)",SE.PRM.NINT.MA.ZS,87.73328
"Egypt, Arab Rep.",EGY,2010,"Net intake rate in grade 1, male (% of official school-age population)",SE.PRM.NINT.MA.ZS,86.85483
"Egypt, Arab Rep.",EGY,2009,"Net intake rate in grade 1, male (% of official school-age population)",SE.PRM.NINT.MA.ZS,87.16286
"Egypt, Arab Rep.",EGY,2018,"Persistence to grade 5, female (% of cohort)",SE.PRM.PRS5.FE.ZS,99.74654
"Egypt, Arab Rep.",EGY,2016,"Persistence to grade 5, female (% of cohort)",SE.PRM.PRS5.FE.ZS,97.85579
"Egypt, Arab Rep.",EGY,2009,"Persistence to grade 5, female (% of cohort)",SE.PRM.PRS5.FE.ZS,97.73619
"Egypt, Arab Rep.",EGY,2005,"Persistence to grade 5, female (% of cohort)",SE.PRM.PRS5.FE.ZS,94.75668
"Egypt, Arab Rep.",EGY,2003,"Persistence to grade 5, female (% of cohort)",SE.PRM.PRS5.FE.ZS,98.96869
"Egypt, Arab Rep.",EGY,2002,"Persistence to grade 5, female (% of cohort)",SE.PRM.PRS5.FE.ZS,98.10154
"Egypt, Arab Rep.",EGY,2001,"Persistence to grade 5, female (% of cohort)",SE.PRM.PRS5.FE.ZS,95.2208
"Egypt, Arab Rep.",EGY,2000,"Persistence to grade 5, female (% of cohort)",SE.PRM.PRS5.FE.ZS,99.24191
"Egypt, Arab Rep.",EGY,1999,"Persistence to grade 5, female (% of cohort)",SE.PRM.PRS5.FE.ZS,99.47871
"Egypt, Arab Rep.",EGY,1976,"Persistence to grade 5, female (% of cohort)",SE.PRM.PRS5.FE.ZS,81.25635
"Egypt, Arab Rep.",EGY,1975,"Persistence to grade 5, female (% of cohort)",SE.PRM.PRS5.FE.ZS,81.18643
"Egypt, Arab Rep.",EGY,2018,"Persistence to grade 5, male (% of cohort)",SE.PRM.PRS5.MA.ZS,99.03639
"Egypt, Arab Rep.",EGY,2016,"Persistence to grade 5, male (% of cohort)",SE.PRM.PRS5.MA.ZS,96.93041
"Egypt, Arab Rep.",EGY,2009,"Persistence to grade 5, male (% of cohort)",SE.PRM.PRS5.MA.ZS,96.77237
"Egypt, Arab Rep.",EGY,2005,"Persistence to grade 5, male (% of cohort)",SE.PRM.PRS5.MA.ZS,94.00345
"Egypt, Arab Rep.",EGY,2003,"Persistence to grade 5, male (% of cohort)",SE.PRM.PRS5.MA.ZS,98.26104
"Egypt, Arab Rep.",EGY,2002,"Persistence to grade 5, male (% of cohort)",SE.PRM.PRS5.MA.ZS,94.28223
"Egypt, Arab Rep.",EGY,2001,"Persistence to grade 5, male (% of cohort)",SE.PRM.PRS5.MA.ZS,94.77054
"Egypt, Arab Rep.",EGY,2000,"Persistence to grade 5, male (% of cohort)",SE.PRM.PRS5.MA.ZS,98.77607
"Egypt, Arab Rep.",EGY,1999,"Persistence to grade 5, male (% of cohort)",SE.PRM.PRS5.MA.ZS,98.80562
"Egypt, Arab Rep.",EGY,1976,"Persistence to grade 5, male (% of cohort)",SE.PRM.PRS5.MA.ZS,88.33597
"Egypt, Arab Rep.",EGY,1975,"Persistence to grade 5, male (% of cohort)",SE.PRM.PRS5.MA.ZS,87.4101
"Egypt, Arab Rep.",EGY,2018,"Persistence to last grade of primary, female (% of cohort)",SE.PRM.PRSL.FE.ZS,99.52295
"Egypt, Arab Rep.",EGY,2016,"Persistence to last grade of primary, female (% of cohort)",SE.PRM.PRSL.FE.ZS,97.03828
"Egypt, Arab Rep.",EGY,2009,"Persistence to last grade of primary, female (% of cohort)",SE.PRM.PRSL.FE.ZS,96.62946
"Egypt, Arab Rep.",EGY,2005,"Persistence to last grade of primary, female (% of cohort)",SE.PRM.PRSL.FE.ZS,94.24907
"Egypt, Arab Rep.",EGY,2003,"Persistence to last grade of primary, female (% of cohort)",SE.PRM.PRSL.FE.ZS,98.96869
"Egypt, Arab Rep.",EGY,2002,"Persistence to last grade of primary, female (% of cohort)",SE.PRM.PRSL.FE.ZS,98.10154
"Egypt, Arab Rep.",EGY,2001,"Persistence to last grade of primary, female (% of cohort)",SE.PRM.PRSL.FE.ZS,95.2208
"Egypt, Arab Rep.",EGY,2000,"Persistence to last grade of primary, female (% of cohort)",SE.PRM.PRSL.FE.ZS,99.24191
"Egypt, Arab Rep.",EGY,1999,"Persistence to last grade of primary, female (% of cohort)",SE.PRM.PRSL.FE.ZS,99.47871
"Egypt, Arab Rep.",EGY,1976,"Persistence to last grade of primary, female (% of cohort)",SE.PRM.PRSL.FE.ZS,78.61313
"Egypt, Arab Rep.",EGY,1975,"Persistence to last grade of primary, female (% of cohort)",SE.PRM.PRSL.FE.ZS,75.00509
"Egypt, Arab Rep.",EGY,2018,"Persistence to last grade of primary, male (% of cohort)",SE.PRM.PRSL.MA.ZS,98.52092
"Egypt, Arab Rep.",EGY,2016,"Persistence to last grade of primary, male (% of cohort)",SE.PRM.PRSL.MA.ZS,95.83524
"Egypt, Arab Rep.",EGY,2009,"Persistence to last grade of primary, male (% of cohort)",SE.PRM.PRSL.MA.ZS,95.6026
"Egypt, Arab Rep.",EGY,2005,"Persistence to last grade of primary, male (% of cohort)",SE.PRM.PRSL.MA.ZS,92.20061
"Egypt, Arab Rep.",EGY,2003,"Persistence to last grade of primary, male (% of cohort)",SE.PRM.PRSL.MA.ZS,98.26104
"Egypt, Arab Rep.",EGY,2002,"Persistence to last grade of primary, male (% of cohort)",SE.PRM.PRSL.MA.ZS,94.28223
"Egypt, Arab Rep.",EGY,2001,"Persistence to last grade of primary, male (% of cohort)",SE.PRM.PRSL.MA.ZS,94.77054
"Egypt, Arab Rep.",EGY,2000,"Persistence to last grade of primary, male (% of cohort)",SE.PRM.PRSL.MA.ZS,98.77607
"Egypt, Arab Rep.",EGY,1999,"Persistence to last grade of primary, male (% of cohort)",SE.PRM.PRSL.MA.ZS,98.80562
"Egypt, Arab Rep.",EGY,1976,"Persistence to last grade of primary, male (% of cohort)",SE.PRM.PRSL.MA.ZS,87.42468
"Egypt, Arab Rep.",EGY,1975,"Persistence to last grade of primary, male (% of cohort)",SE.PRM.PRSL.MA.ZS,81.8004
"Egypt, Arab Rep.",EGY,2018,"Repeaters, primary, female (% of female enrollment)",SE.PRM.REPT.FE.ZS,1.5049
"Egypt, Arab Rep.",EGY,2017,"Repeaters, primary, female (% of female enrollment)",SE.PRM.REPT.FE.ZS,1.68374
"Egypt, Arab Rep.",EGY,2016,"Repeaters, primary, female (% of female enrollment)",SE.PRM.REPT.FE.ZS,2.22472
"Egypt, Arab Rep.",EGY,2013,"Repeaters, primary, female (% of female enrollment)",SE.PRM.REPT.FE.ZS,2.39247
"Egypt, Arab Rep.",EGY,2012,"Repeaters, primary, female (% of female enrollment)",SE.PRM.REPT.FE.ZS,2.43259
"Egypt, Arab Rep.",EGY,2011,"Repeaters, primary, female (% of female enrollment)",SE.PRM.REPT.FE.ZS,2.54609
"Egypt, Arab Rep.",EGY,2010,"Repeaters, primary, female (% of female enrollment)",SE.PRM.REPT.FE.ZS,2.50902
"Egypt, Arab Rep.",EGY,2009,"Repeaters, primary, female (% of female enrollment)",SE.PRM.REPT.FE.ZS,2.44807
"Egypt, Arab Rep.",EGY,2005,"Repeaters, primary, female (% of female enrollment)",SE.PRM.REPT.FE.ZS,1.5399
"Egypt, Arab Rep.",EGY,2004,"Repeaters, primary, female (% of female enrollment)",SE.PRM.REPT.FE.ZS,2.85112
"Egypt, Arab Rep.",EGY,2003,"Repeaters, primary, female (% of female enrollment)",SE.PRM.REPT.FE.ZS,3.33227
"Egypt, Arab Rep.",EGY,2002,"Repeaters, primary, female (% of female enrollment)",SE.PRM.REPT.FE.ZS,3.82038
"Egypt, Arab Rep.",EGY,2001,"Repeaters, primary, female (% of female enrollment)",SE.PRM.REPT.FE.ZS,3.92507
"Egypt, Arab Rep.",EGY,2000,"Repeaters, primary, female (% of female enrollment)",SE.PRM.REPT.FE.ZS,4.16351
"Egypt, Arab Rep.",EGY,1999,"Repeaters, primary, female (% of female enrollment)",SE.PRM.REPT.FE.ZS,4.64949
"Egypt, Arab Rep.",EGY,1997,"Repeaters, primary, female (% of female enrollment)",SE.PRM.REPT.FE.ZS,5.28514
"Egypt, Arab Rep.",EGY,1986,"Repeaters, primary, female (% of female enrollment)",SE.PRM.REPT.FE.ZS,1.33414
"Egypt, Arab Rep.",EGY,1983,"Repeaters, primary, female (% of female enrollment)",SE.PRM.REPT.FE.ZS,1.70844
"Egypt, Arab Rep.",EGY,1982,"Repeaters, primary, female (% of female enrollment)",SE.PRM.REPT.FE.ZS,2.45313
"Egypt, Arab Rep.",EGY,1981,"Repeaters, primary, female (% of female enrollment)",SE.PRM.REPT.FE.ZS,8.81591
"Egypt, Arab Rep.",EGY,1980,"Repeaters, primary, female (% of female enrollment)",SE.PRM.REPT.FE.ZS,6.68448
"Egypt, Arab Rep.",EGY,1979,"Repeaters, primary, female (% of female enrollment)",SE.PRM.REPT.FE.ZS,11.24907
"Egypt, Arab Rep.",EGY,1978,"Repeaters, primary, female (% of female enrollment)",SE.PRM.REPT.FE.ZS,8.2798
"Egypt, Arab Rep.",EGY,1977,"Repeaters, primary, female (% of female enrollment)",SE.PRM.REPT.FE.ZS,5.10562
"Egypt, Arab Rep.",EGY,1976,"Repeaters, primary, female (% of female enrollment)",SE.PRM.REPT.FE.ZS,6.86229
"Egypt, Arab Rep.",EGY,1975,"Repeaters, primary, female (% of female enrollment)",SE.PRM.REPT.FE.ZS,7.07254
"Egypt, Arab Rep.",EGY,1974,"Repeaters, primary, female (% of female enrollment)",SE.PRM.REPT.FE.ZS,4.68347
"Egypt, Arab Rep.",EGY,1973,"Repeaters, primary, female (% of female enrollment)",SE.PRM.REPT.FE.ZS,4.79307
"Egypt, Arab Rep.",EGY,1972,"Repeaters, primary, female (% of female enrollment)",SE.PRM.REPT.FE.ZS,4.94809
"Egypt, Arab Rep.",EGY,1971,"Repeaters, primary, female (% of female enrollment)",SE.PRM.REPT.FE.ZS,5.74051
"Egypt, Arab Rep.",EGY,2018,"Repeaters, primary, male (% of male enrollment)",SE.PRM.REPT.MA.ZS,2.68654
"Egypt, Arab Rep.",EGY,2017,"Repeaters, primary, male (% of male enrollment)",SE.PRM.REPT.MA.ZS,2.96557
"Egypt, Arab Rep.",EGY,2016,"Repeaters, primary, male (% of male enrollment)",SE.PRM.REPT.MA.ZS,3.9763
"Egypt, Arab Rep.",EGY,2013,"Repeaters, primary, male (% of male enrollment)",SE.PRM.REPT.MA.ZS,3.95152
"Egypt, Arab Rep.",EGY,2012,"Repeaters, primary, male (% of male enrollment)",SE.PRM.REPT.MA.ZS,4.17539
"Egypt, Arab Rep.",EGY,2011,"Repeaters, primary, male (% of male enrollment)",SE.PRM.REPT.MA.ZS,4.33835
"Egypt, Arab Rep.",EGY,2010,"Repeaters, primary, male (% of male enrollment)",SE.PRM.REPT.MA.ZS,4.35415
"Egypt, Arab Rep.",EGY,2009,"Repeaters, primary, male (% of male enrollment)",SE.PRM.REPT.MA.ZS,4.1567
"Egypt, Arab Rep.",EGY,2005,"Repeaters, primary, male (% of male enrollment)",SE.PRM.REPT.MA.ZS,2.70062
"Egypt, Arab Rep.",EGY,2004,"Repeaters, primary, male (% of male enrollment)",SE.PRM.REPT.MA.ZS,5.01107
"Egypt, Arab Rep.",EGY,2003,"Repeaters, primary, male (% of male enrollment)",SE.PRM.REPT.MA.ZS,5.60021
"Egypt, Arab Rep.",EGY,2002,"Repeaters, primary, male (% of male enrollment)",SE.PRM.REPT.MA.ZS,6.31636
"Egypt, Arab Rep.",EGY,2001,"Repeaters, primary, male (% of male enrollment)",SE.PRM.REPT.MA.ZS,6.38525
"Egypt, Arab Rep.",EGY,2000,"Repeaters, primary, male (% of male enrollment)",SE.PRM.REPT.MA.ZS,6.67656
"Egypt, Arab Rep.",EGY,1999,"Repeaters, primary, male (% of male enrollment)",SE.PRM.REPT.MA.ZS,7.13639
"Egypt, Arab Rep.",EGY,1997,"Repeaters, primary, male (% of male enrollment)",SE.PRM.REPT.MA.ZS,7.47749
"Egypt, Arab Rep.",EGY,1986,"Repeaters, primary, male (% of male enrollment)",SE.PRM.REPT.MA.ZS,1.62615
"Egypt, Arab Rep.",EGY,1983,"Repeaters, primary, male (% of male enrollment)",SE.PRM.REPT.MA.ZS,2.3121
"Egypt, Arab Rep.",EGY,1982,"Repeaters, primary, male (% of male enrollment)",SE.PRM.REPT.MA.ZS,2.79999
"Egypt, Arab Rep.",EGY,1981,"Repeaters, primary, male (% of male enrollment)",SE.PRM.REPT.MA.ZS,7.21599
"Egypt, Arab Rep.",EGY,1980,"Repeaters, primary, male (% of male enrollment)",SE.PRM.REPT.MA.ZS,6.80756
"Egypt, Arab Rep.",EGY,1979,"Repeaters, primary, male (% of male enrollment)",SE.PRM.REPT.MA.ZS,6.65384
"Egypt, Arab Rep.",EGY,1978,"Repeaters, primary, male (% of male enrollment)",SE.PRM.REPT.MA.ZS,5.91964
"Egypt, Arab Rep.",EGY,1977,"Repeaters, primary, male (% of male enrollment)",SE.PRM.REPT.MA.ZS,5.13046
"Egypt, Arab Rep.",EGY,1976,"Repeaters, primary, male (% of male enrollment)",SE.PRM.REPT.MA.ZS,6.58725
"Egypt, Arab Rep.",EGY,1975,"Repeaters, primary, male (% of male enrollment)",SE.PRM.REPT.MA.ZS,7.07138
"Egypt, Arab Rep.",EGY,1974,"Repeaters, primary, male (% of male enrollment)",SE.PRM.REPT.MA.ZS,4.84661
"Egypt, Arab Rep.",EGY,1973,"Repeaters, primary, male (% of male enrollment)",SE.PRM.REPT.MA.ZS,5.05745
"Egypt, Arab Rep.",EGY,1972,"Repeaters, primary, male (% of male enrollment)",SE.PRM.REPT.MA.ZS,5.33363
"Egypt, Arab Rep.",EGY,1971,"Repeaters, primary, male (% of male enrollment)",SE.PRM.REPT.MA.ZS,3.72787
"Egypt, Arab Rep.",EGY,2019,"Trained teachers in primary education, female (% of female teachers)",SE.PRM.TCAQ.FE.ZS,85.17665
"Egypt, Arab Rep.",EGY,2018,"Trained teachers in primary education, female (% of female teachers)",SE.PRM.TCAQ.FE.ZS,84.27078
"Egypt, Arab Rep.",EGY,2016,"Trained teachers in primary education, female (% of female teachers)",SE.PRM.TCAQ.FE.ZS,76.50096
"Egypt, Arab Rep.",EGY,2019,"Trained teachers in primary education, male (% of male teachers)",SE.PRM.TCAQ.MA.ZS,83.75805
"Egypt, Arab Rep.",EGY,2018,"Trained teachers in primary education, male (% of male teachers)",SE.PRM.TCAQ.MA.ZS,80.24391
"Egypt, Arab Rep.",EGY,2016,"Trained teachers in primary education, male (% of male teachers)",SE.PRM.TCAQ.MA.ZS,70.44047
"Egypt, Arab Rep.",EGY,2019,"Primary education, teachers (% female)",SE.PRM.TCHR.FE.ZS,62.29399
"Egypt, Arab Rep.",EGY,2018,"Primary education, teachers (% female)",SE.PRM.TCHR.FE.ZS,61.37732
"Egypt, Arab Rep.",EGY,2017,"Primary education, teachers (% female)",SE.PRM.TCHR.FE.ZS,60.50622
"Egypt, Arab Rep.",EGY,2016,"Primary education, teachers (% female)",SE.PRM.TCHR.FE.ZS,59.86829
"Egypt, Arab Rep.",EGY,2010,"Primary education, teachers (% female)",SE.PRM.TCHR.FE.ZS,52.87561
"Egypt, Arab Rep.",EGY,2009,"Primary education, teachers (% female)",SE.PRM.TCHR.FE.ZS,51.75561
"Egypt, Arab Rep.",EGY,2007,"Primary education, teachers (% female)",SE.PRM.TCHR.FE.ZS,55.79674
"Egypt, Arab Rep.",EGY,2006,"Primary education, teachers (% female)",SE.PRM.TCHR.FE.ZS,55.17815
"Egypt, Arab Rep.",EGY,2005,"Primary education, teachers (% female)",SE.PRM.TCHR.FE.ZS,55.03961
"Egypt, Arab Rep.",EGY,2004,"Primary education, teachers (% female)",SE.PRM.TCHR.FE.ZS,55.03986
"Egypt, Arab Rep.",EGY,2003,"Primary education, teachers (% female)",SE.PRM.TCHR.FE.ZS,53.92531
"Egypt, Arab Rep.",EGY,2002,"Primary education, teachers (% female)",SE.PRM.TCHR.FE.ZS,53.30544
"Egypt, Arab Rep.",EGY,2001,"Primary education, teachers (% female)",SE.PRM.TCHR.FE.ZS,52.91986
"Egypt, Arab Rep.",EGY,2000,"Primary education, teachers (% female)",SE.PRM.TCHR.FE.ZS,52.43792
"Egypt, Arab Rep.",EGY,1999,"Primary education, teachers (% female)",SE.PRM.TCHR.FE.ZS,52.3312
"Egypt, Arab Rep.",EGY,1997,"Primary education, teachers (% female)",SE.PRM.TCHR.FE.ZS,49.46634
"Egypt, Arab Rep.",EGY,1996,"Primary education, teachers (% female)",SE.PRM.TCHR.FE.ZS,52.62647
"Egypt, Arab Rep.",EGY,1995,"Primary education, teachers (% female)",SE.PRM.TCHR.FE.ZS,53.56932
"Egypt, Arab Rep.",EGY,1994,"Primary education, teachers (% female)",SE.PRM.TCHR.FE.ZS,53.6705
"Egypt, Arab Rep.",EGY,1993,"Primary education, teachers (% female)",SE.PRM.TCHR.FE.ZS,53.56519
"Egypt, Arab Rep.",EGY,1992,"Primary education, teachers (% female)",SE.PRM.TCHR.FE.ZS,53.64963
"Egypt, Arab Rep.",EGY,1991,"Primary education, teachers (% female)",SE.PRM.TCHR.FE.ZS,51.6263
"Egypt, Arab Rep.",EGY,1990,"Primary education, teachers (% female)",SE.PRM.TCHR.FE.ZS,51.28606
"Egypt, Arab Rep.",EGY,1989,"Primary education, teachers (% female)",SE.PRM.TCHR.FE.ZS,48.27878
"Egypt, Arab Rep.",EGY,1988,"Primary education, teachers (% female)",SE.PRM.TCHR.FE.ZS,49.21727
"Egypt, Arab Rep.",EGY,1987,"Primary education, teachers (% female)",SE.PRM.TCHR.FE.ZS,49.12692
"Egypt, Arab Rep.",EGY,1986,"Primary education, teachers (% female)",SE.PRM.TCHR.FE.ZS,47.83947
"Egypt, Arab Rep.",EGY,1984,"Primary education, teachers (% female)",SE.PRM.TCHR.FE.ZS,46.94039
"Egypt, Arab Rep.",EGY,1983,"Primary education, teachers (% female)",SE.PRM.TCHR.FE.ZS,46.62267
"Egypt, Arab Rep.",EGY,1982,"Primary education, teachers (% female)",SE.PRM.TCHR.FE.ZS,47.25588
"Egypt, Arab Rep.",EGY,1979,"Primary education, teachers (% female)",SE.PRM.TCHR.FE.ZS,45.72
"Egypt, Arab Rep.",EGY,1978,"Primary education, teachers (% female)",SE.PRM.TCHR.FE.ZS,46.09337
"Egypt, Arab Rep.",EGY,1977,"Primary education, teachers (% female)",SE.PRM.TCHR.FE.ZS,46.79779
"Egypt, Arab Rep.",EGY,1976,"Primary education, teachers (% female)",SE.PRM.TCHR.FE.ZS,47.63004
"Egypt, Arab Rep.",EGY,1971,"Primary education, teachers (% female)",SE.PRM.TCHR.FE.ZS,53.03449
"Egypt, Arab Rep.",EGY,2012,"Adjusted net enrollment rate, primary, female (% of primary school age children)",SE.PRM.TENR.FE,98.77074
"Egypt, Arab Rep.",EGY,2003,"Adjusted net enrollment rate, primary, female (% of primary school age children)",SE.PRM.TENR.FE,89.94652
"Egypt, Arab Rep.",EGY,2002,"Adjusted net enrollment rate, primary, female (% of primary school age children)",SE.PRM.TENR.FE,88.79665
"Egypt, Arab Rep.",EGY,2001,"Adjusted net enrollment rate, primary, female (% of primary school age children)",SE.PRM.TENR.FE,87.52835
"Egypt, Arab Rep.",EGY,2000,"Adjusted net enrollment rate, primary, female (% of primary school age children)",SE.PRM.TENR.FE,86.30993
"Egypt, Arab Rep.",EGY,1999,"Adjusted net enrollment rate, primary, female (% of primary school age children)",SE.PRM.TENR.FE,84.2703
"Egypt, Arab Rep.",EGY,1997,"Adjusted net enrollment rate, primary, female (% of primary school age children)",SE.PRM.TENR.FE,84.15564
"Egypt, Arab Rep.",EGY,1994,"Adjusted net enrollment rate, primary, female (% of primary school age children)",SE.PRM.TENR.FE,80.85954
"Egypt, Arab Rep.",EGY,1978,"Adjusted net enrollment rate, primary, female (% of primary school age children)",SE.PRM.TENR.FE,54.43943
"Egypt, Arab Rep.",EGY,1973,"Adjusted net enrollment rate, primary, female (% of primary school age children)",SE.PRM.TENR.FE,51.34122
"Egypt, Arab Rep.",EGY,1972,"Adjusted net enrollment rate, primary, female (% of primary school age children)",SE.PRM.TENR.FE,51.57135
"Egypt, Arab Rep.",EGY,1971,"Adjusted net enrollment rate, primary, female (% of primary school age children)",SE.PRM.TENR.FE,51.44103
"Egypt, Arab Rep.",EGY,2012,"Adjusted net enrollment rate, primary, male (% of primary school age children)",SE.PRM.TENR.MA,98.31666
"Egypt, Arab Rep.",EGY,2003,"Adjusted net enrollment rate, primary, male (% of primary school age children)",SE.PRM.TENR.MA,92.56194
"Egypt, Arab Rep.",EGY,2002,"Adjusted net enrollment rate, primary, male (% of primary school age children)",SE.PRM.TENR.MA,91.87038
"Egypt, Arab Rep.",EGY,2001,"Adjusted net enrollment rate, primary, male (% of primary school age children)",SE.PRM.TENR.MA,91.40155
"Egypt, Arab Rep.",EGY,2000,"Adjusted net enrollment rate, primary, male (% of primary school age children)",SE.PRM.TENR.MA,90.99357
"Egypt, Arab Rep.",EGY,1999,"Adjusted net enrollment rate, primary, male (% of primary school age children)",SE.PRM.TENR.MA,89.65508
"Egypt, Arab Rep.",EGY,1997,"Adjusted net enrollment rate, primary, male (% of primary school age children)",SE.PRM.TENR.MA,94.08485
"Egypt, Arab Rep.",EGY,1994,"Adjusted net enrollment rate, primary, male (% of primary school age children)",SE.PRM.TENR.MA,93.58536
"Egypt, Arab Rep.",EGY,1978,"Adjusted net enrollment rate, primary, male (% of primary school age children)",SE.PRM.TENR.MA,78.58982
"Egypt, Arab Rep.",EGY,1973,"Adjusted net enrollment rate, primary, male (% of primary school age children)",SE.PRM.TENR.MA,78.14689
"Egypt, Arab Rep.",EGY,1972,"Adjusted net enrollment rate, primary, male (% of primary school age children)",SE.PRM.TENR.MA,78.2335
"Egypt, Arab Rep.",EGY,1971,"Adjusted net enrollment rate, primary, male (% of primary school age children)",SE.PRM.TENR.MA,77.54768
"Egypt, Arab Rep.",EGY,2012,"Children out of school, primary, female",SE.PRM.UNER.FE,34210.0
"Egypt, Arab Rep.",EGY,2004,"Children out of school, primary, female",SE.PRM.UNER.FE,339797.0
"Egypt, Arab Rep.",EGY,2003,"Children out of school, primary, female",SE.PRM.UNER.FE,393683.0
"Egypt, Arab Rep.",EGY,2002,"Children out of school, primary, female",SE.PRM.UNER.FE,442636.0
"Egypt, Arab Rep.",EGY,2001,"Children out of school, primary, female",SE.PRM.UNER.FE,499182.0
"Egypt, Arab Rep.",EGY,2000,"Children out of school, primary, female",SE.PRM.UNER.FE,557079.0
"Egypt, Arab Rep.",EGY,1999,"Children out of school, primary, female",SE.PRM.UNER.FE,647306.0
"Egypt, Arab Rep.",EGY,1997,"Children out of school, primary, female",SE.PRM.UNER.FE,659235.0
"Egypt, Arab Rep.",EGY,1994,"Children out of school, primary, female",SE.PRM.UNER.FE,754701.0
"Egypt, Arab Rep.",EGY,1978,"Children out of school, primary, female",SE.PRM.UNER.FE,1.391874e+06
"Egypt, Arab Rep.",EGY,1973,"Children out of school, primary, female",SE.PRM.UNER.FE,1.32926e+06
"Egypt, Arab Rep.",EGY,1972,"Children out of school, primary, female",SE.PRM.UNER.FE,1.29059e+06
"Egypt, Arab Rep.",EGY,1971,"Children out of school, primary, female",SE.PRM.UNER.FE,1.2661e+06
"Egypt, Arab Rep.",EGY,2012,"Children out of school, primary, male",SE.PRM.UNER.MA,59251.0
"Egypt, Arab Rep.",EGY,2004,"Children out of school, primary, male",SE.PRM.UNER.MA,289820.0
"Egypt, Arab Rep.",EGY,2003,"Children out of school, primary, male",SE.PRM.UNER.MA,305308.0
"Egypt, Arab Rep.",EGY,2002,"Children out of school, primary, male",SE.PRM.UNER.MA,336974.0
"Egypt, Arab Rep.",EGY,2001,"Children out of school, primary, male",SE.PRM.UNER.MA,360749.0
"Egypt, Arab Rep.",EGY,2000,"Children out of school, primary, male",SE.PRM.UNER.MA,383799.0
"Egypt, Arab Rep.",EGY,1999,"Children out of school, primary, male",SE.PRM.UNER.MA,446269.0
"Egypt, Arab Rep.",EGY,1997,"Children out of school, primary, male",SE.PRM.UNER.MA,259539.0
"Egypt, Arab Rep.",EGY,1994,"Children out of school, primary, male",SE.PRM.UNER.MA,266398.0
"Egypt, Arab Rep.",EGY,1978,"Children out of school, primary, male",SE.PRM.UNER.MA,700293.0
"Egypt, Arab Rep.",EGY,1973,"Children out of school, primary, male",SE.PRM.UNER.MA,643574.0
"Egypt, Arab Rep.",EGY,1972,"Children out of school, primary, male",SE.PRM.UNER.MA,626662.0
"Egypt, Arab Rep.",EGY,1971,"Children out of school, primary, male",SE.PRM.UNER.MA,633660.0
"Egypt, Arab Rep.",EGY,2017,"Educational attainment, at least completed lower secondary, population 25+, female (%) (cumulative)",SE.SEC.CUAT.LO.FE.ZS,73.50696
"Egypt, Arab Rep.",EGY,2006,"Educational attainment, at least completed lower secondary, population 25+, female (%) (cumulative)",SE.SEC.CUAT.LO.FE.ZS,36.44533
"Egypt, Arab Rep.",EGY,1996,"Educational attainment, at least completed lower secondary, population 25+, female (%) (cumulative)",SE.SEC.CUAT.LO.FE.ZS,45.14216
"Egypt, Arab Rep.",EGY,1986,"Educational attainment, at least completed lower secondary, population 25+, female (%) (cumulative)",SE.SEC.CUAT.LO.FE.ZS,11.08693
"Egypt, Arab Rep.",EGY,2017,"Educational attainment, at least completed lower secondary, population 25+, male (%) (cumulative)",SE.SEC.CUAT.LO.MA.ZS,72.53537
"Egypt, Arab Rep.",EGY,2006,"Educational attainment, at least completed lower secondary, population 25+, male (%) (cumulative)",SE.SEC.CUAT.LO.MA.ZS,52.17745
"Egypt, Arab Rep.",EGY,1996,"Educational attainment, at least completed lower secondary, population 25+, male (%) (cumulative)",SE.SEC.CUAT.LO.MA.ZS,49.16814
"Egypt, Arab Rep.",EGY,1986,"Educational attainment, at least completed lower secondary, population 25+, male (%) (cumulative)",SE.SEC.CUAT.LO.MA.ZS,27.7548
"Egypt, Arab Rep.",EGY,2017,"Educational attainment, at least completed lower secondary, population 25+, total (%) (cumulative)",SE.SEC.CUAT.LO.ZS,72.95914
"Egypt, Arab Rep.",EGY,2006,"Educational attainment, at least completed lower secondary, population 25+, total (%) (cumulative)",SE.SEC.CUAT.LO.ZS,44.43073
"Egypt, Arab Rep.",EGY,1996,"Educational attainment, at least completed lower secondary, population 25+, total (%) (cumulative)",SE.SEC.CUAT.LO.ZS,47.71251
"Egypt, Arab Rep.",EGY,1986,"Educational attainment, at least completed lower secondary, population 25+, total (%) (cumulative)",SE.SEC.CUAT.LO.ZS,19.42196
"Egypt, Arab Rep.",EGY,2017,"Educational attainment, at least completed post-secondary, population 25+, female (%) (cumulative)",SE.SEC.CUAT.PO.FE.ZS,12.67203
"Egypt, Arab Rep.",EGY,2006,"Educational attainment, at least completed post-secondary, population 25+, female (%) (cumulative)",SE.SEC.CUAT.PO.FE.ZS,12.80739
"Egypt, Arab Rep.",EGY,1996,"Educational attainment, at least completed post-secondary, population 25+, female (%) (cumulative)",SE.SEC.CUAT.PO.FE.ZS,6.77644
"Egypt, Arab Rep.",EGY,1986,"Educational attainment, at least completed post-secondary, population 25+, female (%) (cumulative)",SE.SEC.CUAT.PO.FE.ZS,1.76339
"Egypt, Arab Rep.",EGY,2017,"Educational attainment, at least completed post-secondary, population 25+, male (%) (cumulative)",SE.SEC.CUAT.PO.MA.ZS,13.22705
"Egypt, Arab Rep.",EGY,2006,"Educational attainment, at least completed post-secondary, population 25+, male (%) (cumulative)",SE.SEC.CUAT.PO.MA.ZS,19.91688
"Egypt, Arab Rep.",EGY,1996,"Educational attainment, at least completed post-secondary, population 25+, male (%) (cumulative)",SE.SEC.CUAT.PO.MA.ZS,6.30401
"Egypt, Arab Rep.",EGY,1986,"Educational attainment, at least completed post-secondary, population 25+, male (%) (cumulative)",SE.SEC.CUAT.PO.MA.ZS,7.48694
"Egypt, Arab Rep.",EGY,2017,"Educational attainment, at least completed post-secondary, population 25+, total (%) (cumulative)",SE.SEC.CUAT.PO.ZS,12.98497
"Egypt, Arab Rep.",EGY,2006,"Educational attainment, at least completed post-secondary, population 25+, total (%) (cumulative)",SE.SEC.CUAT.PO.ZS,16.41607
"Egypt, Arab Rep.",EGY,1996,"Educational attainment, at least completed post-secondary, population 25+, total (%) (cumulative)",SE.SEC.CUAT.PO.ZS,6.47482
"Egypt, Arab Rep.",EGY,1986,"Educational attainment, at least completed post-secondary, population 25+, total (%) (cumulative)",SE.SEC.CUAT.PO.ZS,4.62554
"Egypt, Arab Rep.",EGY,2017,"Educational attainment, at least completed upper secondary, population 25+, female (%) (cumulative)",SE.SEC.CUAT.UP.FE.ZS,67.4589
"Egypt, Arab Rep.",EGY,2006,"Educational attainment, at least completed upper secondary, population 25+, female (%) (cumulative)",SE.SEC.CUAT.UP.FE.ZS,33.14358
"Egypt, Arab Rep.",EGY,2017,"Educational attainment, at least completed upper secondary, population 25+, male (%) (cumulative)",SE.SEC.CUAT.UP.MA.ZS,66.92253
"Egypt, Arab Rep.",EGY,2006,"Educational attainment, at least completed upper secondary, population 25+, male (%) (cumulative)",SE.SEC.CUAT.UP.MA.ZS,47.40064
"Egypt, Arab Rep.",EGY,2017,"Educational attainment, at least completed upper secondary, population 25+, total (%) (cumulative)",SE.SEC.CUAT.UP.ZS,67.15647
"Egypt, Arab Rep.",EGY,2006,"Educational attainment, at least completed upper secondary, population 25+, total (%) (cumulative)",SE.SEC.CUAT.UP.ZS,40.38026
"Egypt, Arab Rep.",EGY,2018,"Secondary education, pupils (% female)",SE.SEC.ENRL.FE.ZS,48.222
"Egypt, Arab Rep.",EGY,2017,"Secondary education, pupils (% female)",SE.SEC.ENRL.FE.ZS,48.14735
"Egypt, Arab Rep.",EGY,2016,"Secondary education, pupils (% female)",SE.SEC.ENRL.FE.ZS,48.18645
"Egypt, Arab Rep.",EGY,2014,"Secondary education, pupils (% female)",SE.SEC.ENRL.FE.ZS,48.56597
"Egypt, Arab Rep.",EGY,2013,"Secondary education, pupils (% female)",SE.SEC.ENRL.FE.ZS,48.18927
"Egypt, Arab Rep.",EGY,2012,"Secondary education, pupils (% female)",SE.SEC.ENRL.FE.ZS,48.3476
"Egypt, Arab Rep.",EGY,2011,"Secondary education, pupils (% female)",SE.SEC.ENRL.FE.ZS,48.46033
"Egypt, Arab Rep.",EGY,2010,"Secondary education, pupils (% female)",SE.SEC.ENRL.FE.ZS,48.05861
"Egypt, Arab Rep.",EGY,2009,"Secondary education, pupils (% female)",SE.SEC.ENRL.FE.ZS,48.51815
"Egypt, Arab Rep.",EGY,2004,"Secondary education, pupils (% female)",SE.SEC.ENRL.FE.ZS,47.38814
"Egypt, Arab Rep.",EGY,2003,"Secondary education, pupils (% female)",SE.SEC.ENRL.FE.ZS,47.29688
"Egypt, Arab Rep.",EGY,2001,"Secondary education, pupils (% female)",SE.SEC.ENRL.FE.ZS,47.26582
"Egypt, Arab Rep.",EGY,2000,"Secondary education, pupils (% female)",SE.SEC.ENRL.FE.ZS,47.05282
"Egypt, Arab Rep.",EGY,1999,"Secondary education, pupils (% female)",SE.SEC.ENRL.FE.ZS,46.74515
"Egypt, Arab Rep.",EGY,1997,"Secondary education, pupils (% female)",SE.SEC.ENRL.FE.ZS,45.38059
"Egypt, Arab Rep.",EGY,1996,"Secondary education, pupils (% female)",SE.SEC.ENRL.FE.ZS,45.47239
"Egypt, Arab Rep.",EGY,1995,"Secondary education, pupils (% female)",SE.SEC.ENRL.FE.ZS,45.51593
"Egypt, Arab Rep.",EGY,1994,"Secondary education, pupils (% female)",SE.SEC.ENRL.FE.ZS,44.45552
"Egypt, Arab Rep.",EGY,1993,"Secondary education, pupils (% female)",SE.SEC.ENRL.FE.ZS,44.75581
"Egypt, Arab Rep.",EGY,1992,"Secondary education, pupils (% female)",SE.SEC.ENRL.FE.ZS,44.58165
"Egypt, Arab Rep.",EGY,1991,"Secondary education, pupils (% female)",SE.SEC.ENRL.FE.ZS,43.23911
"Egypt, Arab Rep.",EGY,1990,"Secondary education, pupils (% female)",SE.SEC.ENRL.FE.ZS,42.49955
"Egypt, Arab Rep.",EGY,1989,"Secondary education, pupils (% female)",SE.SEC.ENRL.FE.ZS,41.34788
"Egypt, Arab Rep.",EGY,1988,"Secondary education, pupils (% female)",SE.SEC.ENRL.FE.ZS,40.80188
"Egypt, Arab Rep.",EGY,1987,"Secondary education, pupils (% female)",SE.SEC.ENRL.FE.ZS,40.08433
"Egypt, Arab Rep.",EGY,1986,"Secondary education, pupils (% female)",SE.SEC.ENRL.FE.ZS,39.56642
"Egypt, Arab Rep.",EGY,1985,"Secondary education, pupils (% female)",SE.SEC.ENRL.FE.ZS,38.96682
"Egypt, Arab Rep.",EGY,1984,"Secondary education, pupils (% female)",SE.SEC.ENRL.FE.ZS,38.46641
"Egypt, Arab Rep.",EGY,1983,"Secondary education, pupils (% female)",SE.SEC.ENRL.FE.ZS,38.0119
"Egypt, Arab Rep.",EGY,1982,"Secondary education, pupils (% female)",SE.SEC.ENRL.FE.ZS,37.50689
"Egypt, Arab Rep.",EGY,1981,"Secondary education, pupils (% female)",SE.SEC.ENRL.FE.ZS,36.92188
"Egypt, Arab Rep.",EGY,1980,"Secondary education, pupils (% female)",SE.SEC.ENRL.FE.ZS,36.11225
"Egypt, Arab Rep.",EGY,1979,"Secondary education, pupils (% female)",SE.SEC.ENRL.FE.ZS,35.97728
"Egypt, Arab Rep.",EGY,1978,"Secondary education, pupils (% female)",SE.SEC.ENRL.FE.ZS,35.25695
"Egypt, Arab Rep.",EGY,1977,"Secondary education, pupils (% female)",SE.SEC.ENRL.FE.ZS,35.02295
"Egypt, Arab Rep.",EGY,1976,"Secondary education, pupils (% female)",SE.SEC.ENRL.FE.ZS,34.2313
"Egypt, Arab Rep.",EGY,1975,"Secondary education, pupils (% female)",SE.SEC.ENRL.FE.ZS,33.19639
"Egypt, Arab Rep.",EGY,1974,"Secondary education, pupils (% female)",SE.SEC.ENRL.FE.ZS,33.62592
"Egypt, Arab Rep.",EGY,1973,"Secondary education, pupils (% female)",SE.SEC.ENRL.FE.ZS,33.14663
"Egypt, Arab Rep.",EGY,1972,"Secondary education, pupils (% female)",SE.SEC.ENRL.FE.ZS,32.69591
"Egypt, Arab Rep.",EGY,1971,"Secondary education, pupils (% female)",SE.SEC.ENRL.FE.ZS,32.17011
"Egypt, Arab Rep.",EGY,2018,"Secondary education, general pupils (% female)",SE.SEC.ENRL.GC.FE.ZS,50.25993
"Egypt, Arab Rep.",EGY,2017,"Secondary education, general pupils (% female)",SE.SEC.ENRL.GC.FE.ZS,50.14725
"Egypt, Arab Rep.",EGY,2016,"Secondary education, general pupils (% female)",SE.SEC.ENRL.GC.FE.ZS,50.03236
"Egypt, Arab Rep.",EGY,2014,"Secondary education, general pupils (% female)",SE.SEC.ENRL.GC.FE.ZS,50.1637
"Egypt, Arab Rep.",EGY,2013,"Secondary education, general pupils (% female)",SE.SEC.ENRL.GC.FE.ZS,49.86199
"Egypt, Arab Rep.",EGY,2012,"Secondary education, general pupils (% female)",SE.SEC.ENRL.GC.FE.ZS,49.84205
"Egypt, Arab Rep.",EGY,2011,"Secondary education, general pupils (% female)",SE.SEC.ENRL.GC.FE.ZS,49.22125
"Egypt, Arab Rep.",EGY,2009,"Secondary education, general pupils (% female)",SE.SEC.ENRL.GC.FE.ZS,49.00389
"Egypt, Arab Rep.",EGY,2004,"Secondary education, general pupils (% female)",SE.SEC.ENRL.GC.FE.ZS,48.65614
"Egypt, Arab Rep.",EGY,2003,"Secondary education, general pupils (% female)",SE.SEC.ENRL.GC.FE.ZS,48.28766
"Egypt, Arab Rep.",EGY,2001,"Secondary education, general pupils (% female)",SE.SEC.ENRL.GC.FE.ZS,48.23889
"Egypt, Arab Rep.",EGY,1998,"Secondary education, general pupils (% female)",SE.SEC.ENRL.GC.FE.ZS,46.76474
"Egypt, Arab Rep.",EGY,1997,"Secondary education, general pupils (% female)",SE.SEC.ENRL.GC.FE.ZS,45.87182
"Egypt, Arab Rep.",EGY,1996,"Secondary education, general pupils (% female)",SE.SEC.ENRL.GC.FE.ZS,46.14559
"Egypt, Arab Rep.",EGY,1995,"Secondary education, general pupils (% female)",SE.SEC.ENRL.GC.FE.ZS,45.74777
"Egypt, Arab Rep.",EGY,1994,"Secondary education, general pupils (% female)",SE.SEC.ENRL.GC.FE.ZS,44.06818
"Egypt, Arab Rep.",EGY,1993,"Secondary education, general pupils (% female)",SE.SEC.ENRL.GC.FE.ZS,44.7003
"Egypt, Arab Rep.",EGY,1992,"Secondary education, general pupils (% female)",SE.SEC.ENRL.GC.FE.ZS,44.87281
"Egypt, Arab Rep.",EGY,1991,"Secondary education, general pupils (% female)",SE.SEC.ENRL.GC.FE.ZS,43.21253
"Egypt, Arab Rep.",EGY,1990,"Secondary education, general pupils (% female)",SE.SEC.ENRL.GC.FE.ZS,42.4222
"Egypt, Arab Rep.",EGY,1989,"Secondary education, general pupils (% female)",SE.SEC.ENRL.GC.FE.ZS,40.96706
"Egypt, Arab Rep.",EGY,1988,"Secondary education, general pupils (% female)",SE.SEC.ENRL.GC.FE.ZS,40.35978
"Egypt, Arab Rep.",EGY,1987,"Secondary education, general pupils (% female)",SE.SEC.ENRL.GC.FE.ZS,39.55203
"Egypt, Arab Rep.",EGY,1986,"Secondary education, general pupils (% female)",SE.SEC.ENRL.GC.FE.ZS,38.8345
"Egypt, Arab Rep.",EGY,1985,"Secondary education, general pupils (% female)",SE.SEC.ENRL.GC.FE.ZS,38.36053
"Egypt, Arab Rep.",EGY,1984,"Secondary education, general pupils (% female)",SE.SEC.ENRL.GC.FE.ZS,37.94039
"Egypt, Arab Rep.",EGY,1983,"Secondary education, general pupils (% female)",SE.SEC.ENRL.GC.FE.ZS,37.4178
"Egypt, Arab Rep.",EGY,1982,"Secondary education, general pupils (% female)",SE.SEC.ENRL.GC.FE.ZS,36.92037
"Egypt, Arab Rep.",EGY,1981,"Secondary education, general pupils (% female)",SE.SEC.ENRL.GC.FE.ZS,36.31598
"Egypt, Arab Rep.",EGY,1980,"Secondary education, general pupils (% female)",SE.SEC.ENRL.GC.FE.ZS,35.31304
"Egypt, Arab Rep.",EGY,1979,"Secondary education, general pupils (% female)",SE.SEC.ENRL.GC.FE.ZS,35.50517
"Egypt, Arab Rep.",EGY,1978,"Secondary education, general pupils (% female)",SE.SEC.ENRL.GC.FE.ZS,34.97068
"Egypt, Arab Rep.",EGY,1977,"Secondary education, general pupils (% female)",SE.SEC.ENRL.GC.FE.ZS,34.57512
"Egypt, Arab Rep.",EGY,1976,"Secondary education, general pupils (% female)",SE.SEC.ENRL.GC.FE.ZS,34.1828
"Egypt, Arab Rep.",EGY,1975,"Secondary education, general pupils (% female)",SE.SEC.ENRL.GC.FE.ZS,32.91785
"Egypt, Arab Rep.",EGY,1974,"Secondary education, general pupils (% female)",SE.SEC.ENRL.GC.FE.ZS,33.63982
"Egypt, Arab Rep.",EGY,1973,"Secondary education, general pupils (% female)",SE.SEC.ENRL.GC.FE.ZS,33.07814
"Egypt, Arab Rep.",EGY,1972,"Secondary education, general pupils (% female)",SE.SEC.ENRL.GC.FE.ZS,32.67663
"Egypt, Arab Rep.",EGY,1971,"Secondary education, general pupils (% female)",SE.SEC.ENRL.GC.FE.ZS,32.25893
"Egypt, Arab Rep.",EGY,2018,"Secondary education, vocational pupils (% female)",SE.SEC.ENRL.VO.FE.ZS,41.03443
"Egypt, Arab Rep.",EGY,2017,"Secondary education, vocational pupils (% female)",SE.SEC.ENRL.VO.FE.ZS,40.96756
"Egypt, Arab Rep.",EGY,2016,"Secondary education, vocational pupils (% female)",SE.SEC.ENRL.VO.FE.ZS,41.31476
"Egypt, Arab Rep.",EGY,2014,"Secondary education, vocational pupils (% female)",SE.SEC.ENRL.VO.FE.ZS,42.56964
"Egypt, Arab Rep.",EGY,2013,"Secondary education, vocational pupils (% female)",SE.SEC.ENRL.VO.FE.ZS,42.29818
"Egypt, Arab Rep.",EGY,2012,"Secondary education, vocational pupils (% female)",SE.SEC.ENRL.VO.FE.ZS,43.02311
"Egypt, Arab Rep.",EGY,2011,"Secondary education, vocational pupils (% female)",SE.SEC.ENRL.VO.FE.ZS,45.51312
"Egypt, Arab Rep.",EGY,2009,"Secondary education, vocational pupils (% female)",SE.SEC.ENRL.VO.FE.ZS,46.4782
"Egypt, Arab Rep.",EGY,2004,"Secondary education, vocational pupils (% female)",SE.SEC.ENRL.VO.FE.ZS,44.47362
"Egypt, Arab Rep.",EGY,2003,"Secondary education, vocational pupils (% female)",SE.SEC.ENRL.VO.FE.ZS,44.98322
"Egypt, Arab Rep.",EGY,2001,"Secondary education, vocational pupils (% female)",SE.SEC.ENRL.VO.FE.ZS,44.89301
"Egypt, Arab Rep.",EGY,1994,"Secondary education, vocational pupils (% female)",SE.SEC.ENRL.VO.FE.ZS,45.46543
"Egypt, Arab Rep.",EGY,1993,"Secondary education, vocational pupils (% female)",SE.SEC.ENRL.VO.FE.ZS,44.91052
"Egypt, Arab Rep.",EGY,1992,"Secondary education, vocational pupils (% female)",SE.SEC.ENRL.VO.FE.ZS,43.5179
"Egypt, Arab Rep.",EGY,1991,"Secondary education, vocational pupils (% female)",SE.SEC.ENRL.VO.FE.ZS,43.34901
"Egypt, Arab Rep.",EGY,1990,"Secondary education, vocational pupils (% female)",SE.SEC.ENRL.VO.FE.ZS,42.82478
"Egypt, Arab Rep.",EGY,1989,"Secondary education, vocational pupils (% female)",SE.SEC.ENRL.VO.FE.ZS,42.5475
"Egypt, Arab Rep.",EGY,1988,"Secondary education, vocational pupils (% female)",SE.SEC.ENRL.VO.FE.ZS,42.17228
"Egypt, Arab Rep.",EGY,1987,"Secondary education, vocational pupils (% female)",SE.SEC.ENRL.VO.FE.ZS,41.65457
"Egypt, Arab Rep.",EGY,1986,"Secondary education, vocational pupils (% female)",SE.SEC.ENRL.VO.FE.ZS,41.74593
"Egypt, Arab Rep.",EGY,1985,"Secondary education, vocational pupils (% female)",SE.SEC.ENRL.VO.FE.ZS,40.83352
"Egypt, Arab Rep.",EGY,1984,"Secondary education, vocational pupils (% female)",SE.SEC.ENRL.VO.FE.ZS,40.10137
"Egypt, Arab Rep.",EGY,1983,"Secondary education, vocational pupils (% female)",SE.SEC.ENRL.VO.FE.ZS,39.82521
"Egypt, Arab Rep.",EGY,1982,"Secondary education, vocational pupils (% female)",SE.SEC.ENRL.VO.FE.ZS,39.30387
"Egypt, Arab Rep.",EGY,1981,"Secondary education, vocational pupils (% female)",SE.SEC.ENRL.VO.FE.ZS,38.88707
"Egypt, Arab Rep.",EGY,1980,"Secondary education, vocational pupils (% female)",SE.SEC.ENRL.VO.FE.ZS,39.06191
"Egypt, Arab Rep.",EGY,1979,"Secondary education, vocational pupils (% female)",SE.SEC.ENRL.VO.FE.ZS,37.88253
"Egypt, Arab Rep.",EGY,1978,"Secondary education, vocational pupils (% female)",SE.SEC.ENRL.VO.FE.ZS,36.52028
"Egypt, Arab Rep.",EGY,1977,"Secondary education, vocational pupils (% female)",SE.SEC.ENRL.VO.FE.ZS,36.93951
"Egypt, Arab Rep.",EGY,1976,"Secondary education, vocational pupils (% female)",SE.SEC.ENRL.VO.FE.ZS,34.43993
"Egypt, Arab Rep.",EGY,1975,"Secondary education, vocational pupils (% female)",SE.SEC.ENRL.VO.FE.ZS,34.36518
"Egypt, Arab Rep.",EGY,1974,"Secondary education, vocational pupils (% female)",SE.SEC.ENRL.VO.FE.ZS,33.5698
"Egypt, Arab Rep.",EGY,1973,"Secondary education, vocational pupils (% female)",SE.SEC.ENRL.VO.FE.ZS,33.42778
"Egypt, Arab Rep.",EGY,1972,"Secondary education, vocational pupils (% female)",SE.SEC.ENRL.VO.FE.ZS,32.77051
"Egypt, Arab Rep.",EGY,1971,"Secondary education, vocational pupils (% female)",SE.SEC.ENRL.VO.FE.ZS,31.83139
"Egypt, Arab Rep.",EGY,2019,"School enrollment, secondary, female (% gross)",SE.SEC.ENRR.FE,89.03929
"Egypt, Arab Rep.",EGY,2018,"School enrollment, secondary, female (% gross)",SE.SEC.ENRR.FE,87.30088
"Egypt, Arab Rep.",EGY,2017,"School enrollment, secondary, female (% gross)",SE.SEC.ENRR.FE,85.94882
"Egypt, Arab Rep.",EGY,2016,"School enrollment, secondary, female (% gross)",SE.SEC.ENRR.FE,84.42683
"Egypt, Arab Rep.",EGY,2014,"School enrollment, secondary, female (% gross)",SE.SEC.ENRR.FE,80.61362
"Egypt, Arab Rep.",EGY,2013,"School enrollment, secondary, female (% gross)",SE.SEC.ENRR.FE,79.45841
"Egypt, Arab Rep.",EGY,2012,"School enrollment, secondary, female (% gross)",SE.SEC.ENRR.FE,78.06432
"Egypt, Arab Rep.",EGY,2011,"School enrollment, secondary, female (% gross)",SE.SEC.ENRR.FE,77.15709
"Egypt, Arab Rep.",EGY,2010,"School enrollment, secondary, female (% gross)",SE.SEC.ENRR.FE,67.94088
"Egypt, Arab Rep.",EGY,2009,"School enrollment, secondary, female (% gross)",SE.SEC.ENRR.FE,66.84486
"Egypt, Arab Rep.",EGY,2004,"School enrollment, secondary, female (% gross)",SE.SEC.ENRR.FE,79.61037
"Egypt, Arab Rep.",EGY,2003,"School enrollment, secondary, female (% gross)",SE.SEC.ENRR.FE,80.01101
"Egypt, Arab Rep.",EGY,2001,"School enrollment, secondary, female (% gross)",SE.SEC.ENRR.FE,80.78668
"Egypt, Arab Rep.",EGY,2000,"School enrollment, secondary, female (% gross)",SE.SEC.ENRR.FE,79.15125
"Egypt, Arab Rep.",EGY,1999,"School enrollment, secondary, female (% gross)",SE.SEC.ENRR.FE,77.01959
"Egypt, Arab Rep.",EGY,1997,"School enrollment, secondary, female (% gross)",SE.SEC.ENRR.FE,69.28137
"Egypt, Arab Rep.",EGY,1996,"School enrollment, secondary, female (% gross)",SE.SEC.ENRR.FE,65.60649
"Egypt, Arab Rep.",EGY,1995,"School enrollment, secondary, female (% gross)",SE.SEC.ENRR.FE,67.93542
"Egypt, Arab Rep.",EGY,1994,"School enrollment, secondary, female (% gross)",SE.SEC.ENRR.FE,68.49014
"Egypt, Arab Rep.",EGY,1993,"School enrollment, secondary, female (% gross)",SE.SEC.ENRR.FE,64.14628
"Egypt, Arab Rep.",EGY,1992,"School enrollment, secondary, female (% gross)",SE.SEC.ENRR.FE,63.28269
"Egypt, Arab Rep.",EGY,1991,"School enrollment, secondary, female (% gross)",SE.SEC.ENRR.FE,66.01445
"Egypt, Arab Rep.",EGY,1990,"School enrollment, secondary, female (% gross)",SE.SEC.ENRR.FE,64.27956
"Egypt, Arab Rep.",EGY,1989,"School enrollment, secondary, female (% gross)",SE.SEC.ENRR.FE,52.41751
"Egypt, Arab Rep.",EGY,1988,"School enrollment, secondary, female (% gross)",SE.SEC.ENRR.FE,52.28943
"Egypt, Arab Rep.",EGY,1987,"School enrollment, secondary, female (% gross)",SE.SEC.ENRR.FE,51.20211
"Egypt, Arab Rep.",EGY,1986,"School enrollment, secondary, female (% gross)",SE.SEC.ENRR.FE,48.52984
"Egypt, Arab Rep.",EGY,1985,"School enrollment, secondary, female (% gross)",SE.SEC.ENRR.FE,45.67952
"Egypt, Arab Rep.",EGY,1984,"School enrollment, secondary, female (% gross)",SE.SEC.ENRR.FE,43.68941
"Egypt, Arab Rep.",EGY,1983,"School enrollment, secondary, female (% gross)",SE.SEC.ENRR.FE,41.82989
"Egypt, Arab Rep.",EGY,1982,"School enrollment, secondary, female (% gross)",SE.SEC.ENRR.FE,39.96068
"Egypt, Arab Rep.",EGY,1981,"School enrollment, secondary, female (% gross)",SE.SEC.ENRR.FE,38.0471
"Egypt, Arab Rep.",EGY,1980,"School enrollment, secondary, female (% gross)",SE.SEC.ENRR.FE,36.65739
"Egypt, Arab Rep.",EGY,1979,"School enrollment, secondary, female (% gross)",SE.SEC.ENRR.FE,35.88572
"Egypt, Arab Rep.",EGY,1978,"School enrollment, secondary, female (% gross)",SE.SEC.ENRR.FE,34.38475
"Egypt, Arab Rep.",EGY,1977,"School enrollment, secondary, female (% gross)",SE.SEC.ENRR.FE,32.69008
"Egypt, Arab Rep.",EGY,1976,"School enrollment, secondary, female (% gross)",SE.SEC.ENRR.FE,29.60437
"Egypt, Arab Rep.",EGY,1975,"School enrollment, secondary, female (% gross)",SE.SEC.ENRR.FE,26.87686
"Egypt, Arab Rep.",EGY,1974,"School enrollment, secondary, female (% gross)",SE.SEC.ENRR.FE,25.10856
"Egypt, Arab Rep.",EGY,1973,"School enrollment, secondary, female (% gross)",SE.SEC.ENRR.FE,23.98326
"Egypt, Arab Rep.",EGY,1972,"School enrollment, secondary, female (% gross)",SE.SEC.ENRR.FE,22.8143
"Egypt, Arab Rep.",EGY,1971,"School enrollment, secondary, female (% gross)",SE.SEC.ENRR.FE,21.49343
"Egypt, Arab Rep.",EGY,2019,"School enrollment, secondary, male (% gross)",SE.SEC.ENRR.MA,89.8971
"Egypt, Arab Rep.",EGY,2018,"School enrollment, secondary, male (% gross)",SE.SEC.ENRR.MA,88.4872
"Egypt, Arab Rep.",EGY,2017,"School enrollment, secondary, male (% gross)",SE.SEC.ENRR.MA,87.43769
"Egypt, Arab Rep.",EGY,2016,"School enrollment, secondary, male (% gross)",SE.SEC.ENRR.MA,85.82679
"Egypt, Arab Rep.",EGY,2014,"School enrollment, secondary, male (% gross)",SE.SEC.ENRR.MA,80.97173
"Egypt, Arab Rep.",EGY,2013,"School enrollment, secondary, male (% gross)",SE.SEC.ENRR.MA,81.1364
"Egypt, Arab Rep.",EGY,2012,"School enrollment, secondary, male (% gross)",SE.SEC.ENRR.MA,79.28188
"Egypt, Arab Rep.",EGY,2011,"School enrollment, secondary, male (% gross)",SE.SEC.ENRR.MA,78.02394
"Egypt, Arab Rep.",EGY,2010,"School enrollment, secondary, male (% gross)",SE.SEC.ENRR.MA,69.82421
"Egypt, Arab Rep.",EGY,2009,"School enrollment, secondary, male (% gross)",SE.SEC.ENRR.MA,67.45269
"Egypt, Arab Rep.",EGY,2004,"School enrollment, secondary, male (% gross)",SE.SEC.ENRR.MA,83.98979
"Egypt, Arab Rep.",EGY,2003,"School enrollment, secondary, male (% gross)",SE.SEC.ENRR.MA,84.73479
"Egypt, Arab Rep.",EGY,2001,"School enrollment, secondary, male (% gross)",SE.SEC.ENRR.MA,85.64512
"Egypt, Arab Rep.",EGY,2000,"School enrollment, secondary, male (% gross)",SE.SEC.ENRR.MA,84.68073
"Egypt, Arab Rep.",EGY,1999,"School enrollment, secondary, male (% gross)",SE.SEC.ENRR.MA,83.43343
"Egypt, Arab Rep.",EGY,1997,"School enrollment, secondary, male (% gross)",SE.SEC.ENRR.MA,79.17694
"Egypt, Arab Rep.",EGY,1996,"School enrollment, secondary, male (% gross)",SE.SEC.ENRR.MA,74.58539
"Egypt, Arab Rep.",EGY,1995,"School enrollment, secondary, male (% gross)",SE.SEC.ENRR.MA,76.96578
"Egypt, Arab Rep.",EGY,1994,"School enrollment, secondary, male (% gross)",SE.SEC.ENRR.MA,80.95828
"Egypt, Arab Rep.",EGY,1993,"School enrollment, secondary, male (% gross)",SE.SEC.ENRR.MA,74.98828
"Egypt, Arab Rep.",EGY,1992,"School enrollment, secondary, male (% gross)",SE.SEC.ENRR.MA,74.63047
"Egypt, Arab Rep.",EGY,1991,"School enrollment, secondary, male (% gross)",SE.SEC.ENRR.MA,82.33891
"Egypt, Arab Rep.",EGY,1990,"School enrollment, secondary, male (% gross)",SE.SEC.ENRR.MA,82.78739
"Egypt, Arab Rep.",EGY,1989,"School enrollment, secondary, male (% gross)",SE.SEC.ENRR.MA,70.97773
"Egypt, Arab Rep.",EGY,1988,"School enrollment, secondary, male (% gross)",SE.SEC.ENRR.MA,72.25605
"Egypt, Arab Rep.",EGY,1987,"School enrollment, secondary, male (% gross)",SE.SEC.ENRR.MA,72.62052
"Egypt, Arab Rep.",EGY,1986,"School enrollment, secondary, male (% gross)",SE.SEC.ENRR.MA,70.02713
"Egypt, Arab Rep.",EGY,1985,"School enrollment, secondary, male (% gross)",SE.SEC.ENRR.MA,67.63825
"Egypt, Arab Rep.",EGY,1984,"School enrollment, secondary, male (% gross)",SE.SEC.ENRR.MA,66.07955
"Egypt, Arab Rep.",EGY,1983,"School enrollment, secondary, male (% gross)",SE.SEC.ENRR.MA,64.46291
"Egypt, Arab Rep.",EGY,1982,"School enrollment, secondary, male (% gross)",SE.SEC.ENRR.MA,62.86193
"Egypt, Arab Rep.",EGY,1981,"School enrollment, secondary, male (% gross)",SE.SEC.ENRR.MA,61.28688
"Egypt, Arab Rep.",EGY,1980,"School enrollment, secondary, male (% gross)",SE.SEC.ENRR.MA,61.13819
"Egypt, Arab Rep.",EGY,1979,"School enrollment, secondary, male (% gross)",SE.SEC.ENRR.MA,60.06581
"Egypt, Arab Rep.",EGY,1978,"School enrollment, secondary, male (% gross)",SE.SEC.ENRR.MA,59.12946
"Egypt, Arab Rep.",EGY,1977,"School enrollment, secondary, male (% gross)",SE.SEC.ENRR.MA,56.44817
"Egypt, Arab Rep.",EGY,1976,"School enrollment, secondary, male (% gross)",SE.SEC.ENRR.MA,52.5415
"Egypt, Arab Rep.",EGY,1975,"School enrollment, secondary, male (% gross)",SE.SEC.ENRR.MA,49.84162
"Egypt, Arab Rep.",EGY,1974,"School enrollment, secondary, male (% gross)",SE.SEC.ENRR.MA,45.56186
"Egypt, Arab Rep.",EGY,1973,"School enrollment, secondary, male (% gross)",SE.SEC.ENRR.MA,44.35987
"Egypt, Arab Rep.",EGY,1972,"School enrollment, secondary, male (% gross)",SE.SEC.ENRR.MA,42.95291
"Egypt, Arab Rep.",EGY,1971,"School enrollment, secondary, male (% gross)",SE.SEC.ENRR.MA,41.32719
"Egypt, Arab Rep.",EGY,2018,"School enrollment, secondary, female (% net)",SE.SEC.NENR.FE,83.12511
"Egypt, Arab Rep.",EGY,2017,"School enrollment, secondary, female (% net)",SE.SEC.NENR.FE,81.87378
"Egypt, Arab Rep.",EGY,2016,"School enrollment, secondary, female (% net)",SE.SEC.NENR.FE,80.90166
"Egypt, Arab Rep.",EGY,2014,"School enrollment, secondary, female (% net)",SE.SEC.NENR.FE,77.41167
"Egypt, Arab Rep.",EGY,1994,"School enrollment, secondary, female (% net)",SE.SEC.NENR.FE,59.48309
"Egypt, Arab Rep.",EGY,1974,"School enrollment, secondary, female (% net)",SE.SEC.NENR.FE,20.10629
"Egypt, Arab Rep.",EGY,1973,"School enrollment, secondary, female (% net)",SE.SEC.NENR.FE,20.13669
"Egypt, Arab Rep.",EGY,1972,"School enrollment, secondary, female (% net)",SE.SEC.NENR.FE,18.06564
"Egypt, Arab Rep.",EGY,1971,"School enrollment, secondary, female (% net)",SE.SEC.NENR.FE,17.80661
"Egypt, Arab Rep.",EGY,2018,"School enrollment, secondary, male (% net)",SE.SEC.NENR.MA,82.44713
"Egypt, Arab Rep.",EGY,2017,"School enrollment, secondary, male (% net)",SE.SEC.NENR.MA,81.45799
"Egypt, Arab Rep.",EGY,2016,"School enrollment, secondary, male (% net)",SE.SEC.NENR.MA,80.59014
"Egypt, Arab Rep.",EGY,2014,"School enrollment, secondary, male (% net)",SE.SEC.NENR.MA,76.24868
"Egypt, Arab Rep.",EGY,1994,"School enrollment, secondary, male (% net)",SE.SEC.NENR.MA,69.25661
"Egypt, Arab Rep.",EGY,1974,"School enrollment, secondary, male (% net)",SE.SEC.NENR.MA,36.69394
"Egypt, Arab Rep.",EGY,1973,"School enrollment, secondary, male (% net)",SE.SEC.NENR.MA,36.94909
"Egypt, Arab Rep.",EGY,1972,"School enrollment, secondary, male (% net)",SE.SEC.NENR.MA,33.5265
"Egypt, Arab Rep.",EGY,1971,"School enrollment, secondary, male (% net)",SE.SEC.NENR.MA,34.21145
"Egypt, Arab Rep.",EGY,2017,"Progression to secondary school, female (%)",SE.SEC.PROG.FE.ZS,98.1171
"Egypt, Arab Rep.",EGY,2016,"Progression to secondary school, female (%)",SE.SEC.PROG.FE.ZS,95.99046
"Egypt, Arab Rep.",EGY,2003,"Progression to secondary school, female (%)",SE.SEC.PROG.FE.ZS,94.97875
"Egypt, Arab Rep.",EGY,2002,"Progression to secondary school, female (%)",SE.SEC.PROG.FE.ZS,92.95296
"Egypt, Arab Rep.",EGY,2000,"Progression to secondary school, female (%)",SE.SEC.PROG.FE.ZS,95.61341
"Egypt, Arab Rep.",EGY,1999,"Progression to secondary school, female (%)",SE.SEC.PROG.FE.ZS,95.19906
"Egypt, Arab Rep.",EGY,1977,"Progression to secondary school, female (%)",SE.SEC.PROG.FE.ZS,81.51195
"Egypt, Arab Rep.",EGY,1976,"Progression to secondary school, female (%)",SE.SEC.PROG.FE.ZS,73.1354
"Egypt, Arab Rep.",EGY,2017,"Progression to secondary school, male (%)",SE.SEC.PROG.MA.ZS,95.07586
"Egypt, Arab Rep.",EGY,2016,"Progression to secondary school, male (%)",SE.SEC.PROG.MA.ZS,92.88803
"Egypt, Arab Rep.",EGY,2003,"Progression to secondary school, male (%)",SE.SEC.PROG.MA.ZS,92.39247
"Egypt, Arab Rep.",EGY,2002,"Progression to secondary school, male (%)",SE.SEC.PROG.MA.ZS,93.59806
"Egypt, Arab Rep.",EGY,2000,"Progression to secondary school, male (%)",SE.SEC.PROG.MA.ZS,91.31139
"Egypt, Arab Rep.",EGY,1999,"Progression to secondary school, male (%)",SE.SEC.PROG.MA.ZS,91.21989
"Egypt, Arab Rep.",EGY,1977,"Progression to secondary school, male (%)",SE.SEC.PROG.MA.ZS,88.63884
"Egypt, Arab Rep.",EGY,1976,"Progression to secondary school, male (%)",SE.SEC.PROG.MA.ZS,74.53387
"Egypt, Arab Rep.",EGY,2019,"Secondary education, teachers (% female)",SE.SEC.TCHR.FE.ZS,48.1913
"Egypt, Arab Rep.",EGY,2018,"Secondary education, teachers (% female)",SE.SEC.TCHR.FE.ZS,47.72038
"Egypt, Arab Rep.",EGY,2017,"Secondary education, teachers (% female)",SE.SEC.TCHR.FE.ZS,46.6896
"Egypt, Arab Rep.",EGY,2016,"Secondary education, teachers (% female)",SE.SEC.TCHR.FE.ZS,46.32928
"Egypt, Arab Rep.",EGY,2009,"Secondary education, teachers (% female)",SE.SEC.TCHR.FE.ZS,44.49744
"Egypt, Arab Rep.",EGY,2004,"Secondary education, teachers (% female)",SE.SEC.TCHR.FE.ZS,41.29327
"Egypt, Arab Rep.",EGY,2003,"Secondary education, teachers (% female)",SE.SEC.TCHR.FE.ZS,41.40165
"Egypt, Arab Rep.",EGY,2002,"Secondary education, teachers (% female)",SE.SEC.TCHR.FE.ZS,40.58333
"Egypt, Arab Rep.",EGY,2001,"Secondary education, teachers (% female)",SE.SEC.TCHR.FE.ZS,40.383
"Egypt, Arab Rep.",EGY,2000,"Secondary education, teachers (% female)",SE.SEC.TCHR.FE.ZS,39.82918
"Egypt, Arab Rep.",EGY,1999,"Secondary education, teachers (% female)",SE.SEC.TCHR.FE.ZS,40.79305
"Egypt, Arab Rep.",EGY,1997,"Secondary education, teachers (% female)",SE.SEC.TCHR.FE.ZS,38.62445
"Egypt, Arab Rep.",EGY,1996,"Secondary education, teachers (% female)",SE.SEC.TCHR.FE.ZS,40.10599
"Egypt, Arab Rep.",EGY,1995,"Secondary education, teachers (% female)",SE.SEC.TCHR.FE.ZS,40.12934
"Egypt, Arab Rep.",EGY,1994,"Secondary education, teachers (% female)",SE.SEC.TCHR.FE.ZS,39.90897
"Egypt, Arab Rep.",EGY,1993,"Secondary education, teachers (% female)",SE.SEC.TCHR.FE.ZS,39.9096
"Egypt, Arab Rep.",EGY,1992,"Secondary education, teachers (% female)",SE.SEC.TCHR.FE.ZS,40.22107
"Egypt, Arab Rep.",EGY,1990,"Secondary education, teachers (% female)",SE.SEC.TCHR.FE.ZS,39.35655
"Egypt, Arab Rep.",EGY,1988,"Secondary education, teachers (% female)",SE.SEC.TCHR.FE.ZS,37.06001
"Egypt, Arab Rep.",EGY,1987,"Secondary education, teachers (% female)",SE.SEC.TCHR.FE.ZS,36.23774
"Egypt, Arab Rep.",EGY,1986,"Secondary education, teachers (% female)",SE.SEC.TCHR.FE.ZS,35.49259
"Egypt, Arab Rep.",EGY,1984,"Secondary education, teachers (% female)",SE.SEC.TCHR.FE.ZS,34.14623
"Egypt, Arab Rep.",EGY,1983,"Secondary education, teachers (% female)",SE.SEC.TCHR.FE.ZS,33.2433
"Egypt, Arab Rep.",EGY,1982,"Secondary education, teachers (% female)",SE.SEC.TCHR.FE.ZS,32.04005
"Egypt, Arab Rep.",EGY,1981,"Secondary education, teachers (% female)",SE.SEC.TCHR.FE.ZS,31.02566
"Egypt, Arab Rep.",EGY,1979,"Secondary education, teachers (% female)",SE.SEC.TCHR.FE.ZS,28.25662
"Egypt, Arab Rep.",EGY,1978,"Secondary education, teachers (% female)",SE.SEC.TCHR.FE.ZS,28.46415
"Egypt, Arab Rep.",EGY,1977,"Secondary education, teachers (% female)",SE.SEC.TCHR.FE.ZS,28.4674
"Egypt, Arab Rep.",EGY,1976,"Secondary education, teachers (% female)",SE.SEC.TCHR.FE.ZS,26.60524
"Egypt, Arab Rep.",EGY,1975,"Secondary education, teachers (% female)",SE.SEC.TCHR.FE.ZS,27.93004
"Egypt, Arab Rep.",EGY,1972,"Secondary education, teachers (% female)",SE.SEC.TCHR.FE.ZS,25.64212
"Egypt, Arab Rep.",EGY,1971,"Secondary education, teachers (% female)",SE.SEC.TCHR.FE.ZS,23.60397
"Egypt, Arab Rep.",EGY,2017,"Educational attainment, at least Bachelor's or equivalent, population 25+, female (%) (cumulative)",SE.TER.CUAT.BA.FE.ZS,5.90439
"Egypt, Arab Rep.",EGY,2017,"Educational attainment, at least Bachelor's or equivalent, population 25+, male (%) (cumulative)",SE.TER.CUAT.BA.MA.ZS,6.37173
"Egypt, Arab Rep.",EGY,2017,"Educational attainment, at least Bachelor's or equivalent, population 25+, total (%) (cumulative)",SE.TER.CUAT.BA.ZS,6.1679
"Egypt, Arab Rep.",EGY,2017,"Educational attainment, Doctoral or equivalent, population 25+, female (%) (cumulative)",SE.TER.CUAT.DO.FE.ZS,0.23784
"Egypt, Arab Rep.",EGY,2017,"Educational attainment, Doctoral or equivalent, population 25+, male (%) (cumulative)",SE.TER.CUAT.DO.MA.ZS,0.35959
"Egypt, Arab Rep.",EGY,2017,"Educational attainment, Doctoral or equivalent, population 25+, total (%) (cumulative)",SE.TER.CUAT.DO.ZS,0.30649
"Egypt, Arab Rep.",EGY,2017,"Educational attainment, at least Master's or equivalent, population 25+, female (%) (cumulative)",SE.TER.CUAT.MS.FE.ZS,0.57315
"Egypt, Arab Rep.",EGY,2017,"Educational attainment, at least Master's or equivalent, population 25+, male (%) (cumulative)",SE.TER.CUAT.MS.MA.ZS,0.78567
"Egypt, Arab Rep.",EGY,2017,"Educational attainment, at least Master's or equivalent, population 25+, total (%) (cumulative)",SE.TER.CUAT.MS.ZS,0.69298
"Egypt, Arab Rep.",EGY,2017,"Educational attainment, at least completed short-cycle tertiary, population 25+, female (%) (cumulative)",SE.TER.CUAT.ST.FE.ZS,5.90439
"Egypt, Arab Rep.",EGY,2006,"Educational attainment, at least completed short-cycle tertiary, population 25+, female (%) (cumulative)",SE.TER.CUAT.ST.FE.ZS,10.12157
"Egypt, Arab Rep.",EGY,2017,"Educational attainment, at least completed short-cycle tertiary, population 25+, male (%) (cumulative)",SE.TER.CUAT.ST.MA.ZS,6.37173
"Egypt, Arab Rep.",EGY,2006,"Educational attainment, at least completed short-cycle tertiary, population 25+, male (%) (cumulative)",SE.TER.CUAT.ST.MA.ZS,16.10782
"Egypt, Arab Rep.",EGY,2017,"Educational attainment, at least completed short-cycle tertiary, population 25+, total (%) (cumulative)",SE.TER.CUAT.ST.ZS,6.1679
"Egypt, Arab Rep.",EGY,2006,"Educational attainment, at least completed short-cycle tertiary, population 25+, total (%) (cumulative)",SE.TER.CUAT.ST.ZS,13.1601
"Egypt, Arab Rep.",EGY,2018,"School enrollment, tertiary, female (% gross)",SE.TER.ENRR.FE,39.81048
"Egypt, Arab Rep.",EGY,2017,"School enrollment, tertiary, female (% gross)",SE.TER.ENRR.FE,35.77688
"Egypt, Arab Rep.",EGY,2016,"School enrollment, tertiary, female (% gross)",SE.TER.ENRR.FE,34.249
"Egypt, Arab Rep.",EGY,2015,"School enrollment, tertiary, female (% gross)",SE.TER.ENRR.FE,34.32684
"Egypt, Arab Rep.",EGY,2014,"School enrollment, tertiary, female (% gross)",SE.TER.ENRR.FE,29.29898
"Egypt, Arab Rep.",EGY,2013,"School enrollment, tertiary, female (% gross)",SE.TER.ENRR.FE,28.37723
"Egypt, Arab Rep.",EGY,2012,"School enrollment, tertiary, female (% gross)",SE.TER.ENRR.FE,26.15459
"Egypt, Arab Rep.",EGY,2011,"School enrollment, tertiary, female (% gross)",SE.TER.ENRR.FE,25.52576
"Egypt, Arab Rep.",EGY,2010,"School enrollment, tertiary, female (% gross)",SE.TER.ENRR.FE,30.01423
"Egypt, Arab Rep.",EGY,2009,"School enrollment, tertiary, female (% gross)",SE.TER.ENRR.FE,28.87459
"Egypt, Arab Rep.",EGY,2008,"School enrollment, tertiary, female (% gross)",SE.TER.ENRR.FE,28.93243
"Egypt, Arab Rep.",EGY,2007,"School enrollment, tertiary, female (% gross)",SE.TER.ENRR.FE,26.12975
"Egypt, Arab Rep.",EGY,2006,"School enrollment, tertiary, female (% gross)",SE.TER.ENRR.FE,27.97112
"Egypt, Arab Rep.",EGY,2005,"School enrollment, tertiary, female (% gross)",SE.TER.ENRR.FE,27.46673
"Egypt, Arab Rep.",EGY,2004,"School enrollment, tertiary, female (% gross)",SE.TER.ENRR.FE,25.81621
"Egypt, Arab Rep.",EGY,2003,"School enrollment, tertiary, female (% gross)",SE.TER.ENRR.FE,25.66336
"Egypt, Arab Rep.",EGY,2002,"School enrollment, tertiary, female (% gross)",SE.TER.ENRR.FE,27.6282
"Egypt, Arab Rep.",EGY,2001,"School enrollment, tertiary, female (% gross)",SE.TER.ENRR.FE,26.21074
"Egypt, Arab Rep.",EGY,1991,"School enrollment, tertiary, female (% gross)",SE.TER.ENRR.FE,8.93995
"Egypt, Arab Rep.",EGY,1990,"School enrollment, tertiary, female (% gross)",SE.TER.ENRR.FE,9.9748
"Egypt, Arab Rep.",EGY,1989,"School enrollment, tertiary, female (% gross)",SE.TER.ENRR.FE,10.57636
"Egypt, Arab Rep.",EGY,1988,"School enrollment, tertiary, female (% gross)",SE.TER.ENRR.FE,12.07116
"Egypt, Arab Rep.",EGY,1987,"School enrollment, tertiary, female (% gross)",SE.TER.ENRR.FE,10.76907
"Egypt, Arab Rep.",EGY,1986,"School enrollment, tertiary, female (% gross)",SE.TER.ENRR.FE,11.1888
"Egypt, Arab Rep.",EGY,1985,"School enrollment, tertiary, female (% gross)",SE.TER.ENRR.FE,12.58539
"Egypt, Arab Rep.",EGY,1984,"School enrollment, tertiary, female (% gross)",SE.TER.ENRR.FE,12.90817
"Egypt, Arab Rep.",EGY,1983,"School enrollment, tertiary, female (% gross)",SE.TER.ENRR.FE,12.6704
"Egypt, Arab Rep.",EGY,1982,"School enrollment, tertiary, female (% gross)",SE.TER.ENRR.FE,12.11861
"Egypt, Arab Rep.",EGY,1981,"School enrollment, tertiary, female (% gross)",SE.TER.ENRR.FE,11.37838
"Egypt, Arab Rep.",EGY,1980,"School enrollment, tertiary, female (% gross)",SE.TER.ENRR.FE,10.52467
"Egypt, Arab Rep.",EGY,1979,"School enrollment, tertiary, female (% gross)",SE.TER.ENRR.FE,10.1385
"Egypt, Arab Rep.",EGY,1978,"School enrollment, tertiary, female (% gross)",SE.TER.ENRR.FE,9.77712
"Egypt, Arab Rep.",EGY,1977,"School enrollment, tertiary, female (% gross)",SE.TER.ENRR.FE,9.36012
"Egypt, Arab Rep.",EGY,1976,"School enrollment, tertiary, female (% gross)",SE.TER.ENRR.FE,8.64978
"Egypt, Arab Rep.",EGY,1975,"School enrollment, tertiary, female (% gross)",SE.TER.ENRR.FE,7.40852
"Egypt, Arab Rep.",EGY,1974,"School enrollment, tertiary, female (% gross)",SE.TER.ENRR.FE,6.45057
"Egypt, Arab Rep.",EGY,1973,"School enrollment, tertiary, female (% gross)",SE.TER.ENRR.FE,5.61142
"Egypt, Arab Rep.",EGY,1972,"School enrollment, tertiary, female (% gross)",SE.TER.ENRR.FE,4.59003
"Egypt, Arab Rep.",EGY,1971,"School enrollment, tertiary, female (% gross)",SE.TER.ENRR.FE,3.99654
"Egypt, Arab Rep.",EGY,2018,"School enrollment, tertiary, male (% gross)",SE.TER.ENRR.MA,38.04088
"Egypt, Arab Rep.",EGY,2017,"School enrollment, tertiary, male (% gross)",SE.TER.ENRR.MA,34.57846
"Egypt, Arab Rep.",EGY,2016,"School enrollment, tertiary, male (% gross)",SE.TER.ENRR.MA,33.48467
"Egypt, Arab Rep.",EGY,2015,"School enrollment, tertiary, male (% gross)",SE.TER.ENRR.MA,35.70168
"Egypt, Arab Rep.",EGY,2014,"School enrollment, tertiary, male (% gross)",SE.TER.ENRR.MA,32.76692
"Egypt, Arab Rep.",EGY,2013,"School enrollment, tertiary, male (% gross)",SE.TER.ENRR.MA,31.7875
"Egypt, Arab Rep.",EGY,2012,"School enrollment, tertiary, male (% gross)",SE.TER.ENRR.MA,29.23512
"Egypt, Arab Rep.",EGY,2011,"School enrollment, tertiary, male (% gross)",SE.TER.ENRR.MA,28.05342
"Egypt, Arab Rep.",EGY,2010,"School enrollment, tertiary, male (% gross)",SE.TER.ENRR.MA,32.75881
"Egypt, Arab Rep.",EGY,2009,"School enrollment, tertiary, male (% gross)",SE.TER.ENRR.MA,32.12291
"Egypt, Arab Rep.",EGY,2008,"School enrollment, tertiary, male (% gross)",SE.TER.ENRR.MA,30.9961
"Egypt, Arab Rep.",EGY,2007,"School enrollment, tertiary, male (% gross)",SE.TER.ENRR.MA,34.2235
"Egypt, Arab Rep.",EGY,2006,"School enrollment, tertiary, male (% gross)",SE.TER.ENRR.MA,31.79677
"Egypt, Arab Rep.",EGY,2005,"School enrollment, tertiary, male (% gross)",SE.TER.ENRR.MA,32.65121
"Egypt, Arab Rep.",EGY,2004,"School enrollment, tertiary, male (% gross)",SE.TER.ENRR.MA,31.89875
"Egypt, Arab Rep.",EGY,2003,"School enrollment, tertiary, male (% gross)",SE.TER.ENRR.MA,29.56418
"Egypt, Arab Rep.",EGY,2002,"School enrollment, tertiary, male (% gross)",SE.TER.ENRR.MA,33.82263
"Egypt, Arab Rep.",EGY,2001,"School enrollment, tertiary, male (% gross)",SE.TER.ENRR.MA,33.13197
"Egypt, Arab Rep.",EGY,1991,"School enrollment, tertiary, male (% gross)",SE.TER.ENRR.MA,15.3269
"Egypt, Arab Rep.",EGY,1990,"School enrollment, tertiary, male (% gross)",SE.TER.ENRR.MA,18.75234
"Egypt, Arab Rep.",EGY,1989,"School enrollment, tertiary, male (% gross)",SE.TER.ENRR.MA,20.46525
"Egypt, Arab Rep.",EGY,1988,"School enrollment, tertiary, male (% gross)",SE.TER.ENRR.MA,24.18584
"Egypt, Arab Rep.",EGY,1987,"School enrollment, tertiary, male (% gross)",SE.TER.ENRR.MA,26.34539
"Egypt, Arab Rep.",EGY,1986,"School enrollment, tertiary, male (% gross)",SE.TER.ENRR.MA,25.85226
"Egypt, Arab Rep.",EGY,1985,"School enrollment, tertiary, male (% gross)",SE.TER.ENRR.MA,24.79539
"Egypt, Arab Rep.",EGY,1984,"School enrollment, tertiary, male (% gross)",SE.TER.ENRR.MA,27.02828
"Egypt, Arab Rep.",EGY,1983,"School enrollment, tertiary, male (% gross)",SE.TER.ENRR.MA,26.00625
"Egypt, Arab Rep.",EGY,1982,"School enrollment, tertiary, male (% gross)",SE.TER.ENRR.MA,25.10518
"Egypt, Arab Rep.",EGY,1981,"School enrollment, tertiary, male (% gross)",SE.TER.ENRR.MA,23.62536
"Egypt, Arab Rep.",EGY,1980,"School enrollment, tertiary, male (% gross)",SE.TER.ENRR.MA,22.54725
"Egypt, Arab Rep.",EGY,1979,"School enrollment, tertiary, male (% gross)",SE.TER.ENRR.MA,22.05795
"Egypt, Arab Rep.",EGY,1978,"School enrollment, tertiary, male (% gross)",SE.TER.ENRR.MA,22.18753
"Egypt, Arab Rep.",EGY,1977,"School enrollment, tertiary, male (% gross)",SE.TER.ENRR.MA,21.36604
"Egypt, Arab Rep.",EGY,1976,"School enrollment, tertiary, male (% gross)",SE.TER.ENRR.MA,18.39682
"Egypt, Arab Rep.",EGY,1975,"School enrollment, tertiary, male (% gross)",SE.TER.ENRR.MA,16.43713
"Egypt, Arab Rep.",EGY,1974,"School enrollment, tertiary, male (% gross)",SE.TER.ENRR.MA,14.59138
"Egypt, Arab Rep.",EGY,1973,"School enrollment, tertiary, male (% gross)",SE.TER.ENRR.MA,12.92626
"Egypt, Arab Rep.",EGY,1972,"School enrollment, tertiary, male (% gross)",SE.TER.ENRR.MA,11.31978
"Egypt, Arab Rep.",EGY,1971,"School enrollment, tertiary, male (% gross)",SE.TER.ENRR.MA,10.07745
"Egypt, Arab Rep.",EGY,2014,"Women participating in the three decisions (own health care, major household purchases, and visiting family) (% of women age 15-49)",SG.DMK.ALLD.FN.ZS,58.8
"Egypt, Arab Rep.",EGY,2008,"Women participating in the three decisions (own health care, major household purchases, and visiting family) (% of women age 15-49)",SG.DMK.ALLD.FN.ZS,52.2
"Egypt, Arab Rep.",EGY,2005,"Women participating in the three decisions (own health care, major household purchases, and visiting family) (% of women age 15-49)",SG.DMK.ALLD.FN.ZS,45.2
"Egypt, Arab Rep.",EGY,2000,"Women participating in the three decisions (own health care, major household purchases, and visiting family) (% of women age 15-49)",SG.DMK.ALLD.FN.ZS,29.7
"Egypt, Arab Rep.",EGY,2022,Proportion of seats held by women in national parliaments (%),SG.GEN.PARL.ZS,27.580372
"Egypt, Arab Rep.",EGY,2021,Proportion of seats held by women in national parliaments (%),SG.GEN.PARL.ZS,27.702703
"Egypt, Arab Rep.",EGY,2020,Proportion of seats held by women in national parliaments (%),SG.GEN.PARL.ZS,27.411167
"Egypt, Arab Rep.",EGY,2019,Proportion of seats held by women in national parliaments (%),SG.GEN.PARL.ZS,14.932886
"Egypt, Arab Rep.",EGY,2018,Proportion of seats held by women in national parliaments (%),SG.GEN.PARL.ZS,14.932886
"Egypt, Arab Rep.",EGY,2017,Proportion of seats held by women in national parliaments (%),SG.GEN.PARL.ZS,14.932886
"Egypt, Arab Rep.",EGY,2016,Proportion of seats held by women in national parliaments (%),SG.GEN.PARL.ZS,14.932886
"Egypt, Arab Rep.",EGY,2012,Proportion of seats held by women in national parliaments (%),SG.GEN.PARL.ZS,1.968504
"Egypt, Arab Rep.",EGY,2011,Proportion of seats held by women in national parliaments (%),SG.GEN.PARL.ZS,1.968504
"Egypt, Arab Rep.",EGY,2010,Proportion of seats held by women in national parliaments (%),SG.GEN.PARL.ZS,12.6953125
"Egypt, Arab Rep.",EGY,2009,Proportion of seats held by women in national parliaments (%),SG.GEN.PARL.ZS,1.7621145
"Egypt, Arab Rep.",EGY,2008,Proportion of seats held by women in national parliaments (%),SG.GEN.PARL.ZS,1.8099548
"Egypt, Arab Rep.",EGY,2007,Proportion of seats held by women in national parliaments (%),SG.GEN.PARL.ZS,1.8099548
"Egypt, Arab Rep.",EGY,2006,Proportion of seats held by women in national parliaments (%),SG.GEN.PARL.ZS,2.036199
"Egypt, Arab Rep.",EGY,2005,Proportion of seats held by women in national parliaments (%),SG.GEN.PARL.ZS,1.9823788
"Egypt, Arab Rep.",EGY,2004,Proportion of seats held by women in national parliaments (%),SG.GEN.PARL.ZS,2.8634362
"Egypt, Arab Rep.",EGY,2003,Proportion of seats held by women in national parliaments (%),SG.GEN.PARL.ZS,2.4229076
"Egypt, Arab Rep.",EGY,2002,Proportion of seats held by women in national parliaments (%),SG.GEN.PARL.ZS,2.4229076
"Egypt, Arab Rep.",EGY,2001,Proportion of seats held by women in national parliaments (%),SG.GEN.PARL.ZS,2.4229076
"Egypt, Arab Rep.",EGY,2000,Proportion of seats held by women in national parliaments (%),SG.GEN.PARL.ZS,1.9823788
"Egypt, Arab Rep.",EGY,1999,Proportion of seats held by women in national parliaments (%),SG.GEN.PARL.ZS,1.9823788
"Egypt, Arab Rep.",EGY,1998,Proportion of seats held by women in national parliaments (%),SG.GEN.PARL.ZS,1.9823788
"Egypt, Arab Rep.",EGY,1997,Proportion of seats held by women in national parliaments (%),SG.GEN.PARL.ZS,1.9823788
"Egypt, Arab Rep.",EGY,2022,Women Business and the Law Index Score (scale 1-100),SG.LAW.INDX,50.625
"Egypt, Arab Rep.",EGY,2021,Women Business and the Law Index Score (scale 1-100),SG.LAW.INDX,50.625
"Egypt, Arab Rep.",EGY,2020,Women Business and the Law Index Score (scale 1-100),SG.LAW.INDX,45.0
"Egypt, Arab Rep.",EGY,2019,Women Business and the Law Index Score (scale 1-100),SG.LAW.INDX,45.0
"Egypt, Arab Rep.",EGY,2018,Women Business and the Law Index Score (scale 1-100),SG.LAW.INDX,45.0
"Egypt, Arab Rep.",EGY,2017,Women Business and the Law Index Score (scale 1-100),SG.LAW.INDX,45.0
"Egypt, Arab Rep.",EGY,2016,Women Business and the Law Index Score (scale 1-100),SG.LAW.INDX,45.0
"Egypt, Arab Rep.",EGY,2015,Women Business and the Law Index Score (scale 1-100),SG.LAW.INDX,45.0
"Egypt, Arab Rep.",EGY,2014,Women Business and the Law Index Score (scale 1-100),SG.LAW.INDX,38.75
"Egypt, Arab Rep.",EGY,2013,Women Business and the Law Index Score (scale 1-100),SG.LAW.INDX,38.75
"Egypt, Arab Rep.",EGY,2012,Women Business and the Law Index Score (scale 1-100),SG.LAW.INDX,38.75
"Egypt, Arab Rep.",EGY,2011,Women Business and the Law Index Score (scale 1-100),SG.LAW.INDX,38.75
"Egypt, Arab Rep.",EGY,2010,Women Business and the Law Index Score (scale 1-100),SG.LAW.INDX,38.75
"Egypt, Arab Rep.",EGY,2009,Women Business and the Law Index Score (scale 1-100),SG.LAW.INDX,38.75
"Egypt, Arab Rep.",EGY,2008,Women Business and the Law Index Score (scale 1-100),SG.LAW.INDX,38.75
"Egypt, Arab Rep.",EGY,2007,Women Business and the Law Index Score (scale 1-100),SG.LAW.INDX,38.75
"Egypt, Arab Rep.",EGY,2006,Women Business and the Law Index Score (scale 1-100),SG.LAW.INDX,38.75
"Egypt, Arab Rep.",EGY,2005,Women Business and the Law Index Score (scale 1-100),SG.LAW.INDX,38.75
"Egypt, Arab Rep.",EGY,2004,Women Business and the Law Index Score (scale 1-100),SG.LAW.INDX,38.75
"Egypt, Arab Rep.",EGY,2003,Women Business and the Law Index Score (scale 1-100),SG.LAW.INDX,38.75
"Egypt, Arab Rep.",EGY,2002,Women Business and the Law Index Score (scale 1-100),SG.LAW.INDX,33.125
"Egypt, Arab Rep.",EGY,2001,Women Business and the Law Index Score (scale 1-100),SG.LAW.INDX,33.125
"Egypt, Arab Rep.",EGY,2000,Women Business and the Law Index Score (scale 1-100),SG.LAW.INDX,30.0
"Egypt, Arab Rep.",EGY,1999,Women Business and the Law Index Score (scale 1-100),SG.LAW.INDX,30.0
"Egypt, Arab Rep.",EGY,1998,Women Business and the Law Index Score (scale 1-100),SG.LAW.INDX,30.0
"Egypt, Arab Rep.",EGY,1997,Women Business and the Law Index Score (scale 1-100),SG.LAW.INDX,30.0
"Egypt, Arab Rep.",EGY,1996,Women Business and the Law Index Score (scale 1-100),SG.LAW.INDX,30.0
"Egypt, Arab Rep.",EGY,1995,Women Business and the Law Index Score (scale 1-100),SG.LAW.INDX,26.875
"Egypt, Arab Rep.",EGY,1994,Women Business and the Law Index Score (scale 1-100),SG.LAW.INDX,26.875
"Egypt, Arab Rep.",EGY,1993,Women Business and the Law Index Score (scale 1-100),SG.LAW.INDX,26.875
"Egypt, Arab Rep.",EGY,1992,Women Business and the Law Index Score (scale 1-100),SG.LAW.INDX,26.875
"Egypt, Arab Rep.",EGY,1991,Women Business and the Law Index Score (scale 1-100),SG.LAW.INDX,26.875
"Egypt, Arab Rep.",EGY,1990,Women Business and the Law Index Score (scale 1-100),SG.LAW.INDX,26.875
"Egypt, Arab Rep.",EGY,1989,Women Business and the Law Index Score (scale 1-100),SG.LAW.INDX,26.875
"Egypt, Arab Rep.",EGY,1988,Women Business and the Law Index Score (scale 1-100),SG.LAW.INDX,26.875
"Egypt, Arab Rep.",EGY,1987,Women Business and the Law Index Score (scale 1-100),SG.LAW.INDX,26.875
"Egypt, Arab Rep.",EGY,1986,Women Business and the Law Index Score (scale 1-100),SG.LAW.INDX,26.875
"Egypt, Arab Rep.",EGY,1985,Women Business and the Law Index Score (scale 1-100),SG.LAW.INDX,29.375
"Egypt, Arab Rep.",EGY,1984,Women Business and the Law Index Score (scale 1-100),SG.LAW.INDX,29.375
"Egypt, Arab Rep.",EGY,1983,Women Business and the Law Index Score (scale 1-100),SG.LAW.INDX,29.375
"Egypt, Arab Rep.",EGY,1982,Women Business and the Law Index Score (scale 1-100),SG.LAW.INDX,29.375
"Egypt, Arab Rep.",EGY,1981,Women Business and the Law Index Score (scale 1-100),SG.LAW.INDX,29.375
"Egypt, Arab Rep.",EGY,1980,Women Business and the Law Index Score (scale 1-100),SG.LAW.INDX,29.375
"Egypt, Arab Rep.",EGY,1979,Women Business and the Law Index Score (scale 1-100),SG.LAW.INDX,29.375
"Egypt, Arab Rep.",EGY,1978,Women Business and the Law Index Score (scale 1-100),SG.LAW.INDX,29.375
"Egypt, Arab Rep.",EGY,1977,Women Business and the Law Index Score (scale 1-100),SG.LAW.INDX,29.375
"Egypt, Arab Rep.",EGY,1976,Women Business and the Law Index Score (scale 1-100),SG.LAW.INDX,29.375
"Egypt, Arab Rep.",EGY,1975,Women Business and the Law Index Score (scale 1-100),SG.LAW.INDX,29.375
"Egypt, Arab Rep.",EGY,1974,Women Business and the Law Index Score (scale 1-100),SG.LAW.INDX,29.375
"Egypt, Arab Rep.",EGY,1973,Women Business and the Law Index Score (scale 1-100),SG.LAW.INDX,29.375
"Egypt, Arab Rep.",EGY,1972,Women Business and the Law Index Score (scale 1-100),SG.LAW.INDX,29.375
"Egypt, Arab Rep.",EGY,1971,Women Business and the Law Index Score (scale 1-100),SG.LAW.INDX,29.375
"Egypt, Arab Rep.",EGY,1970,Women Business and the Law Index Score (scale 1-100),SG.LAW.INDX,29.375
"Egypt, Arab Rep.",EGY,2015,"Proportion of time spent on unpaid domestic and care work, female (% of 24 hour day)",SG.TIM.UWRK.FE,22.36111
"Egypt, Arab Rep.",EGY,2015,"Proportion of time spent on unpaid domestic and care work, male (% of 24 hour day)",SG.TIM.UWRK.MA,2.43056
"Egypt, Arab Rep.",EGY,2014,Proportion of women subjected to physical and/or sexual violence in the last 12 months (% of ever-partnered women ages 15-49),SG.VAW.1549.ZS,14.0
"Egypt, Arab Rep.",EGY,2014,Women who believe a husband is justified in beating his wife when she argues with him (%),SG.VAW.ARGU.ZS,12.8
"Egypt, Arab Rep.",EGY,2008,Women who believe a husband is justified in beating his wife when she argues with him (%),SG.VAW.ARGU.ZS,14.8
"Egypt, Arab Rep.",EGY,2005,Women who believe a husband is justified in beating his wife when she argues with him (%),SG.VAW.ARGU.ZS,37.4
"Egypt, Arab Rep.",EGY,2014,Women who believe a husband is justified in beating his wife when she burns the food (%),SG.VAW.BURN.ZS,7.0
"Egypt, Arab Rep.",EGY,2008,Women who believe a husband is justified in beating his wife when she burns the food (%),SG.VAW.BURN.ZS,7.9
"Egypt, Arab Rep.",EGY,2005,Women who believe a husband is justified in beating his wife when she burns the food (%),SG.VAW.BURN.ZS,19.0
"Egypt, Arab Rep.",EGY,2014,Women who believe a husband is justified in beating his wife when she goes out without telling him (%),SG.VAW.GOES.ZS,25.5
"Egypt, Arab Rep.",EGY,2008,Women who believe a husband is justified in beating his wife when she goes out without telling him (%),SG.VAW.GOES.ZS,31.5
"Egypt, Arab Rep.",EGY,2005,Women who believe a husband is justified in beating his wife when she goes out without telling him (%),SG.VAW.GOES.ZS,40.4
"Egypt, Arab Rep.",EGY,2014,Women who believe a husband is justified in beating his wife when she neglects the children (%),SG.VAW.NEGL.ZS,24.1
"Egypt, Arab Rep.",EGY,2008,Women who believe a husband is justified in beating his wife when she neglects the children (%),SG.VAW.NEGL.ZS,29.4
"Egypt, Arab Rep.",EGY,2005,Women who believe a husband is justified in beating his wife when she neglects the children (%),SG.VAW.NEGL.ZS,39.8
"Egypt, Arab Rep.",EGY,2014,Women who believe a husband is justified in beating his wife (any of five reasons) (%),SG.VAW.REAS.ZS,35.7
"Egypt, Arab Rep.",EGY,2008,Women who believe a husband is justified in beating his wife (any of five reasons) (%),SG.VAW.REAS.ZS,39.3
"Egypt, Arab Rep.",EGY,2005,Women who believe a husband is justified in beating his wife (any of five reasons) (%),SG.VAW.REAS.ZS,50.0
"Egypt, Arab Rep.",EGY,2014,Women who believe a husband is justified in beating his wife when she refuses sex with him (%),SG.VAW.REFU.ZS,19.9
"Egypt, Arab Rep.",EGY,2008,Women who believe a husband is justified in beating his wife when she refuses sex with him (%),SG.VAW.REFU.ZS,21.7
"Egypt, Arab Rep.",EGY,2005,Women who believe a husband is justified in beating his wife when she refuses sex with him (%),SG.VAW.REFU.ZS,33.5
"Egypt, Arab Rep.",EGY,2021,Women's share of population ages 15+ living with HIV (%),SH.DYN.AIDS.FE.ZS,26.9
"Egypt, Arab Rep.",EGY,2020,Women's share of population ages 15+ living with HIV (%),SH.DYN.AIDS.FE.ZS,27.9
"Egypt, Arab Rep.",EGY,2019,Women's share of population ages 15+ living with HIV (%),SH.DYN.AIDS.FE.ZS,29.0
"Egypt, Arab Rep.",EGY,2018,Women's share of population ages 15+ living with HIV (%),SH.DYN.AIDS.FE.ZS,30.2
"Egypt, Arab Rep.",EGY,2017,Women's share of population ages 15+ living with HIV (%),SH.DYN.AIDS.FE.ZS,31.8
"Egypt, Arab Rep.",EGY,2016,Women's share of population ages 15+ living with HIV (%),SH.DYN.AIDS.FE.ZS,33.7
"Egypt, Arab Rep.",EGY,2015,Women's share of population ages 15+ living with HIV (%),SH.DYN.AIDS.FE.ZS,35.7
"Egypt, Arab Rep.",EGY,2014,Women's share of population ages 15+ living with HIV (%),SH.DYN.AIDS.FE.ZS,37.8
"Egypt, Arab Rep.",EGY,2013,Women's share of population ages 15+ living with HIV (%),SH.DYN.AIDS.FE.ZS,40.0
"Egypt, Arab Rep.",EGY,2012,Women's share of population ages 15+ living with HIV (%),SH.DYN.AIDS.FE.ZS,42.4
"Egypt, Arab Rep.",EGY,2011,Women's share of population ages 15+ living with HIV (%),SH.DYN.AIDS.FE.ZS,44.8
"Egypt, Arab Rep.",EGY,2010,Women's share of population ages 15+ living with HIV (%),SH.DYN.AIDS.FE.ZS,47.3
"Egypt, Arab Rep.",EGY,2009,Women's share of population ages 15+ living with HIV (%),SH.DYN.AIDS.FE.ZS,50.1
"Egypt, Arab Rep.",EGY,2008,Women's share of population ages 15+ living with HIV (%),SH.DYN.AIDS.FE.ZS,53.0
"Egypt, Arab Rep.",EGY,2007,Women's share of population ages 15+ living with HIV (%),SH.DYN.AIDS.FE.ZS,56.1
"Egypt, Arab Rep.",EGY,2006,Women's share of population ages 15+ living with HIV (%),SH.DYN.AIDS.FE.ZS,59.2
"Egypt, Arab Rep.",EGY,2005,Women's share of population ages 15+ living with HIV (%),SH.DYN.AIDS.FE.ZS,61.9
"Egypt, Arab Rep.",EGY,2004,Women's share of population ages 15+ living with HIV (%),SH.DYN.AIDS.FE.ZS,64.5
"Egypt, Arab Rep.",EGY,2003,Women's share of population ages 15+ living with HIV (%),SH.DYN.AIDS.FE.ZS,67.1
"Egypt, Arab Rep.",EGY,2002,Women's share of population ages 15+ living with HIV (%),SH.DYN.AIDS.FE.ZS,69.5
"Egypt, Arab Rep.",EGY,2001,Women's share of population ages 15+ living with HIV (%),SH.DYN.AIDS.FE.ZS,71.9
"Egypt, Arab Rep.",EGY,2000,Women's share of population ages 15+ living with HIV (%),SH.DYN.AIDS.FE.ZS,74.1
"Egypt, Arab Rep.",EGY,1999,Women's share of population ages 15+ living with HIV (%),SH.DYN.AIDS.FE.ZS,76.2
"Egypt, Arab Rep.",EGY,1998,Women's share of population ages 15+ living with HIV (%),SH.DYN.AIDS.FE.ZS,78.1
"Egypt, Arab Rep.",EGY,1997,Women's share of population ages 15+ living with HIV (%),SH.DYN.AIDS.FE.ZS,80.0
"Egypt, Arab Rep.",EGY,1996,Women's share of population ages 15+ living with HIV (%),SH.DYN.AIDS.FE.ZS,81.7
"Egypt, Arab Rep.",EGY,1995,Women's share of population ages 15+ living with HIV (%),SH.DYN.AIDS.FE.ZS,83.3
"Egypt, Arab Rep.",EGY,1994,Women's share of population ages 15+ living with HIV (%),SH.DYN.AIDS.FE.ZS,84.7
"Egypt, Arab Rep.",EGY,1993,Women's share of population ages 15+ living with HIV (%),SH.DYN.AIDS.FE.ZS,86.0
"Egypt, Arab Rep.",EGY,1992,Women's share of population ages 15+ living with HIV (%),SH.DYN.AIDS.FE.ZS,87.3
"Egypt, Arab Rep.",EGY,1991,Women's share of population ages 15+ living with HIV (%),SH.DYN.AIDS.FE.ZS,88.6
"Egypt, Arab Rep.",EGY,1990,Women's share of population ages 15+ living with HIV (%),SH.DYN.AIDS.FE.ZS,89.7
"Egypt, Arab Rep.",EGY,2021,"Prevalence of HIV, female (% ages 15-24)",SH.HIV.1524.FE.ZS,0.1
"Egypt, Arab Rep.",EGY,2020,"Prevalence of HIV, female (% ages 15-24)",SH.HIV.1524.FE.ZS,0.1
"Egypt, Arab Rep.",EGY,2019,"Prevalence of HIV, female (% ages 15-24)",SH.HIV.1524.FE.ZS,0.1
"Egypt, Arab Rep.",EGY,2018,"Prevalence of HIV, female (% ages 15-24)",SH.HIV.1524.FE.ZS,0.1
"Egypt, Arab Rep.",EGY,2017,"Prevalence of HIV, female (% ages 15-24)",SH.HIV.1524.FE.ZS,0.1
"Egypt, Arab Rep.",EGY,2016,"Prevalence of HIV, female (% ages 15-24)",SH.HIV.1524.FE.ZS,0.1
"Egypt, Arab Rep.",EGY,2015,"Prevalence of HIV, female (% ages 15-24)",SH.HIV.1524.FE.ZS,0.1
"Egypt, Arab Rep.",EGY,2014,"Prevalence of HIV, female (% ages 15-24)",SH.HIV.1524.FE.ZS,0.1
"Egypt, Arab Rep.",EGY,2013,"Prevalence of HIV, female (% ages 15-24)",SH.HIV.1524.FE.ZS,0.1
"Egypt, Arab Rep.",EGY,2012,"Prevalence of HIV, female (% ages 15-24)",SH.HIV.1524.FE.ZS,0.1
"Egypt, Arab Rep.",EGY,2011,"Prevalence of HIV, female (% ages 15-24)",SH.HIV.1524.FE.ZS,0.1
"Egypt, Arab Rep.",EGY,2010,"Prevalence of HIV, female (% ages 15-24)",SH.HIV.1524.FE.ZS,0.1
"Egypt, Arab Rep.",EGY,2009,"Prevalence of HIV, female (% ages 15-24)",SH.HIV.1524.FE.ZS,0.1
"Egypt, Arab Rep.",EGY,2008,"Prevalence of HIV, female (% ages 15-24)",SH.HIV.1524.FE.ZS,0.1
"Egypt, Arab Rep.",EGY,2007,"Prevalence of HIV, female (% ages 15-24)",SH.HIV.1524.FE.ZS,0.1
"Egypt, Arab Rep.",EGY,2006,"Prevalence of HIV, female (% ages 15-24)",SH.HIV.1524.FE.ZS,0.1
"Egypt, Arab Rep.",EGY,2005,"Prevalence of HIV, female (% ages 15-24)",SH.HIV.1524.FE.ZS,0.1
"Egypt, Arab Rep.",EGY,2004,"Prevalence of HIV, female (% ages 15-24)",SH.HIV.1524.FE.ZS,0.1
"Egypt, Arab Rep.",EGY,2003,"Prevalence of HIV, female (% ages 15-24)",SH.HIV.1524.FE.ZS,0.1
"Egypt, Arab Rep.",EGY,2002,"Prevalence of HIV, female (% ages 15-24)",SH.HIV.1524.FE.ZS,0.1
"Egypt, Arab Rep.",EGY,2001,"Prevalence of HIV, female (% ages 15-24)",SH.HIV.1524.FE.ZS,0.1
"Egypt, Arab Rep.",EGY,2000,"Prevalence of HIV, female (% ages 15-24)",SH.HIV.1524.FE.ZS,0.1
"Egypt, Arab Rep.",EGY,1999,"Prevalence of HIV, female (% ages 15-24)",SH.HIV.1524.FE.ZS,0.1
"Egypt, Arab Rep.",EGY,1998,"Prevalence of HIV, female (% ages 15-24)",SH.HIV.1524.FE.ZS,0.1
"Egypt, Arab Rep.",EGY,1997,"Prevalence of HIV, female (% ages 15-24)",SH.HIV.1524.FE.ZS,0.1
"Egypt, Arab Rep.",EGY,1996,"Prevalence of HIV, female (% ages 15-24)",SH.HIV.1524.FE.ZS,0.1
"Egypt, Arab Rep.",EGY,1995,"Prevalence of HIV, female (% ages 15-24)",SH.HIV.1524.FE.ZS,0.1
"Egypt, Arab Rep.",EGY,1994,"Prevalence of HIV, female (% ages 15-24)",SH.HIV.1524.FE.ZS,0.1
"Egypt, Arab Rep.",EGY,1993,"Prevalence of HIV, female (% ages 15-24)",SH.HIV.1524.FE.ZS,0.1
"Egypt, Arab Rep.",EGY,1992,"Prevalence of HIV, female (% ages 15-24)",SH.HIV.1524.FE.ZS,0.1
"Egypt, Arab Rep.",EGY,1991,"Prevalence of HIV, female (% ages 15-24)",SH.HIV.1524.FE.ZS,0.1
"Egypt, Arab Rep.",EGY,1990,"Prevalence of HIV, female (% ages 15-24)",SH.HIV.1524.FE.ZS,0.1
"Egypt, Arab Rep.",EGY,2021,"Prevalence of HIV, male (% ages 15-24)",SH.HIV.1524.MA.ZS,0.1
"Egypt, Arab Rep.",EGY,2020,"Prevalence of HIV, male (% ages 15-24)",SH.HIV.1524.MA.ZS,0.1
"Egypt, Arab Rep.",EGY,2019,"Prevalence of HIV, male (% ages 15-24)",SH.HIV.1524.MA.ZS,0.1
"Egypt, Arab Rep.",EGY,2018,"Prevalence of HIV, male (% ages 15-24)",SH.HIV.1524.MA.ZS,0.1
"Egypt, Arab Rep.",EGY,2017,"Prevalence of HIV, male (% ages 15-24)",SH.HIV.1524.MA.ZS,0.1
"Egypt, Arab Rep.",EGY,2016,"Prevalence of HIV, male (% ages 15-24)",SH.HIV.1524.MA.ZS,0.1
"Egypt, Arab Rep.",EGY,2015,"Prevalence of HIV, male (% ages 15-24)",SH.HIV.1524.MA.ZS,0.1
"Egypt, Arab Rep.",EGY,2014,"Prevalence of HIV, male (% ages 15-24)",SH.HIV.1524.MA.ZS,0.1
"Egypt, Arab Rep.",EGY,2013,"Prevalence of HIV, male (% ages 15-24)",SH.HIV.1524.MA.ZS,0.1
"Egypt, Arab Rep.",EGY,2012,"Prevalence of HIV, male (% ages 15-24)",SH.HIV.1524.MA.ZS,0.1
"Egypt, Arab Rep.",EGY,2011,"Prevalence of HIV, male (% ages 15-24)",SH.HIV.1524.MA.ZS,0.1
"Egypt, Arab Rep.",EGY,2010,"Prevalence of HIV, male (% ages 15-24)",SH.HIV.1524.MA.ZS,0.1
"Egypt, Arab Rep.",EGY,2009,"Prevalence of HIV, male (% ages 15-24)",SH.HIV.1524.MA.ZS,0.1
"Egypt, Arab Rep.",EGY,2008,"Prevalence of HIV, male (% ages 15-24)",SH.HIV.1524.MA.ZS,0.1
"Egypt, Arab Rep.",EGY,2007,"Prevalence of HIV, male (% ages 15-24)",SH.HIV.1524.MA.ZS,0.1
"Egypt, Arab Rep.",EGY,2006,"Prevalence of HIV, male (% ages 15-24)",SH.HIV.1524.MA.ZS,0.1
"Egypt, Arab Rep.",EGY,2005,"Prevalence of HIV, male (% ages 15-24)",SH.HIV.1524.MA.ZS,0.1
"Egypt, Arab Rep.",EGY,2004,"Prevalence of HIV, male (% ages 15-24)",SH.HIV.1524.MA.ZS,0.1
"Egypt, Arab Rep.",EGY,2003,"Prevalence of HIV, male (% ages 15-24)",SH.HIV.1524.MA.ZS,0.1
"Egypt, Arab Rep.",EGY,2002,"Prevalence of HIV, male (% ages 15-24)",SH.HIV.1524.MA.ZS,0.1
"Egypt, Arab Rep.",EGY,2001,"Prevalence of HIV, male (% ages 15-24)",SH.HIV.1524.MA.ZS,0.1
"Egypt, Arab Rep.",EGY,2000,"Prevalence of HIV, male (% ages 15-24)",SH.HIV.1524.MA.ZS,0.1
"Egypt, Arab Rep.",EGY,1999,"Prevalence of HIV, male (% ages 15-24)",SH.HIV.1524.MA.ZS,0.1
"Egypt, Arab Rep.",EGY,1998,"Prevalence of HIV, male (% ages 15-24)",SH.HIV.1524.MA.ZS,0.1
"Egypt, Arab Rep.",EGY,1997,"Prevalence of HIV, male (% ages 15-24)",SH.HIV.1524.MA.ZS,0.1
"Egypt, Arab Rep.",EGY,1996,"Prevalence of HIV, male (% ages 15-24)",SH.HIV.1524.MA.ZS,0.1
"Egypt, Arab Rep.",EGY,1995,"Prevalence of HIV, male (% ages 15-24)",SH.HIV.1524.MA.ZS,0.1
"Egypt, Arab Rep.",EGY,1994,"Prevalence of HIV, male (% ages 15-24)",SH.HIV.1524.MA.ZS,0.1
"Egypt, Arab Rep.",EGY,1993,"Prevalence of HIV, male (% ages 15-24)",SH.HIV.1524.MA.ZS,0.1
"Egypt, Arab Rep.",EGY,1992,"Prevalence of HIV, male (% ages 15-24)",SH.HIV.1524.MA.ZS,0.1
"Egypt, Arab Rep.",EGY,1991,"Prevalence of HIV, male (% ages 15-24)",SH.HIV.1524.MA.ZS,0.1
"Egypt, Arab Rep.",EGY,1990,"Prevalence of HIV, male (% ages 15-24)",SH.HIV.1524.MA.ZS,0.1
"Egypt, Arab Rep.",EGY,2020,Lifetime risk of maternal death (1 in: rate varies by country),SH.MMR.RISK,1900.0
"Egypt, Arab Rep.",EGY,2019,Lifetime risk of maternal death (1 in: rate varies by country),SH.MMR.RISK,1800.0
"Egypt, Arab Rep.",EGY,2018,Lifetime risk of maternal death (1 in: rate varies by country),SH.MMR.RISK,1500.0
"Egypt, Arab Rep.",EGY,2017,Lifetime risk of maternal death (1 in: rate varies by country),SH.MMR.RISK,1500.0
"Egypt, Arab Rep.",EGY,2016,Lifetime risk of maternal death (1 in: rate varies by country),SH.MMR.RISK,1400.0
"Egypt, Arab Rep.",EGY,2015,Lifetime risk of maternal death (1 in: rate varies by country),SH.MMR.RISK,1100.0
"Egypt, Arab Rep.",EGY,2014,Lifetime risk of maternal death (1 in: rate varies by country),SH.MMR.RISK,1000.0
"Egypt, Arab Rep.",EGY,2013,Lifetime risk of maternal death (1 in: rate varies by country),SH.MMR.RISK,930.0
"Egypt, Arab Rep.",EGY,2012,Lifetime risk of maternal death (1 in: rate varies by country),SH.MMR.RISK,850.0
"Egypt, Arab Rep.",EGY,2011,Lifetime risk of maternal death (1 in: rate varies by country),SH.MMR.RISK,770.0
"Egypt, Arab Rep.",EGY,2010,Lifetime risk of maternal death (1 in: rate varies by country),SH.MMR.RISK,690.0
"Egypt, Arab Rep.",EGY,2009,Lifetime risk of maternal death (1 in: rate varies by country),SH.MMR.RISK,730.0
"Egypt, Arab Rep.",EGY,2008,Lifetime risk of maternal death (1 in: rate varies by country),SH.MMR.RISK,660.0
"Egypt, Arab Rep.",EGY,2007,Lifetime risk of maternal death (1 in: rate varies by country),SH.MMR.RISK,610.0
"Egypt, Arab Rep.",EGY,2006,Lifetime risk of maternal death (1 in: rate varies by country),SH.MMR.RISK,550.0
"Egypt, Arab Rep.",EGY,2005,Lifetime risk of maternal death (1 in: rate varies by country),SH.MMR.RISK,510.0
"Egypt, Arab Rep.",EGY,2004,Lifetime risk of maternal death (1 in: rate varies by country),SH.MMR.RISK,470.0
"Egypt, Arab Rep.",EGY,2003,Lifetime risk of maternal death (1 in: rate varies by country),SH.MMR.RISK,440.0
"Egypt, Arab Rep.",EGY,2002,Lifetime risk of maternal death (1 in: rate varies by country),SH.MMR.RISK,370.0
"Egypt, Arab Rep.",EGY,2001,Lifetime risk of maternal death (1 in: rate varies by country),SH.MMR.RISK,350.0
"Egypt, Arab Rep.",EGY,2000,Lifetime risk of maternal death (1 in: rate varies by country),SH.MMR.RISK,330.0
"Egypt, Arab Rep.",EGY,2020,Lifetime risk of maternal death (%),SH.MMR.RISK.ZS,0.052523684
"Egypt, Arab Rep.",EGY,2019,Lifetime risk of maternal death (%),SH.MMR.RISK.ZS,0.05542501
"Egypt, Arab Rep.",EGY,2018,Lifetime risk of maternal death (%),SH.MMR.RISK.ZS,0.06604009
"Egypt, Arab Rep.",EGY,2017,Lifetime risk of maternal death (%),SH.MMR.RISK.ZS,0.06779525
"Egypt, Arab Rep.",EGY,2016,Lifetime risk of maternal death (%),SH.MMR.RISK.ZS,0.07354769
"Egypt, Arab Rep.",EGY,2015,Lifetime risk of maternal death (%),SH.MMR.RISK.ZS,0.091083534
"Egypt, Arab Rep.",EGY,2014,Lifetime risk of maternal death (%),SH.MMR.RISK.ZS,0.09604592
"Egypt, Arab Rep.",EGY,2013,Lifetime risk of maternal death (%),SH.MMR.RISK.ZS,0.10710802
"Egypt, Arab Rep.",EGY,2012,Lifetime risk of maternal death (%),SH.MMR.RISK.ZS,0.11767085
"Egypt, Arab Rep.",EGY,2011,Lifetime risk of maternal death (%),SH.MMR.RISK.ZS,0.13067186
"Egypt, Arab Rep.",EGY,2010,Lifetime risk of maternal death (%),SH.MMR.RISK.ZS,0.14481817
"Egypt, Arab Rep.",EGY,2009,Lifetime risk of maternal death (%),SH.MMR.RISK.ZS,0.13788263
"Egypt, Arab Rep.",EGY,2008,Lifetime risk of maternal death (%),SH.MMR.RISK.ZS,0.15072058
"Egypt, Arab Rep.",EGY,2007,Lifetime risk of maternal death (%),SH.MMR.RISK.ZS,0.1649014
"Egypt, Arab Rep.",EGY,2006,Lifetime risk of maternal death (%),SH.MMR.RISK.ZS,0.18179923
"Egypt, Arab Rep.",EGY,2005,Lifetime risk of maternal death (%),SH.MMR.RISK.ZS,0.19812879
"Egypt, Arab Rep.",EGY,2004,Lifetime risk of maternal death (%),SH.MMR.RISK.ZS,0.21485172
"Egypt, Arab Rep.",EGY,2003,Lifetime risk of maternal death (%),SH.MMR.RISK.ZS,0.22539973
"Egypt, Arab Rep.",EGY,2002,Lifetime risk of maternal death (%),SH.MMR.RISK.ZS,0.2735344
"Egypt, Arab Rep.",EGY,2001,Lifetime risk of maternal death (%),SH.MMR.RISK.ZS,0.28517038
"Egypt, Arab Rep.",EGY,2000,Lifetime risk of maternal death (%),SH.MMR.RISK.ZS,0.29903552
"Egypt, Arab Rep.",EGY,2020,"Prevalence of current tobacco use, females (% of female adults)",SH.PRV.SMOK.FE,0.4
"Egypt, Arab Rep.",EGY,2019,"Prevalence of current tobacco use, females (% of female adults)",SH.PRV.SMOK.FE,0.4
"Egypt, Arab Rep.",EGY,2018,"Prevalence of current tobacco use, females (% of female adults)",SH.PRV.SMOK.FE,0.5
"Egypt, Arab Rep.",EGY,2015,"Prevalence of current tobacco use, females (% of female adults)",SH.PRV.SMOK.FE,0.5
"Egypt, Arab Rep.",EGY,2010,"Prevalence of current tobacco use, females (% of female adults)",SH.PRV.SMOK.FE,0.7
"Egypt, Arab Rep.",EGY,2005,"Prevalence of current tobacco use, females (% of female adults)",SH.PRV.SMOK.FE,0.8
"Egypt, Arab Rep.",EGY,2000,"Prevalence of current tobacco use, females (% of female adults)",SH.PRV.SMOK.FE,1.0
"Egypt, Arab Rep.",EGY,2020,"Prevalence of current tobacco use, males (% of male adults)",SH.PRV.SMOK.MA,48.1
"Egypt, Arab Rep.",EGY,2019,"Prevalence of current tobacco use, males (% of male adults)",SH.PRV.SMOK.MA,48.3
"Egypt, Arab Rep.",EGY,2018,"Prevalence of current tobacco use, males (% of male adults)",SH.PRV.SMOK.MA,48.2
"Egypt, Arab Rep.",EGY,2015,"Prevalence of current tobacco use, males (% of male adults)",SH.PRV.SMOK.MA,48.1
"Egypt, Arab Rep.",EGY,2010,"Prevalence of current tobacco use, males (% of male adults)",SH.PRV.SMOK.MA,47.9
"Egypt, Arab Rep.",EGY,2005,"Prevalence of current tobacco use, males (% of male adults)",SH.PRV.SMOK.MA,47.4
"Egypt, Arab Rep.",EGY,2000,"Prevalence of current tobacco use, males (% of male adults)",SH.PRV.SMOK.MA,47.5
"Egypt, Arab Rep.",EGY,2014,Pregnant women receiving prenatal care (%),SH.STA.ANVC.ZS,90.3
"Egypt, Arab Rep.",EGY,2008,Pregnant women receiving prenatal care (%),SH.STA.ANVC.ZS,73.6
"Egypt, Arab Rep.",EGY,2005,Pregnant women receiving prenatal care (%),SH.STA.ANVC.ZS,69.6
"Egypt, Arab Rep.",EGY,2003,Pregnant women receiving prenatal care (%),SH.STA.ANVC.ZS,68.7
"Egypt, Arab Rep.",EGY,2000,Pregnant women receiving prenatal care (%),SH.STA.ANVC.ZS,52.9
"Egypt, Arab Rep.",EGY,1998,Pregnant women receiving prenatal care (%),SH.STA.ANVC.ZS,47.2
"Egypt, Arab Rep.",EGY,1997,Pregnant women receiving prenatal care (%),SH.STA.ANVC.ZS,52.0
"Egypt, Arab Rep.",EGY,1996,Pregnant women receiving prenatal care (%),SH.STA.ANVC.ZS,39.1
"Egypt, Arab Rep.",EGY,1995,Pregnant women receiving prenatal care (%),SH.STA.ANVC.ZS,42.5
"Egypt, Arab Rep.",EGY,1993,Pregnant women receiving prenatal care (%),SH.STA.ANVC.ZS,52.9
"Egypt, Arab Rep.",EGY,1992,Pregnant women receiving prenatal care (%),SH.STA.ANVC.ZS,57.1
"Egypt, Arab Rep.",EGY,1991,Pregnant women receiving prenatal care (%),SH.STA.ANVC.ZS,52.1
"Egypt, Arab Rep.",EGY,1988,Pregnant women receiving prenatal care (%),SH.STA.ANVC.ZS,57.0
"Egypt, Arab Rep.",EGY,2014,Births attended by skilled health staff (% of total),SH.STA.BRTC.ZS,91.5
"Egypt, Arab Rep.",EGY,2008,Births attended by skilled health staff (% of total),SH.STA.BRTC.ZS,78.9
"Egypt, Arab Rep.",EGY,2005,Births attended by skilled health staff (% of total),SH.STA.BRTC.ZS,74.2
"Egypt, Arab Rep.",EGY,2003,Births attended by skilled health staff (% of total),SH.STA.BRTC.ZS,69.4
"Egypt, Arab Rep.",EGY,2000,Births attended by skilled health staff (% of total),SH.STA.BRTC.ZS,60.9
"Egypt, Arab Rep.",EGY,1998,Births attended by skilled health staff (% of total),SH.STA.BRTC.ZS,55.2
"Egypt, Arab Rep.",EGY,1997,Births attended by skilled health staff (% of total),SH.STA.BRTC.ZS,56.4
"Egypt, Arab Rep.",EGY,1996,Births attended by skilled health staff (% of total),SH.STA.BRTC.ZS,46.3
"Egypt, Arab Rep.",EGY,1995,Births attended by skilled health staff (% of total),SH.STA.BRTC.ZS,46.2
"Egypt, Arab Rep.",EGY,1993,Births attended by skilled health staff (% of total),SH.STA.BRTC.ZS,40.7
"Egypt, Arab Rep.",EGY,1992,Births attended by skilled health staff (% of total),SH.STA.BRTC.ZS,40.7
"Egypt, Arab Rep.",EGY,1991,Births attended by skilled health staff (% of total),SH.STA.BRTC.ZS,36.5
"Egypt, Arab Rep.",EGY,1988,Births attended by skilled health staff (% of total),SH.STA.BRTC.ZS,34.6
"Egypt, Arab Rep.",EGY,2014,"Prevalence of underweight, weight for age, female (% of children under 5)",SH.STA.MALN.FE.ZS,6.2
"Egypt, Arab Rep.",EGY,2008,"Prevalence of underweight, weight for age, female (% of children under 5)",SH.STA.MALN.FE.ZS,5.4
"Egypt, Arab Rep.",EGY,2005,"Prevalence of underweight, weight for age, female (% of children under 5)",SH.STA.MALN.FE.ZS,4.2
"Egypt, Arab Rep.",EGY,2003,"Prevalence of underweight, weight for age, female (% of children under 5)",SH.STA.MALN.FE.ZS,7.0
"Egypt, Arab Rep.",EGY,1995,"Prevalence of underweight, weight for age, female (% of children under 5)",SH.STA.MALN.FE.ZS,9.8
"Egypt, Arab Rep.",EGY,1992,"Prevalence of underweight, weight for age, female (% of children under 5)",SH.STA.MALN.FE.ZS,7.9
"Egypt, Arab Rep.",EGY,1991,"Prevalence of underweight, weight for age, female (% of children under 5)",SH.STA.MALN.FE.ZS,9.0
"Egypt, Arab Rep.",EGY,2014,"Prevalence of underweight, weight for age, male (% of children under 5)",SH.STA.MALN.MA.ZS,7.7
"Egypt, Arab Rep.",EGY,2008,"Prevalence of underweight, weight for age, male (% of children under 5)",SH.STA.MALN.MA.ZS,8.1
"Egypt, Arab Rep.",EGY,2005,"Prevalence of underweight, weight for age, male (% of children under 5)",SH.STA.MALN.MA.ZS,6.6
"Egypt, Arab Rep.",EGY,2003,"Prevalence of underweight, weight for age, male (% of children under 5)",SH.STA.MALN.MA.ZS,10.1
"Egypt, Arab Rep.",EGY,1995,"Prevalence of underweight, weight for age, male (% of children under 5)",SH.STA.MALN.MA.ZS,11.6
"Egypt, Arab Rep.",EGY,1992,"Prevalence of underweight, weight for age, male (% of children under 5)",SH.STA.MALN.MA.ZS,8.6
"Egypt, Arab Rep.",EGY,1991,"Prevalence of underweight, weight for age, male (% of children under 5)",SH.STA.MALN.MA.ZS,11.9
"Egypt, Arab Rep.",EGY,2020,"Maternal mortality ratio (modeled estimate, per 100,000 live births)",SH.STA.MMRT,17.0
"Egypt, Arab Rep.",EGY,2019,"Maternal mortality ratio (modeled estimate, per 100,000 live births)",SH.STA.MMRT,18.0
"Egypt, Arab Rep.",EGY,2018,"Maternal mortality ratio (modeled estimate, per 100,000 live births)",SH.STA.MMRT,19.0
"Egypt, Arab Rep.",EGY,2017,"Maternal mortality ratio (modeled estimate, per 100,000 live births)",SH.STA.MMRT,20.0
"Egypt, Arab Rep.",EGY,2016,"Maternal mortality ratio (modeled estimate, per 100,000 live births)",SH.STA.MMRT,21.0
"Egypt, Arab Rep.",EGY,2015,"Maternal mortality ratio (modeled estimate, per 100,000 live births)",SH.STA.MMRT,24.0
"Egypt, Arab Rep.",EGY,2014,"Maternal mortality ratio (modeled estimate, per 100,000 live births)",SH.STA.MMRT,25.0
"Egypt, Arab Rep.",EGY,2013,"Maternal mortality ratio (modeled estimate, per 100,000 live births)",SH.STA.MMRT,28.0
"Egypt, Arab Rep.",EGY,2012,"Maternal mortality ratio (modeled estimate, per 100,000 live births)",SH.STA.MMRT,31.0
"Egypt, Arab Rep.",EGY,2011,"Maternal mortality ratio (modeled estimate, per 100,000 live births)",SH.STA.MMRT,34.0
"Egypt, Arab Rep.",EGY,2010,"Maternal mortality ratio (modeled estimate, per 100,000 live births)",SH.STA.MMRT,38.0
"Egypt, Arab Rep.",EGY,2009,"Maternal mortality ratio (modeled estimate, per 100,000 live births)",SH.STA.MMRT,40.0
"Egypt, Arab Rep.",EGY,2008,"Maternal mortality ratio (modeled estimate, per 100,000 live births)",SH.STA.MMRT,44.0
"Egypt, Arab Rep.",EGY,2007,"Maternal mortality ratio (modeled estimate, per 100,000 live births)",SH.STA.MMRT,48.0
"Egypt, Arab Rep.",EGY,2006,"Maternal mortality ratio (modeled estimate, per 100,000 live births)",SH.STA.MMRT,53.0
"Egypt, Arab Rep.",EGY,2005,"Maternal mortality ratio (modeled estimate, per 100,000 live births)",SH.STA.MMRT,58.0
"Egypt, Arab Rep.",EGY,2004,"Maternal mortality ratio (modeled estimate, per 100,000 live births)",SH.STA.MMRT,63.0
"Egypt, Arab Rep.",EGY,2003,"Maternal mortality ratio (modeled estimate, per 100,000 live births)",SH.STA.MMRT,66.0
"Egypt, Arab Rep.",EGY,2002,"Maternal mortality ratio (modeled estimate, per 100,000 live births)",SH.STA.MMRT,73.0
"Egypt, Arab Rep.",EGY,2001,"Maternal mortality ratio (modeled estimate, per 100,000 live births)",SH.STA.MMRT,76.0
"Egypt, Arab Rep.",EGY,2000,"Maternal mortality ratio (modeled estimate, per 100,000 live births)",SH.STA.MMRT,79.0
"Egypt, Arab Rep.",EGY,2015,"Maternal mortality ratio (national estimate, per 100,000 live births)",SH.STA.MMRT.NE,15.0
"Egypt, Arab Rep.",EGY,2014,"Maternal mortality ratio (national estimate, per 100,000 live births)",SH.STA.MMRT.NE,19.0
"Egypt, Arab Rep.",EGY,2013,"Maternal mortality ratio (national estimate, per 100,000 live births)",SH.STA.MMRT.NE,19.0
"Egypt, Arab Rep.",EGY,2012,"Maternal mortality ratio (national estimate, per 100,000 live births)",SH.STA.MMRT.NE,21.0
"Egypt, Arab Rep.",EGY,2011,"Maternal mortality ratio (national estimate, per 100,000 live births)",SH.STA.MMRT.NE,23.0
"Egypt, Arab Rep.",EGY,2010,"Maternal mortality ratio (national estimate, per 100,000 live births)",SH.STA.MMRT.NE,23.0
"Egypt, Arab Rep.",EGY,2009,"Maternal mortality ratio (national estimate, per 100,000 live births)",SH.STA.MMRT.NE,26.0
"Egypt, Arab Rep.",EGY,2008,"Maternal mortality ratio (national estimate, per 100,000 live births)",SH.STA.MMRT.NE,21.0
"Egypt, Arab Rep.",EGY,2007,"Maternal mortality ratio (national estimate, per 100,000 live births)",SH.STA.MMRT.NE,28.0
"Egypt, Arab Rep.",EGY,2006,"Maternal mortality ratio (national estimate, per 100,000 live births)",SH.STA.MMRT.NE,31.0
"Egypt, Arab Rep.",EGY,2005,"Maternal mortality ratio (national estimate, per 100,000 live births)",SH.STA.MMRT.NE,30.0
"Egypt, Arab Rep.",EGY,2004,"Maternal mortality ratio (national estimate, per 100,000 live births)",SH.STA.MMRT.NE,29.0
"Egypt, Arab Rep.",EGY,2003,"Maternal mortality ratio (national estimate, per 100,000 live births)",SH.STA.MMRT.NE,38.0
"Egypt, Arab Rep.",EGY,2002,"Maternal mortality ratio (national estimate, per 100,000 live births)",SH.STA.MMRT.NE,35.0
"Egypt, Arab Rep.",EGY,2001,"Maternal mortality ratio (national estimate, per 100,000 live births)",SH.STA.MMRT.NE,28.0
"Egypt, Arab Rep.",EGY,2000,"Maternal mortality ratio (national estimate, per 100,000 live births)",SH.STA.MMRT.NE,27.0
"Egypt, Arab Rep.",EGY,1993,"Maternal mortality ratio (national estimate, per 100,000 live births)",SH.STA.MMRT.NE,138.0
"Egypt, Arab Rep.",EGY,1992,"Maternal mortality ratio (national estimate, per 100,000 live births)",SH.STA.MMRT.NE,38.0
"Egypt, Arab Rep.",EGY,1991,"Maternal mortality ratio (national estimate, per 100,000 live births)",SH.STA.MMRT.NE,39.0
"Egypt, Arab Rep.",EGY,1987,"Maternal mortality ratio (national estimate, per 100,000 live births)",SH.STA.MMRT.NE,64.0
"Egypt, Arab Rep.",EGY,2009,"Child employment in agriculture, female (% of female economically active children ages 7-14)",SL.AGR.0714.FE.ZS,62.23
"Egypt, Arab Rep.",EGY,2009,"Child employment in agriculture, male (% of male economically active children ages 7-14)",SL.AGR.0714.MA.ZS,51.48
"Egypt, Arab Rep.",EGY,2021,"Employment in agriculture, female (% of female employment) (modeled ILO estimate)",SL.AGR.EMPL.FE.ZS,25.69666
"Egypt, Arab Rep.",EGY,2020,"Employment in agriculture, female (% of female employment) (modeled ILO estimate)",SL.AGR.EMPL.FE.ZS,26.00331
"Egypt, Arab Rep.",EGY,2019,"Employment in agriculture, female (% of female employment) (modeled ILO estimate)",SL.AGR.EMPL.FE.ZS,27.68492
"Egypt, Arab Rep.",EGY,2018,"Employment in agriculture, female (% of female employment) (modeled ILO estimate)",SL.AGR.EMPL.FE.ZS,27.97276
"Egypt, Arab Rep.",EGY,2017,"Employment in agriculture, female (% of female employment) (modeled ILO estimate)",SL.AGR.EMPL.FE.ZS,36.87945
"Egypt, Arab Rep.",EGY,2016,"Employment in agriculture, female (% of female employment) (modeled ILO estimate)",SL.AGR.EMPL.FE.ZS,38.34864
"Egypt, Arab Rep.",EGY,2015,"Employment in agriculture, female (% of female employment) (modeled ILO estimate)",SL.AGR.EMPL.FE.ZS,40.13895
"Egypt, Arab Rep.",EGY,2014,"Employment in agriculture, female (% of female employment) (modeled ILO estimate)",SL.AGR.EMPL.FE.ZS,43.18197
"Egypt, Arab Rep.",EGY,2013,"Employment in agriculture, female (% of female employment) (modeled ILO estimate)",SL.AGR.EMPL.FE.ZS,42.83677
"Egypt, Arab Rep.",EGY,2012,"Employment in agriculture, female (% of female employment) (modeled ILO estimate)",SL.AGR.EMPL.FE.ZS,37.57926
"Egypt, Arab Rep.",EGY,2011,"Employment in agriculture, female (% of female employment) (modeled ILO estimate)",SL.AGR.EMPL.FE.ZS,43.33702
"Egypt, Arab Rep.",EGY,2010,"Employment in agriculture, female (% of female employment) (modeled ILO estimate)",SL.AGR.EMPL.FE.ZS,42.8316
"Egypt, Arab Rep.",EGY,2009,"Employment in agriculture, female (% of female employment) (modeled ILO estimate)",SL.AGR.EMPL.FE.ZS,46.01043
"Egypt, Arab Rep.",EGY,2008,"Employment in agriculture, female (% of female employment) (modeled ILO estimate)",SL.AGR.EMPL.FE.ZS,45.58911
"Egypt, Arab Rep.",EGY,2007,"Employment in agriculture, female (% of female employment) (modeled ILO estimate)",SL.AGR.EMPL.FE.ZS,46.50536
"Egypt, Arab Rep.",EGY,2006,"Employment in agriculture, female (% of female employment) (modeled ILO estimate)",SL.AGR.EMPL.FE.ZS,43.30608
"Egypt, Arab Rep.",EGY,2005,"Employment in agriculture, female (% of female employment) (modeled ILO estimate)",SL.AGR.EMPL.FE.ZS,46.60908
"Egypt, Arab Rep.",EGY,2004,"Employment in agriculture, female (% of female employment) (modeled ILO estimate)",SL.AGR.EMPL.FE.ZS,46.74534
"Egypt, Arab Rep.",EGY,2003,"Employment in agriculture, female (% of female employment) (modeled ILO estimate)",SL.AGR.EMPL.FE.ZS,39.04426
"Egypt, Arab Rep.",EGY,2002,"Employment in agriculture, female (% of female employment) (modeled ILO estimate)",SL.AGR.EMPL.FE.ZS,28.57192
"Egypt, Arab Rep.",EGY,2001,"Employment in agriculture, female (% of female employment) (modeled ILO estimate)",SL.AGR.EMPL.FE.ZS,33.02662
"Egypt, Arab Rep.",EGY,2000,"Employment in agriculture, female (% of female employment) (modeled ILO estimate)",SL.AGR.EMPL.FE.ZS,39.38417
"Egypt, Arab Rep.",EGY,1999,"Employment in agriculture, female (% of female employment) (modeled ILO estimate)",SL.AGR.EMPL.FE.ZS,33.14131
"Egypt, Arab Rep.",EGY,1998,"Employment in agriculture, female (% of female employment) (modeled ILO estimate)",SL.AGR.EMPL.FE.ZS,35.95658
"Egypt, Arab Rep.",EGY,1997,"Employment in agriculture, female (% of female employment) (modeled ILO estimate)",SL.AGR.EMPL.FE.ZS,40.70638
"Egypt, Arab Rep.",EGY,1996,"Employment in agriculture, female (% of female employment) (modeled ILO estimate)",SL.AGR.EMPL.FE.ZS,37.5663
"Egypt, Arab Rep.",EGY,1995,"Employment in agriculture, female (% of female employment) (modeled ILO estimate)",SL.AGR.EMPL.FE.ZS,43.03329
"Egypt, Arab Rep.",EGY,1994,"Employment in agriculture, female (% of female employment) (modeled ILO estimate)",SL.AGR.EMPL.FE.ZS,46.9435
"Egypt, Arab Rep.",EGY,1993,"Employment in agriculture, female (% of female employment) (modeled ILO estimate)",SL.AGR.EMPL.FE.ZS,46.65034
"Egypt, Arab Rep.",EGY,1992,"Employment in agriculture, female (% of female employment) (modeled ILO estimate)",SL.AGR.EMPL.FE.ZS,53.64683
"Egypt, Arab Rep.",EGY,1991,"Employment in agriculture, female (% of female employment) (modeled ILO estimate)",SL.AGR.EMPL.FE.ZS,52.24065
"Egypt, Arab Rep.",EGY,2021,"Employment in agriculture, male (% of male employment) (modeled ILO estimate)",SL.AGR.EMPL.MA.ZS,18.712
"Egypt, Arab Rep.",EGY,2020,"Employment in agriculture, male (% of male employment) (modeled ILO estimate)",SL.AGR.EMPL.MA.ZS,19.34577
"Egypt, Arab Rep.",EGY,2019,"Employment in agriculture, male (% of male employment) (modeled ILO estimate)",SL.AGR.EMPL.MA.ZS,19.91038
"Egypt, Arab Rep.",EGY,2018,"Employment in agriculture, male (% of male employment) (modeled ILO estimate)",SL.AGR.EMPL.MA.ZS,20.2415
"Egypt, Arab Rep.",EGY,2017,"Employment in agriculture, male (% of male employment) (modeled ILO estimate)",SL.AGR.EMPL.MA.ZS,21.82362
"Egypt, Arab Rep.",EGY,2016,"Employment in agriculture, male (% of male employment) (modeled ILO estimate)",SL.AGR.EMPL.MA.ZS,22.09247
"Egypt, Arab Rep.",EGY,2015,"Employment in agriculture, male (% of male employment) (modeled ILO estimate)",SL.AGR.EMPL.MA.ZS,22.04271
"Egypt, Arab Rep.",EGY,2014,"Employment in agriculture, male (% of male employment) (modeled ILO estimate)",SL.AGR.EMPL.MA.ZS,23.41951
"Egypt, Arab Rep.",EGY,2013,"Employment in agriculture, male (% of male employment) (modeled ILO estimate)",SL.AGR.EMPL.MA.ZS,24.10351
"Egypt, Arab Rep.",EGY,2012,"Employment in agriculture, male (% of male employment) (modeled ILO estimate)",SL.AGR.EMPL.MA.ZS,24.44103
"Egypt, Arab Rep.",EGY,2011,"Employment in agriculture, male (% of male employment) (modeled ILO estimate)",SL.AGR.EMPL.MA.ZS,25.67551
"Egypt, Arab Rep.",EGY,2010,"Employment in agriculture, male (% of male employment) (modeled ILO estimate)",SL.AGR.EMPL.MA.ZS,24.65133
"Egypt, Arab Rep.",EGY,2009,"Employment in agriculture, male (% of male employment) (modeled ILO estimate)",SL.AGR.EMPL.MA.ZS,25.86291
"Egypt, Arab Rep.",EGY,2008,"Employment in agriculture, male (% of male employment) (modeled ILO estimate)",SL.AGR.EMPL.MA.ZS,28.15033
"Egypt, Arab Rep.",EGY,2007,"Employment in agriculture, male (% of male employment) (modeled ILO estimate)",SL.AGR.EMPL.MA.ZS,27.67819
"Egypt, Arab Rep.",EGY,2006,"Employment in agriculture, male (% of male employment) (modeled ILO estimate)",SL.AGR.EMPL.MA.ZS,28.37109
"Egypt, Arab Rep.",EGY,2005,"Employment in agriculture, male (% of male employment) (modeled ILO estimate)",SL.AGR.EMPL.MA.ZS,27.32465
"Egypt, Arab Rep.",EGY,2004,"Employment in agriculture, male (% of male employment) (modeled ILO estimate)",SL.AGR.EMPL.MA.ZS,28.59911
"Egypt, Arab Rep.",EGY,2003,"Employment in agriculture, male (% of male employment) (modeled ILO estimate)",SL.AGR.EMPL.MA.ZS,27.8032
"Egypt, Arab Rep.",EGY,2002,"Employment in agriculture, male (% of male employment) (modeled ILO estimate)",SL.AGR.EMPL.MA.ZS,27.29435
"Egypt, Arab Rep.",EGY,2001,"Employment in agriculture, male (% of male employment) (modeled ILO estimate)",SL.AGR.EMPL.MA.ZS,27.461
"Egypt, Arab Rep.",EGY,2000,"Employment in agriculture, male (% of male employment) (modeled ILO estimate)",SL.AGR.EMPL.MA.ZS,27.38789
"Egypt, Arab Rep.",EGY,1999,"Employment in agriculture, male (% of male employment) (modeled ILO estimate)",SL.AGR.EMPL.MA.ZS,27.65927
"Egypt, Arab Rep.",EGY,1998,"Employment in agriculture, male (% of male employment) (modeled ILO estimate)",SL.AGR.EMPL.MA.ZS,28.38305
"Egypt, Arab Rep.",EGY,1997,"Employment in agriculture, male (% of male employment) (modeled ILO estimate)",SL.AGR.EMPL.MA.ZS,29.16169
"Egypt, Arab Rep.",EGY,1996,"Employment in agriculture, male (% of male employment) (modeled ILO estimate)",SL.AGR.EMPL.MA.ZS,29.73057
"Egypt, Arab Rep.",EGY,1995,"Employment in agriculture, male (% of male employment) (modeled ILO estimate)",SL.AGR.EMPL.MA.ZS,31.79369
"Egypt, Arab Rep.",EGY,1994,"Employment in agriculture, male (% of male employment) (modeled ILO estimate)",SL.AGR.EMPL.MA.ZS,32.11799
"Egypt, Arab Rep.",EGY,1993,"Employment in agriculture, male (% of male employment) (modeled ILO estimate)",SL.AGR.EMPL.MA.ZS,32.37302
"Egypt, Arab Rep.",EGY,1992,"Employment in agriculture, male (% of male employment) (modeled ILO estimate)",SL.AGR.EMPL.MA.ZS,34.0812
"Egypt, Arab Rep.",EGY,1991,"Employment in agriculture, male (% of male employment) (modeled ILO estimate)",SL.AGR.EMPL.MA.ZS,33.88193
"Egypt, Arab Rep.",EGY,2022,"Employment to population ratio, ages 15-24, female (%) (modeled ILO estimate)",SL.EMP.1524.SP.FE.ZS,5.176
"Egypt, Arab Rep.",EGY,2021,"Employment to population ratio, ages 15-24, female (%) (modeled ILO estimate)",SL.EMP.1524.SP.FE.ZS,5.069
"Egypt, Arab Rep.",EGY,2020,"Employment to population ratio, ages 15-24, female (%) (modeled ILO estimate)",SL.EMP.1524.SP.FE.ZS,4.057
"Egypt, Arab Rep.",EGY,2019,"Employment to population ratio, ages 15-24, female (%) (modeled ILO estimate)",SL.EMP.1524.SP.FE.ZS,4.471
"Egypt, Arab Rep.",EGY,2018,"Employment to population ratio, ages 15-24, female (%) (modeled ILO estimate)",SL.EMP.1524.SP.FE.ZS,5.678
"Egypt, Arab Rep.",EGY,2017,"Employment to population ratio, ages 15-24, female (%) (modeled ILO estimate)",SL.EMP.1524.SP.FE.ZS,11.867
"Egypt, Arab Rep.",EGY,2016,"Employment to population ratio, ages 15-24, female (%) (modeled ILO estimate)",SL.EMP.1524.SP.FE.ZS,12.513
"Egypt, Arab Rep.",EGY,2015,"Employment to population ratio, ages 15-24, female (%) (modeled ILO estimate)",SL.EMP.1524.SP.FE.ZS,12.905
"Egypt, Arab Rep.",EGY,2014,"Employment to population ratio, ages 15-24, female (%) (modeled ILO estimate)",SL.EMP.1524.SP.FE.ZS,10.662
"Egypt, Arab Rep.",EGY,2013,"Employment to population ratio, ages 15-24, female (%) (modeled ILO estimate)",SL.EMP.1524.SP.FE.ZS,9.718
"Egypt, Arab Rep.",EGY,2012,"Employment to population ratio, ages 15-24, female (%) (modeled ILO estimate)",SL.EMP.1524.SP.FE.ZS,8.117
"Egypt, Arab Rep.",EGY,2011,"Employment to population ratio, ages 15-24, female (%) (modeled ILO estimate)",SL.EMP.1524.SP.FE.ZS,8.76
"Egypt, Arab Rep.",EGY,2010,"Employment to population ratio, ages 15-24, female (%) (modeled ILO estimate)",SL.EMP.1524.SP.FE.ZS,9.2
"Egypt, Arab Rep.",EGY,2009,"Employment to population ratio, ages 15-24, female (%) (modeled ILO estimate)",SL.EMP.1524.SP.FE.ZS,10.313
"Egypt, Arab Rep.",EGY,2008,"Employment to population ratio, ages 15-24, female (%) (modeled ILO estimate)",SL.EMP.1524.SP.FE.ZS,10.177
"Egypt, Arab Rep.",EGY,2007,"Employment to population ratio, ages 15-24, female (%) (modeled ILO estimate)",SL.EMP.1524.SP.FE.ZS,11.029
"Egypt, Arab Rep.",EGY,2006,"Employment to population ratio, ages 15-24, female (%) (modeled ILO estimate)",SL.EMP.1524.SP.FE.ZS,10.105
"Egypt, Arab Rep.",EGY,2005,"Employment to population ratio, ages 15-24, female (%) (modeled ILO estimate)",SL.EMP.1524.SP.FE.ZS,10.741
"Egypt, Arab Rep.",EGY,2004,"Employment to population ratio, ages 15-24, female (%) (modeled ILO estimate)",SL.EMP.1524.SP.FE.ZS,10.929
"Egypt, Arab Rep.",EGY,2003,"Employment to population ratio, ages 15-24, female (%) (modeled ILO estimate)",SL.EMP.1524.SP.FE.ZS,12.867
"Egypt, Arab Rep.",EGY,2002,"Employment to population ratio, ages 15-24, female (%) (modeled ILO estimate)",SL.EMP.1524.SP.FE.ZS,13.351
"Egypt, Arab Rep.",EGY,2001,"Employment to population ratio, ages 15-24, female (%) (modeled ILO estimate)",SL.EMP.1524.SP.FE.ZS,9.563
"Egypt, Arab Rep.",EGY,2000,"Employment to population ratio, ages 15-24, female (%) (modeled ILO estimate)",SL.EMP.1524.SP.FE.ZS,10.68
"Egypt, Arab Rep.",EGY,1999,"Employment to population ratio, ages 15-24, female (%) (modeled ILO estimate)",SL.EMP.1524.SP.FE.ZS,13.772
"Egypt, Arab Rep.",EGY,1998,"Employment to population ratio, ages 15-24, female (%) (modeled ILO estimate)",SL.EMP.1524.SP.FE.ZS,10.576
"Egypt, Arab Rep.",EGY,1997,"Employment to population ratio, ages 15-24, female (%) (modeled ILO estimate)",SL.EMP.1524.SP.FE.ZS,11.003
"Egypt, Arab Rep.",EGY,1996,"Employment to population ratio, ages 15-24, female (%) (modeled ILO estimate)",SL.EMP.1524.SP.FE.ZS,12.035
"Egypt, Arab Rep.",EGY,1995,"Employment to population ratio, ages 15-24, female (%) (modeled ILO estimate)",SL.EMP.1524.SP.FE.ZS,10.362
"Egypt, Arab Rep.",EGY,1994,"Employment to population ratio, ages 15-24, female (%) (modeled ILO estimate)",SL.EMP.1524.SP.FE.ZS,11.324
"Egypt, Arab Rep.",EGY,1993,"Employment to population ratio, ages 15-24, female (%) (modeled ILO estimate)",SL.EMP.1524.SP.FE.ZS,11.315
"Egypt, Arab Rep.",EGY,1992,"Employment to population ratio, ages 15-24, female (%) (modeled ILO estimate)",SL.EMP.1524.SP.FE.ZS,14.374
"Egypt, Arab Rep.",EGY,1991,"Employment to population ratio, ages 15-24, female (%) (modeled ILO estimate)",SL.EMP.1524.SP.FE.ZS,12.866
"Egypt, Arab Rep.",EGY,2022,"Employment to population ratio, ages 15-24, male (%) (modeled ILO estimate)",SL.EMP.1524.SP.MA.ZS,32.9
"Egypt, Arab Rep.",EGY,2021,"Employment to population ratio, ages 15-24, male (%) (modeled ILO estimate)",SL.EMP.1524.SP.MA.ZS,32.077
"Egypt, Arab Rep.",EGY,2020,"Employment to population ratio, ages 15-24, male (%) (modeled ILO estimate)",SL.EMP.1524.SP.MA.ZS,32.314
"Egypt, Arab Rep.",EGY,2019,"Employment to population ratio, ages 15-24, male (%) (modeled ILO estimate)",SL.EMP.1524.SP.MA.ZS,31.045
"Egypt, Arab Rep.",EGY,2018,"Employment to population ratio, ages 15-24, male (%) (modeled ILO estimate)",SL.EMP.1524.SP.MA.ZS,29.789
"Egypt, Arab Rep.",EGY,2017,"Employment to population ratio, ages 15-24, male (%) (modeled ILO estimate)",SL.EMP.1524.SP.MA.ZS,26.907
"Egypt, Arab Rep.",EGY,2016,"Employment to population ratio, ages 15-24, male (%) (modeled ILO estimate)",SL.EMP.1524.SP.MA.ZS,28.782
"Egypt, Arab Rep.",EGY,2015,"Employment to population ratio, ages 15-24, male (%) (modeled ILO estimate)",SL.EMP.1524.SP.MA.ZS,28.979
"Egypt, Arab Rep.",EGY,2014,"Employment to population ratio, ages 15-24, male (%) (modeled ILO estimate)",SL.EMP.1524.SP.MA.ZS,34.547
"Egypt, Arab Rep.",EGY,2013,"Employment to population ratio, ages 15-24, male (%) (modeled ILO estimate)",SL.EMP.1524.SP.MA.ZS,35.021
"Egypt, Arab Rep.",EGY,2012,"Employment to population ratio, ages 15-24, male (%) (modeled ILO estimate)",SL.EMP.1524.SP.MA.ZS,35.188
"Egypt, Arab Rep.",EGY,2011,"Employment to population ratio, ages 15-24, male (%) (modeled ILO estimate)",SL.EMP.1524.SP.MA.ZS,37.764
"Egypt, Arab Rep.",EGY,2010,"Employment to population ratio, ages 15-24, male (%) (modeled ILO estimate)",SL.EMP.1524.SP.MA.ZS,42.378
"Egypt, Arab Rep.",EGY,2009,"Employment to population ratio, ages 15-24, male (%) (modeled ILO estimate)",SL.EMP.1524.SP.MA.ZS,41.873
"Egypt, Arab Rep.",EGY,2008,"Employment to population ratio, ages 15-24, male (%) (modeled ILO estimate)",SL.EMP.1524.SP.MA.ZS,41.994
"Egypt, Arab Rep.",EGY,2007,"Employment to population ratio, ages 15-24, male (%) (modeled ILO estimate)",SL.EMP.1524.SP.MA.ZS,38.818
"Egypt, Arab Rep.",EGY,2006,"Employment to population ratio, ages 15-24, male (%) (modeled ILO estimate)",SL.EMP.1524.SP.MA.ZS,36.456
"Egypt, Arab Rep.",EGY,2005,"Employment to population ratio, ages 15-24, male (%) (modeled ILO estimate)",SL.EMP.1524.SP.MA.ZS,34.066
"Egypt, Arab Rep.",EGY,2004,"Employment to population ratio, ages 15-24, male (%) (modeled ILO estimate)",SL.EMP.1524.SP.MA.ZS,34.375
"Egypt, Arab Rep.",EGY,2003,"Employment to population ratio, ages 15-24, male (%) (modeled ILO estimate)",SL.EMP.1524.SP.MA.ZS,30.594
"Egypt, Arab Rep.",EGY,2002,"Employment to population ratio, ages 15-24, male (%) (modeled ILO estimate)",SL.EMP.1524.SP.MA.ZS,30.712
"Egypt, Arab Rep.",EGY,2001,"Employment to population ratio, ages 15-24, male (%) (modeled ILO estimate)",SL.EMP.1524.SP.MA.ZS,31.038
"Egypt, Arab Rep.",EGY,2000,"Employment to population ratio, ages 15-24, male (%) (modeled ILO estimate)",SL.EMP.1524.SP.MA.ZS,35.541
"Egypt, Arab Rep.",EGY,1999,"Employment to population ratio, ages 15-24, male (%) (modeled ILO estimate)",SL.EMP.1524.SP.MA.ZS,39.895
"Egypt, Arab Rep.",EGY,1998,"Employment to population ratio, ages 15-24, male (%) (modeled ILO estimate)",SL.EMP.1524.SP.MA.ZS,35.438
"Egypt, Arab Rep.",EGY,1997,"Employment to population ratio, ages 15-24, male (%) (modeled ILO estimate)",SL.EMP.1524.SP.MA.ZS,36.186
"Egypt, Arab Rep.",EGY,1996,"Employment to population ratio, ages 15-24, male (%) (modeled ILO estimate)",SL.EMP.1524.SP.MA.ZS,35.85
"Egypt, Arab Rep.",EGY,1995,"Employment to population ratio, ages 15-24, male (%) (modeled ILO estimate)",SL.EMP.1524.SP.MA.ZS,35.537
"Egypt, Arab Rep.",EGY,1994,"Employment to population ratio, ages 15-24, male (%) (modeled ILO estimate)",SL.EMP.1524.SP.MA.ZS,34.341
"Egypt, Arab Rep.",EGY,1993,"Employment to population ratio, ages 15-24, male (%) (modeled ILO estimate)",SL.EMP.1524.SP.MA.ZS,33.648
"Egypt, Arab Rep.",EGY,1992,"Employment to population ratio, ages 15-24, male (%) (modeled ILO estimate)",SL.EMP.1524.SP.MA.ZS,33.407
"Egypt, Arab Rep.",EGY,1991,"Employment to population ratio, ages 15-24, male (%) (modeled ILO estimate)",SL.EMP.1524.SP.MA.ZS,31.704
"Egypt, Arab Rep.",EGY,2021,"Employers, female (% of female employment) (modeled ILO estimate)",SL.EMP.MPYR.FE.ZS,2.512091
"Egypt, Arab Rep.",EGY,2020,"Employers, female (% of female employment) (modeled ILO estimate)",SL.EMP.MPYR.FE.ZS,2.522955
"Egypt, Arab Rep.",EGY,2019,"Employers, female (% of female employment) (modeled ILO estimate)",SL.EMP.MPYR.FE.ZS,2.804473
"Egypt, Arab Rep.",EGY,2018,"Employers, female (% of female employment) (modeled ILO estimate)",SL.EMP.MPYR.FE.ZS,3.689574
"Egypt, Arab Rep.",EGY,2017,"Employers, female (% of female employment) (modeled ILO estimate)",SL.EMP.MPYR.FE.ZS,2.070719
"Egypt, Arab Rep.",EGY,2016,"Employers, female (% of female employment) (modeled ILO estimate)",SL.EMP.MPYR.FE.ZS,2.260423
"Egypt, Arab Rep.",EGY,2015,"Employers, female (% of female employment) (modeled ILO estimate)",SL.EMP.MPYR.FE.ZS,1.984144
"Egypt, Arab Rep.",EGY,2014,"Employers, female (% of female employment) (modeled ILO estimate)",SL.EMP.MPYR.FE.ZS,2.24127
"Egypt, Arab Rep.",EGY,2013,"Employers, female (% of female employment) (modeled ILO estimate)",SL.EMP.MPYR.FE.ZS,2.164736
"Egypt, Arab Rep.",EGY,2012,"Employers, female (% of female employment) (modeled ILO estimate)",SL.EMP.MPYR.FE.ZS,2.829265
"Egypt, Arab Rep.",EGY,2011,"Employers, female (% of female employment) (modeled ILO estimate)",SL.EMP.MPYR.FE.ZS,3.199194
"Egypt, Arab Rep.",EGY,2010,"Employers, female (% of female employment) (modeled ILO estimate)",SL.EMP.MPYR.FE.ZS,3.150642
"Egypt, Arab Rep.",EGY,2009,"Employers, female (% of female employment) (modeled ILO estimate)",SL.EMP.MPYR.FE.ZS,3.831141
"Egypt, Arab Rep.",EGY,2008,"Employers, female (% of female employment) (modeled ILO estimate)",SL.EMP.MPYR.FE.ZS,4.120608
"Egypt, Arab Rep.",EGY,2007,"Employers, female (% of female employment) (modeled ILO estimate)",SL.EMP.MPYR.FE.ZS,3.450784
"Egypt, Arab Rep.",EGY,2006,"Employers, female (% of female employment) (modeled ILO estimate)",SL.EMP.MPYR.FE.ZS,2.838574
"Egypt, Arab Rep.",EGY,2005,"Employers, female (% of female employment) (modeled ILO estimate)",SL.EMP.MPYR.FE.ZS,3.741792
"Egypt, Arab Rep.",EGY,2004,"Employers, female (% of female employment) (modeled ILO estimate)",SL.EMP.MPYR.FE.ZS,4.565908
"Egypt, Arab Rep.",EGY,2003,"Employers, female (% of female employment) (modeled ILO estimate)",SL.EMP.MPYR.FE.ZS,4.31436
"Egypt, Arab Rep.",EGY,2002,"Employers, female (% of female employment) (modeled ILO estimate)",SL.EMP.MPYR.FE.ZS,5.677135
"Egypt, Arab Rep.",EGY,2001,"Employers, female (% of female employment) (modeled ILO estimate)",SL.EMP.MPYR.FE.ZS,6.537891
"Egypt, Arab Rep.",EGY,2000,"Employers, female (% of female employment) (modeled ILO estimate)",SL.EMP.MPYR.FE.ZS,4.508528
"Egypt, Arab Rep.",EGY,1999,"Employers, female (% of female employment) (modeled ILO estimate)",SL.EMP.MPYR.FE.ZS,5.934736
"Egypt, Arab Rep.",EGY,1998,"Employers, female (% of female employment) (modeled ILO estimate)",SL.EMP.MPYR.FE.ZS,5.736454
"Egypt, Arab Rep.",EGY,1997,"Employers, female (% of female employment) (modeled ILO estimate)",SL.EMP.MPYR.FE.ZS,4.547946
"Egypt, Arab Rep.",EGY,1996,"Employers, female (% of female employment) (modeled ILO estimate)",SL.EMP.MPYR.FE.ZS,5.106317
"Egypt, Arab Rep.",EGY,1995,"Employers, female (% of female employment) (modeled ILO estimate)",SL.EMP.MPYR.FE.ZS,5.641332
"Egypt, Arab Rep.",EGY,1994,"Employers, female (% of female employment) (modeled ILO estimate)",SL.EMP.MPYR.FE.ZS,4.421444
"Egypt, Arab Rep.",EGY,1993,"Employers, female (% of female employment) (modeled ILO estimate)",SL.EMP.MPYR.FE.ZS,4.207588
"Egypt, Arab Rep.",EGY,1992,"Employers, female (% of female employment) (modeled ILO estimate)",SL.EMP.MPYR.FE.ZS,4.466432
"Egypt, Arab Rep.",EGY,1991,"Employers, female (% of female employment) (modeled ILO estimate)",SL.EMP.MPYR.FE.ZS,4.327241
"Egypt, Arab Rep.",EGY,2021,"Employers, male (% of male employment) (modeled ILO estimate)",SL.EMP.MPYR.MA.ZS,10.17905
"Egypt, Arab Rep.",EGY,2020,"Employers, male (% of male employment) (modeled ILO estimate)",SL.EMP.MPYR.MA.ZS,9.978511
"Egypt, Arab Rep.",EGY,2019,"Employers, male (% of male employment) (modeled ILO estimate)",SL.EMP.MPYR.MA.ZS,10.65651
"Egypt, Arab Rep.",EGY,2018,"Employers, male (% of male employment) (modeled ILO estimate)",SL.EMP.MPYR.MA.ZS,14.33042
"Egypt, Arab Rep.",EGY,2017,"Employers, male (% of male employment) (modeled ILO estimate)",SL.EMP.MPYR.MA.ZS,12.65517
"Egypt, Arab Rep.",EGY,2016,"Employers, male (% of male employment) (modeled ILO estimate)",SL.EMP.MPYR.MA.ZS,12.66445
"Egypt, Arab Rep.",EGY,2015,"Employers, male (% of male employment) (modeled ILO estimate)",SL.EMP.MPYR.MA.ZS,14.60331
"Egypt, Arab Rep.",EGY,2014,"Employers, male (% of male employment) (modeled ILO estimate)",SL.EMP.MPYR.MA.ZS,16.78399
"Egypt, Arab Rep.",EGY,2013,"Employers, male (% of male employment) (modeled ILO estimate)",SL.EMP.MPYR.MA.ZS,15.28611
"Egypt, Arab Rep.",EGY,2012,"Employers, male (% of male employment) (modeled ILO estimate)",SL.EMP.MPYR.MA.ZS,18.94048
"Egypt, Arab Rep.",EGY,2011,"Employers, male (% of male employment) (modeled ILO estimate)",SL.EMP.MPYR.MA.ZS,18.90862
"Egypt, Arab Rep.",EGY,2010,"Employers, male (% of male employment) (modeled ILO estimate)",SL.EMP.MPYR.MA.ZS,17.66356
"Egypt, Arab Rep.",EGY,2009,"Employers, male (% of male employment) (modeled ILO estimate)",SL.EMP.MPYR.MA.ZS,18.04366
"Egypt, Arab Rep.",EGY,2008,"Employers, male (% of male employment) (modeled ILO estimate)",SL.EMP.MPYR.MA.ZS,17.84895
"Egypt, Arab Rep.",EGY,2007,"Employers, male (% of male employment) (modeled ILO estimate)",SL.EMP.MPYR.MA.ZS,17.11341
"Egypt, Arab Rep.",EGY,2006,"Employers, male (% of male employment) (modeled ILO estimate)",SL.EMP.MPYR.MA.ZS,15.91783
"Egypt, Arab Rep.",EGY,2005,"Employers, male (% of male employment) (modeled ILO estimate)",SL.EMP.MPYR.MA.ZS,17.25903
"Egypt, Arab Rep.",EGY,2004,"Employers, male (% of male employment) (modeled ILO estimate)",SL.EMP.MPYR.MA.ZS,20.15412
"Egypt, Arab Rep.",EGY,2003,"Employers, male (% of male employment) (modeled ILO estimate)",SL.EMP.MPYR.MA.ZS,20.94411
"Egypt, Arab Rep.",EGY,2002,"Employers, male (% of male employment) (modeled ILO estimate)",SL.EMP.MPYR.MA.ZS,20.02563
"Egypt, Arab Rep.",EGY,2001,"Employers, male (% of male employment) (modeled ILO estimate)",SL.EMP.MPYR.MA.ZS,20.66819
"Egypt, Arab Rep.",EGY,2000,"Employers, male (% of male employment) (modeled ILO estimate)",SL.EMP.MPYR.MA.ZS,20.0743
"Egypt, Arab Rep.",EGY,1999,"Employers, male (% of male employment) (modeled ILO estimate)",SL.EMP.MPYR.MA.ZS,18.37467
"Egypt, Arab Rep.",EGY,1998,"Employers, male (% of male employment) (modeled ILO estimate)",SL.EMP.MPYR.MA.ZS,18.41924
"Egypt, Arab Rep.",EGY,1997,"Employers, male (% of male employment) (modeled ILO estimate)",SL.EMP.MPYR.MA.ZS,17.27089
"Egypt, Arab Rep.",EGY,1996,"Employers, male (% of male employment) (modeled ILO estimate)",SL.EMP.MPYR.MA.ZS,18.5603
"Egypt, Arab Rep.",EGY,1995,"Employers, male (% of male employment) (modeled ILO estimate)",SL.EMP.MPYR.MA.ZS,19.67738
"Egypt, Arab Rep.",EGY,1994,"Employers, male (% of male employment) (modeled ILO estimate)",SL.EMP.MPYR.MA.ZS,19.99083
"Egypt, Arab Rep.",EGY,1993,"Employers, male (% of male employment) (modeled ILO estimate)",SL.EMP.MPYR.MA.ZS,19.00747
"Egypt, Arab Rep.",EGY,1992,"Employers, male (% of male employment) (modeled ILO estimate)",SL.EMP.MPYR.MA.ZS,19.44902
"Egypt, Arab Rep.",EGY,1991,"Employers, male (% of male employment) (modeled ILO estimate)",SL.EMP.MPYR.MA.ZS,19.03952
"Egypt, Arab Rep.",EGY,2021,"Self-employed, female (% of female employment) (modeled ILO estimate)",SL.EMP.SELF.FE.ZS,31.37231
"Egypt, Arab Rep.",EGY,2020,"Self-employed, female (% of female employment) (modeled ILO estimate)",SL.EMP.SELF.FE.ZS,32.17612
"Egypt, Arab Rep.",EGY,2019,"Self-employed, female (% of female employment) (modeled ILO estimate)",SL.EMP.SELF.FE.ZS,32.67374
"Egypt, Arab Rep.",EGY,2018,"Self-employed, female (% of female employment) (modeled ILO estimate)",SL.EMP.SELF.FE.ZS,35.55949
"Egypt, Arab Rep.",EGY,2017,"Self-employed, female (% of female employment) (modeled ILO estimate)",SL.EMP.SELF.FE.ZS,36.51627
"Egypt, Arab Rep.",EGY,2016,"Self-employed, female (% of female employment) (modeled ILO estimate)",SL.EMP.SELF.FE.ZS,33.5222
"Egypt, Arab Rep.",EGY,2015,"Self-employed, female (% of female employment) (modeled ILO estimate)",SL.EMP.SELF.FE.ZS,47.84661
"Egypt, Arab Rep.",EGY,2014,"Self-employed, female (% of female employment) (modeled ILO estimate)",SL.EMP.SELF.FE.ZS,48.63829
"Egypt, Arab Rep.",EGY,2013,"Self-employed, female (% of female employment) (modeled ILO estimate)",SL.EMP.SELF.FE.ZS,47.77918
"Egypt, Arab Rep.",EGY,2012,"Self-employed, female (% of female employment) (modeled ILO estimate)",SL.EMP.SELF.FE.ZS,43.56649
"Egypt, Arab Rep.",EGY,2011,"Self-employed, female (% of female employment) (modeled ILO estimate)",SL.EMP.SELF.FE.ZS,46.92851
"Egypt, Arab Rep.",EGY,2010,"Self-employed, female (% of female employment) (modeled ILO estimate)",SL.EMP.SELF.FE.ZS,47.75495
"Egypt, Arab Rep.",EGY,2009,"Self-employed, female (% of female employment) (modeled ILO estimate)",SL.EMP.SELF.FE.ZS,49.52012
"Egypt, Arab Rep.",EGY,2008,"Self-employed, female (% of female employment) (modeled ILO estimate)",SL.EMP.SELF.FE.ZS,49.0811
"Egypt, Arab Rep.",EGY,2007,"Self-employed, female (% of female employment) (modeled ILO estimate)",SL.EMP.SELF.FE.ZS,51.9197
"Egypt, Arab Rep.",EGY,2006,"Self-employed, female (% of female employment) (modeled ILO estimate)",SL.EMP.SELF.FE.ZS,46.17847
"Egypt, Arab Rep.",EGY,2005,"Self-employed, female (% of female employment) (modeled ILO estimate)",SL.EMP.SELF.FE.ZS,49.32722
"Egypt, Arab Rep.",EGY,2004,"Self-employed, female (% of female employment) (modeled ILO estimate)",SL.EMP.SELF.FE.ZS,51.30193
"Egypt, Arab Rep.",EGY,2003,"Self-employed, female (% of female employment) (modeled ILO estimate)",SL.EMP.SELF.FE.ZS,43.61348
"Egypt, Arab Rep.",EGY,2002,"Self-employed, female (% of female employment) (modeled ILO estimate)",SL.EMP.SELF.FE.ZS,32.10347
"Egypt, Arab Rep.",EGY,2001,"Self-employed, female (% of female employment) (modeled ILO estimate)",SL.EMP.SELF.FE.ZS,35.14171
"Egypt, Arab Rep.",EGY,2000,"Self-employed, female (% of female employment) (modeled ILO estimate)",SL.EMP.SELF.FE.ZS,42.76139
"Egypt, Arab Rep.",EGY,1999,"Self-employed, female (% of female employment) (modeled ILO estimate)",SL.EMP.SELF.FE.ZS,35.59213
"Egypt, Arab Rep.",EGY,1998,"Self-employed, female (% of female employment) (modeled ILO estimate)",SL.EMP.SELF.FE.ZS,39.28785
"Egypt, Arab Rep.",EGY,1997,"Self-employed, female (% of female employment) (modeled ILO estimate)",SL.EMP.SELF.FE.ZS,44.3748
"Egypt, Arab Rep.",EGY,1996,"Self-employed, female (% of female employment) (modeled ILO estimate)",SL.EMP.SELF.FE.ZS,45.59945
"Egypt, Arab Rep.",EGY,1995,"Self-employed, female (% of female employment) (modeled ILO estimate)",SL.EMP.SELF.FE.ZS,47.00167
"Egypt, Arab Rep.",EGY,1994,"Self-employed, female (% of female employment) (modeled ILO estimate)",SL.EMP.SELF.FE.ZS,50.6272
"Egypt, Arab Rep.",EGY,1993,"Self-employed, female (% of female employment) (modeled ILO estimate)",SL.EMP.SELF.FE.ZS,50.37828
"Egypt, Arab Rep.",EGY,1992,"Self-employed, female (% of female employment) (modeled ILO estimate)",SL.EMP.SELF.FE.ZS,50.37151
"Egypt, Arab Rep.",EGY,1991,"Self-employed, female (% of female employment) (modeled ILO estimate)",SL.EMP.SELF.FE.ZS,51.29242
"Egypt, Arab Rep.",EGY,2021,"Self-employed, male (% of male employment) (modeled ILO estimate)",SL.EMP.SELF.MA.ZS,26.3355
"Egypt, Arab Rep.",EGY,2020,"Self-employed, male (% of male employment) (modeled ILO estimate)",SL.EMP.SELF.MA.ZS,26.65574
"Egypt, Arab Rep.",EGY,2019,"Self-employed, male (% of male employment) (modeled ILO estimate)",SL.EMP.SELF.MA.ZS,28.17644
"Egypt, Arab Rep.",EGY,2018,"Self-employed, male (% of male employment) (modeled ILO estimate)",SL.EMP.SELF.MA.ZS,30.24163
"Egypt, Arab Rep.",EGY,2017,"Self-employed, male (% of male employment) (modeled ILO estimate)",SL.EMP.SELF.MA.ZS,30.63249
"Egypt, Arab Rep.",EGY,2016,"Self-employed, male (% of male employment) (modeled ILO estimate)",SL.EMP.SELF.MA.ZS,29.20004
"Egypt, Arab Rep.",EGY,2015,"Self-employed, male (% of male employment) (modeled ILO estimate)",SL.EMP.SELF.MA.ZS,34.61328
"Egypt, Arab Rep.",EGY,2014,"Self-employed, male (% of male employment) (modeled ILO estimate)",SL.EMP.SELF.MA.ZS,36.6392
"Egypt, Arab Rep.",EGY,2013,"Self-employed, male (% of male employment) (modeled ILO estimate)",SL.EMP.SELF.MA.ZS,36.51845
"Egypt, Arab Rep.",EGY,2012,"Self-employed, male (% of male employment) (modeled ILO estimate)",SL.EMP.SELF.MA.ZS,35.97668
"Egypt, Arab Rep.",EGY,2011,"Self-employed, male (% of male employment) (modeled ILO estimate)",SL.EMP.SELF.MA.ZS,36.75474
"Egypt, Arab Rep.",EGY,2010,"Self-employed, male (% of male employment) (modeled ILO estimate)",SL.EMP.SELF.MA.ZS,35.28714
"Egypt, Arab Rep.",EGY,2009,"Self-employed, male (% of male employment) (modeled ILO estimate)",SL.EMP.SELF.MA.ZS,36.80621
"Egypt, Arab Rep.",EGY,2008,"Self-employed, male (% of male employment) (modeled ILO estimate)",SL.EMP.SELF.MA.ZS,37.64035
"Egypt, Arab Rep.",EGY,2007,"Self-employed, male (% of male employment) (modeled ILO estimate)",SL.EMP.SELF.MA.ZS,38.54183
"Egypt, Arab Rep.",EGY,2006,"Self-employed, male (% of male employment) (modeled ILO estimate)",SL.EMP.SELF.MA.ZS,36.27682
"Egypt, Arab Rep.",EGY,2005,"Self-employed, male (% of male employment) (modeled ILO estimate)",SL.EMP.SELF.MA.ZS,37.82583
"Egypt, Arab Rep.",EGY,2004,"Self-employed, male (% of male employment) (modeled ILO estimate)",SL.EMP.SELF.MA.ZS,41.76384
"Egypt, Arab Rep.",EGY,2003,"Self-employed, male (% of male employment) (modeled ILO estimate)",SL.EMP.SELF.MA.ZS,41.78859
"Egypt, Arab Rep.",EGY,2002,"Self-employed, male (% of male employment) (modeled ILO estimate)",SL.EMP.SELF.MA.ZS,41.49976
"Egypt, Arab Rep.",EGY,2001,"Self-employed, male (% of male employment) (modeled ILO estimate)",SL.EMP.SELF.MA.ZS,39.32097
"Egypt, Arab Rep.",EGY,2000,"Self-employed, male (% of male employment) (modeled ILO estimate)",SL.EMP.SELF.MA.ZS,39.42581
"Egypt, Arab Rep.",EGY,1999,"Self-employed, male (% of male employment) (modeled ILO estimate)",SL.EMP.SELF.MA.ZS,39.66295
"Egypt, Arab Rep.",EGY,1998,"Self-employed, male (% of male employment) (modeled ILO estimate)",SL.EMP.SELF.MA.ZS,40.4625
"Egypt, Arab Rep.",EGY,1997,"Self-employed, male (% of male employment) (modeled ILO estimate)",SL.EMP.SELF.MA.ZS,38.99374
"Egypt, Arab Rep.",EGY,1996,"Self-employed, male (% of male employment) (modeled ILO estimate)",SL.EMP.SELF.MA.ZS,40.44263
"Egypt, Arab Rep.",EGY,1995,"Self-employed, male (% of male employment) (modeled ILO estimate)",SL.EMP.SELF.MA.ZS,41.86489
"Egypt, Arab Rep.",EGY,1994,"Self-employed, male (% of male employment) (modeled ILO estimate)",SL.EMP.SELF.MA.ZS,41.77187
"Egypt, Arab Rep.",EGY,1993,"Self-employed, male (% of male employment) (modeled ILO estimate)",SL.EMP.SELF.MA.ZS,42.63932
"Egypt, Arab Rep.",EGY,1992,"Self-employed, male (% of male employment) (modeled ILO estimate)",SL.EMP.SELF.MA.ZS,42.71638
"Egypt, Arab Rep.",EGY,1991,"Self-employed, male (% of male employment) (modeled ILO estimate)",SL.EMP.SELF.MA.ZS,42.7727
"Egypt, Arab Rep.",EGY,2022,"Employment to population ratio, 15+, female (%) (modeled ILO estimate)",SL.EMP.TOTL.SP.FE.ZS,12.714
"Egypt, Arab Rep.",EGY,2021,"Employment to population ratio, 15+, female (%) (modeled ILO estimate)",SL.EMP.TOTL.SP.FE.ZS,12.305
"Egypt, Arab Rep.",EGY,2020,"Employment to population ratio, 15+, female (%) (modeled ILO estimate)",SL.EMP.TOTL.SP.FE.ZS,11.938
"Egypt, Arab Rep.",EGY,2019,"Employment to population ratio, 15+, female (%) (modeled ILO estimate)",SL.EMP.TOTL.SP.FE.ZS,12.451
"Egypt, Arab Rep.",EGY,2018,"Employment to population ratio, 15+, female (%) (modeled ILO estimate)",SL.EMP.TOTL.SP.FE.ZS,14.455
"Egypt, Arab Rep.",EGY,2017,"Employment to population ratio, 15+, female (%) (modeled ILO estimate)",SL.EMP.TOTL.SP.FE.ZS,17.082
"Egypt, Arab Rep.",EGY,2016,"Employment to population ratio, 15+, female (%) (modeled ILO estimate)",SL.EMP.TOTL.SP.FE.ZS,17.602
"Egypt, Arab Rep.",EGY,2015,"Employment to population ratio, 15+, female (%) (modeled ILO estimate)",SL.EMP.TOTL.SP.FE.ZS,17.149
"Egypt, Arab Rep.",EGY,2014,"Employment to population ratio, 15+, female (%) (modeled ILO estimate)",SL.EMP.TOTL.SP.FE.ZS,17.592
"Egypt, Arab Rep.",EGY,2013,"Employment to population ratio, 15+, female (%) (modeled ILO estimate)",SL.EMP.TOTL.SP.FE.ZS,17.439
"Egypt, Arab Rep.",EGY,2012,"Employment to population ratio, 15+, female (%) (modeled ILO estimate)",SL.EMP.TOTL.SP.FE.ZS,17.093
"Egypt, Arab Rep.",EGY,2011,"Employment to population ratio, 15+, female (%) (modeled ILO estimate)",SL.EMP.TOTL.SP.FE.ZS,17.475
"Egypt, Arab Rep.",EGY,2010,"Employment to population ratio, 15+, female (%) (modeled ILO estimate)",SL.EMP.TOTL.SP.FE.ZS,18.08
"Egypt, Arab Rep.",EGY,2009,"Employment to population ratio, 15+, female (%) (modeled ILO estimate)",SL.EMP.TOTL.SP.FE.ZS,17.817
"Egypt, Arab Rep.",EGY,2008,"Employment to population ratio, 15+, female (%) (modeled ILO estimate)",SL.EMP.TOTL.SP.FE.ZS,17.785
"Egypt, Arab Rep.",EGY,2007,"Employment to population ratio, 15+, female (%) (modeled ILO estimate)",SL.EMP.TOTL.SP.FE.ZS,19.063
"Egypt, Arab Rep.",EGY,2006,"Employment to population ratio, 15+, female (%) (modeled ILO estimate)",SL.EMP.TOTL.SP.FE.ZS,16.212
"Egypt, Arab Rep.",EGY,2005,"Employment to population ratio, 15+, female (%) (modeled ILO estimate)",SL.EMP.TOTL.SP.FE.ZS,15.439
"Egypt, Arab Rep.",EGY,2004,"Employment to population ratio, 15+, female (%) (modeled ILO estimate)",SL.EMP.TOTL.SP.FE.ZS,14.498
"Egypt, Arab Rep.",EGY,2003,"Employment to population ratio, 15+, female (%) (modeled ILO estimate)",SL.EMP.TOTL.SP.FE.ZS,14.518
"Egypt, Arab Rep.",EGY,2002,"Employment to population ratio, 15+, female (%) (modeled ILO estimate)",SL.EMP.TOTL.SP.FE.ZS,13.841
"Egypt, Arab Rep.",EGY,2001,"Employment to population ratio, 15+, female (%) (modeled ILO estimate)",SL.EMP.TOTL.SP.FE.ZS,15.935
"Egypt, Arab Rep.",EGY,2000,"Employment to population ratio, 15+, female (%) (modeled ILO estimate)",SL.EMP.TOTL.SP.FE.ZS,15.79
"Egypt, Arab Rep.",EGY,1999,"Employment to population ratio, 15+, female (%) (modeled ILO estimate)",SL.EMP.TOTL.SP.FE.ZS,16.639
"Egypt, Arab Rep.",EGY,1998,"Employment to population ratio, 15+, female (%) (modeled ILO estimate)",SL.EMP.TOTL.SP.FE.ZS,15.877
"Egypt, Arab Rep.",EGY,1997,"Employment to population ratio, 15+, female (%) (modeled ILO estimate)",SL.EMP.TOTL.SP.FE.ZS,16.386
"Egypt, Arab Rep.",EGY,1996,"Employment to population ratio, 15+, female (%) (modeled ILO estimate)",SL.EMP.TOTL.SP.FE.ZS,17.204
"Egypt, Arab Rep.",EGY,1995,"Employment to population ratio, 15+, female (%) (modeled ILO estimate)",SL.EMP.TOTL.SP.FE.ZS,16.655
"Egypt, Arab Rep.",EGY,1994,"Employment to population ratio, 15+, female (%) (modeled ILO estimate)",SL.EMP.TOTL.SP.FE.ZS,17.909
"Egypt, Arab Rep.",EGY,1993,"Employment to population ratio, 15+, female (%) (modeled ILO estimate)",SL.EMP.TOTL.SP.FE.ZS,17.376
"Egypt, Arab Rep.",EGY,1992,"Employment to population ratio, 15+, female (%) (modeled ILO estimate)",SL.EMP.TOTL.SP.FE.ZS,19.129
"Egypt, Arab Rep.",EGY,1991,"Employment to population ratio, 15+, female (%) (modeled ILO estimate)",SL.EMP.TOTL.SP.FE.ZS,17.565
"Egypt, Arab Rep.",EGY,2022,"Employment to population ratio, 15+, male (%) (modeled ILO estimate)",SL.EMP.TOTL.SP.MA.ZS,64.846
"Egypt, Arab Rep.",EGY,2021,"Employment to population ratio, 15+, male (%) (modeled ILO estimate)",SL.EMP.TOTL.SP.MA.ZS,63.937
"Egypt, Arab Rep.",EGY,2020,"Employment to population ratio, 15+, male (%) (modeled ILO estimate)",SL.EMP.TOTL.SP.MA.ZS,64.255
"Egypt, Arab Rep.",EGY,2019,"Employment to population ratio, 15+, male (%) (modeled ILO estimate)",SL.EMP.TOTL.SP.MA.ZS,65.018
"Egypt, Arab Rep.",EGY,2018,"Employment to population ratio, 15+, male (%) (modeled ILO estimate)",SL.EMP.TOTL.SP.MA.ZS,63.307
"Egypt, Arab Rep.",EGY,2017,"Employment to population ratio, 15+, male (%) (modeled ILO estimate)",SL.EMP.TOTL.SP.MA.ZS,61.943
"Egypt, Arab Rep.",EGY,2016,"Employment to population ratio, 15+, male (%) (modeled ILO estimate)",SL.EMP.TOTL.SP.MA.ZS,63.731
"Egypt, Arab Rep.",EGY,2015,"Employment to population ratio, 15+, male (%) (modeled ILO estimate)",SL.EMP.TOTL.SP.MA.ZS,64.221
"Egypt, Arab Rep.",EGY,2014,"Employment to population ratio, 15+, male (%) (modeled ILO estimate)",SL.EMP.TOTL.SP.MA.ZS,65.698
"Egypt, Arab Rep.",EGY,2013,"Employment to population ratio, 15+, male (%) (modeled ILO estimate)",SL.EMP.TOTL.SP.MA.ZS,66.349
"Egypt, Arab Rep.",EGY,2012,"Employment to population ratio, 15+, male (%) (modeled ILO estimate)",SL.EMP.TOTL.SP.MA.ZS,67.309
"Egypt, Arab Rep.",EGY,2011,"Employment to population ratio, 15+, male (%) (modeled ILO estimate)",SL.EMP.TOTL.SP.MA.ZS,68.197
"Egypt, Arab Rep.",EGY,2010,"Employment to population ratio, 15+, male (%) (modeled ILO estimate)",SL.EMP.TOTL.SP.MA.ZS,71.672
"Egypt, Arab Rep.",EGY,2009,"Employment to population ratio, 15+, male (%) (modeled ILO estimate)",SL.EMP.TOTL.SP.MA.ZS,68.95
"Egypt, Arab Rep.",EGY,2008,"Employment to population ratio, 15+, male (%) (modeled ILO estimate)",SL.EMP.TOTL.SP.MA.ZS,68.886
"Egypt, Arab Rep.",EGY,2007,"Employment to population ratio, 15+, male (%) (modeled ILO estimate)",SL.EMP.TOTL.SP.MA.ZS,68.048
"Egypt, Arab Rep.",EGY,2006,"Employment to population ratio, 15+, male (%) (modeled ILO estimate)",SL.EMP.TOTL.SP.MA.ZS,67.552
"Egypt, Arab Rep.",EGY,2005,"Employment to population ratio, 15+, male (%) (modeled ILO estimate)",SL.EMP.TOTL.SP.MA.ZS,66.124
"Egypt, Arab Rep.",EGY,2004,"Employment to population ratio, 15+, male (%) (modeled ILO estimate)",SL.EMP.TOTL.SP.MA.ZS,66.055
"Egypt, Arab Rep.",EGY,2003,"Employment to population ratio, 15+, male (%) (modeled ILO estimate)",SL.EMP.TOTL.SP.MA.ZS,63.867
"Egypt, Arab Rep.",EGY,2002,"Employment to population ratio, 15+, male (%) (modeled ILO estimate)",SL.EMP.TOTL.SP.MA.ZS,63.688
"Egypt, Arab Rep.",EGY,2001,"Employment to population ratio, 15+, male (%) (modeled ILO estimate)",SL.EMP.TOTL.SP.MA.ZS,65.439
"Egypt, Arab Rep.",EGY,2000,"Employment to population ratio, 15+, male (%) (modeled ILO estimate)",SL.EMP.TOTL.SP.MA.ZS,68.21
"Egypt, Arab Rep.",EGY,1999,"Employment to population ratio, 15+, male (%) (modeled ILO estimate)",SL.EMP.TOTL.SP.MA.ZS,70.737
"Egypt, Arab Rep.",EGY,1998,"Employment to population ratio, 15+, male (%) (modeled ILO estimate)",SL.EMP.TOTL.SP.MA.ZS,68.682
"Egypt, Arab Rep.",EGY,1997,"Employment to population ratio, 15+, male (%) (modeled ILO estimate)",SL.EMP.TOTL.SP.MA.ZS,69.085
"Egypt, Arab Rep.",EGY,1996,"Employment to population ratio, 15+, male (%) (modeled ILO estimate)",SL.EMP.TOTL.SP.MA.ZS,68.895
"Egypt, Arab Rep.",EGY,1995,"Employment to population ratio, 15+, male (%) (modeled ILO estimate)",SL.EMP.TOTL.SP.MA.ZS,68.702
"Egypt, Arab Rep.",EGY,1994,"Employment to population ratio, 15+, male (%) (modeled ILO estimate)",SL.EMP.TOTL.SP.MA.ZS,69.308
"Egypt, Arab Rep.",EGY,1993,"Employment to population ratio, 15+, male (%) (modeled ILO estimate)",SL.EMP.TOTL.SP.MA.ZS,68.136
"Egypt, Arab Rep.",EGY,1992,"Employment to population ratio, 15+, male (%) (modeled ILO estimate)",SL.EMP.TOTL.SP.MA.ZS,67.06
"Egypt, Arab Rep.",EGY,1991,"Employment to population ratio, 15+, male (%) (modeled ILO estimate)",SL.EMP.TOTL.SP.MA.ZS,67.392
"Egypt, Arab Rep.",EGY,2021,"Vulnerable employment, female (% of female employment) (modeled ILO estimate)",SL.EMP.VULN.FE.ZS,28.860222
"Egypt, Arab Rep.",EGY,2020,"Vulnerable employment, female (% of female employment) (modeled ILO estimate)",SL.EMP.VULN.FE.ZS,29.653187
"Egypt, Arab Rep.",EGY,2019,"Vulnerable employment, female (% of female employment) (modeled ILO estimate)",SL.EMP.VULN.FE.ZS,29.869247
"Egypt, Arab Rep.",EGY,2018,"Vulnerable employment, female (% of female employment) (modeled ILO estimate)",SL.EMP.VULN.FE.ZS,31.869926
"Egypt, Arab Rep.",EGY,2017,"Vulnerable employment, female (% of female employment) (modeled ILO estimate)",SL.EMP.VULN.FE.ZS,34.44554
"Egypt, Arab Rep.",EGY,2016,"Vulnerable employment, female (% of female employment) (modeled ILO estimate)",SL.EMP.VULN.FE.ZS,31.261782
"Egypt, Arab Rep.",EGY,2015,"Vulnerable employment, female (% of female employment) (modeled ILO estimate)",SL.EMP.VULN.FE.ZS,45.862473
"Egypt, Arab Rep.",EGY,2014,"Vulnerable employment, female (% of female employment) (modeled ILO estimate)",SL.EMP.VULN.FE.ZS,46.39701
"Egypt, Arab Rep.",EGY,2013,"Vulnerable employment, female (% of female employment) (modeled ILO estimate)",SL.EMP.VULN.FE.ZS,45.61442
"Egypt, Arab Rep.",EGY,2012,"Vulnerable employment, female (% of female employment) (modeled ILO estimate)",SL.EMP.VULN.FE.ZS,40.73722
"Egypt, Arab Rep.",EGY,2011,"Vulnerable employment, female (% of female employment) (modeled ILO estimate)",SL.EMP.VULN.FE.ZS,43.72932
"Egypt, Arab Rep.",EGY,2010,"Vulnerable employment, female (% of female employment) (modeled ILO estimate)",SL.EMP.VULN.FE.ZS,44.60431
"Egypt, Arab Rep.",EGY,2009,"Vulnerable employment, female (% of female employment) (modeled ILO estimate)",SL.EMP.VULN.FE.ZS,45.689
"Egypt, Arab Rep.",EGY,2008,"Vulnerable employment, female (% of female employment) (modeled ILO estimate)",SL.EMP.VULN.FE.ZS,44.9605
"Egypt, Arab Rep.",EGY,2007,"Vulnerable employment, female (% of female employment) (modeled ILO estimate)",SL.EMP.VULN.FE.ZS,48.46891
"Egypt, Arab Rep.",EGY,2006,"Vulnerable employment, female (% of female employment) (modeled ILO estimate)",SL.EMP.VULN.FE.ZS,43.33989
"Egypt, Arab Rep.",EGY,2005,"Vulnerable employment, female (% of female employment) (modeled ILO estimate)",SL.EMP.VULN.FE.ZS,45.58543
"Egypt, Arab Rep.",EGY,2004,"Vulnerable employment, female (% of female employment) (modeled ILO estimate)",SL.EMP.VULN.FE.ZS,46.73605
"Egypt, Arab Rep.",EGY,2003,"Vulnerable employment, female (% of female employment) (modeled ILO estimate)",SL.EMP.VULN.FE.ZS,39.29909
"Egypt, Arab Rep.",EGY,2002,"Vulnerable employment, female (% of female employment) (modeled ILO estimate)",SL.EMP.VULN.FE.ZS,26.426329
"Egypt, Arab Rep.",EGY,2001,"Vulnerable employment, female (% of female employment) (modeled ILO estimate)",SL.EMP.VULN.FE.ZS,28.60382
"Egypt, Arab Rep.",EGY,2000,"Vulnerable employment, female (% of female employment) (modeled ILO estimate)",SL.EMP.VULN.FE.ZS,38.25286
"Egypt, Arab Rep.",EGY,1999,"Vulnerable employment, female (% of female employment) (modeled ILO estimate)",SL.EMP.VULN.FE.ZS,29.657396
"Egypt, Arab Rep.",EGY,1998,"Vulnerable employment, female (% of female employment) (modeled ILO estimate)",SL.EMP.VULN.FE.ZS,33.55136
"Egypt, Arab Rep.",EGY,1997,"Vulnerable employment, female (% of female employment) (modeled ILO estimate)",SL.EMP.VULN.FE.ZS,39.82686
"Egypt, Arab Rep.",EGY,1996,"Vulnerable employment, female (% of female employment) (modeled ILO estimate)",SL.EMP.VULN.FE.ZS,40.49311
"Egypt, Arab Rep.",EGY,1995,"Vulnerable employment, female (% of female employment) (modeled ILO estimate)",SL.EMP.VULN.FE.ZS,41.36031
"Egypt, Arab Rep.",EGY,1994,"Vulnerable employment, female (% of female employment) (modeled ILO estimate)",SL.EMP.VULN.FE.ZS,46.20572
"Egypt, Arab Rep.",EGY,1993,"Vulnerable employment, female (% of female employment) (modeled ILO estimate)",SL.EMP.VULN.FE.ZS,46.17067
"Egypt, Arab Rep.",EGY,1992,"Vulnerable employment, female (% of female employment) (modeled ILO estimate)",SL.EMP.VULN.FE.ZS,45.90508
"Egypt, Arab Rep.",EGY,1991,"Vulnerable employment, female (% of female employment) (modeled ILO estimate)",SL.EMP.VULN.FE.ZS,46.96518
"Egypt, Arab Rep.",EGY,2021,"Vulnerable employment, male (% of male employment) (modeled ILO estimate)",SL.EMP.VULN.MA.ZS,16.156454
"Egypt, Arab Rep.",EGY,2020,"Vulnerable employment, male (% of male employment) (modeled ILO estimate)",SL.EMP.VULN.MA.ZS,16.677225
"Egypt, Arab Rep.",EGY,2019,"Vulnerable employment, male (% of male employment) (modeled ILO estimate)",SL.EMP.VULN.MA.ZS,17.519922
"Egypt, Arab Rep.",EGY,2018,"Vulnerable employment, male (% of male employment) (modeled ILO estimate)",SL.EMP.VULN.MA.ZS,15.911206
"Egypt, Arab Rep.",EGY,2017,"Vulnerable employment, male (% of male employment) (modeled ILO estimate)",SL.EMP.VULN.MA.ZS,17.97733
"Egypt, Arab Rep.",EGY,2016,"Vulnerable employment, male (% of male employment) (modeled ILO estimate)",SL.EMP.VULN.MA.ZS,16.5356
"Egypt, Arab Rep.",EGY,2015,"Vulnerable employment, male (% of male employment) (modeled ILO estimate)",SL.EMP.VULN.MA.ZS,20.00997
"Egypt, Arab Rep.",EGY,2014,"Vulnerable employment, male (% of male employment) (modeled ILO estimate)",SL.EMP.VULN.MA.ZS,19.855211
"Egypt, Arab Rep.",EGY,2013,"Vulnerable employment, male (% of male employment) (modeled ILO estimate)",SL.EMP.VULN.MA.ZS,21.232334
"Egypt, Arab Rep.",EGY,2012,"Vulnerable employment, male (% of male employment) (modeled ILO estimate)",SL.EMP.VULN.MA.ZS,17.0362
"Egypt, Arab Rep.",EGY,2011,"Vulnerable employment, male (% of male employment) (modeled ILO estimate)",SL.EMP.VULN.MA.ZS,17.846128
"Egypt, Arab Rep.",EGY,2010,"Vulnerable employment, male (% of male employment) (modeled ILO estimate)",SL.EMP.VULN.MA.ZS,17.623585
"Egypt, Arab Rep.",EGY,2009,"Vulnerable employment, male (% of male employment) (modeled ILO estimate)",SL.EMP.VULN.MA.ZS,18.762554
"Egypt, Arab Rep.",EGY,2008,"Vulnerable employment, male (% of male employment) (modeled ILO estimate)",SL.EMP.VULN.MA.ZS,19.791405
"Egypt, Arab Rep.",EGY,2007,"Vulnerable employment, male (% of male employment) (modeled ILO estimate)",SL.EMP.VULN.MA.ZS,21.428415
"Egypt, Arab Rep.",EGY,2006,"Vulnerable employment, male (% of male employment) (modeled ILO estimate)",SL.EMP.VULN.MA.ZS,20.358994
"Egypt, Arab Rep.",EGY,2005,"Vulnerable employment, male (% of male employment) (modeled ILO estimate)",SL.EMP.VULN.MA.ZS,20.5668
"Egypt, Arab Rep.",EGY,2004,"Vulnerable employment, male (% of male employment) (modeled ILO estimate)",SL.EMP.VULN.MA.ZS,21.609726
"Egypt, Arab Rep.",EGY,2003,"Vulnerable employment, male (% of male employment) (modeled ILO estimate)",SL.EMP.VULN.MA.ZS,20.844471
"Egypt, Arab Rep.",EGY,2002,"Vulnerable employment, male (% of male employment) (modeled ILO estimate)",SL.EMP.VULN.MA.ZS,21.474138
"Egypt, Arab Rep.",EGY,2001,"Vulnerable employment, male (% of male employment) (modeled ILO estimate)",SL.EMP.VULN.MA.ZS,18.652782
"Egypt, Arab Rep.",EGY,2000,"Vulnerable employment, male (% of male employment) (modeled ILO estimate)",SL.EMP.VULN.MA.ZS,19.351513
"Egypt, Arab Rep.",EGY,1999,"Vulnerable employment, male (% of male employment) (modeled ILO estimate)",SL.EMP.VULN.MA.ZS,21.288282
"Egypt, Arab Rep.",EGY,1998,"Vulnerable employment, male (% of male employment) (modeled ILO estimate)",SL.EMP.VULN.MA.ZS,22.043257
"Egypt, Arab Rep.",EGY,1997,"Vulnerable employment, male (% of male employment) (modeled ILO estimate)",SL.EMP.VULN.MA.ZS,21.722857
"Egypt, Arab Rep.",EGY,1996,"Vulnerable employment, male (% of male employment) (modeled ILO estimate)",SL.EMP.VULN.MA.ZS,21.882341
"Egypt, Arab Rep.",EGY,1995,"Vulnerable employment, male (% of male employment) (modeled ILO estimate)",SL.EMP.VULN.MA.ZS,22.18751
"Egypt, Arab Rep.",EGY,1994,"Vulnerable employment, male (% of male employment) (modeled ILO estimate)",SL.EMP.VULN.MA.ZS,21.781044
"Egypt, Arab Rep.",EGY,1993,"Vulnerable employment, male (% of male employment) (modeled ILO estimate)",SL.EMP.VULN.MA.ZS,23.631855
"Egypt, Arab Rep.",EGY,1992,"Vulnerable employment, male (% of male employment) (modeled ILO estimate)",SL.EMP.VULN.MA.ZS,23.267368
"Egypt, Arab Rep.",EGY,1991,"Vulnerable employment, male (% of male employment) (modeled ILO estimate)",SL.EMP.VULN.MA.ZS,23.733177
"Egypt, Arab Rep.",EGY,2021,"Wage and salaried workers, female (% of female employment) (modeled ILO estimate)",SL.EMP.WORK.FE.ZS,68.62769
"Egypt, Arab Rep.",EGY,2020,"Wage and salaried workers, female (% of female employment) (modeled ILO estimate)",SL.EMP.WORK.FE.ZS,67.82388
"Egypt, Arab Rep.",EGY,2019,"Wage and salaried workers, female (% of female employment) (modeled ILO estimate)",SL.EMP.WORK.FE.ZS,67.32626
"Egypt, Arab Rep.",EGY,2018,"Wage and salaried workers, female (% of female employment) (modeled ILO estimate)",SL.EMP.WORK.FE.ZS,64.44048
"Egypt, Arab Rep.",EGY,2017,"Wage and salaried workers, female (% of female employment) (modeled ILO estimate)",SL.EMP.WORK.FE.ZS,63.48373
"Egypt, Arab Rep.",EGY,2016,"Wage and salaried workers, female (% of female employment) (modeled ILO estimate)",SL.EMP.WORK.FE.ZS,66.4778
"Egypt, Arab Rep.",EGY,2015,"Wage and salaried workers, female (% of female employment) (modeled ILO estimate)",SL.EMP.WORK.FE.ZS,52.15339
"Egypt, Arab Rep.",EGY,2014,"Wage and salaried workers, female (% of female employment) (modeled ILO estimate)",SL.EMP.WORK.FE.ZS,51.36171
"Egypt, Arab Rep.",EGY,2013,"Wage and salaried workers, female (% of female employment) (modeled ILO estimate)",SL.EMP.WORK.FE.ZS,52.22084
"Egypt, Arab Rep.",EGY,2012,"Wage and salaried workers, female (% of female employment) (modeled ILO estimate)",SL.EMP.WORK.FE.ZS,56.43351
"Egypt, Arab Rep.",EGY,2011,"Wage and salaried workers, female (% of female employment) (modeled ILO estimate)",SL.EMP.WORK.FE.ZS,53.07149
"Egypt, Arab Rep.",EGY,2010,"Wage and salaried workers, female (% of female employment) (modeled ILO estimate)",SL.EMP.WORK.FE.ZS,52.24505
"Egypt, Arab Rep.",EGY,2009,"Wage and salaried workers, female (% of female employment) (modeled ILO estimate)",SL.EMP.WORK.FE.ZS,50.47986
"Egypt, Arab Rep.",EGY,2008,"Wage and salaried workers, female (% of female employment) (modeled ILO estimate)",SL.EMP.WORK.FE.ZS,50.91888
"Egypt, Arab Rep.",EGY,2007,"Wage and salaried workers, female (% of female employment) (modeled ILO estimate)",SL.EMP.WORK.FE.ZS,48.0803
"Egypt, Arab Rep.",EGY,2006,"Wage and salaried workers, female (% of female employment) (modeled ILO estimate)",SL.EMP.WORK.FE.ZS,53.82153
"Egypt, Arab Rep.",EGY,2005,"Wage and salaried workers, female (% of female employment) (modeled ILO estimate)",SL.EMP.WORK.FE.ZS,50.67278
"Egypt, Arab Rep.",EGY,2004,"Wage and salaried workers, female (% of female employment) (modeled ILO estimate)",SL.EMP.WORK.FE.ZS,48.69807
"Egypt, Arab Rep.",EGY,2003,"Wage and salaried workers, female (% of female employment) (modeled ILO estimate)",SL.EMP.WORK.FE.ZS,56.38652
"Egypt, Arab Rep.",EGY,2002,"Wage and salaried workers, female (% of female employment) (modeled ILO estimate)",SL.EMP.WORK.FE.ZS,67.89654
"Egypt, Arab Rep.",EGY,2001,"Wage and salaried workers, female (% of female employment) (modeled ILO estimate)",SL.EMP.WORK.FE.ZS,64.85829
"Egypt, Arab Rep.",EGY,2000,"Wage and salaried workers, female (% of female employment) (modeled ILO estimate)",SL.EMP.WORK.FE.ZS,57.23858
"Egypt, Arab Rep.",EGY,1999,"Wage and salaried workers, female (% of female employment) (modeled ILO estimate)",SL.EMP.WORK.FE.ZS,64.40787
"Egypt, Arab Rep.",EGY,1998,"Wage and salaried workers, female (% of female employment) (modeled ILO estimate)",SL.EMP.WORK.FE.ZS,60.71215
"Egypt, Arab Rep.",EGY,1997,"Wage and salaried workers, female (% of female employment) (modeled ILO estimate)",SL.EMP.WORK.FE.ZS,55.6252
"Egypt, Arab Rep.",EGY,1996,"Wage and salaried workers, female (% of female employment) (modeled ILO estimate)",SL.EMP.WORK.FE.ZS,54.40055
"Egypt, Arab Rep.",EGY,1995,"Wage and salaried workers, female (% of female employment) (modeled ILO estimate)",SL.EMP.WORK.FE.ZS,52.99833
"Egypt, Arab Rep.",EGY,1994,"Wage and salaried workers, female (% of female employment) (modeled ILO estimate)",SL.EMP.WORK.FE.ZS,49.37283
"Egypt, Arab Rep.",EGY,1993,"Wage and salaried workers, female (% of female employment) (modeled ILO estimate)",SL.EMP.WORK.FE.ZS,49.62172
"Egypt, Arab Rep.",EGY,1992,"Wage and salaried workers, female (% of female employment) (modeled ILO estimate)",SL.EMP.WORK.FE.ZS,49.62849
"Egypt, Arab Rep.",EGY,1991,"Wage and salaried workers, female (% of female employment) (modeled ILO estimate)",SL.EMP.WORK.FE.ZS,48.70758
"Egypt, Arab Rep.",EGY,2021,"Wage and salaried workers, male (% of male employment) (modeled ILO estimate)",SL.EMP.WORK.MA.ZS,73.66451
"Egypt, Arab Rep.",EGY,2020,"Wage and salaried workers, male (% of male employment) (modeled ILO estimate)",SL.EMP.WORK.MA.ZS,73.34425
"Egypt, Arab Rep.",EGY,2019,"Wage and salaried workers, male (% of male employment) (modeled ILO estimate)",SL.EMP.WORK.MA.ZS,71.82359
"Egypt, Arab Rep.",EGY,2018,"Wage and salaried workers, male (% of male employment) (modeled ILO estimate)",SL.EMP.WORK.MA.ZS,69.75835
"Egypt, Arab Rep.",EGY,2017,"Wage and salaried workers, male (% of male employment) (modeled ILO estimate)",SL.EMP.WORK.MA.ZS,69.36749
"Egypt, Arab Rep.",EGY,2016,"Wage and salaried workers, male (% of male employment) (modeled ILO estimate)",SL.EMP.WORK.MA.ZS,70.79996
"Egypt, Arab Rep.",EGY,2015,"Wage and salaried workers, male (% of male employment) (modeled ILO estimate)",SL.EMP.WORK.MA.ZS,65.38674
"Egypt, Arab Rep.",EGY,2014,"Wage and salaried workers, male (% of male employment) (modeled ILO estimate)",SL.EMP.WORK.MA.ZS,63.36079
"Egypt, Arab Rep.",EGY,2013,"Wage and salaried workers, male (% of male employment) (modeled ILO estimate)",SL.EMP.WORK.MA.ZS,63.48155
"Egypt, Arab Rep.",EGY,2012,"Wage and salaried workers, male (% of male employment) (modeled ILO estimate)",SL.EMP.WORK.MA.ZS,64.02332
"Egypt, Arab Rep.",EGY,2011,"Wage and salaried workers, male (% of male employment) (modeled ILO estimate)",SL.EMP.WORK.MA.ZS,63.24525
"Egypt, Arab Rep.",EGY,2010,"Wage and salaried workers, male (% of male employment) (modeled ILO estimate)",SL.EMP.WORK.MA.ZS,64.71286
"Egypt, Arab Rep.",EGY,2009,"Wage and salaried workers, male (% of male employment) (modeled ILO estimate)",SL.EMP.WORK.MA.ZS,63.19377
"Egypt, Arab Rep.",EGY,2008,"Wage and salaried workers, male (% of male employment) (modeled ILO estimate)",SL.EMP.WORK.MA.ZS,62.35965
"Egypt, Arab Rep.",EGY,2007,"Wage and salaried workers, male (% of male employment) (modeled ILO estimate)",SL.EMP.WORK.MA.ZS,61.45815
"Egypt, Arab Rep.",EGY,2006,"Wage and salaried workers, male (% of male employment) (modeled ILO estimate)",SL.EMP.WORK.MA.ZS,63.72322
"Egypt, Arab Rep.",EGY,2005,"Wage and salaried workers, male (% of male employment) (modeled ILO estimate)",SL.EMP.WORK.MA.ZS,62.1742
"Egypt, Arab Rep.",EGY,2004,"Wage and salaried workers, male (% of male employment) (modeled ILO estimate)",SL.EMP.WORK.MA.ZS,58.23615
"Egypt, Arab Rep.",EGY,2003,"Wage and salaried workers, male (% of male employment) (modeled ILO estimate)",SL.EMP.WORK.MA.ZS,58.21144
"Egypt, Arab Rep.",EGY,2002,"Wage and salaried workers, male (% of male employment) (modeled ILO estimate)",SL.EMP.WORK.MA.ZS,58.50027
"Egypt, Arab Rep.",EGY,2001,"Wage and salaried workers, male (% of male employment) (modeled ILO estimate)",SL.EMP.WORK.MA.ZS,60.67899
"Egypt, Arab Rep.",EGY,2000,"Wage and salaried workers, male (% of male employment) (modeled ILO estimate)",SL.EMP.WORK.MA.ZS,60.57421
"Egypt, Arab Rep.",EGY,1999,"Wage and salaried workers, male (% of male employment) (modeled ILO estimate)",SL.EMP.WORK.MA.ZS,60.33702
"Egypt, Arab Rep.",EGY,1998,"Wage and salaried workers, male (% of male employment) (modeled ILO estimate)",SL.EMP.WORK.MA.ZS,59.53748
"Egypt, Arab Rep.",EGY,1997,"Wage and salaried workers, male (% of male employment) (modeled ILO estimate)",SL.EMP.WORK.MA.ZS,61.00624
"Egypt, Arab Rep.",EGY,1996,"Wage and salaried workers, male (% of male employment) (modeled ILO estimate)",SL.EMP.WORK.MA.ZS,59.55733
"Egypt, Arab Rep.",EGY,1995,"Wage and salaried workers, male (% of male employment) (modeled ILO estimate)",SL.EMP.WORK.MA.ZS,58.13512
"Egypt, Arab Rep.",EGY,1994,"Wage and salaried workers, male (% of male employment) (modeled ILO estimate)",SL.EMP.WORK.MA.ZS,58.22812
"Egypt, Arab Rep.",EGY,1993,"Wage and salaried workers, male (% of male employment) (modeled ILO estimate)",SL.EMP.WORK.MA.ZS,57.36069
"Egypt, Arab Rep.",EGY,1992,"Wage and salaried workers, male (% of male employment) (modeled ILO estimate)",SL.EMP.WORK.MA.ZS,57.28357
"Egypt, Arab Rep.",EGY,1991,"Wage and salaried workers, male (% of male employment) (modeled ILO estimate)",SL.EMP.WORK.MA.ZS,57.22728
"Egypt, Arab Rep.",EGY,2021,"Contributing family workers, female (% of female employment) (modeled ILO estimate)",SL.FAM.WORK.FE.ZS,21.41762
"Egypt, Arab Rep.",EGY,2020,"Contributing family workers, female (% of female employment) (modeled ILO estimate)",SL.FAM.WORK.FE.ZS,22.02252
"Egypt, Arab Rep.",EGY,2019,"Contributing family workers, female (% of female employment) (modeled ILO estimate)",SL.FAM.WORK.FE.ZS,21.69118
"Egypt, Arab Rep.",EGY,2018,"Contributing family workers, female (% of female employment) (modeled ILO estimate)",SL.FAM.WORK.FE.ZS,23.5547
"Egypt, Arab Rep.",EGY,2017,"Contributing family workers, female (% of female employment) (modeled ILO estimate)",SL.FAM.WORK.FE.ZS,25.7572
"Egypt, Arab Rep.",EGY,2016,"Contributing family workers, female (% of female employment) (modeled ILO estimate)",SL.FAM.WORK.FE.ZS,22.85541
"Egypt, Arab Rep.",EGY,2015,"Contributing family workers, female (% of female employment) (modeled ILO estimate)",SL.FAM.WORK.FE.ZS,39.44389
"Egypt, Arab Rep.",EGY,2014,"Contributing family workers, female (% of female employment) (modeled ILO estimate)",SL.FAM.WORK.FE.ZS,36.39092
"Egypt, Arab Rep.",EGY,2013,"Contributing family workers, female (% of female employment) (modeled ILO estimate)",SL.FAM.WORK.FE.ZS,34.39399
"Egypt, Arab Rep.",EGY,2012,"Contributing family workers, female (% of female employment) (modeled ILO estimate)",SL.FAM.WORK.FE.ZS,27.28045
"Egypt, Arab Rep.",EGY,2011,"Contributing family workers, female (% of female employment) (modeled ILO estimate)",SL.FAM.WORK.FE.ZS,29.76392
"Egypt, Arab Rep.",EGY,2010,"Contributing family workers, female (% of female employment) (modeled ILO estimate)",SL.FAM.WORK.FE.ZS,29.02856
"Egypt, Arab Rep.",EGY,2009,"Contributing family workers, female (% of female employment) (modeled ILO estimate)",SL.FAM.WORK.FE.ZS,32.92627
"Egypt, Arab Rep.",EGY,2008,"Contributing family workers, female (% of female employment) (modeled ILO estimate)",SL.FAM.WORK.FE.ZS,34.34535
"Egypt, Arab Rep.",EGY,2007,"Contributing family workers, female (% of female employment) (modeled ILO estimate)",SL.FAM.WORK.FE.ZS,33.6676
"Egypt, Arab Rep.",EGY,2006,"Contributing family workers, female (% of female employment) (modeled ILO estimate)",SL.FAM.WORK.FE.ZS,32.44265
"Egypt, Arab Rep.",EGY,2005,"Contributing family workers, female (% of female employment) (modeled ILO estimate)",SL.FAM.WORK.FE.ZS,31.70757
"Egypt, Arab Rep.",EGY,2004,"Contributing family workers, female (% of female employment) (modeled ILO estimate)",SL.FAM.WORK.FE.ZS,32.94943
"Egypt, Arab Rep.",EGY,2003,"Contributing family workers, female (% of female employment) (modeled ILO estimate)",SL.FAM.WORK.FE.ZS,25.91842
"Egypt, Arab Rep.",EGY,2002,"Contributing family workers, female (% of female employment) (modeled ILO estimate)",SL.FAM.WORK.FE.ZS,19.60978
"Egypt, Arab Rep.",EGY,2001,"Contributing family workers, female (% of female employment) (modeled ILO estimate)",SL.FAM.WORK.FE.ZS,16.79983
"Egypt, Arab Rep.",EGY,2000,"Contributing family workers, female (% of female employment) (modeled ILO estimate)",SL.FAM.WORK.FE.ZS,25.98078
"Egypt, Arab Rep.",EGY,1999,"Contributing family workers, female (% of female employment) (modeled ILO estimate)",SL.FAM.WORK.FE.ZS,21.88983
"Egypt, Arab Rep.",EGY,1998,"Contributing family workers, female (% of female employment) (modeled ILO estimate)",SL.FAM.WORK.FE.ZS,23.17315
"Egypt, Arab Rep.",EGY,1997,"Contributing family workers, female (% of female employment) (modeled ILO estimate)",SL.FAM.WORK.FE.ZS,29.85774
"Egypt, Arab Rep.",EGY,1996,"Contributing family workers, female (% of female employment) (modeled ILO estimate)",SL.FAM.WORK.FE.ZS,29.60262
"Egypt, Arab Rep.",EGY,1995,"Contributing family workers, female (% of female employment) (modeled ILO estimate)",SL.FAM.WORK.FE.ZS,29.68579
"Egypt, Arab Rep.",EGY,1994,"Contributing family workers, female (% of female employment) (modeled ILO estimate)",SL.FAM.WORK.FE.ZS,33.32347
"Egypt, Arab Rep.",EGY,1993,"Contributing family workers, female (% of female employment) (modeled ILO estimate)",SL.FAM.WORK.FE.ZS,32.52921
"Egypt, Arab Rep.",EGY,1992,"Contributing family workers, female (% of female employment) (modeled ILO estimate)",SL.FAM.WORK.FE.ZS,32.1628
"Egypt, Arab Rep.",EGY,1991,"Contributing family workers, female (% of female employment) (modeled ILO estimate)",SL.FAM.WORK.FE.ZS,33.36633
"Egypt, Arab Rep.",EGY,2021,"Contributing family workers, male (% of male employment) (modeled ILO estimate)",SL.FAM.WORK.MA.ZS,3.509905
"Egypt, Arab Rep.",EGY,2020,"Contributing family workers, male (% of male employment) (modeled ILO estimate)",SL.FAM.WORK.MA.ZS,3.670216
"Egypt, Arab Rep.",EGY,2019,"Contributing family workers, male (% of male employment) (modeled ILO estimate)",SL.FAM.WORK.MA.ZS,3.485533
"Egypt, Arab Rep.",EGY,2018,"Contributing family workers, male (% of male employment) (modeled ILO estimate)",SL.FAM.WORK.MA.ZS,3.578636
"Egypt, Arab Rep.",EGY,2017,"Contributing family workers, male (% of male employment) (modeled ILO estimate)",SL.FAM.WORK.MA.ZS,4.032609
"Egypt, Arab Rep.",EGY,2016,"Contributing family workers, male (% of male employment) (modeled ILO estimate)",SL.FAM.WORK.MA.ZS,3.55974
"Egypt, Arab Rep.",EGY,2015,"Contributing family workers, male (% of male employment) (modeled ILO estimate)",SL.FAM.WORK.MA.ZS,5.490369
"Egypt, Arab Rep.",EGY,2014,"Contributing family workers, male (% of male employment) (modeled ILO estimate)",SL.FAM.WORK.MA.ZS,5.257341
"Egypt, Arab Rep.",EGY,2013,"Contributing family workers, male (% of male employment) (modeled ILO estimate)",SL.FAM.WORK.MA.ZS,5.391174
"Egypt, Arab Rep.",EGY,2012,"Contributing family workers, male (% of male employment) (modeled ILO estimate)",SL.FAM.WORK.MA.ZS,5.338719
"Egypt, Arab Rep.",EGY,2011,"Contributing family workers, male (% of male employment) (modeled ILO estimate)",SL.FAM.WORK.MA.ZS,6.110269
"Egypt, Arab Rep.",EGY,2010,"Contributing family workers, male (% of male employment) (modeled ILO estimate)",SL.FAM.WORK.MA.ZS,6.321614
"Egypt, Arab Rep.",EGY,2009,"Contributing family workers, male (% of male employment) (modeled ILO estimate)",SL.FAM.WORK.MA.ZS,8.137565
"Egypt, Arab Rep.",EGY,2008,"Contributing family workers, male (% of male employment) (modeled ILO estimate)",SL.FAM.WORK.MA.ZS,8.910754
"Egypt, Arab Rep.",EGY,2007,"Contributing family workers, male (% of male employment) (modeled ILO estimate)",SL.FAM.WORK.MA.ZS,8.576466
"Egypt, Arab Rep.",EGY,2006,"Contributing family workers, male (% of male employment) (modeled ILO estimate)",SL.FAM.WORK.MA.ZS,8.489003
"Egypt, Arab Rep.",EGY,2005,"Contributing family workers, male (% of male employment) (modeled ILO estimate)",SL.FAM.WORK.MA.ZS,8.61061
"Egypt, Arab Rep.",EGY,2004,"Contributing family workers, male (% of male employment) (modeled ILO estimate)",SL.FAM.WORK.MA.ZS,9.704806
"Egypt, Arab Rep.",EGY,2003,"Contributing family workers, male (% of male employment) (modeled ILO estimate)",SL.FAM.WORK.MA.ZS,9.040901
"Egypt, Arab Rep.",EGY,2002,"Contributing family workers, male (% of male employment) (modeled ILO estimate)",SL.FAM.WORK.MA.ZS,8.429598
"Egypt, Arab Rep.",EGY,2001,"Contributing family workers, male (% of male employment) (modeled ILO estimate)",SL.FAM.WORK.MA.ZS,7.452473
"Egypt, Arab Rep.",EGY,2000,"Contributing family workers, male (% of male employment) (modeled ILO estimate)",SL.FAM.WORK.MA.ZS,8.138083
"Egypt, Arab Rep.",EGY,1999,"Contributing family workers, male (% of male employment) (modeled ILO estimate)",SL.FAM.WORK.MA.ZS,8.860622
"Egypt, Arab Rep.",EGY,1998,"Contributing family workers, male (% of male employment) (modeled ILO estimate)",SL.FAM.WORK.MA.ZS,9.565546
"Egypt, Arab Rep.",EGY,1997,"Contributing family workers, male (% of male employment) (modeled ILO estimate)",SL.FAM.WORK.MA.ZS,8.764287
"Egypt, Arab Rep.",EGY,1996,"Contributing family workers, male (% of male employment) (modeled ILO estimate)",SL.FAM.WORK.MA.ZS,8.897681
"Egypt, Arab Rep.",EGY,1995,"Contributing family workers, male (% of male employment) (modeled ILO estimate)",SL.FAM.WORK.MA.ZS,9.202949
"Egypt, Arab Rep.",EGY,1994,"Contributing family workers, male (% of male employment) (modeled ILO estimate)",SL.FAM.WORK.MA.ZS,8.697714
"Egypt, Arab Rep.",EGY,1993,"Contributing family workers, male (% of male employment) (modeled ILO estimate)",SL.FAM.WORK.MA.ZS,9.487325
"Egypt, Arab Rep.",EGY,1992,"Contributing family workers, male (% of male employment) (modeled ILO estimate)",SL.FAM.WORK.MA.ZS,9.182619
"Egypt, Arab Rep.",EGY,1991,"Contributing family workers, male (% of male employment) (modeled ILO estimate)",SL.FAM.WORK.MA.ZS,9.557908
"Egypt, Arab Rep.",EGY,2021,"Employment in industry, female (% of female employment) (modeled ILO estimate)",SL.IND.EMPL.FE.ZS,7.61433
"Egypt, Arab Rep.",EGY,2020,"Employment in industry, female (% of female employment) (modeled ILO estimate)",SL.IND.EMPL.FE.ZS,7.62846
"Egypt, Arab Rep.",EGY,2019,"Employment in industry, female (% of female employment) (modeled ILO estimate)",SL.IND.EMPL.FE.ZS,8.454798
"Egypt, Arab Rep.",EGY,2018,"Employment in industry, female (% of female employment) (modeled ILO estimate)",SL.IND.EMPL.FE.ZS,7.101533
"Egypt, Arab Rep.",EGY,2017,"Employment in industry, female (% of female employment) (modeled ILO estimate)",SL.IND.EMPL.FE.ZS,6.932209
"Egypt, Arab Rep.",EGY,2016,"Employment in industry, female (% of female employment) (modeled ILO estimate)",SL.IND.EMPL.FE.ZS,6.273519
"Egypt, Arab Rep.",EGY,2015,"Employment in industry, female (% of female employment) (modeled ILO estimate)",SL.IND.EMPL.FE.ZS,5.679508
"Egypt, Arab Rep.",EGY,2014,"Employment in industry, female (% of female employment) (modeled ILO estimate)",SL.IND.EMPL.FE.ZS,5.028744
"Egypt, Arab Rep.",EGY,2013,"Employment in industry, female (% of female employment) (modeled ILO estimate)",SL.IND.EMPL.FE.ZS,5.069139
"Egypt, Arab Rep.",EGY,2012,"Employment in industry, female (% of female employment) (modeled ILO estimate)",SL.IND.EMPL.FE.ZS,5.524732
"Egypt, Arab Rep.",EGY,2011,"Employment in industry, female (% of female employment) (modeled ILO estimate)",SL.IND.EMPL.FE.ZS,5.120826
"Egypt, Arab Rep.",EGY,2010,"Employment in industry, female (% of female employment) (modeled ILO estimate)",SL.IND.EMPL.FE.ZS,5.950741
"Egypt, Arab Rep.",EGY,2009,"Employment in industry, female (% of female employment) (modeled ILO estimate)",SL.IND.EMPL.FE.ZS,5.152793
"Egypt, Arab Rep.",EGY,2008,"Employment in industry, female (% of female employment) (modeled ILO estimate)",SL.IND.EMPL.FE.ZS,5.573742
"Egypt, Arab Rep.",EGY,2007,"Employment in industry, female (% of female employment) (modeled ILO estimate)",SL.IND.EMPL.FE.ZS,6.189992
"Egypt, Arab Rep.",EGY,2006,"Employment in industry, female (% of female employment) (modeled ILO estimate)",SL.IND.EMPL.FE.ZS,6.028186
"Egypt, Arab Rep.",EGY,2005,"Employment in industry, female (% of female employment) (modeled ILO estimate)",SL.IND.EMPL.FE.ZS,4.942295
"Egypt, Arab Rep.",EGY,2004,"Employment in industry, female (% of female employment) (modeled ILO estimate)",SL.IND.EMPL.FE.ZS,5.768587
"Egypt, Arab Rep.",EGY,2003,"Employment in industry, female (% of female employment) (modeled ILO estimate)",SL.IND.EMPL.FE.ZS,6.179001
"Egypt, Arab Rep.",EGY,2002,"Employment in industry, female (% of female employment) (modeled ILO estimate)",SL.IND.EMPL.FE.ZS,7.274697
"Egypt, Arab Rep.",EGY,2001,"Employment in industry, female (% of female employment) (modeled ILO estimate)",SL.IND.EMPL.FE.ZS,7.216427
"Egypt, Arab Rep.",EGY,2000,"Employment in industry, female (% of female employment) (modeled ILO estimate)",SL.IND.EMPL.FE.ZS,6.890329
"Egypt, Arab Rep.",EGY,1999,"Employment in industry, female (% of female employment) (modeled ILO estimate)",SL.IND.EMPL.FE.ZS,7.893036
"Egypt, Arab Rep.",EGY,1998,"Employment in industry, female (% of female employment) (modeled ILO estimate)",SL.IND.EMPL.FE.ZS,7.558656
"Egypt, Arab Rep.",EGY,1997,"Employment in industry, female (% of female employment) (modeled ILO estimate)",SL.IND.EMPL.FE.ZS,7.633873
"Egypt, Arab Rep.",EGY,1996,"Employment in industry, female (% of female employment) (modeled ILO estimate)",SL.IND.EMPL.FE.ZS,8.233973
"Egypt, Arab Rep.",EGY,1995,"Employment in industry, female (% of female employment) (modeled ILO estimate)",SL.IND.EMPL.FE.ZS,8.066632
"Egypt, Arab Rep.",EGY,1994,"Employment in industry, female (% of female employment) (modeled ILO estimate)",SL.IND.EMPL.FE.ZS,7.447876
"Egypt, Arab Rep.",EGY,1993,"Employment in industry, female (% of female employment) (modeled ILO estimate)",SL.IND.EMPL.FE.ZS,7.717391
"Egypt, Arab Rep.",EGY,1992,"Employment in industry, female (% of female employment) (modeled ILO estimate)",SL.IND.EMPL.FE.ZS,8.109192
"Egypt, Arab Rep.",EGY,1991,"Employment in industry, female (% of female employment) (modeled ILO estimate)",SL.IND.EMPL.FE.ZS,9.202559
"Egypt, Arab Rep.",EGY,2021,"Employment in industry, male (% of male employment) (modeled ILO estimate)",SL.IND.EMPL.MA.ZS,33.17181
"Egypt, Arab Rep.",EGY,2020,"Employment in industry, male (% of male employment) (modeled ILO estimate)",SL.IND.EMPL.MA.ZS,32.33063
"Egypt, Arab Rep.",EGY,2019,"Employment in industry, male (% of male employment) (modeled ILO estimate)",SL.IND.EMPL.MA.ZS,32.42435
"Egypt, Arab Rep.",EGY,2018,"Employment in industry, male (% of male employment) (modeled ILO estimate)",SL.IND.EMPL.MA.ZS,31.32212
"Egypt, Arab Rep.",EGY,2017,"Employment in industry, male (% of male employment) (modeled ILO estimate)",SL.IND.EMPL.MA.ZS,31.90607
"Egypt, Arab Rep.",EGY,2016,"Employment in industry, male (% of male employment) (modeled ILO estimate)",SL.IND.EMPL.MA.ZS,30.74186
"Egypt, Arab Rep.",EGY,2015,"Employment in industry, male (% of male employment) (modeled ILO estimate)",SL.IND.EMPL.MA.ZS,30.19342
"Egypt, Arab Rep.",EGY,2014,"Employment in industry, male (% of male employment) (modeled ILO estimate)",SL.IND.EMPL.MA.ZS,29.52404
"Egypt, Arab Rep.",EGY,2013,"Employment in industry, male (% of male employment) (modeled ILO estimate)",SL.IND.EMPL.MA.ZS,29.04443
"Egypt, Arab Rep.",EGY,2012,"Employment in industry, male (% of male employment) (modeled ILO estimate)",SL.IND.EMPL.MA.ZS,29.69992
"Egypt, Arab Rep.",EGY,2011,"Employment in industry, male (% of male employment) (modeled ILO estimate)",SL.IND.EMPL.MA.ZS,28.23651
"Egypt, Arab Rep.",EGY,2010,"Employment in industry, male (% of male employment) (modeled ILO estimate)",SL.IND.EMPL.MA.ZS,30.22228
"Egypt, Arab Rep.",EGY,2009,"Employment in industry, male (% of male employment) (modeled ILO estimate)",SL.IND.EMPL.MA.ZS,28.50172
"Egypt, Arab Rep.",EGY,2008,"Employment in industry, male (% of male employment) (modeled ILO estimate)",SL.IND.EMPL.MA.ZS,27.32369
"Egypt, Arab Rep.",EGY,2007,"Employment in industry, male (% of male employment) (modeled ILO estimate)",SL.IND.EMPL.MA.ZS,26.58283
"Egypt, Arab Rep.",EGY,2006,"Employment in industry, male (% of male employment) (modeled ILO estimate)",SL.IND.EMPL.MA.ZS,25.90628
"Egypt, Arab Rep.",EGY,2005,"Employment in industry, male (% of male employment) (modeled ILO estimate)",SL.IND.EMPL.MA.ZS,25.33443
"Egypt, Arab Rep.",EGY,2004,"Employment in industry, male (% of male employment) (modeled ILO estimate)",SL.IND.EMPL.MA.ZS,23.03596
"Egypt, Arab Rep.",EGY,2003,"Employment in industry, male (% of male employment) (modeled ILO estimate)",SL.IND.EMPL.MA.ZS,22.80769
"Egypt, Arab Rep.",EGY,2002,"Employment in industry, male (% of male employment) (modeled ILO estimate)",SL.IND.EMPL.MA.ZS,23.4315
"Egypt, Arab Rep.",EGY,2001,"Employment in industry, male (% of male employment) (modeled ILO estimate)",SL.IND.EMPL.MA.ZS,24.66603
"Egypt, Arab Rep.",EGY,2000,"Employment in industry, male (% of male employment) (modeled ILO estimate)",SL.IND.EMPL.MA.ZS,24.61409
"Egypt, Arab Rep.",EGY,1999,"Employment in industry, male (% of male employment) (modeled ILO estimate)",SL.IND.EMPL.MA.ZS,26.02275
"Egypt, Arab Rep.",EGY,1998,"Employment in industry, male (% of male employment) (modeled ILO estimate)",SL.IND.EMPL.MA.ZS,25.64811
"Egypt, Arab Rep.",EGY,1997,"Employment in industry, male (% of male employment) (modeled ILO estimate)",SL.IND.EMPL.MA.ZS,25.79577
"Egypt, Arab Rep.",EGY,1996,"Employment in industry, male (% of male employment) (modeled ILO estimate)",SL.IND.EMPL.MA.ZS,27.46862
"Egypt, Arab Rep.",EGY,1995,"Employment in industry, male (% of male employment) (modeled ILO estimate)",SL.IND.EMPL.MA.ZS,25.25375
"Egypt, Arab Rep.",EGY,1994,"Employment in industry, male (% of male employment) (modeled ILO estimate)",SL.IND.EMPL.MA.ZS,25.14693
"Egypt, Arab Rep.",EGY,1993,"Employment in industry, male (% of male employment) (modeled ILO estimate)",SL.IND.EMPL.MA.ZS,25.27211
"Egypt, Arab Rep.",EGY,1992,"Employment in industry, male (% of male employment) (modeled ILO estimate)",SL.IND.EMPL.MA.ZS,25.32489
"Egypt, Arab Rep.",EGY,1991,"Employment in industry, male (% of male employment) (modeled ILO estimate)",SL.IND.EMPL.MA.ZS,28.95856
"Egypt, Arab Rep.",EGY,2009,"Child employment in manufacturing, female (% of female economically active children ages 7-14)",SL.MNF.0714.FE.ZS,4.51
"Egypt, Arab Rep.",EGY,2009,"Child employment in manufacturing, male (% of male economically active children ages 7-14)",SL.MNF.0714.MA.ZS,10.48
"Egypt, Arab Rep.",EGY,2009,"Child employment in services, female (% of female economically active children ages 7-14)",SL.SRV.0714.FE.ZS,28.18
"Egypt, Arab Rep.",EGY,2009,"Child employment in services, male (% of male economically active children ages 7-14)",SL.SRV.0714.MA.ZS,30.77
"Egypt, Arab Rep.",EGY,2021,"Employment in services, female (% of female employment) (modeled ILO estimate)",SL.SRV.EMPL.FE.ZS,66.68901
"Egypt, Arab Rep.",EGY,2020,"Employment in services, female (% of female employment) (modeled ILO estimate)",SL.SRV.EMPL.FE.ZS,66.3682
"Egypt, Arab Rep.",EGY,2019,"Employment in services, female (% of female employment) (modeled ILO estimate)",SL.SRV.EMPL.FE.ZS,63.86028
"Egypt, Arab Rep.",EGY,2018,"Employment in services, female (% of female employment) (modeled ILO estimate)",SL.SRV.EMPL.FE.ZS,64.9257
"Egypt, Arab Rep.",EGY,2017,"Employment in services, female (% of female employment) (modeled ILO estimate)",SL.SRV.EMPL.FE.ZS,56.18834
"Egypt, Arab Rep.",EGY,2016,"Employment in services, female (% of female employment) (modeled ILO estimate)",SL.SRV.EMPL.FE.ZS,55.37785
"Egypt, Arab Rep.",EGY,2015,"Employment in services, female (% of female employment) (modeled ILO estimate)",SL.SRV.EMPL.FE.ZS,54.18154
"Egypt, Arab Rep.",EGY,2014,"Employment in services, female (% of female employment) (modeled ILO estimate)",SL.SRV.EMPL.FE.ZS,51.78927
"Egypt, Arab Rep.",EGY,2013,"Employment in services, female (% of female employment) (modeled ILO estimate)",SL.SRV.EMPL.FE.ZS,52.0941
"Egypt, Arab Rep.",EGY,2012,"Employment in services, female (% of female employment) (modeled ILO estimate)",SL.SRV.EMPL.FE.ZS,56.89601
"Egypt, Arab Rep.",EGY,2011,"Employment in services, female (% of female employment) (modeled ILO estimate)",SL.SRV.EMPL.FE.ZS,51.54216
"Egypt, Arab Rep.",EGY,2010,"Employment in services, female (% of female employment) (modeled ILO estimate)",SL.SRV.EMPL.FE.ZS,51.21766
"Egypt, Arab Rep.",EGY,2009,"Employment in services, female (% of female employment) (modeled ILO estimate)",SL.SRV.EMPL.FE.ZS,48.83678
"Egypt, Arab Rep.",EGY,2008,"Employment in services, female (% of female employment) (modeled ILO estimate)",SL.SRV.EMPL.FE.ZS,48.83712
"Egypt, Arab Rep.",EGY,2007,"Employment in services, female (% of female employment) (modeled ILO estimate)",SL.SRV.EMPL.FE.ZS,47.30463
"Egypt, Arab Rep.",EGY,2006,"Employment in services, female (% of female employment) (modeled ILO estimate)",SL.SRV.EMPL.FE.ZS,50.66576
"Egypt, Arab Rep.",EGY,2005,"Employment in services, female (% of female employment) (modeled ILO estimate)",SL.SRV.EMPL.FE.ZS,48.44862
"Egypt, Arab Rep.",EGY,2004,"Employment in services, female (% of female employment) (modeled ILO estimate)",SL.SRV.EMPL.FE.ZS,47.48608
"Egypt, Arab Rep.",EGY,2003,"Employment in services, female (% of female employment) (modeled ILO estimate)",SL.SRV.EMPL.FE.ZS,54.77671
"Egypt, Arab Rep.",EGY,2002,"Employment in services, female (% of female employment) (modeled ILO estimate)",SL.SRV.EMPL.FE.ZS,64.15341
"Egypt, Arab Rep.",EGY,2001,"Employment in services, female (% of female employment) (modeled ILO estimate)",SL.SRV.EMPL.FE.ZS,59.75698
"Egypt, Arab Rep.",EGY,2000,"Employment in services, female (% of female employment) (modeled ILO estimate)",SL.SRV.EMPL.FE.ZS,53.7255
"Egypt, Arab Rep.",EGY,1999,"Employment in services, female (% of female employment) (modeled ILO estimate)",SL.SRV.EMPL.FE.ZS,58.96565
"Egypt, Arab Rep.",EGY,1998,"Employment in services, female (% of female employment) (modeled ILO estimate)",SL.SRV.EMPL.FE.ZS,56.48473
"Egypt, Arab Rep.",EGY,1997,"Employment in services, female (% of female employment) (modeled ILO estimate)",SL.SRV.EMPL.FE.ZS,51.65975
"Egypt, Arab Rep.",EGY,1996,"Employment in services, female (% of female employment) (modeled ILO estimate)",SL.SRV.EMPL.FE.ZS,54.19973
"Egypt, Arab Rep.",EGY,1995,"Employment in services, female (% of female employment) (modeled ILO estimate)",SL.SRV.EMPL.FE.ZS,48.90008
"Egypt, Arab Rep.",EGY,1994,"Employment in services, female (% of female employment) (modeled ILO estimate)",SL.SRV.EMPL.FE.ZS,45.60863
"Egypt, Arab Rep.",EGY,1993,"Employment in services, female (% of female employment) (modeled ILO estimate)",SL.SRV.EMPL.FE.ZS,45.63227
"Egypt, Arab Rep.",EGY,1992,"Employment in services, female (% of female employment) (modeled ILO estimate)",SL.SRV.EMPL.FE.ZS,38.24398
"Egypt, Arab Rep.",EGY,1991,"Employment in services, female (% of female employment) (modeled ILO estimate)",SL.SRV.EMPL.FE.ZS,38.55679
"Egypt, Arab Rep.",EGY,2021,"Employment in services, male (% of male employment) (modeled ILO estimate)",SL.SRV.EMPL.MA.ZS,48.1162
"Egypt, Arab Rep.",EGY,2020,"Employment in services, male (% of male employment) (modeled ILO estimate)",SL.SRV.EMPL.MA.ZS,48.3236
"Egypt, Arab Rep.",EGY,2019,"Employment in services, male (% of male employment) (modeled ILO estimate)",SL.SRV.EMPL.MA.ZS,47.66527
"Egypt, Arab Rep.",EGY,2018,"Employment in services, male (% of male employment) (modeled ILO estimate)",SL.SRV.EMPL.MA.ZS,48.43637
"Egypt, Arab Rep.",EGY,2017,"Employment in services, male (% of male employment) (modeled ILO estimate)",SL.SRV.EMPL.MA.ZS,46.27033
"Egypt, Arab Rep.",EGY,2016,"Employment in services, male (% of male employment) (modeled ILO estimate)",SL.SRV.EMPL.MA.ZS,47.16566
"Egypt, Arab Rep.",EGY,2015,"Employment in services, male (% of male employment) (modeled ILO estimate)",SL.SRV.EMPL.MA.ZS,47.76387
"Egypt, Arab Rep.",EGY,2014,"Employment in services, male (% of male employment) (modeled ILO estimate)",SL.SRV.EMPL.MA.ZS,47.05642
"Egypt, Arab Rep.",EGY,2013,"Employment in services, male (% of male employment) (modeled ILO estimate)",SL.SRV.EMPL.MA.ZS,46.85204
"Egypt, Arab Rep.",EGY,2012,"Employment in services, male (% of male employment) (modeled ILO estimate)",SL.SRV.EMPL.MA.ZS,45.85907
"Egypt, Arab Rep.",EGY,2011,"Employment in services, male (% of male employment) (modeled ILO estimate)",SL.SRV.EMPL.MA.ZS,46.08799
"Egypt, Arab Rep.",EGY,2010,"Employment in services, male (% of male employment) (modeled ILO estimate)",SL.SRV.EMPL.MA.ZS,45.12637
"Egypt, Arab Rep.",EGY,2009,"Employment in services, male (% of male employment) (modeled ILO estimate)",SL.SRV.EMPL.MA.ZS,45.63536
"Egypt, Arab Rep.",EGY,2008,"Employment in services, male (% of male employment) (modeled ILO estimate)",SL.SRV.EMPL.MA.ZS,44.52598
"Egypt, Arab Rep.",EGY,2007,"Employment in services, male (% of male employment) (modeled ILO estimate)",SL.SRV.EMPL.MA.ZS,45.73896
"Egypt, Arab Rep.",EGY,2006,"Employment in services, male (% of male employment) (modeled ILO estimate)",SL.SRV.EMPL.MA.ZS,45.7226
"Egypt, Arab Rep.",EGY,2005,"Employment in services, male (% of male employment) (modeled ILO estimate)",SL.SRV.EMPL.MA.ZS,47.34094
"Egypt, Arab Rep.",EGY,2004,"Employment in services, male (% of male employment) (modeled ILO estimate)",SL.SRV.EMPL.MA.ZS,48.36492
"Egypt, Arab Rep.",EGY,2003,"Employment in services, male (% of male employment) (modeled ILO estimate)",SL.SRV.EMPL.MA.ZS,49.38907
"Egypt, Arab Rep.",EGY,2002,"Employment in services, male (% of male employment) (modeled ILO estimate)",SL.SRV.EMPL.MA.ZS,49.27417
"Egypt, Arab Rep.",EGY,2001,"Employment in services, male (% of male employment) (modeled ILO estimate)",SL.SRV.EMPL.MA.ZS,47.87295
"Egypt, Arab Rep.",EGY,2000,"Employment in services, male (% of male employment) (modeled ILO estimate)",SL.SRV.EMPL.MA.ZS,47.99803
"Egypt, Arab Rep.",EGY,1999,"Employment in services, male (% of male employment) (modeled ILO estimate)",SL.SRV.EMPL.MA.ZS,46.31795
"Egypt, Arab Rep.",EGY,1998,"Employment in services, male (% of male employment) (modeled ILO estimate)",SL.SRV.EMPL.MA.ZS,45.96882
"Egypt, Arab Rep.",EGY,1997,"Employment in services, male (% of male employment) (modeled ILO estimate)",SL.SRV.EMPL.MA.ZS,45.04251
"Egypt, Arab Rep.",EGY,1996,"Employment in services, male (% of male employment) (modeled ILO estimate)",SL.SRV.EMPL.MA.ZS,42.80078
"Egypt, Arab Rep.",EGY,1995,"Employment in services, male (% of male employment) (modeled ILO estimate)",SL.SRV.EMPL.MA.ZS,42.95257
"Egypt, Arab Rep.",EGY,1994,"Employment in services, male (% of male employment) (modeled ILO estimate)",SL.SRV.EMPL.MA.ZS,42.73506
"Egypt, Arab Rep.",EGY,1993,"Employment in services, male (% of male employment) (modeled ILO estimate)",SL.SRV.EMPL.MA.ZS,42.35489
"Egypt, Arab Rep.",EGY,1992,"Employment in services, male (% of male employment) (modeled ILO estimate)",SL.SRV.EMPL.MA.ZS,40.59395
"Egypt, Arab Rep.",EGY,1991,"Employment in services, male (% of male employment) (modeled ILO estimate)",SL.SRV.EMPL.MA.ZS,37.15948
"Egypt, Arab Rep.",EGY,2009,"Children in employment, female (% of female children ages 7-14)",SL.TLF.0714.FE.ZS,0.9
"Egypt, Arab Rep.",EGY,2005,"Children in employment, female (% of female children ages 7-14)",SL.TLF.0714.FE.ZS,4.3
"Egypt, Arab Rep.",EGY,2009,"Children in employment, male (% of male children ages 7-14)",SL.TLF.0714.MA.ZS,4.8
"Egypt, Arab Rep.",EGY,2005,"Children in employment, male (% of male children ages 7-14)",SL.TLF.0714.MA.ZS,11.5
"Egypt, Arab Rep.",EGY,2009,"Children in employment, study and work, female (% of female children in employment, ages 7-14)",SL.TLF.0714.SW.FE.ZS,28.8
"Egypt, Arab Rep.",EGY,2009,"Children in employment, study and work, male (% of male children in employment, ages 7-14)",SL.TLF.0714.SW.MA.ZS,48.0
"Egypt, Arab Rep.",EGY,2009,"Children in employment, work only, female (% of female children in employment, ages 7-14)",SL.TLF.0714.WK.FE.ZS,71.2
"Egypt, Arab Rep.",EGY,2009,"Children in employment, work only, male (% of male children in employment, ages 7-14)",SL.TLF.0714.WK.MA.ZS,52.0
"Egypt, Arab Rep.",EGY,2022,"Labor force participation rate, female (% of female population ages 15+) (modeled ILO estimate)",SL.TLF.CACT.FE.ZS,15.123
"Egypt, Arab Rep.",EGY,2021,"Labor force participation rate, female (% of female population ages 15+) (modeled ILO estimate)",SL.TLF.CACT.FE.ZS,14.636
"Egypt, Arab Rep.",EGY,2020,"Labor force participation rate, female (% of female population ages 15+) (modeled ILO estimate)",SL.TLF.CACT.FE.ZS,14.484
"Egypt, Arab Rep.",EGY,2019,"Labor force participation rate, female (% of female population ages 15+) (modeled ILO estimate)",SL.TLF.CACT.FE.ZS,15.831
"Egypt, Arab Rep.",EGY,2018,"Labor force participation rate, female (% of female population ages 15+) (modeled ILO estimate)",SL.TLF.CACT.FE.ZS,18.383
"Egypt, Arab Rep.",EGY,2017,"Labor force participation rate, female (% of female population ages 15+) (modeled ILO estimate)",SL.TLF.CACT.FE.ZS,22.145
"Egypt, Arab Rep.",EGY,2016,"Labor force participation rate, female (% of female population ages 15+) (modeled ILO estimate)",SL.TLF.CACT.FE.ZS,23.024
"Egypt, Arab Rep.",EGY,2015,"Labor force participation rate, female (% of female population ages 15+) (modeled ILO estimate)",SL.TLF.CACT.FE.ZS,22.779
"Egypt, Arab Rep.",EGY,2014,"Labor force participation rate, female (% of female population ages 15+) (modeled ILO estimate)",SL.TLF.CACT.FE.ZS,23.131
"Egypt, Arab Rep.",EGY,2013,"Labor force participation rate, female (% of female population ages 15+) (modeled ILO estimate)",SL.TLF.CACT.FE.ZS,22.982
"Egypt, Arab Rep.",EGY,2012,"Labor force participation rate, female (% of female population ages 15+) (modeled ILO estimate)",SL.TLF.CACT.FE.ZS,22.473
"Egypt, Arab Rep.",EGY,2011,"Labor force participation rate, female (% of female population ages 15+) (modeled ILO estimate)",SL.TLF.CACT.FE.ZS,22.503
"Egypt, Arab Rep.",EGY,2010,"Labor force participation rate, female (% of female population ages 15+) (modeled ILO estimate)",SL.TLF.CACT.FE.ZS,23.17
"Egypt, Arab Rep.",EGY,2009,"Labor force participation rate, female (% of female population ages 15+) (modeled ILO estimate)",SL.TLF.CACT.FE.ZS,22.902
"Egypt, Arab Rep.",EGY,2008,"Labor force participation rate, female (% of female population ages 15+) (modeled ILO estimate)",SL.TLF.CACT.FE.ZS,21.884
"Egypt, Arab Rep.",EGY,2007,"Labor force participation rate, female (% of female population ages 15+) (modeled ILO estimate)",SL.TLF.CACT.FE.ZS,23.328
"Egypt, Arab Rep.",EGY,2006,"Labor force participation rate, female (% of female population ages 15+) (modeled ILO estimate)",SL.TLF.CACT.FE.ZS,21.269
"Egypt, Arab Rep.",EGY,2005,"Labor force participation rate, female (% of female population ages 15+) (modeled ILO estimate)",SL.TLF.CACT.FE.ZS,20.471
"Egypt, Arab Rep.",EGY,2004,"Labor force participation rate, female (% of female population ages 15+) (modeled ILO estimate)",SL.TLF.CACT.FE.ZS,19.698
"Egypt, Arab Rep.",EGY,2003,"Labor force participation rate, female (% of female population ages 15+) (modeled ILO estimate)",SL.TLF.CACT.FE.ZS,18.948
"Egypt, Arab Rep.",EGY,2002,"Labor force participation rate, female (% of female population ages 15+) (modeled ILO estimate)",SL.TLF.CACT.FE.ZS,18.221
"Egypt, Arab Rep.",EGY,2001,"Labor force participation rate, female (% of female population ages 15+) (modeled ILO estimate)",SL.TLF.CACT.FE.ZS,20.375
"Egypt, Arab Rep.",EGY,2000,"Labor force participation rate, female (% of female population ages 15+) (modeled ILO estimate)",SL.TLF.CACT.FE.ZS,20.449
"Egypt, Arab Rep.",EGY,1999,"Labor force participation rate, female (% of female population ages 15+) (modeled ILO estimate)",SL.TLF.CACT.FE.ZS,20.559
"Egypt, Arab Rep.",EGY,1998,"Labor force participation rate, female (% of female population ages 15+) (modeled ILO estimate)",SL.TLF.CACT.FE.ZS,19.742
"Egypt, Arab Rep.",EGY,1997,"Labor force participation rate, female (% of female population ages 15+) (modeled ILO estimate)",SL.TLF.CACT.FE.ZS,20.42
"Egypt, Arab Rep.",EGY,1996,"Labor force participation rate, female (% of female population ages 15+) (modeled ILO estimate)",SL.TLF.CACT.FE.ZS,21.113
"Egypt, Arab Rep.",EGY,1995,"Labor force participation rate, female (% of female population ages 15+) (modeled ILO estimate)",SL.TLF.CACT.FE.ZS,21.82
"Egypt, Arab Rep.",EGY,1994,"Labor force participation rate, female (% of female population ages 15+) (modeled ILO estimate)",SL.TLF.CACT.FE.ZS,23.189
"Egypt, Arab Rep.",EGY,1993,"Labor force participation rate, female (% of female population ages 15+) (modeled ILO estimate)",SL.TLF.CACT.FE.ZS,22.368
"Egypt, Arab Rep.",EGY,1992,"Labor force participation rate, female (% of female population ages 15+) (modeled ILO estimate)",SL.TLF.CACT.FE.ZS,23.051
"Egypt, Arab Rep.",EGY,1991,"Labor force participation rate, female (% of female population ages 15+) (modeled ILO estimate)",SL.TLF.CACT.FE.ZS,22.236
"Egypt, Arab Rep.",EGY,1990,"Labor force participation rate, female (% of female population ages 15+) (modeled ILO estimate)",SL.TLF.CACT.FE.ZS,22.229
"Egypt, Arab Rep.",EGY,2022,"Labor force participation rate, male (% of male population ages 15+) (modeled ILO estimate)",SL.TLF.CACT.MA.ZS,68.253
"Egypt, Arab Rep.",EGY,2021,"Labor force participation rate, male (% of male population ages 15+) (modeled ILO estimate)",SL.TLF.CACT.MA.ZS,67.713
"Egypt, Arab Rep.",EGY,2020,"Labor force participation rate, male (% of male population ages 15+) (modeled ILO estimate)",SL.TLF.CACT.MA.ZS,68.297
"Egypt, Arab Rep.",EGY,2019,"Labor force participation rate, male (% of male population ages 15+) (modeled ILO estimate)",SL.TLF.CACT.MA.ZS,68.264
"Egypt, Arab Rep.",EGY,2018,"Labor force participation rate, male (% of male population ages 15+) (modeled ILO estimate)",SL.TLF.CACT.MA.ZS,67.91
"Egypt, Arab Rep.",EGY,2017,"Labor force participation rate, male (% of male population ages 15+) (modeled ILO estimate)",SL.TLF.CACT.MA.ZS,67.456
"Egypt, Arab Rep.",EGY,2016,"Labor force participation rate, male (% of male population ages 15+) (modeled ILO estimate)",SL.TLF.CACT.MA.ZS,69.916
"Egypt, Arab Rep.",EGY,2015,"Labor force participation rate, male (% of male population ages 15+) (modeled ILO estimate)",SL.TLF.CACT.MA.ZS,70.848
"Egypt, Arab Rep.",EGY,2014,"Labor force participation rate, male (% of male population ages 15+) (modeled ILO estimate)",SL.TLF.CACT.MA.ZS,72.762
"Egypt, Arab Rep.",EGY,2013,"Labor force participation rate, male (% of male population ages 15+) (modeled ILO estimate)",SL.TLF.CACT.MA.ZS,73.538
"Egypt, Arab Rep.",EGY,2012,"Labor force participation rate, male (% of male population ages 15+) (modeled ILO estimate)",SL.TLF.CACT.MA.ZS,74.135
"Egypt, Arab Rep.",EGY,2011,"Labor force participation rate, male (% of male population ages 15+) (modeled ILO estimate)",SL.TLF.CACT.MA.ZS,74.721
"Egypt, Arab Rep.",EGY,2010,"Labor force participation rate, male (% of male population ages 15+) (modeled ILO estimate)",SL.TLF.CACT.MA.ZS,75.237
"Egypt, Arab Rep.",EGY,2009,"Labor force participation rate, male (% of male population ages 15+) (modeled ILO estimate)",SL.TLF.CACT.MA.ZS,72.579
"Egypt, Arab Rep.",EGY,2008,"Labor force participation rate, male (% of male population ages 15+) (modeled ILO estimate)",SL.TLF.CACT.MA.ZS,72.886
"Egypt, Arab Rep.",EGY,2007,"Labor force participation rate, male (% of male population ages 15+) (modeled ILO estimate)",SL.TLF.CACT.MA.ZS,72.219
"Egypt, Arab Rep.",EGY,2006,"Labor force participation rate, male (% of male population ages 15+) (modeled ILO estimate)",SL.TLF.CACT.MA.ZS,72.351
"Egypt, Arab Rep.",EGY,2005,"Labor force participation rate, male (% of male population ages 15+) (modeled ILO estimate)",SL.TLF.CACT.MA.ZS,71.26
"Egypt, Arab Rep.",EGY,2004,"Labor force participation rate, male (% of male population ages 15+) (modeled ILO estimate)",SL.TLF.CACT.MA.ZS,70.164
"Egypt, Arab Rep.",EGY,2003,"Labor force participation rate, male (% of male population ages 15+) (modeled ILO estimate)",SL.TLF.CACT.MA.ZS,69.062
"Egypt, Arab Rep.",EGY,2002,"Labor force participation rate, male (% of male population ages 15+) (modeled ILO estimate)",SL.TLF.CACT.MA.ZS,67.955
"Egypt, Arab Rep.",EGY,2001,"Labor force participation rate, male (% of male population ages 15+) (modeled ILO estimate)",SL.TLF.CACT.MA.ZS,69.322
"Egypt, Arab Rep.",EGY,2000,"Labor force participation rate, male (% of male population ages 15+) (modeled ILO estimate)",SL.TLF.CACT.MA.ZS,71.855
"Egypt, Arab Rep.",EGY,1999,"Labor force participation rate, male (% of male population ages 15+) (modeled ILO estimate)",SL.TLF.CACT.MA.ZS,74.374
"Egypt, Arab Rep.",EGY,1998,"Labor force participation rate, male (% of male population ages 15+) (modeled ILO estimate)",SL.TLF.CACT.MA.ZS,72.204
"Egypt, Arab Rep.",EGY,1997,"Labor force participation rate, male (% of male population ages 15+) (modeled ILO estimate)",SL.TLF.CACT.MA.ZS,72.858
"Egypt, Arab Rep.",EGY,1996,"Labor force participation rate, male (% of male population ages 15+) (modeled ILO estimate)",SL.TLF.CACT.MA.ZS,73.497
"Egypt, Arab Rep.",EGY,1995,"Labor force participation rate, male (% of male population ages 15+) (modeled ILO estimate)",SL.TLF.CACT.MA.ZS,74.118
"Egypt, Arab Rep.",EGY,1994,"Labor force participation rate, male (% of male population ages 15+) (modeled ILO estimate)",SL.TLF.CACT.MA.ZS,74.713
"Egypt, Arab Rep.",EGY,1993,"Labor force participation rate, male (% of male population ages 15+) (modeled ILO estimate)",SL.TLF.CACT.MA.ZS,73.605
"Egypt, Arab Rep.",EGY,1992,"Labor force participation rate, male (% of male population ages 15+) (modeled ILO estimate)",SL.TLF.CACT.MA.ZS,71.559
"Egypt, Arab Rep.",EGY,1991,"Labor force participation rate, male (% of male population ages 15+) (modeled ILO estimate)",SL.TLF.CACT.MA.ZS,71.482
"Egypt, Arab Rep.",EGY,1990,"Labor force participation rate, male (% of male population ages 15+) (modeled ILO estimate)",SL.TLF.CACT.MA.ZS,71.409
"Egypt, Arab Rep.",EGY,2021,"Part time employment, female (% of total female employment)",SL.TLF.PART.FE.ZS,32.26
"Egypt, Arab Rep.",EGY,2020,"Part time employment, female (% of total female employment)",SL.TLF.PART.FE.ZS,34.73
"Egypt, Arab Rep.",EGY,2017,"Part time employment, female (% of total female employment)",SL.TLF.PART.FE.ZS,21.24
"Egypt, Arab Rep.",EGY,2015,"Part time employment, female (% of total female employment)",SL.TLF.PART.FE.ZS,9.82
"Egypt, Arab Rep.",EGY,2013,"Part time employment, female (% of total female employment)",SL.TLF.PART.FE.ZS,21.56
"Egypt, Arab Rep.",EGY,2012,"Part time employment, female (% of total female employment)",SL.TLF.PART.FE.ZS,24.1
"Egypt, Arab Rep.",EGY,2011,"Part time employment, female (% of total female employment)",SL.TLF.PART.FE.ZS,28.63
"Egypt, Arab Rep.",EGY,2010,"Part time employment, female (% of total female employment)",SL.TLF.PART.FE.ZS,28.65
"Egypt, Arab Rep.",EGY,2009,"Part time employment, female (% of total female employment)",SL.TLF.PART.FE.ZS,30.87
"Egypt, Arab Rep.",EGY,2008,"Part time employment, female (% of total female employment)",SL.TLF.PART.FE.ZS,32.15
"Egypt, Arab Rep.",EGY,2021,"Part time employment, male (% of total male employment)",SL.TLF.PART.MA.ZS,17.18
"Egypt, Arab Rep.",EGY,2020,"Part time employment, male (% of total male employment)",SL.TLF.PART.MA.ZS,24.41
"Egypt, Arab Rep.",EGY,2017,"Part time employment, male (% of total male employment)",SL.TLF.PART.MA.ZS,11.77
"Egypt, Arab Rep.",EGY,2015,"Part time employment, male (% of total male employment)",SL.TLF.PART.MA.ZS,5.76
"Egypt, Arab Rep.",EGY,2013,"Part time employment, male (% of total male employment)",SL.TLF.PART.MA.ZS,3.67
"Egypt, Arab Rep.",EGY,2012,"Part time employment, male (% of total male employment)",SL.TLF.PART.MA.ZS,4.0
"Egypt, Arab Rep.",EGY,2011,"Part time employment, male (% of total male employment)",SL.TLF.PART.MA.ZS,4.5
"Egypt, Arab Rep.",EGY,2010,"Part time employment, male (% of total male employment)",SL.TLF.PART.MA.ZS,4.0
"Egypt, Arab Rep.",EGY,2009,"Part time employment, male (% of total male employment)",SL.TLF.PART.MA.ZS,3.62
"Egypt, Arab Rep.",EGY,2008,"Part time employment, male (% of total male employment)",SL.TLF.PART.MA.ZS,4.86
"Egypt, Arab Rep.",EGY,2022,"Labor force, female (% of total labor force)",SL.TLF.TOTL.FE.ZS,17.986954
"Egypt, Arab Rep.",EGY,2021,"Labor force, female (% of total labor force)",SL.TLF.TOTL.FE.ZS,17.616829
"Egypt, Arab Rep.",EGY,2020,"Labor force, female (% of total labor force)",SL.TLF.TOTL.FE.ZS,17.336737
"Egypt, Arab Rep.",EGY,2019,"Labor force, female (% of total labor force)",SL.TLF.TOTL.FE.ZS,18.64824
"Egypt, Arab Rep.",EGY,2018,"Labor force, female (% of total labor force)",SL.TLF.TOTL.FE.ZS,21.095697
"Egypt, Arab Rep.",EGY,2017,"Labor force, female (% of total labor force)",SL.TLF.TOTL.FE.ZS,24.470343
"Egypt, Arab Rep.",EGY,2016,"Labor force, female (% of total labor force)",SL.TLF.TOTL.FE.ZS,24.519281
"Egypt, Arab Rep.",EGY,2015,"Labor force, female (% of total labor force)",SL.TLF.TOTL.FE.ZS,24.075384
"Egypt, Arab Rep.",EGY,2014,"Labor force, female (% of total labor force)",SL.TLF.TOTL.FE.ZS,23.866379
"Egypt, Arab Rep.",EGY,2013,"Labor force, female (% of total labor force)",SL.TLF.TOTL.FE.ZS,23.55318
"Egypt, Arab Rep.",EGY,2012,"Labor force, female (% of total labor force)",SL.TLF.TOTL.FE.ZS,23.006111
"Egypt, Arab Rep.",EGY,2011,"Labor force, female (% of total labor force)",SL.TLF.TOTL.FE.ZS,22.904037
"Egypt, Arab Rep.",EGY,2010,"Labor force, female (% of total labor force)",SL.TLF.TOTL.FE.ZS,23.315737
"Egypt, Arab Rep.",EGY,2009,"Labor force, female (% of total labor force)",SL.TLF.TOTL.FE.ZS,23.7525
"Egypt, Arab Rep.",EGY,2008,"Labor force, female (% of total labor force)",SL.TLF.TOTL.FE.ZS,22.862823
"Egypt, Arab Rep.",EGY,2007,"Labor force, female (% of total labor force)",SL.TLF.TOTL.FE.ZS,24.17973
"Egypt, Arab Rep.",EGY,2006,"Labor force, female (% of total labor force)",SL.TLF.TOTL.FE.ZS,22.49916
"Egypt, Arab Rep.",EGY,2005,"Labor force, female (% of total labor force)",SL.TLF.TOTL.FE.ZS,22.106426
"Egypt, Arab Rep.",EGY,2004,"Labor force, female (% of total labor force)",SL.TLF.TOTL.FE.ZS,21.728073
"Egypt, Arab Rep.",EGY,2003,"Labor force, female (% of total labor force)",SL.TLF.TOTL.FE.ZS,21.362392
"Egypt, Arab Rep.",EGY,2002,"Labor force, female (% of total labor force)",SL.TLF.TOTL.FE.ZS,21.007406
"Egypt, Arab Rep.",EGY,2001,"Labor force, female (% of total labor force)",SL.TLF.TOTL.FE.ZS,22.598736
"Egypt, Arab Rep.",EGY,2000,"Labor force, female (% of total labor force)",SL.TLF.TOTL.FE.ZS,22.059677
"Egypt, Arab Rep.",EGY,1999,"Labor force, female (% of total labor force)",SL.TLF.TOTL.FE.ZS,21.588768
"Egypt, Arab Rep.",EGY,1998,"Labor force, female (% of total labor force)",SL.TLF.TOTL.FE.ZS,21.436693
"Egypt, Arab Rep.",EGY,1997,"Labor force, female (% of total labor force)",SL.TLF.TOTL.FE.ZS,21.891434
"Egypt, Arab Rep.",EGY,1996,"Labor force, female (% of total labor force)",SL.TLF.TOTL.FE.ZS,22.350246
"Egypt, Arab Rep.",EGY,1995,"Labor force, female (% of total labor force)",SL.TLF.TOTL.FE.ZS,22.809732
"Egypt, Arab Rep.",EGY,1994,"Labor force, female (% of total labor force)",SL.TLF.TOTL.FE.ZS,23.785944
"Egypt, Arab Rep.",EGY,1993,"Labor force, female (% of total labor force)",SL.TLF.TOTL.FE.ZS,23.441576
"Egypt, Arab Rep.",EGY,1992,"Labor force, female (% of total labor force)",SL.TLF.TOTL.FE.ZS,24.539696
"Egypt, Arab Rep.",EGY,1991,"Labor force, female (% of total labor force)",SL.TLF.TOTL.FE.ZS,23.931536
"Egypt, Arab Rep.",EGY,1990,"Labor force, female (% of total labor force)",SL.TLF.TOTL.FE.ZS,23.98454
"Egypt, Arab Rep.",EGY,2022,"Unemployment, youth female (% of female labor force ages 15-24) (modeled ILO estimate)",SL.UEM.1524.FE.ZS,39.032
"Egypt, Arab Rep.",EGY,2021,"Unemployment, youth female (% of female labor force ages 15-24) (modeled ILO estimate)",SL.UEM.1524.FE.ZS,38.83
"Egypt, Arab Rep.",EGY,2020,"Unemployment, youth female (% of female labor force ages 15-24) (modeled ILO estimate)",SL.UEM.1524.FE.ZS,46.079
"Egypt, Arab Rep.",EGY,2019,"Unemployment, youth female (% of female labor force ages 15-24) (modeled ILO estimate)",SL.UEM.1524.FE.ZS,51.98
"Egypt, Arab Rep.",EGY,2018,"Unemployment, youth female (% of female labor force ages 15-24) (modeled ILO estimate)",SL.UEM.1524.FE.ZS,52.921
"Egypt, Arab Rep.",EGY,2017,"Unemployment, youth female (% of female labor force ages 15-24) (modeled ILO estimate)",SL.UEM.1524.FE.ZS,40.031
"Egypt, Arab Rep.",EGY,2016,"Unemployment, youth female (% of female labor force ages 15-24) (modeled ILO estimate)",SL.UEM.1524.FE.ZS,40.563
"Egypt, Arab Rep.",EGY,2015,"Unemployment, youth female (% of female labor force ages 15-24) (modeled ILO estimate)",SL.UEM.1524.FE.ZS,39.879
"Egypt, Arab Rep.",EGY,2014,"Unemployment, youth female (% of female labor force ages 15-24) (modeled ILO estimate)",SL.UEM.1524.FE.ZS,45.243
"Egypt, Arab Rep.",EGY,2013,"Unemployment, youth female (% of female labor force ages 15-24) (modeled ILO estimate)",SL.UEM.1524.FE.ZS,49.006
"Egypt, Arab Rep.",EGY,2012,"Unemployment, youth female (% of female labor force ages 15-24) (modeled ILO estimate)",SL.UEM.1524.FE.ZS,53.681
"Egypt, Arab Rep.",EGY,2011,"Unemployment, youth female (% of female labor force ages 15-24) (modeled ILO estimate)",SL.UEM.1524.FE.ZS,50.365
"Egypt, Arab Rep.",EGY,2010,"Unemployment, youth female (% of female labor force ages 15-24) (modeled ILO estimate)",SL.UEM.1524.FE.ZS,52.154
"Egypt, Arab Rep.",EGY,2009,"Unemployment, youth female (% of female labor force ages 15-24) (modeled ILO estimate)",SL.UEM.1524.FE.ZS,50.125
"Egypt, Arab Rep.",EGY,2008,"Unemployment, youth female (% of female labor force ages 15-24) (modeled ILO estimate)",SL.UEM.1524.FE.ZS,48.734
"Egypt, Arab Rep.",EGY,2007,"Unemployment, youth female (% of female labor force ages 15-24) (modeled ILO estimate)",SL.UEM.1524.FE.ZS,44.354
"Egypt, Arab Rep.",EGY,2006,"Unemployment, youth female (% of female labor force ages 15-24) (modeled ILO estimate)",SL.UEM.1524.FE.ZS,52.127
"Egypt, Arab Rep.",EGY,2005,"Unemployment, youth female (% of female labor force ages 15-24) (modeled ILO estimate)",SL.UEM.1524.FE.ZS,49.222
"Egypt, Arab Rep.",EGY,2004,"Unemployment, youth female (% of female labor force ages 15-24) (modeled ILO estimate)",SL.UEM.1524.FE.ZS,48.361
"Egypt, Arab Rep.",EGY,2003,"Unemployment, youth female (% of female labor force ages 15-24) (modeled ILO estimate)",SL.UEM.1524.FE.ZS,39.162
"Egypt, Arab Rep.",EGY,2002,"Unemployment, youth female (% of female labor force ages 15-24) (modeled ILO estimate)",SL.UEM.1524.FE.ZS,36.763
"Egypt, Arab Rep.",EGY,2001,"Unemployment, youth female (% of female labor force ages 15-24) (modeled ILO estimate)",SL.UEM.1524.FE.ZS,46.83
"Egypt, Arab Rep.",EGY,2000,"Unemployment, youth female (% of female labor force ages 15-24) (modeled ILO estimate)",SL.UEM.1524.FE.ZS,45.711
"Egypt, Arab Rep.",EGY,1999,"Unemployment, youth female (% of female labor force ages 15-24) (modeled ILO estimate)",SL.UEM.1524.FE.ZS,35.59
"Egypt, Arab Rep.",EGY,1998,"Unemployment, youth female (% of female labor force ages 15-24) (modeled ILO estimate)",SL.UEM.1524.FE.ZS,41.524
"Egypt, Arab Rep.",EGY,1997,"Unemployment, youth female (% of female labor force ages 15-24) (modeled ILO estimate)",SL.UEM.1524.FE.ZS,41.754
"Egypt, Arab Rep.",EGY,1996,"Unemployment, youth female (% of female labor force ages 15-24) (modeled ILO estimate)",SL.UEM.1524.FE.ZS,38.969
"Egypt, Arab Rep.",EGY,1995,"Unemployment, youth female (% of female labor force ages 15-24) (modeled ILO estimate)",SL.UEM.1524.FE.ZS,49.637
"Egypt, Arab Rep.",EGY,1994,"Unemployment, youth female (% of female labor force ages 15-24) (modeled ILO estimate)",SL.UEM.1524.FE.ZS,47.752
"Egypt, Arab Rep.",EGY,1993,"Unemployment, youth female (% of female labor force ages 15-24) (modeled ILO estimate)",SL.UEM.1524.FE.ZS,46.38
"Egypt, Arab Rep.",EGY,1992,"Unemployment, youth female (% of female labor force ages 15-24) (modeled ILO estimate)",SL.UEM.1524.FE.ZS,34.958
"Egypt, Arab Rep.",EGY,1991,"Unemployment, youth female (% of female labor force ages 15-24) (modeled ILO estimate)",SL.UEM.1524.FE.ZS,41.656
"Egypt, Arab Rep.",EGY,2022,"Unemployment, youth male (% of male labor force ages 15-24) (modeled ILO estimate)",SL.UEM.1524.MA.ZS,12.363
"Egypt, Arab Rep.",EGY,2021,"Unemployment, youth male (% of male labor force ages 15-24) (modeled ILO estimate)",SL.UEM.1524.MA.ZS,13.323
"Egypt, Arab Rep.",EGY,2020,"Unemployment, youth male (% of male labor force ages 15-24) (modeled ILO estimate)",SL.UEM.1524.MA.ZS,13.086
"Egypt, Arab Rep.",EGY,2019,"Unemployment, youth male (% of male labor force ages 15-24) (modeled ILO estimate)",SL.UEM.1524.MA.ZS,12.935
"Egypt, Arab Rep.",EGY,2018,"Unemployment, youth male (% of male labor force ages 15-24) (modeled ILO estimate)",SL.UEM.1524.MA.ZS,17.936
"Egypt, Arab Rep.",EGY,2017,"Unemployment, youth male (% of male labor force ages 15-24) (modeled ILO estimate)",SL.UEM.1524.MA.ZS,29.086
"Egypt, Arab Rep.",EGY,2016,"Unemployment, youth male (% of male labor force ages 15-24) (modeled ILO estimate)",SL.UEM.1524.MA.ZS,30.381
"Egypt, Arab Rep.",EGY,2015,"Unemployment, youth male (% of male labor force ages 15-24) (modeled ILO estimate)",SL.UEM.1524.MA.ZS,31.46
"Egypt, Arab Rep.",EGY,2014,"Unemployment, youth male (% of male labor force ages 15-24) (modeled ILO estimate)",SL.UEM.1524.MA.ZS,27.156
"Egypt, Arab Rep.",EGY,2013,"Unemployment, youth male (% of male labor force ages 15-24) (modeled ILO estimate)",SL.UEM.1524.MA.ZS,28.644
"Egypt, Arab Rep.",EGY,2012,"Unemployment, youth male (% of male labor force ages 15-24) (modeled ILO estimate)",SL.UEM.1524.MA.ZS,27.839
"Egypt, Arab Rep.",EGY,2011,"Unemployment, youth male (% of male labor force ages 15-24) (modeled ILO estimate)",SL.UEM.1524.MA.ZS,22.137
"Egypt, Arab Rep.",EGY,2010,"Unemployment, youth male (% of male labor force ages 15-24) (modeled ILO estimate)",SL.UEM.1524.MA.ZS,14.332
"Egypt, Arab Rep.",EGY,2009,"Unemployment, youth male (% of male labor force ages 15-24) (modeled ILO estimate)",SL.UEM.1524.MA.ZS,15.224
"Egypt, Arab Rep.",EGY,2008,"Unemployment, youth male (% of male labor force ages 15-24) (modeled ILO estimate)",SL.UEM.1524.MA.ZS,16.761
"Egypt, Arab Rep.",EGY,2007,"Unemployment, youth male (% of male labor force ages 15-24) (modeled ILO estimate)",SL.UEM.1524.MA.ZS,17.262
"Egypt, Arab Rep.",EGY,2006,"Unemployment, youth male (% of male labor force ages 15-24) (modeled ILO estimate)",SL.UEM.1524.MA.ZS,20.996
"Egypt, Arab Rep.",EGY,2005,"Unemployment, youth male (% of male labor force ages 15-24) (modeled ILO estimate)",SL.UEM.1524.MA.ZS,23.006
"Egypt, Arab Rep.",EGY,2004,"Unemployment, youth male (% of male labor force ages 15-24) (modeled ILO estimate)",SL.UEM.1524.MA.ZS,18.91
"Egypt, Arab Rep.",EGY,2003,"Unemployment, youth male (% of male labor force ages 15-24) (modeled ILO estimate)",SL.UEM.1524.MA.ZS,24.603
"Egypt, Arab Rep.",EGY,2002,"Unemployment, youth male (% of male labor force ages 15-24) (modeled ILO estimate)",SL.UEM.1524.MA.ZS,20.846
"Egypt, Arab Rep.",EGY,2001,"Unemployment, youth male (% of male labor force ages 15-24) (modeled ILO estimate)",SL.UEM.1524.MA.ZS,18.896
"Egypt, Arab Rep.",EGY,2000,"Unemployment, youth male (% of male labor force ages 15-24) (modeled ILO estimate)",SL.UEM.1524.MA.ZS,15.68
"Egypt, Arab Rep.",EGY,1999,"Unemployment, youth male (% of male labor force ages 15-24) (modeled ILO estimate)",SL.UEM.1524.MA.ZS,13.721
"Egypt, Arab Rep.",EGY,1998,"Unemployment, youth male (% of male labor force ages 15-24) (modeled ILO estimate)",SL.UEM.1524.MA.ZS,15.727
"Egypt, Arab Rep.",EGY,1997,"Unemployment, youth male (% of male labor force ages 15-24) (modeled ILO estimate)",SL.UEM.1524.MA.ZS,16.45
"Egypt, Arab Rep.",EGY,1996,"Unemployment, youth male (% of male labor force ages 15-24) (modeled ILO estimate)",SL.UEM.1524.MA.ZS,19.585
"Egypt, Arab Rep.",EGY,1995,"Unemployment, youth male (% of male labor force ages 15-24) (modeled ILO estimate)",SL.UEM.1524.MA.ZS,22.512
"Egypt, Arab Rep.",EGY,1994,"Unemployment, youth male (% of male labor force ages 15-24) (modeled ILO estimate)",SL.UEM.1524.MA.ZS,22.594
"Egypt, Arab Rep.",EGY,1993,"Unemployment, youth male (% of male labor force ages 15-24) (modeled ILO estimate)",SL.UEM.1524.MA.ZS,22.972
"Egypt, Arab Rep.",EGY,1992,"Unemployment, youth male (% of male labor force ages 15-24) (modeled ILO estimate)",SL.UEM.1524.MA.ZS,19.505
"Egypt, Arab Rep.",EGY,1991,"Unemployment, youth male (% of male labor force ages 15-24) (modeled ILO estimate)",SL.UEM.1524.MA.ZS,17.864
"Egypt, Arab Rep.",EGY,2022,"Unemployment, female (% of female labor force) (modeled ILO estimate)",SL.UEM.TOTL.FE.ZS,15.927
"Egypt, Arab Rep.",EGY,2021,"Unemployment, female (% of female labor force) (modeled ILO estimate)",SL.UEM.TOTL.FE.ZS,15.931
"Egypt, Arab Rep.",EGY,2020,"Unemployment, female (% of female labor force) (modeled ILO estimate)",SL.UEM.TOTL.FE.ZS,17.576
"Egypt, Arab Rep.",EGY,2019,"Unemployment, female (% of female labor force) (modeled ILO estimate)",SL.UEM.TOTL.FE.ZS,21.352
"Egypt, Arab Rep.",EGY,2018,"Unemployment, female (% of female labor force) (modeled ILO estimate)",SL.UEM.TOTL.FE.ZS,21.369
"Egypt, Arab Rep.",EGY,2017,"Unemployment, female (% of female labor force) (modeled ILO estimate)",SL.UEM.TOTL.FE.ZS,22.862
"Egypt, Arab Rep.",EGY,2016,"Unemployment, female (% of female labor force) (modeled ILO estimate)",SL.UEM.TOTL.FE.ZS,23.548
"Egypt, Arab Rep.",EGY,2015,"Unemployment, female (% of female labor force) (modeled ILO estimate)",SL.UEM.TOTL.FE.ZS,24.714
"Egypt, Arab Rep.",EGY,2014,"Unemployment, female (% of female labor force) (modeled ILO estimate)",SL.UEM.TOTL.FE.ZS,23.943
"Egypt, Arab Rep.",EGY,2013,"Unemployment, female (% of female labor force) (modeled ILO estimate)",SL.UEM.TOTL.FE.ZS,24.117
"Egypt, Arab Rep.",EGY,2012,"Unemployment, female (% of female labor force) (modeled ILO estimate)",SL.UEM.TOTL.FE.ZS,23.941
"Egypt, Arab Rep.",EGY,2011,"Unemployment, female (% of female labor force) (modeled ILO estimate)",SL.UEM.TOTL.FE.ZS,22.344
"Egypt, Arab Rep.",EGY,2010,"Unemployment, female (% of female labor force) (modeled ILO estimate)",SL.UEM.TOTL.FE.ZS,21.97
"Egypt, Arab Rep.",EGY,2009,"Unemployment, female (% of female labor force) (modeled ILO estimate)",SL.UEM.TOTL.FE.ZS,22.204
"Egypt, Arab Rep.",EGY,2008,"Unemployment, female (% of female labor force) (modeled ILO estimate)",SL.UEM.TOTL.FE.ZS,18.732
"Egypt, Arab Rep.",EGY,2007,"Unemployment, female (% of female labor force) (modeled ILO estimate)",SL.UEM.TOTL.FE.ZS,18.282
"Egypt, Arab Rep.",EGY,2006,"Unemployment, female (% of female labor force) (modeled ILO estimate)",SL.UEM.TOTL.FE.ZS,23.774
"Egypt, Arab Rep.",EGY,2005,"Unemployment, female (% of female labor force) (modeled ILO estimate)",SL.UEM.TOTL.FE.ZS,24.584
"Egypt, Arab Rep.",EGY,2004,"Unemployment, female (% of female labor force) (modeled ILO estimate)",SL.UEM.TOTL.FE.ZS,26.399
"Egypt, Arab Rep.",EGY,2003,"Unemployment, female (% of female labor force) (modeled ILO estimate)",SL.UEM.TOTL.FE.ZS,23.379
"Egypt, Arab Rep.",EGY,2002,"Unemployment, female (% of female labor force) (modeled ILO estimate)",SL.UEM.TOTL.FE.ZS,24.038
"Egypt, Arab Rep.",EGY,2001,"Unemployment, female (% of female labor force) (modeled ILO estimate)",SL.UEM.TOTL.FE.ZS,21.792
"Egypt, Arab Rep.",EGY,2000,"Unemployment, female (% of female labor force) (modeled ILO estimate)",SL.UEM.TOTL.FE.ZS,22.786
"Egypt, Arab Rep.",EGY,1999,"Unemployment, female (% of female labor force) (modeled ILO estimate)",SL.UEM.TOTL.FE.ZS,19.065
"Egypt, Arab Rep.",EGY,1998,"Unemployment, female (% of female labor force) (modeled ILO estimate)",SL.UEM.TOTL.FE.ZS,19.581
"Egypt, Arab Rep.",EGY,1997,"Unemployment, female (% of female labor force) (modeled ILO estimate)",SL.UEM.TOTL.FE.ZS,19.757
"Egypt, Arab Rep.",EGY,1996,"Unemployment, female (% of female labor force) (modeled ILO estimate)",SL.UEM.TOTL.FE.ZS,18.513
"Egypt, Arab Rep.",EGY,1995,"Unemployment, female (% of female labor force) (modeled ILO estimate)",SL.UEM.TOTL.FE.ZS,23.673
"Egypt, Arab Rep.",EGY,1994,"Unemployment, female (% of female labor force) (modeled ILO estimate)",SL.UEM.TOTL.FE.ZS,22.767
"Egypt, Arab Rep.",EGY,1993,"Unemployment, female (% of female labor force) (modeled ILO estimate)",SL.UEM.TOTL.FE.ZS,22.319
"Egypt, Arab Rep.",EGY,1992,"Unemployment, female (% of female labor force) (modeled ILO estimate)",SL.UEM.TOTL.FE.ZS,17.013
"Egypt, Arab Rep.",EGY,1991,"Unemployment, female (% of female labor force) (modeled ILO estimate)",SL.UEM.TOTL.FE.ZS,21.007
"Egypt, Arab Rep.",EGY,2022,"Unemployment, male (% of male labor force) (modeled ILO estimate)",SL.UEM.TOTL.MA.ZS,4.992
"Egypt, Arab Rep.",EGY,2021,"Unemployment, male (% of male labor force) (modeled ILO estimate)",SL.UEM.TOTL.MA.ZS,5.576
"Egypt, Arab Rep.",EGY,2020,"Unemployment, male (% of male labor force) (modeled ILO estimate)",SL.UEM.TOTL.MA.ZS,5.918
"Egypt, Arab Rep.",EGY,2019,"Unemployment, male (% of male labor force) (modeled ILO estimate)",SL.UEM.TOTL.MA.ZS,4.756
"Egypt, Arab Rep.",EGY,2018,"Unemployment, male (% of male labor force) (modeled ILO estimate)",SL.UEM.TOTL.MA.ZS,6.777
"Egypt, Arab Rep.",EGY,2017,"Unemployment, male (% of male labor force) (modeled ILO estimate)",SL.UEM.TOTL.MA.ZS,8.172
"Egypt, Arab Rep.",EGY,2016,"Unemployment, male (% of male labor force) (modeled ILO estimate)",SL.UEM.TOTL.MA.ZS,8.845
"Egypt, Arab Rep.",EGY,2015,"Unemployment, male (% of male labor force) (modeled ILO estimate)",SL.UEM.TOTL.MA.ZS,9.354
"Egypt, Arab Rep.",EGY,2014,"Unemployment, male (% of male labor force) (modeled ILO estimate)",SL.UEM.TOTL.MA.ZS,9.708
"Egypt, Arab Rep.",EGY,2013,"Unemployment, male (% of male labor force) (modeled ILO estimate)",SL.UEM.TOTL.MA.ZS,9.776
"Egypt, Arab Rep.",EGY,2012,"Unemployment, male (% of male labor force) (modeled ILO estimate)",SL.UEM.TOTL.MA.ZS,9.207
"Egypt, Arab Rep.",EGY,2011,"Unemployment, male (% of male labor force) (modeled ILO estimate)",SL.UEM.TOTL.MA.ZS,8.732
"Egypt, Arab Rep.",EGY,2010,"Unemployment, male (% of male labor force) (modeled ILO estimate)",SL.UEM.TOTL.MA.ZS,4.739
"Egypt, Arab Rep.",EGY,2009,"Unemployment, male (% of male labor force) (modeled ILO estimate)",SL.UEM.TOTL.MA.ZS,5.0
"Egypt, Arab Rep.",EGY,2008,"Unemployment, male (% of male labor force) (modeled ILO estimate)",SL.UEM.TOTL.MA.ZS,5.489
"Egypt, Arab Rep.",EGY,2007,"Unemployment, male (% of male labor force) (modeled ILO estimate)",SL.UEM.TOTL.MA.ZS,5.776
"Egypt, Arab Rep.",EGY,2006,"Unemployment, male (% of male labor force) (modeled ILO estimate)",SL.UEM.TOTL.MA.ZS,6.634
"Egypt, Arab Rep.",EGY,2005,"Unemployment, male (% of male labor force) (modeled ILO estimate)",SL.UEM.TOTL.MA.ZS,7.207
"Egypt, Arab Rep.",EGY,2004,"Unemployment, male (% of male labor force) (modeled ILO estimate)",SL.UEM.TOTL.MA.ZS,5.856
"Egypt, Arab Rep.",EGY,2003,"Unemployment, male (% of male labor force) (modeled ILO estimate)",SL.UEM.TOTL.MA.ZS,7.523
"Egypt, Arab Rep.",EGY,2002,"Unemployment, male (% of male labor force) (modeled ILO estimate)",SL.UEM.TOTL.MA.ZS,6.279
"Egypt, Arab Rep.",EGY,2001,"Unemployment, male (% of male labor force) (modeled ILO estimate)",SL.UEM.TOTL.MA.ZS,5.601
"Egypt, Arab Rep.",EGY,2000,"Unemployment, male (% of male labor force) (modeled ILO estimate)",SL.UEM.TOTL.MA.ZS,5.072
"Egypt, Arab Rep.",EGY,1999,"Unemployment, male (% of male labor force) (modeled ILO estimate)",SL.UEM.TOTL.MA.ZS,4.89
"Egypt, Arab Rep.",EGY,1998,"Unemployment, male (% of male labor force) (modeled ILO estimate)",SL.UEM.TOTL.MA.ZS,4.878
"Egypt, Arab Rep.",EGY,1997,"Unemployment, male (% of male labor force) (modeled ILO estimate)",SL.UEM.TOTL.MA.ZS,5.179
"Egypt, Arab Rep.",EGY,1996,"Unemployment, male (% of male labor force) (modeled ILO estimate)",SL.UEM.TOTL.MA.ZS,6.262
"Egypt, Arab Rep.",EGY,1995,"Unemployment, male (% of male labor force) (modeled ILO estimate)",SL.UEM.TOTL.MA.ZS,7.307
"Egypt, Arab Rep.",EGY,1994,"Unemployment, male (% of male labor force) (modeled ILO estimate)",SL.UEM.TOTL.MA.ZS,7.236
"Egypt, Arab Rep.",EGY,1993,"Unemployment, male (% of male labor force) (modeled ILO estimate)",SL.UEM.TOTL.MA.ZS,7.43
"Egypt, Arab Rep.",EGY,1992,"Unemployment, male (% of male labor force) (modeled ILO estimate)",SL.UEM.TOTL.MA.ZS,6.288
"Egypt, Arab Rep.",EGY,1991,"Unemployment, male (% of male labor force) (modeled ILO estimate)",SL.UEM.TOTL.MA.ZS,5.722
"Egypt, Arab Rep.",EGY,2020,"Adolescent fertility rate (births per 1,000 women ages 15-19)",SP.ADO.TFRT,45.672
"Egypt, Arab Rep.",EGY,2019,"Adolescent fertility rate (births per 1,000 women ages 15-19)",SP.ADO.TFRT,46.431
"Egypt, Arab Rep.",EGY,2018,"Adolescent fertility rate (births per 1,000 women ages 15-19)",SP.ADO.TFRT,49.099
"Egypt, Arab Rep.",EGY,2017,"Adolescent fertility rate (births per 1,000 women ages 15-19)",SP.ADO.TFRT,50.624
"Egypt, Arab Rep.",EGY,2016,"Adolescent fertility rate (births per 1,000 women ages 15-19)",SP.ADO.TFRT,52.246
"Egypt, Arab Rep.",EGY,2015,"Adolescent fertility rate (births per 1,000 women ages 15-19)",SP.ADO.TFRT,56.931
"Egypt, Arab Rep.",EGY,2014,"Adolescent fertility rate (births per 1,000 women ages 15-19)",SP.ADO.TFRT,58.101
"Egypt, Arab Rep.",EGY,2013,"Adolescent fertility rate (births per 1,000 women ages 15-19)",SP.ADO.TFRT,59.123
"Egypt, Arab Rep.",EGY,2012,"Adolescent fertility rate (births per 1,000 women ages 15-19)",SP.ADO.TFRT,58.469
"Egypt, Arab Rep.",EGY,2011,"Adolescent fertility rate (births per 1,000 women ages 15-19)",SP.ADO.TFRT,58.103
"Egypt, Arab Rep.",EGY,2010,"Adolescent fertility rate (births per 1,000 women ages 15-19)",SP.ADO.TFRT,58.306
"Egypt, Arab Rep.",EGY,2009,"Adolescent fertility rate (births per 1,000 women ages 15-19)",SP.ADO.TFRT,57.263
"Egypt, Arab Rep.",EGY,2008,"Adolescent fertility rate (births per 1,000 women ages 15-19)",SP.ADO.TFRT,56.959
"Egypt, Arab Rep.",EGY,2007,"Adolescent fertility rate (births per 1,000 women ages 15-19)",SP.ADO.TFRT,57.158
"Egypt, Arab Rep.",EGY,2006,"Adolescent fertility rate (births per 1,000 women ages 15-19)",SP.ADO.TFRT,56.623
"Egypt, Arab Rep.",EGY,2005,"Adolescent fertility rate (births per 1,000 women ages 15-19)",SP.ADO.TFRT,55.676
"Egypt, Arab Rep.",EGY,2004,"Adolescent fertility rate (births per 1,000 women ages 15-19)",SP.ADO.TFRT,54.639
"Egypt, Arab Rep.",EGY,2003,"Adolescent fertility rate (births per 1,000 women ages 15-19)",SP.ADO.TFRT,54.79
"Egypt, Arab Rep.",EGY,2002,"Adolescent fertility rate (births per 1,000 women ages 15-19)",SP.ADO.TFRT,54.671
"Egypt, Arab Rep.",EGY,2001,"Adolescent fertility rate (births per 1,000 women ages 15-19)",SP.ADO.TFRT,56.768
"Egypt, Arab Rep.",EGY,2000,"Adolescent fertility rate (births per 1,000 women ages 15-19)",SP.ADO.TFRT,58.95
"Egypt, Arab Rep.",EGY,1999,"Adolescent fertility rate (births per 1,000 women ages 15-19)",SP.ADO.TFRT,60.291
"Egypt, Arab Rep.",EGY,1998,"Adolescent fertility rate (births per 1,000 women ages 15-19)",SP.ADO.TFRT,60.782
"Egypt, Arab Rep.",EGY,1997,"Adolescent fertility rate (births per 1,000 women ages 15-19)",SP.ADO.TFRT,63.389
"Egypt, Arab Rep.",EGY,1996,"Adolescent fertility rate (births per 1,000 women ages 15-19)",SP.ADO.TFRT,64.587
"Egypt, Arab Rep.",EGY,1995,"Adolescent fertility rate (births per 1,000 women ages 15-19)",SP.ADO.TFRT,67.189
"Egypt, Arab Rep.",EGY,1994,"Adolescent fertility rate (births per 1,000 women ages 15-19)",SP.ADO.TFRT,69.087
"Egypt, Arab Rep.",EGY,1993,"Adolescent fertility rate (births per 1,000 women ages 15-19)",SP.ADO.TFRT,72.693
"Egypt, Arab Rep.",EGY,1992,"Adolescent fertility rate (births per 1,000 women ages 15-19)",SP.ADO.TFRT,77.542
"Egypt, Arab Rep.",EGY,1991,"Adolescent fertility rate (births per 1,000 women ages 15-19)",SP.ADO.TFRT,78.637
"Egypt, Arab Rep.",EGY,1990,"Adolescent fertility rate (births per 1,000 women ages 15-19)",SP.ADO.TFRT,80.932
"Egypt, Arab Rep.",EGY,1989,"Adolescent fertility rate (births per 1,000 women ages 15-19)",SP.ADO.TFRT,87.159
"Egypt, Arab Rep.",EGY,1988,"Adolescent fertility rate (births per 1,000 women ages 15-19)",SP.ADO.TFRT,92.452
"Egypt, Arab Rep.",EGY,1987,"Adolescent fertility rate (births per 1,000 women ages 15-19)",SP.ADO.TFRT,95.026
"Egypt, Arab Rep.",EGY,1986,"Adolescent fertility rate (births per 1,000 women ages 15-19)",SP.ADO.TFRT,96.67
"Egypt, Arab Rep.",EGY,1985,"Adolescent fertility rate (births per 1,000 women ages 15-19)",SP.ADO.TFRT,102.208
"Egypt, Arab Rep.",EGY,1984,"Adolescent fertility rate (births per 1,000 women ages 15-19)",SP.ADO.TFRT,103.759
"Egypt, Arab Rep.",EGY,1983,"Adolescent fertility rate (births per 1,000 women ages 15-19)",SP.ADO.TFRT,110.852
"Egypt, Arab Rep.",EGY,1982,"Adolescent fertility rate (births per 1,000 women ages 15-19)",SP.ADO.TFRT,108.861
"Egypt, Arab Rep.",EGY,1981,"Adolescent fertility rate (births per 1,000 women ages 15-19)",SP.ADO.TFRT,108.402
"Egypt, Arab Rep.",EGY,1980,"Adolescent fertility rate (births per 1,000 women ages 15-19)",SP.ADO.TFRT,109.525
"Egypt, Arab Rep.",EGY,1979,"Adolescent fertility rate (births per 1,000 women ages 15-19)",SP.ADO.TFRT,109.579
"Egypt, Arab Rep.",EGY,1978,"Adolescent fertility rate (births per 1,000 women ages 15-19)",SP.ADO.TFRT,114.964
"Egypt, Arab Rep.",EGY,1977,"Adolescent fertility rate (births per 1,000 women ages 15-19)",SP.ADO.TFRT,114.161
"Egypt, Arab Rep.",EGY,1976,"Adolescent fertility rate (births per 1,000 women ages 15-19)",SP.ADO.TFRT,119.303
"Egypt, Arab Rep.",EGY,1975,"Adolescent fertility rate (births per 1,000 women ages 15-19)",SP.ADO.TFRT,125.043
"Egypt, Arab Rep.",EGY,1974,"Adolescent fertility rate (births per 1,000 women ages 15-19)",SP.ADO.TFRT,124.248
"Egypt, Arab Rep.",EGY,1973,"Adolescent fertility rate (births per 1,000 women ages 15-19)",SP.ADO.TFRT,123.414
"Egypt, Arab Rep.",EGY,1972,"Adolescent fertility rate (births per 1,000 women ages 15-19)",SP.ADO.TFRT,129.216
"Egypt, Arab Rep.",EGY,1971,"Adolescent fertility rate (births per 1,000 women ages 15-19)",SP.ADO.TFRT,130.081
"Egypt, Arab Rep.",EGY,1970,"Adolescent fertility rate (births per 1,000 women ages 15-19)",SP.ADO.TFRT,127.799
"Egypt, Arab Rep.",EGY,1969,"Adolescent fertility rate (births per 1,000 women ages 15-19)",SP.ADO.TFRT,137.98
"Egypt, Arab Rep.",EGY,1968,"Adolescent fertility rate (births per 1,000 women ages 15-19)",SP.ADO.TFRT,141.439
"Egypt, Arab Rep.",EGY,1967,"Adolescent fertility rate (births per 1,000 women ages 15-19)",SP.ADO.TFRT,147.59
"Egypt, Arab Rep.",EGY,1966,"Adolescent fertility rate (births per 1,000 women ages 15-19)",SP.ADO.TFRT,153.744
"Egypt, Arab Rep.",EGY,1965,"Adolescent fertility rate (births per 1,000 women ages 15-19)",SP.ADO.TFRT,145.878
"Egypt, Arab Rep.",EGY,1964,"Adolescent fertility rate (births per 1,000 women ages 15-19)",SP.ADO.TFRT,147.149
"Egypt, Arab Rep.",EGY,1963,"Adolescent fertility rate (births per 1,000 women ages 15-19)",SP.ADO.TFRT,147.683
"Egypt, Arab Rep.",EGY,1962,"Adolescent fertility rate (births per 1,000 women ages 15-19)",SP.ADO.TFRT,145.852
"Egypt, Arab Rep.",EGY,1961,"Adolescent fertility rate (births per 1,000 women ages 15-19)",SP.ADO.TFRT,153.943
"Egypt, Arab Rep.",EGY,1960,"Adolescent fertility rate (births per 1,000 women ages 15-19)",SP.ADO.TFRT,158.191
"Egypt, Arab Rep.",EGY,2021,"Mortality rate, adult, female (per 1,000 female adults)",SP.DYN.AMRT.FE,114.164
"Egypt, Arab Rep.",EGY,2020,"Mortality rate, adult, female (per 1,000 female adults)",SP.DYN.AMRT.FE,105.044
"Egypt, Arab Rep.",EGY,2019,"Mortality rate, adult, female (per 1,000 female adults)",SP.DYN.AMRT.FE,103.044
"Egypt, Arab Rep.",EGY,2018,"Mortality rate, adult, female (per 1,000 female adults)",SP.DYN.AMRT.FE,102.131
"Egypt, Arab Rep.",EGY,2017,"Mortality rate, adult, female (per 1,000 female adults)",SP.DYN.AMRT.FE,102.976
"Egypt, Arab Rep.",EGY,2016,"Mortality rate, adult, female (per 1,000 female adults)",SP.DYN.AMRT.FE,108.622
"Egypt, Arab Rep.",EGY,2015,"Mortality rate, adult, female (per 1,000 female adults)",SP.DYN.AMRT.FE,114.943
"Egypt, Arab Rep.",EGY,2014,"Mortality rate, adult, female (per 1,000 female adults)",SP.DYN.AMRT.FE,114.976
"Egypt, Arab Rep.",EGY,2013,"Mortality rate, adult, female (per 1,000 female adults)",SP.DYN.AMRT.FE,119.806
"Egypt, Arab Rep.",EGY,2012,"Mortality rate, adult, female (per 1,000 female adults)",SP.DYN.AMRT.FE,121.632
"Egypt, Arab Rep.",EGY,2011,"Mortality rate, adult, female (per 1,000 female adults)",SP.DYN.AMRT.FE,123.872
"Egypt, Arab Rep.",EGY,2010,"Mortality rate, adult, female (per 1,000 female adults)",SP.DYN.AMRT.FE,127.58
"Egypt, Arab Rep.",EGY,2009,"Mortality rate, adult, female (per 1,000 female adults)",SP.DYN.AMRT.FE,130.724
"Egypt, Arab Rep.",EGY,2008,"Mortality rate, adult, female (per 1,000 female adults)",SP.DYN.AMRT.FE,133.983
"Egypt, Arab Rep.",EGY,2007,"Mortality rate, adult, female (per 1,000 female adults)",SP.DYN.AMRT.FE,136.503
"Egypt, Arab Rep.",EGY,2006,"Mortality rate, adult, female (per 1,000 female adults)",SP.DYN.AMRT.FE,138.288
"Egypt, Arab Rep.",EGY,2005,"Mortality rate, adult, female (per 1,000 female adults)",SP.DYN.AMRT.FE,140.494
"Egypt, Arab Rep.",EGY,2004,"Mortality rate, adult, female (per 1,000 female adults)",SP.DYN.AMRT.FE,143.2
"Egypt, Arab Rep.",EGY,2003,"Mortality rate, adult, female (per 1,000 female adults)",SP.DYN.AMRT.FE,145.041
"Egypt, Arab Rep.",EGY,2002,"Mortality rate, adult, female (per 1,000 female adults)",SP.DYN.AMRT.FE,142.43
"Egypt, Arab Rep.",EGY,2001,"Mortality rate, adult, female (per 1,000 female adults)",SP.DYN.AMRT.FE,144.46
"Egypt, Arab Rep.",EGY,2000,"Mortality rate, adult, female (per 1,000 female adults)",SP.DYN.AMRT.FE,146.573
"Egypt, Arab Rep.",EGY,1999,"Mortality rate, adult, female (per 1,000 female adults)",SP.DYN.AMRT.FE,150.032
"Egypt, Arab Rep.",EGY,1998,"Mortality rate, adult, female (per 1,000 female adults)",SP.DYN.AMRT.FE,150.31
"Egypt, Arab Rep.",EGY,1997,"Mortality rate, adult, female (per 1,000 female adults)",SP.DYN.AMRT.FE,148.348
"Egypt, Arab Rep.",EGY,1996,"Mortality rate, adult, female (per 1,000 female adults)",SP.DYN.AMRT.FE,150.864
"Egypt, Arab Rep.",EGY,1995,"Mortality rate, adult, female (per 1,000 female adults)",SP.DYN.AMRT.FE,152.528
"Egypt, Arab Rep.",EGY,1994,"Mortality rate, adult, female (per 1,000 female adults)",SP.DYN.AMRT.FE,156.175
"Egypt, Arab Rep.",EGY,1993,"Mortality rate, adult, female (per 1,000 female adults)",SP.DYN.AMRT.FE,159.389
"Egypt, Arab Rep.",EGY,1992,"Mortality rate, adult, female (per 1,000 female adults)",SP.DYN.AMRT.FE,160.373
"Egypt, Arab Rep.",EGY,1991,"Mortality rate, adult, female (per 1,000 female adults)",SP.DYN.AMRT.FE,159.738
"Egypt, Arab Rep.",EGY,1990,"Mortality rate, adult, female (per 1,000 female adults)",SP.DYN.AMRT.FE,162.998
"Egypt, Arab Rep.",EGY,1989,"Mortality rate, adult, female (per 1,000 female adults)",SP.DYN.AMRT.FE,167.544
"Egypt, Arab Rep.",EGY,1988,"Mortality rate, adult, female (per 1,000 female adults)",SP.DYN.AMRT.FE,168.352
"Egypt, Arab Rep.",EGY,1987,"Mortality rate, adult, female (per 1,000 female adults)",SP.DYN.AMRT.FE,175.779
"Egypt, Arab Rep.",EGY,1986,"Mortality rate, adult, female (per 1,000 female adults)",SP.DYN.AMRT.FE,180.36
"Egypt, Arab Rep.",EGY,1985,"Mortality rate, adult, female (per 1,000 female adults)",SP.DYN.AMRT.FE,181.565
"Egypt, Arab Rep.",EGY,1984,"Mortality rate, adult, female (per 1,000 female adults)",SP.DYN.AMRT.FE,183.111
"Egypt, Arab Rep.",EGY,1983,"Mortality rate, adult, female (per 1,000 female adults)",SP.DYN.AMRT.FE,183.471
"Egypt, Arab Rep.",EGY,1982,"Mortality rate, adult, female (per 1,000 female adults)",SP.DYN.AMRT.FE,187.674
"Egypt, Arab Rep.",EGY,1981,"Mortality rate, adult, female (per 1,000 female adults)",SP.DYN.AMRT.FE,191.239
"Egypt, Arab Rep.",EGY,1980,"Mortality rate, adult, female (per 1,000 female adults)",SP.DYN.AMRT.FE,184.971
"Egypt, Arab Rep.",EGY,1979,"Mortality rate, adult, female (per 1,000 female adults)",SP.DYN.AMRT.FE,186.174
"Egypt, Arab Rep.",EGY,1978,"Mortality rate, adult, female (per 1,000 female adults)",SP.DYN.AMRT.FE,187.435
"Egypt, Arab Rep.",EGY,1977,"Mortality rate, adult, female (per 1,000 female adults)",SP.DYN.AMRT.FE,188.529
"Egypt, Arab Rep.",EGY,1976,"Mortality rate, adult, female (per 1,000 female adults)",SP.DYN.AMRT.FE,188.535
"Egypt, Arab Rep.",EGY,1975,"Mortality rate, adult, female (per 1,000 female adults)",SP.DYN.AMRT.FE,190.731
"Egypt, Arab Rep.",EGY,1974,"Mortality rate, adult, female (per 1,000 female adults)",SP.DYN.AMRT.FE,193.926
"Egypt, Arab Rep.",EGY,1973,"Mortality rate, adult, female (per 1,000 female adults)",SP.DYN.AMRT.FE,197.277
"Egypt, Arab Rep.",EGY,1972,"Mortality rate, adult, female (per 1,000 female adults)",SP.DYN.AMRT.FE,197.096
"Egypt, Arab Rep.",EGY,1971,"Mortality rate, adult, female (per 1,000 female adults)",SP.DYN.AMRT.FE,197.733
"Egypt, Arab Rep.",EGY,1970,"Mortality rate, adult, female (per 1,000 female adults)",SP.DYN.AMRT.FE,197.928
"Egypt, Arab Rep.",EGY,1969,"Mortality rate, adult, female (per 1,000 female adults)",SP.DYN.AMRT.FE,197.582
"Egypt, Arab Rep.",EGY,1968,"Mortality rate, adult, female (per 1,000 female adults)",SP.DYN.AMRT.FE,194.224
"Egypt, Arab Rep.",EGY,1967,"Mortality rate, adult, female (per 1,000 female adults)",SP.DYN.AMRT.FE,192.123
"Egypt, Arab Rep.",EGY,1966,"Mortality rate, adult, female (per 1,000 female adults)",SP.DYN.AMRT.FE,189.58
"Egypt, Arab Rep.",EGY,1965,"Mortality rate, adult, female (per 1,000 female adults)",SP.DYN.AMRT.FE,189.494
"Egypt, Arab Rep.",EGY,1964,"Mortality rate, adult, female (per 1,000 female adults)",SP.DYN.AMRT.FE,190.569
"Egypt, Arab Rep.",EGY,1963,"Mortality rate, adult, female (per 1,000 female adults)",SP.DYN.AMRT.FE,194.386
"Egypt, Arab Rep.",EGY,1962,"Mortality rate, adult, female (per 1,000 female adults)",SP.DYN.AMRT.FE,197.169
"Egypt, Arab Rep.",EGY,1961,"Mortality rate, adult, female (per 1,000 female adults)",SP.DYN.AMRT.FE,200.225
"Egypt, Arab Rep.",EGY,1960,"Mortality rate, adult, female (per 1,000 female adults)",SP.DYN.AMRT.FE,198.22
"Egypt, Arab Rep.",EGY,2021,"Mortality rate, adult, male (per 1,000 male adults)",SP.DYN.AMRT.MA,198.911
"Egypt, Arab Rep.",EGY,2020,"Mortality rate, adult, male (per 1,000 male adults)",SP.DYN.AMRT.MA,185.848
"Egypt, Arab Rep.",EGY,2019,"Mortality rate, adult, male (per 1,000 male adults)",SP.DYN.AMRT.MA,182.015
"Egypt, Arab Rep.",EGY,2018,"Mortality rate, adult, male (per 1,000 male adults)",SP.DYN.AMRT.MA,185.95
"Egypt, Arab Rep.",EGY,2017,"Mortality rate, adult, male (per 1,000 male adults)",SP.DYN.AMRT.MA,189.703
"Egypt, Arab Rep.",EGY,2016,"Mortality rate, adult, male (per 1,000 male adults)",SP.DYN.AMRT.MA,198.622
"Egypt, Arab Rep.",EGY,2015,"Mortality rate, adult, male (per 1,000 male adults)",SP.DYN.AMRT.MA,204.216
"Egypt, Arab Rep.",EGY,2014,"Mortality rate, adult, male (per 1,000 male adults)",SP.DYN.AMRT.MA,208.015
"Egypt, Arab Rep.",EGY,2013,"Mortality rate, adult, male (per 1,000 male adults)",SP.DYN.AMRT.MA,215.247
"Egypt, Arab Rep.",EGY,2012,"Mortality rate, adult, male (per 1,000 male adults)",SP.DYN.AMRT.MA,213.631
"Egypt, Arab Rep.",EGY,2011,"Mortality rate, adult, male (per 1,000 male adults)",SP.DYN.AMRT.MA,218.292
"Egypt, Arab Rep.",EGY,2010,"Mortality rate, adult, male (per 1,000 male adults)",SP.DYN.AMRT.MA,220.484
"Egypt, Arab Rep.",EGY,2009,"Mortality rate, adult, male (per 1,000 male adults)",SP.DYN.AMRT.MA,222.504
"Egypt, Arab Rep.",EGY,2008,"Mortality rate, adult, male (per 1,000 male adults)",SP.DYN.AMRT.MA,225.917
"Egypt, Arab Rep.",EGY,2007,"Mortality rate, adult, male (per 1,000 male adults)",SP.DYN.AMRT.MA,227.538
"Egypt, Arab Rep.",EGY,2006,"Mortality rate, adult, male (per 1,000 male adults)",SP.DYN.AMRT.MA,227.08
"Egypt, Arab Rep.",EGY,2005,"Mortality rate, adult, male (per 1,000 male adults)",SP.DYN.AMRT.MA,227.408
"Egypt, Arab Rep.",EGY,2004,"Mortality rate, adult, male (per 1,000 male adults)",SP.DYN.AMRT.MA,225.71
"Egypt, Arab Rep.",EGY,2003,"Mortality rate, adult, male (per 1,000 male adults)",SP.DYN.AMRT.MA,226.371
"Egypt, Arab Rep.",EGY,2002,"Mortality rate, adult, male (per 1,000 male adults)",SP.DYN.AMRT.MA,219.834
"Egypt, Arab Rep.",EGY,2001,"Mortality rate, adult, male (per 1,000 male adults)",SP.DYN.AMRT.MA,220.876
"Egypt, Arab Rep.",EGY,2000,"Mortality rate, adult, male (per 1,000 male adults)",SP.DYN.AMRT.MA,222.621
"Egypt, Arab Rep.",EGY,1999,"Mortality rate, adult, male (per 1,000 male adults)",SP.DYN.AMRT.MA,220.847
"Egypt, Arab Rep.",EGY,1998,"Mortality rate, adult, male (per 1,000 male adults)",SP.DYN.AMRT.MA,222.037
"Egypt, Arab Rep.",EGY,1997,"Mortality rate, adult, male (per 1,000 male adults)",SP.DYN.AMRT.MA,225.111
"Egypt, Arab Rep.",EGY,1996,"Mortality rate, adult, male (per 1,000 male adults)",SP.DYN.AMRT.MA,228.068
"Egypt, Arab Rep.",EGY,1995,"Mortality rate, adult, male (per 1,000 male adults)",SP.DYN.AMRT.MA,230.611
"Egypt, Arab Rep.",EGY,1994,"Mortality rate, adult, male (per 1,000 male adults)",SP.DYN.AMRT.MA,232.3
"Egypt, Arab Rep.",EGY,1993,"Mortality rate, adult, male (per 1,000 male adults)",SP.DYN.AMRT.MA,230.118
"Egypt, Arab Rep.",EGY,1992,"Mortality rate, adult, male (per 1,000 male adults)",SP.DYN.AMRT.MA,234.045
"Egypt, Arab Rep.",EGY,1991,"Mortality rate, adult, male (per 1,000 male adults)",SP.DYN.AMRT.MA,234.84
"Egypt, Arab Rep.",EGY,1990,"Mortality rate, adult, male (per 1,000 male adults)",SP.DYN.AMRT.MA,242.398
"Egypt, Arab Rep.",EGY,1989,"Mortality rate, adult, male (per 1,000 male adults)",SP.DYN.AMRT.MA,244.281
"Egypt, Arab Rep.",EGY,1988,"Mortality rate, adult, male (per 1,000 male adults)",SP.DYN.AMRT.MA,254.066
"Egypt, Arab Rep.",EGY,1987,"Mortality rate, adult, male (per 1,000 male adults)",SP.DYN.AMRT.MA,260.271
"Egypt, Arab Rep.",EGY,1986,"Mortality rate, adult, male (per 1,000 male adults)",SP.DYN.AMRT.MA,268.952
"Egypt, Arab Rep.",EGY,1985,"Mortality rate, adult, male (per 1,000 male adults)",SP.DYN.AMRT.MA,272.506
"Egypt, Arab Rep.",EGY,1984,"Mortality rate, adult, male (per 1,000 male adults)",SP.DYN.AMRT.MA,276.719
"Egypt, Arab Rep.",EGY,1983,"Mortality rate, adult, male (per 1,000 male adults)",SP.DYN.AMRT.MA,283.76
"Egypt, Arab Rep.",EGY,1982,"Mortality rate, adult, male (per 1,000 male adults)",SP.DYN.AMRT.MA,289.781
"Egypt, Arab Rep.",EGY,1981,"Mortality rate, adult, male (per 1,000 male adults)",SP.DYN.AMRT.MA,292.719
"Egypt, Arab Rep.",EGY,1980,"Mortality rate, adult, male (per 1,000 male adults)",SP.DYN.AMRT.MA,294.896
"Egypt, Arab Rep.",EGY,1979,"Mortality rate, adult, male (per 1,000 male adults)",SP.DYN.AMRT.MA,301.936
"Egypt, Arab Rep.",EGY,1978,"Mortality rate, adult, male (per 1,000 male adults)",SP.DYN.AMRT.MA,307.462
"Egypt, Arab Rep.",EGY,1977,"Mortality rate, adult, male (per 1,000 male adults)",SP.DYN.AMRT.MA,314.654
"Egypt, Arab Rep.",EGY,1976,"Mortality rate, adult, male (per 1,000 male adults)",SP.DYN.AMRT.MA,319.187
"Egypt, Arab Rep.",EGY,1975,"Mortality rate, adult, male (per 1,000 male adults)",SP.DYN.AMRT.MA,322.846
"Egypt, Arab Rep.",EGY,1974,"Mortality rate, adult, male (per 1,000 male adults)",SP.DYN.AMRT.MA,326.925
"Egypt, Arab Rep.",EGY,1973,"Mortality rate, adult, male (per 1,000 male adults)",SP.DYN.AMRT.MA,348.297
"Egypt, Arab Rep.",EGY,1972,"Mortality rate, adult, male (per 1,000 male adults)",SP.DYN.AMRT.MA,332.635
"Egypt, Arab Rep.",EGY,1971,"Mortality rate, adult, male (per 1,000 male adults)",SP.DYN.AMRT.MA,335.595
"Egypt, Arab Rep.",EGY,1970,"Mortality rate, adult, male (per 1,000 male adults)",SP.DYN.AMRT.MA,342.427
"Egypt, Arab Rep.",EGY,1969,"Mortality rate, adult, male (per 1,000 male adults)",SP.DYN.AMRT.MA,342.171
"Egypt, Arab Rep.",EGY,1968,"Mortality rate, adult, male (per 1,000 male adults)",SP.DYN.AMRT.MA,329.102
"Egypt, Arab Rep.",EGY,1967,"Mortality rate, adult, male (per 1,000 male adults)",SP.DYN.AMRT.MA,335.483
"Egypt, Arab Rep.",EGY,1966,"Mortality rate, adult, male (per 1,000 male adults)",SP.DYN.AMRT.MA,320.845
"Egypt, Arab Rep.",EGY,1965,"Mortality rate, adult, male (per 1,000 male adults)",SP.DYN.AMRT.MA,316.36
"Egypt, Arab Rep.",EGY,1964,"Mortality rate, adult, male (per 1,000 male adults)",SP.DYN.AMRT.MA,319.846
"Egypt, Arab Rep.",EGY,1963,"Mortality rate, adult, male (per 1,000 male adults)",SP.DYN.AMRT.MA,323.986
"Egypt, Arab Rep.",EGY,1962,"Mortality rate, adult, male (per 1,000 male adults)",SP.DYN.AMRT.MA,328.232
"Egypt, Arab Rep.",EGY,1961,"Mortality rate, adult, male (per 1,000 male adults)",SP.DYN.AMRT.MA,332.015
"Egypt, Arab Rep.",EGY,1960,"Mortality rate, adult, male (per 1,000 male adults)",SP.DYN.AMRT.MA,334.07
"Egypt, Arab Rep.",EGY,2014,"Contraceptive prevalence, any method (% of married women ages 15-49)",SP.DYN.CONU.ZS,58.5
"Egypt, Arab Rep.",EGY,2008,"Contraceptive prevalence, any method (% of married women ages 15-49)",SP.DYN.CONU.ZS,60.3
"Egypt, Arab Rep.",EGY,2005,"Contraceptive prevalence, any method (% of married women ages 15-49)",SP.DYN.CONU.ZS,59.2
"Egypt, Arab Rep.",EGY,2003,"Contraceptive prevalence, any method (% of married women ages 15-49)",SP.DYN.CONU.ZS,60.0
"Egypt, Arab Rep.",EGY,2000,"Contraceptive prevalence, any method (% of married women ages 15-49)",SP.DYN.CONU.ZS,56.1
"Egypt, Arab Rep.",EGY,1998,"Contraceptive prevalence, any method (% of married women ages 15-49)",SP.DYN.CONU.ZS,54.5
"Egypt, Arab Rep.",EGY,1996,"Contraceptive prevalence, any method (% of married women ages 15-49)",SP.DYN.CONU.ZS,47.9
"Egypt, Arab Rep.",EGY,1995,"Contraceptive prevalence, any method (% of married women ages 15-49)",SP.DYN.CONU.ZS,47.9
"Egypt, Arab Rep.",EGY,1993,"Contraceptive prevalence, any method (% of married women ages 15-49)",SP.DYN.CONU.ZS,47.1
"Egypt, Arab Rep.",EGY,1992,"Contraceptive prevalence, any method (% of married women ages 15-49)",SP.DYN.CONU.ZS,47.1
"Egypt, Arab Rep.",EGY,1991,"Contraceptive prevalence, any method (% of married women ages 15-49)",SP.DYN.CONU.ZS,47.6
"Egypt, Arab Rep.",EGY,1989,"Contraceptive prevalence, any method (% of married women ages 15-49)",SP.DYN.CONU.ZS,37.8
"Egypt, Arab Rep.",EGY,1988,"Contraceptive prevalence, any method (% of married women ages 15-49)",SP.DYN.CONU.ZS,37.8
"Egypt, Arab Rep.",EGY,1984,"Contraceptive prevalence, any method (% of married women ages 15-49)",SP.DYN.CONU.ZS,30.3
"Egypt, Arab Rep.",EGY,1980,"Contraceptive prevalence, any method (% of married women ages 15-49)",SP.DYN.CONU.ZS,31.4
"Egypt, Arab Rep.",EGY,1975,"Contraceptive prevalence, any method (% of married women ages 15-49)",SP.DYN.CONU.ZS,24.9
"Egypt, Arab Rep.",EGY,2021,"Life expectancy at birth, female (years)",SP.DYN.LE00.FE.IN,72.608
"Egypt, Arab Rep.",EGY,2020,"Life expectancy at birth, female (years)",SP.DYN.LE00.FE.IN,73.39
"Egypt, Arab Rep.",EGY,2019,"Life expectancy at birth, female (years)",SP.DYN.LE00.FE.IN,73.711
"Egypt, Arab Rep.",EGY,2018,"Life expectancy at birth, female (years)",SP.DYN.LE00.FE.IN,73.927
"Egypt, Arab Rep.",EGY,2017,"Life expectancy at birth, female (years)",SP.DYN.LE00.FE.IN,73.974
"Egypt, Arab Rep.",EGY,2016,"Life expectancy at birth, female (years)",SP.DYN.LE00.FE.IN,73.552
"Egypt, Arab Rep.",EGY,2015,"Life expectancy at birth, female (years)",SP.DYN.LE00.FE.IN,73.081
"Egypt, Arab Rep.",EGY,2014,"Life expectancy at birth, female (years)",SP.DYN.LE00.FE.IN,73.163
"Egypt, Arab Rep.",EGY,2013,"Life expectancy at birth, female (years)",SP.DYN.LE00.FE.IN,72.82
"Egypt, Arab Rep.",EGY,2012,"Life expectancy at birth, female (years)",SP.DYN.LE00.FE.IN,72.745
"Egypt, Arab Rep.",EGY,2011,"Life expectancy at birth, female (years)",SP.DYN.LE00.FE.IN,72.605
"Egypt, Arab Rep.",EGY,2010,"Life expectancy at birth, female (years)",SP.DYN.LE00.FE.IN,72.318
"Egypt, Arab Rep.",EGY,2009,"Life expectancy at birth, female (years)",SP.DYN.LE00.FE.IN,72.087
"Egypt, Arab Rep.",EGY,2008,"Life expectancy at birth, female (years)",SP.DYN.LE00.FE.IN,71.93
"Egypt, Arab Rep.",EGY,2007,"Life expectancy at birth, female (years)",SP.DYN.LE00.FE.IN,71.706
"Egypt, Arab Rep.",EGY,2006,"Life expectancy at birth, female (years)",SP.DYN.LE00.FE.IN,71.49
"Egypt, Arab Rep.",EGY,2005,"Life expectancy at birth, female (years)",SP.DYN.LE00.FE.IN,71.226
"Egypt, Arab Rep.",EGY,2004,"Life expectancy at birth, female (years)",SP.DYN.LE00.FE.IN,70.914
"Egypt, Arab Rep.",EGY,2003,"Life expectancy at birth, female (years)",SP.DYN.LE00.FE.IN,70.659
"Egypt, Arab Rep.",EGY,2002,"Life expectancy at birth, female (years)",SP.DYN.LE00.FE.IN,70.735
"Egypt, Arab Rep.",EGY,2001,"Life expectancy at birth, female (years)",SP.DYN.LE00.FE.IN,70.431
"Egypt, Arab Rep.",EGY,2000,"Life expectancy at birth, female (years)",SP.DYN.LE00.FE.IN,70.095
"Egypt, Arab Rep.",EGY,1999,"Life expectancy at birth, female (years)",SP.DYN.LE00.FE.IN,69.62
"Egypt, Arab Rep.",EGY,1998,"Life expectancy at birth, female (years)",SP.DYN.LE00.FE.IN,69.364
"Egypt, Arab Rep.",EGY,1997,"Life expectancy at birth, female (years)",SP.DYN.LE00.FE.IN,69.242
"Egypt, Arab Rep.",EGY,1996,"Life expectancy at birth, female (years)",SP.DYN.LE00.FE.IN,68.751
"Egypt, Arab Rep.",EGY,1995,"Life expectancy at birth, female (years)",SP.DYN.LE00.FE.IN,68.304
"Egypt, Arab Rep.",EGY,1994,"Life expectancy at birth, female (years)",SP.DYN.LE00.FE.IN,67.687
"Egypt, Arab Rep.",EGY,1993,"Life expectancy at birth, female (years)",SP.DYN.LE00.FE.IN,67.137
"Egypt, Arab Rep.",EGY,1992,"Life expectancy at birth, female (years)",SP.DYN.LE00.FE.IN,66.743
"Egypt, Arab Rep.",EGY,1991,"Life expectancy at birth, female (years)",SP.DYN.LE00.FE.IN,66.504
"Egypt, Arab Rep.",EGY,1990,"Life expectancy at birth, female (years)",SP.DYN.LE00.FE.IN,65.972
"Egypt, Arab Rep.",EGY,1989,"Life expectancy at birth, female (years)",SP.DYN.LE00.FE.IN,65.326
"Egypt, Arab Rep.",EGY,1988,"Life expectancy at birth, female (years)",SP.DYN.LE00.FE.IN,64.889
"Egypt, Arab Rep.",EGY,1987,"Life expectancy at birth, female (years)",SP.DYN.LE00.FE.IN,63.916
"Egypt, Arab Rep.",EGY,1986,"Life expectancy at birth, female (years)",SP.DYN.LE00.FE.IN,63.084
"Egypt, Arab Rep.",EGY,1985,"Life expectancy at birth, female (years)",SP.DYN.LE00.FE.IN,62.371
"Egypt, Arab Rep.",EGY,1984,"Life expectancy at birth, female (years)",SP.DYN.LE00.FE.IN,61.545
"Egypt, Arab Rep.",EGY,1983,"Life expectancy at birth, female (years)",SP.DYN.LE00.FE.IN,60.815
"Egypt, Arab Rep.",EGY,1982,"Life expectancy at birth, female (years)",SP.DYN.LE00.FE.IN,59.823
"Egypt, Arab Rep.",EGY,1981,"Life expectancy at birth, female (years)",SP.DYN.LE00.FE.IN,58.921
"Egypt, Arab Rep.",EGY,1980,"Life expectancy at birth, female (years)",SP.DYN.LE00.FE.IN,58.602
"Egypt, Arab Rep.",EGY,1979,"Life expectancy at birth, female (years)",SP.DYN.LE00.FE.IN,57.853
"Egypt, Arab Rep.",EGY,1978,"Life expectancy at birth, female (years)",SP.DYN.LE00.FE.IN,57.077
"Egypt, Arab Rep.",EGY,1977,"Life expectancy at birth, female (years)",SP.DYN.LE00.FE.IN,56.296
"Egypt, Arab Rep.",EGY,1976,"Life expectancy at birth, female (years)",SP.DYN.LE00.FE.IN,55.575
"Egypt, Arab Rep.",EGY,1975,"Life expectancy at birth, female (years)",SP.DYN.LE00.FE.IN,54.753
"Egypt, Arab Rep.",EGY,1974,"Life expectancy at birth, female (years)",SP.DYN.LE00.FE.IN,53.937
"Egypt, Arab Rep.",EGY,1973,"Life expectancy at birth, female (years)",SP.DYN.LE00.FE.IN,53.247
"Egypt, Arab Rep.",EGY,1972,"Life expectancy at birth, female (years)",SP.DYN.LE00.FE.IN,52.817
"Egypt, Arab Rep.",EGY,1971,"Life expectancy at birth, female (years)",SP.DYN.LE00.FE.IN,52.454
"Egypt, Arab Rep.",EGY,1970,"Life expectancy at birth, female (years)",SP.DYN.LE00.FE.IN,52.203
"Egypt, Arab Rep.",EGY,1969,"Life expectancy at birth, female (years)",SP.DYN.LE00.FE.IN,51.994
"Egypt, Arab Rep.",EGY,1968,"Life expectancy at birth, female (years)",SP.DYN.LE00.FE.IN,51.902
"Egypt, Arab Rep.",EGY,1967,"Life expectancy at birth, female (years)",SP.DYN.LE00.FE.IN,51.72
"Egypt, Arab Rep.",EGY,1966,"Life expectancy at birth, female (years)",SP.DYN.LE00.FE.IN,51.439
"Egypt, Arab Rep.",EGY,1965,"Life expectancy at birth, female (years)",SP.DYN.LE00.FE.IN,50.949
"Egypt, Arab Rep.",EGY,1964,"Life expectancy at birth, female (years)",SP.DYN.LE00.FE.IN,50.313
"Egypt, Arab Rep.",EGY,1963,"Life expectancy at birth, female (years)",SP.DYN.LE00.FE.IN,49.5
"Egypt, Arab Rep.",EGY,1962,"Life expectancy at birth, female (years)",SP.DYN.LE00.FE.IN,48.654
"Egypt, Arab Rep.",EGY,1961,"Life expectancy at birth, female (years)",SP.DYN.LE00.FE.IN,47.817
"Egypt, Arab Rep.",EGY,1960,"Life expectancy at birth, female (years)",SP.DYN.LE00.FE.IN,47.255
"Egypt, Arab Rep.",EGY,2021,"Life expectancy at birth, male (years)",SP.DYN.LE00.MA.IN,67.935
"Egypt, Arab Rep.",EGY,2020,"Life expectancy at birth, male (years)",SP.DYN.LE00.MA.IN,68.667
"Egypt, Arab Rep.",EGY,2019,"Life expectancy at birth, male (years)",SP.DYN.LE00.MA.IN,69.049
"Egypt, Arab Rep.",EGY,2018,"Life expectancy at birth, male (years)",SP.DYN.LE00.MA.IN,68.875
"Egypt, Arab Rep.",EGY,2017,"Life expectancy at birth, male (years)",SP.DYN.LE00.MA.IN,68.712
"Egypt, Arab Rep.",EGY,2016,"Life expectancy at birth, male (years)",SP.DYN.LE00.MA.IN,68.233
"Egypt, Arab Rep.",EGY,2015,"Life expectancy at birth, male (years)",SP.DYN.LE00.MA.IN,67.967
"Egypt, Arab Rep.",EGY,2014,"Life expectancy at birth, male (years)",SP.DYN.LE00.MA.IN,67.773
"Egypt, Arab Rep.",EGY,2013,"Life expectancy at birth, male (years)",SP.DYN.LE00.MA.IN,67.398
"Egypt, Arab Rep.",EGY,2012,"Life expectancy at birth, male (years)",SP.DYN.LE00.MA.IN,67.513
"Egypt, Arab Rep.",EGY,2011,"Life expectancy at birth, male (years)",SP.DYN.LE00.MA.IN,67.253
"Egypt, Arab Rep.",EGY,2010,"Life expectancy at birth, male (years)",SP.DYN.LE00.MA.IN,67.096
"Egypt, Arab Rep.",EGY,2009,"Life expectancy at birth, male (years)",SP.DYN.LE00.MA.IN,66.951
"Egypt, Arab Rep.",EGY,2008,"Life expectancy at birth, male (years)",SP.DYN.LE00.MA.IN,66.785
"Egypt, Arab Rep.",EGY,2007,"Life expectancy at birth, male (years)",SP.DYN.LE00.MA.IN,66.623
"Egypt, Arab Rep.",EGY,2006,"Life expectancy at birth, male (years)",SP.DYN.LE00.MA.IN,66.525
"Egypt, Arab Rep.",EGY,2005,"Life expectancy at birth, male (years)",SP.DYN.LE00.MA.IN,66.38
"Egypt, Arab Rep.",EGY,2004,"Life expectancy at birth, male (years)",SP.DYN.LE00.MA.IN,66.336
"Egypt, Arab Rep.",EGY,2003,"Life expectancy at birth, male (years)",SP.DYN.LE00.MA.IN,66.159
"Egypt, Arab Rep.",EGY,2002,"Life expectancy at birth, male (years)",SP.DYN.LE00.MA.IN,66.383
"Egypt, Arab Rep.",EGY,2001,"Life expectancy at birth, male (years)",SP.DYN.LE00.MA.IN,66.168
"Egypt, Arab Rep.",EGY,2000,"Life expectancy at birth, male (years)",SP.DYN.LE00.MA.IN,65.897
"Egypt, Arab Rep.",EGY,1999,"Life expectancy at birth, male (years)",SP.DYN.LE00.MA.IN,65.81
"Egypt, Arab Rep.",EGY,1998,"Life expectancy at birth, male (years)",SP.DYN.LE00.MA.IN,65.528
"Egypt, Arab Rep.",EGY,1997,"Life expectancy at birth, male (years)",SP.DYN.LE00.MA.IN,65.104
"Egypt, Arab Rep.",EGY,1996,"Life expectancy at birth, male (years)",SP.DYN.LE00.MA.IN,64.68
"Egypt, Arab Rep.",EGY,1995,"Life expectancy at birth, male (years)",SP.DYN.LE00.MA.IN,64.263
"Egypt, Arab Rep.",EGY,1994,"Life expectancy at birth, male (years)",SP.DYN.LE00.MA.IN,63.876
"Egypt, Arab Rep.",EGY,1993,"Life expectancy at birth, male (years)",SP.DYN.LE00.MA.IN,63.714
"Egypt, Arab Rep.",EGY,1992,"Life expectancy at birth, male (years)",SP.DYN.LE00.MA.IN,63.228
"Egypt, Arab Rep.",EGY,1991,"Life expectancy at birth, male (years)",SP.DYN.LE00.MA.IN,62.912
"Egypt, Arab Rep.",EGY,1990,"Life expectancy at birth, male (years)",SP.DYN.LE00.MA.IN,62.227
"Egypt, Arab Rep.",EGY,1989,"Life expectancy at birth, male (years)",SP.DYN.LE00.MA.IN,61.831
"Egypt, Arab Rep.",EGY,1988,"Life expectancy at birth, male (years)",SP.DYN.LE00.MA.IN,60.984
"Egypt, Arab Rep.",EGY,1987,"Life expectancy at birth, male (years)",SP.DYN.LE00.MA.IN,60.27
"Egypt, Arab Rep.",EGY,1986,"Life expectancy at birth, male (years)",SP.DYN.LE00.MA.IN,59.358
"Egypt, Arab Rep.",EGY,1985,"Life expectancy at birth, male (years)",SP.DYN.LE00.MA.IN,58.63
"Egypt, Arab Rep.",EGY,1984,"Life expectancy at birth, male (years)",SP.DYN.LE00.MA.IN,57.83
"Egypt, Arab Rep.",EGY,1983,"Life expectancy at birth, male (years)",SP.DYN.LE00.MA.IN,56.885
"Egypt, Arab Rep.",EGY,1982,"Life expectancy at birth, male (years)",SP.DYN.LE00.MA.IN,55.995
"Egypt, Arab Rep.",EGY,1981,"Life expectancy at birth, male (years)",SP.DYN.LE00.MA.IN,55.273
"Egypt, Arab Rep.",EGY,1980,"Life expectancy at birth, male (years)",SP.DYN.LE00.MA.IN,54.586
"Egypt, Arab Rep.",EGY,1979,"Life expectancy at birth, male (years)",SP.DYN.LE00.MA.IN,53.698
"Egypt, Arab Rep.",EGY,1978,"Life expectancy at birth, male (years)",SP.DYN.LE00.MA.IN,52.864
"Egypt, Arab Rep.",EGY,1977,"Life expectancy at birth, male (years)",SP.DYN.LE00.MA.IN,51.953
"Egypt, Arab Rep.",EGY,1976,"Life expectancy at birth, male (years)",SP.DYN.LE00.MA.IN,51.157
"Egypt, Arab Rep.",EGY,1975,"Life expectancy at birth, male (years)",SP.DYN.LE00.MA.IN,50.437
"Egypt, Arab Rep.",EGY,1974,"Life expectancy at birth, male (years)",SP.DYN.LE00.MA.IN,49.752
"Egypt, Arab Rep.",EGY,1973,"Life expectancy at birth, male (years)",SP.DYN.LE00.MA.IN,48.54
"Egypt, Arab Rep.",EGY,1972,"Life expectancy at birth, male (years)",SP.DYN.LE00.MA.IN,48.743
"Egypt, Arab Rep.",EGY,1971,"Life expectancy at birth, male (years)",SP.DYN.LE00.MA.IN,48.361
"Egypt, Arab Rep.",EGY,1970,"Life expectancy at birth, male (years)",SP.DYN.LE00.MA.IN,47.897
"Egypt, Arab Rep.",EGY,1969,"Life expectancy at birth, male (years)",SP.DYN.LE00.MA.IN,47.679
"Egypt, Arab Rep.",EGY,1968,"Life expectancy at birth, male (years)",SP.DYN.LE00.MA.IN,47.939
"Egypt, Arab Rep.",EGY,1967,"Life expectancy at birth, male (years)",SP.DYN.LE00.MA.IN,47.438
"Egypt, Arab Rep.",EGY,1966,"Life expectancy at birth, male (years)",SP.DYN.LE00.MA.IN,47.608
"Egypt, Arab Rep.",EGY,1965,"Life expectancy at birth, male (years)",SP.DYN.LE00.MA.IN,47.33
"Egypt, Arab Rep.",EGY,1964,"Life expectancy at birth, male (years)",SP.DYN.LE00.MA.IN,46.658
"Egypt, Arab Rep.",EGY,1963,"Life expectancy at birth, male (years)",SP.DYN.LE00.MA.IN,45.88
"Egypt, Arab Rep.",EGY,1962,"Life expectancy at birth, male (years)",SP.DYN.LE00.MA.IN,45.072
"Egypt, Arab Rep.",EGY,1961,"Life expectancy at birth, male (years)",SP.DYN.LE00.MA.IN,44.274
"Egypt, Arab Rep.",EGY,1960,"Life expectancy at birth, male (years)",SP.DYN.LE00.MA.IN,43.555
"Egypt, Arab Rep.",EGY,2021,"Fertility rate, total (births per woman)",SP.DYN.TFRT.IN,2.917
"Egypt, Arab Rep.",EGY,2020,"Fertility rate, total (births per woman)",SP.DYN.TFRT.IN,2.96
"Egypt, Arab Rep.",EGY,2019,"Fertility rate, total (births per woman)",SP.DYN.TFRT.IN,3.001
"Egypt, Arab Rep.",EGY,2018,"Fertility rate, total (births per woman)",SP.DYN.TFRT.IN,3.098
"Egypt, Arab Rep.",EGY,2017,"Fertility rate, total (births per woman)",SP.DYN.TFRT.IN,3.151
"Egypt, Arab Rep.",EGY,2016,"Fertility rate, total (births per woman)",SP.DYN.TFRT.IN,3.203
"Egypt, Arab Rep.",EGY,2015,"Fertility rate, total (births per woman)",SP.DYN.TFRT.IN,3.436
"Egypt, Arab Rep.",EGY,2014,"Fertility rate, total (births per woman)",SP.DYN.TFRT.IN,3.441
"Egypt, Arab Rep.",EGY,2013,"Fertility rate, total (births per woman)",SP.DYN.TFRT.IN,3.419
"Egypt, Arab Rep.",EGY,2012,"Fertility rate, total (births per woman)",SP.DYN.TFRT.IN,3.335
"Egypt, Arab Rep.",EGY,2011,"Fertility rate, total (births per woman)",SP.DYN.TFRT.IN,3.247
"Egypt, Arab Rep.",EGY,2010,"Fertility rate, total (births per woman)",SP.DYN.TFRT.IN,3.213
"Egypt, Arab Rep.",EGY,2009,"Fertility rate, total (births per woman)",SP.DYN.TFRT.IN,3.108
"Egypt, Arab Rep.",EGY,2008,"Fertility rate, total (births per woman)",SP.DYN.TFRT.IN,3.101
"Egypt, Arab Rep.",EGY,2007,"Fertility rate, total (births per woman)",SP.DYN.TFRT.IN,3.12
"Egypt, Arab Rep.",EGY,2006,"Fertility rate, total (births per woman)",SP.DYN.TFRT.IN,3.109
"Egypt, Arab Rep.",EGY,2005,"Fertility rate, total (births per woman)",SP.DYN.TFRT.IN,3.151
"Egypt, Arab Rep.",EGY,2004,"Fertility rate, total (births per woman)",SP.DYN.TFRT.IN,3.181
"Egypt, Arab Rep.",EGY,2003,"Fertility rate, total (births per woman)",SP.DYN.TFRT.IN,3.261
"Egypt, Arab Rep.",EGY,2002,"Fertility rate, total (births per woman)",SP.DYN.TFRT.IN,3.318
"Egypt, Arab Rep.",EGY,2001,"Fertility rate, total (births per woman)",SP.DYN.TFRT.IN,3.394
"Egypt, Arab Rep.",EGY,2000,"Fertility rate, total (births per woman)",SP.DYN.TFRT.IN,3.442
"Egypt, Arab Rep.",EGY,1999,"Fertility rate, total (births per woman)",SP.DYN.TFRT.IN,3.524
"Egypt, Arab Rep.",EGY,1998,"Fertility rate, total (births per woman)",SP.DYN.TFRT.IN,3.617
"Egypt, Arab Rep.",EGY,1997,"Fertility rate, total (births per woman)",SP.DYN.TFRT.IN,3.654
"Egypt, Arab Rep.",EGY,1996,"Fertility rate, total (births per woman)",SP.DYN.TFRT.IN,3.733
"Egypt, Arab Rep.",EGY,1995,"Fertility rate, total (births per woman)",SP.DYN.TFRT.IN,3.844
"Egypt, Arab Rep.",EGY,1994,"Fertility rate, total (births per woman)",SP.DYN.TFRT.IN,3.967
"Egypt, Arab Rep.",EGY,1993,"Fertility rate, total (births per woman)",SP.DYN.TFRT.IN,4.103
"Egypt, Arab Rep.",EGY,1992,"Fertility rate, total (births per woman)",SP.DYN.TFRT.IN,4.253
"Egypt, Arab Rep.",EGY,1991,"Fertility rate, total (births per woman)",SP.DYN.TFRT.IN,4.304
"Egypt, Arab Rep.",EGY,1990,"Fertility rate, total (births per woman)",SP.DYN.TFRT.IN,4.484
"Egypt, Arab Rep.",EGY,1989,"Fertility rate, total (births per woman)",SP.DYN.TFRT.IN,4.685
"Egypt, Arab Rep.",EGY,1988,"Fertility rate, total (births per woman)",SP.DYN.TFRT.IN,4.871
"Egypt, Arab Rep.",EGY,1987,"Fertility rate, total (births per woman)",SP.DYN.TFRT.IN,4.989
"Egypt, Arab Rep.",EGY,1986,"Fertility rate, total (births per woman)",SP.DYN.TFRT.IN,5.07
"Egypt, Arab Rep.",EGY,1985,"Fertility rate, total (births per woman)",SP.DYN.TFRT.IN,5.16
"Egypt, Arab Rep.",EGY,1984,"Fertility rate, total (births per woman)",SP.DYN.TFRT.IN,5.239
"Egypt, Arab Rep.",EGY,1983,"Fertility rate, total (births per woman)",SP.DYN.TFRT.IN,5.334
"Egypt, Arab Rep.",EGY,1982,"Fertility rate, total (births per woman)",SP.DYN.TFRT.IN,5.371
"Egypt, Arab Rep.",EGY,1981,"Fertility rate, total (births per woman)",SP.DYN.TFRT.IN,5.442
"Egypt, Arab Rep.",EGY,1980,"Fertility rate, total (births per woman)",SP.DYN.TFRT.IN,5.578
"Egypt, Arab Rep.",EGY,1979,"Fertility rate, total (births per woman)",SP.DYN.TFRT.IN,5.701
"Egypt, Arab Rep.",EGY,1978,"Fertility rate, total (births per woman)",SP.DYN.TFRT.IN,5.717
"Egypt, Arab Rep.",EGY,1977,"Fertility rate, total (births per woman)",SP.DYN.TFRT.IN,5.739
"Egypt, Arab Rep.",EGY,1976,"Fertility rate, total (births per woman)",SP.DYN.TFRT.IN,5.765
"Egypt, Arab Rep.",EGY,1975,"Fertility rate, total (births per woman)",SP.DYN.TFRT.IN,5.799
"Egypt, Arab Rep.",EGY,1974,"Fertility rate, total (births per woman)",SP.DYN.TFRT.IN,5.835
"Egypt, Arab Rep.",EGY,1973,"Fertility rate, total (births per woman)",SP.DYN.TFRT.IN,5.888
"Egypt, Arab Rep.",EGY,1972,"Fertility rate, total (births per woman)",SP.DYN.TFRT.IN,5.971
"Egypt, Arab Rep.",EGY,1971,"Fertility rate, total (births per woman)",SP.DYN.TFRT.IN,6.031
"Egypt, Arab Rep.",EGY,1970,"Fertility rate, total (births per woman)",SP.DYN.TFRT.IN,6.119
"Egypt, Arab Rep.",EGY,1969,"Fertility rate, total (births per woman)",SP.DYN.TFRT.IN,6.195
"Egypt, Arab Rep.",EGY,1968,"Fertility rate, total (births per woman)",SP.DYN.TFRT.IN,6.286
"Egypt, Arab Rep.",EGY,1967,"Fertility rate, total (births per woman)",SP.DYN.TFRT.IN,6.357
"Egypt, Arab Rep.",EGY,1966,"Fertility rate, total (births per woman)",SP.DYN.TFRT.IN,6.433
"Egypt, Arab Rep.",EGY,1965,"Fertility rate, total (births per woman)",SP.DYN.TFRT.IN,6.518
"Egypt, Arab Rep.",EGY,1964,"Fertility rate, total (births per woman)",SP.DYN.TFRT.IN,6.643
"Egypt, Arab Rep.",EGY,1963,"Fertility rate, total (births per woman)",SP.DYN.TFRT.IN,6.718
"Egypt, Arab Rep.",EGY,1962,"Fertility rate, total (births per woman)",SP.DYN.TFRT.IN,6.755
"Egypt, Arab Rep.",EGY,1961,"Fertility rate, total (births per woman)",SP.DYN.TFRT.IN,6.779
"Egypt, Arab Rep.",EGY,1960,"Fertility rate, total (births per woman)",SP.DYN.TFRT.IN,6.794
"Egypt, Arab Rep.",EGY,2021,"Survival to age 65, female (% of cohort)",SP.DYN.TO65.FE.ZS,78.70727
"Egypt, Arab Rep.",EGY,2020,"Survival to age 65, female (% of cohort)",SP.DYN.TO65.FE.ZS,80.18564
"Egypt, Arab Rep.",EGY,2019,"Survival to age 65, female (% of cohort)",SP.DYN.TO65.FE.ZS,80.851234
"Egypt, Arab Rep.",EGY,2018,"Survival to age 65, female (% of cohort)",SP.DYN.TO65.FE.ZS,81.02064
"Egypt, Arab Rep.",EGY,2017,"Survival to age 65, female (% of cohort)",SP.DYN.TO65.FE.ZS,80.91505
"Egypt, Arab Rep.",EGY,2016,"Survival to age 65, female (% of cohort)",SP.DYN.TO65.FE.ZS,80.07011
"Egypt, Arab Rep.",EGY,2015,"Survival to age 65, female (% of cohort)",SP.DYN.TO65.FE.ZS,79.17598
"Egypt, Arab Rep.",EGY,2014,"Survival to age 65, female (% of cohort)",SP.DYN.TO65.FE.ZS,79.204605
"Egypt, Arab Rep.",EGY,2013,"Survival to age 65, female (% of cohort)",SP.DYN.TO65.FE.ZS,78.33246
"Egypt, Arab Rep.",EGY,2012,"Survival to age 65, female (% of cohort)",SP.DYN.TO65.FE.ZS,78.14216
"Egypt, Arab Rep.",EGY,2011,"Survival to age 65, female (% of cohort)",SP.DYN.TO65.FE.ZS,77.94062
"Egypt, Arab Rep.",EGY,2010,"Survival to age 65, female (% of cohort)",SP.DYN.TO65.FE.ZS,77.50826
"Egypt, Arab Rep.",EGY,2009,"Survival to age 65, female (% of cohort)",SP.DYN.TO65.FE.ZS,77.17613
"Egypt, Arab Rep.",EGY,2008,"Survival to age 65, female (% of cohort)",SP.DYN.TO65.FE.ZS,76.9692
"Egypt, Arab Rep.",EGY,2007,"Survival to age 65, female (% of cohort)",SP.DYN.TO65.FE.ZS,76.634964
"Egypt, Arab Rep.",EGY,2006,"Survival to age 65, female (% of cohort)",SP.DYN.TO65.FE.ZS,76.30974
"Egypt, Arab Rep.",EGY,2005,"Survival to age 65, female (% of cohort)",SP.DYN.TO65.FE.ZS,75.899925
"Egypt, Arab Rep.",EGY,2004,"Survival to age 65, female (% of cohort)",SP.DYN.TO65.FE.ZS,75.41629
"Egypt, Arab Rep.",EGY,2003,"Survival to age 65, female (% of cohort)",SP.DYN.TO65.FE.ZS,75.058754
"Egypt, Arab Rep.",EGY,2002,"Survival to age 65, female (% of cohort)",SP.DYN.TO65.FE.ZS,75.317184
"Egypt, Arab Rep.",EGY,2001,"Survival to age 65, female (% of cohort)",SP.DYN.TO65.FE.ZS,74.92078
"Egypt, Arab Rep.",EGY,2000,"Survival to age 65, female (% of cohort)",SP.DYN.TO65.FE.ZS,74.48725
"Egypt, Arab Rep.",EGY,1999,"Survival to age 65, female (% of cohort)",SP.DYN.TO65.FE.ZS,73.825165
"Egypt, Arab Rep.",EGY,1998,"Survival to age 65, female (% of cohort)",SP.DYN.TO65.FE.ZS,73.559296
"Egypt, Arab Rep.",EGY,1997,"Survival to age 65, female (% of cohort)",SP.DYN.TO65.FE.ZS,73.53752
"Egypt, Arab Rep.",EGY,1996,"Survival to age 65, female (% of cohort)",SP.DYN.TO65.FE.ZS,72.87059
"Egypt, Arab Rep.",EGY,1995,"Survival to age 65, female (% of cohort)",SP.DYN.TO65.FE.ZS,72.28574
"Egypt, Arab Rep.",EGY,1994,"Survival to age 65, female (% of cohort)",SP.DYN.TO65.FE.ZS,71.406044
"Egypt, Arab Rep.",EGY,1993,"Survival to age 65, female (% of cohort)",SP.DYN.TO65.FE.ZS,70.62034
"Egypt, Arab Rep.",EGY,1992,"Survival to age 65, female (% of cohort)",SP.DYN.TO65.FE.ZS,70.122345
"Egypt, Arab Rep.",EGY,1991,"Survival to age 65, female (% of cohort)",SP.DYN.TO65.FE.ZS,69.88023
"Egypt, Arab Rep.",EGY,1990,"Survival to age 65, female (% of cohort)",SP.DYN.TO65.FE.ZS,69.12058
"Egypt, Arab Rep.",EGY,1989,"Survival to age 65, female (% of cohort)",SP.DYN.TO65.FE.ZS,68.17632
"Egypt, Arab Rep.",EGY,1988,"Survival to age 65, female (% of cohort)",SP.DYN.TO65.FE.ZS,67.66199
"Egypt, Arab Rep.",EGY,1987,"Survival to age 65, female (% of cohort)",SP.DYN.TO65.FE.ZS,66.22458
"Egypt, Arab Rep.",EGY,1986,"Survival to age 65, female (% of cohort)",SP.DYN.TO65.FE.ZS,65.09491
"Egypt, Arab Rep.",EGY,1985,"Survival to age 65, female (% of cohort)",SP.DYN.TO65.FE.ZS,64.28082
"Egypt, Arab Rep.",EGY,1984,"Survival to age 65, female (% of cohort)",SP.DYN.TO65.FE.ZS,63.327618
"Egypt, Arab Rep.",EGY,1983,"Survival to age 65, female (% of cohort)",SP.DYN.TO65.FE.ZS,62.543694
"Egypt, Arab Rep.",EGY,1982,"Survival to age 65, female (% of cohort)",SP.DYN.TO65.FE.ZS,61.281284
"Egypt, Arab Rep.",EGY,1981,"Survival to age 65, female (% of cohort)",SP.DYN.TO65.FE.ZS,60.153965
"Egypt, Arab Rep.",EGY,1980,"Survival to age 65, female (% of cohort)",SP.DYN.TO65.FE.ZS,60.1533
"Egypt, Arab Rep.",EGY,1979,"Survival to age 65, female (% of cohort)",SP.DYN.TO65.FE.ZS,59.315563
"Egypt, Arab Rep.",EGY,1978,"Survival to age 65, female (% of cohort)",SP.DYN.TO65.FE.ZS,58.44927
"Egypt, Arab Rep.",EGY,1977,"Survival to age 65, female (% of cohort)",SP.DYN.TO65.FE.ZS,57.588634
"Egypt, Arab Rep.",EGY,1976,"Survival to age 65, female (% of cohort)",SP.DYN.TO65.FE.ZS,56.84551
"Egypt, Arab Rep.",EGY,1975,"Survival to age 65, female (% of cohort)",SP.DYN.TO65.FE.ZS,55.891727
"Egypt, Arab Rep.",EGY,1974,"Survival to age 65, female (% of cohort)",SP.DYN.TO65.FE.ZS,54.89846
"Egypt, Arab Rep.",EGY,1973,"Survival to age 65, female (% of cohort)",SP.DYN.TO65.FE.ZS,54.040073
"Egypt, Arab Rep.",EGY,1972,"Survival to age 65, female (% of cohort)",SP.DYN.TO65.FE.ZS,53.60914
"Egypt, Arab Rep.",EGY,1971,"Survival to age 65, female (% of cohort)",SP.DYN.TO65.FE.ZS,53.216507
"Egypt, Arab Rep.",EGY,1970,"Survival to age 65, female (% of cohort)",SP.DYN.TO65.FE.ZS,52.963478
"Egypt, Arab Rep.",EGY,1969,"Survival to age 65, female (% of cohort)",SP.DYN.TO65.FE.ZS,52.778294
"Egypt, Arab Rep.",EGY,1968,"Survival to age 65, female (% of cohort)",SP.DYN.TO65.FE.ZS,52.844448
"Egypt, Arab Rep.",EGY,1967,"Survival to age 65, female (% of cohort)",SP.DYN.TO65.FE.ZS,52.757378
"Egypt, Arab Rep.",EGY,1966,"Survival to age 65, female (% of cohort)",SP.DYN.TO65.FE.ZS,52.575172
"Egypt, Arab Rep.",EGY,1965,"Survival to age 65, female (% of cohort)",SP.DYN.TO65.FE.ZS,52.0642
"Egypt, Arab Rep.",EGY,1964,"Survival to age 65, female (% of cohort)",SP.DYN.TO65.FE.ZS,51.34919
"Egypt, Arab Rep.",EGY,1963,"Survival to age 65, female (% of cohort)",SP.DYN.TO65.FE.ZS,50.33214
"Egypt, Arab Rep.",EGY,1962,"Survival to age 65, female (% of cohort)",SP.DYN.TO65.FE.ZS,49.33752
"Egypt, Arab Rep.",EGY,1961,"Survival to age 65, female (% of cohort)",SP.DYN.TO65.FE.ZS,48.35895
"Egypt, Arab Rep.",EGY,1960,"Survival to age 65, female (% of cohort)",SP.DYN.TO65.FE.ZS,47.87596
"Egypt, Arab Rep.",EGY,2021,"Survival to age 65, male (% of cohort)",SP.DYN.TO65.MA.ZS,66.43801
"Egypt, Arab Rep.",EGY,2020,"Survival to age 65, male (% of cohort)",SP.DYN.TO65.MA.ZS,68.23589
"Egypt, Arab Rep.",EGY,2019,"Survival to age 65, male (% of cohort)",SP.DYN.TO65.MA.ZS,69.386024
"Egypt, Arab Rep.",EGY,2018,"Survival to age 65, male (% of cohort)",SP.DYN.TO65.MA.ZS,68.85014
"Egypt, Arab Rep.",EGY,2017,"Survival to age 65, male (% of cohort)",SP.DYN.TO65.MA.ZS,68.35588
"Egypt, Arab Rep.",EGY,2016,"Survival to age 65, male (% of cohort)",SP.DYN.TO65.MA.ZS,67.1669
"Egypt, Arab Rep.",EGY,2015,"Survival to age 65, male (% of cohort)",SP.DYN.TO65.MA.ZS,66.56614
"Egypt, Arab Rep.",EGY,2014,"Survival to age 65, male (% of cohort)",SP.DYN.TO65.MA.ZS,66.096985
"Egypt, Arab Rep.",EGY,2013,"Survival to age 65, male (% of cohort)",SP.DYN.TO65.MA.ZS,65.090195
"Egypt, Arab Rep.",EGY,2012,"Survival to age 65, male (% of cohort)",SP.DYN.TO65.MA.ZS,65.44401
"Egypt, Arab Rep.",EGY,2011,"Survival to age 65, male (% of cohort)",SP.DYN.TO65.MA.ZS,65.03742
"Egypt, Arab Rep.",EGY,2010,"Survival to age 65, male (% of cohort)",SP.DYN.TO65.MA.ZS,64.87102
"Egypt, Arab Rep.",EGY,2009,"Survival to age 65, male (% of cohort)",SP.DYN.TO65.MA.ZS,64.7458
"Egypt, Arab Rep.",EGY,2008,"Survival to age 65, male (% of cohort)",SP.DYN.TO65.MA.ZS,64.5555
"Egypt, Arab Rep.",EGY,2007,"Survival to age 65, male (% of cohort)",SP.DYN.TO65.MA.ZS,64.34974
"Egypt, Arab Rep.",EGY,2006,"Survival to age 65, male (% of cohort)",SP.DYN.TO65.MA.ZS,64.2982
"Egypt, Arab Rep.",EGY,2005,"Survival to age 65, male (% of cohort)",SP.DYN.TO65.MA.ZS,64.1233
"Egypt, Arab Rep.",EGY,2004,"Survival to age 65, male (% of cohort)",SP.DYN.TO65.MA.ZS,64.21093
"Egypt, Arab Rep.",EGY,2003,"Survival to age 65, male (% of cohort)",SP.DYN.TO65.MA.ZS,64.01662
"Egypt, Arab Rep.",EGY,2002,"Survival to age 65, male (% of cohort)",SP.DYN.TO65.MA.ZS,64.779625
"Egypt, Arab Rep.",EGY,2001,"Survival to age 65, male (% of cohort)",SP.DYN.TO65.MA.ZS,64.565575
"Egypt, Arab Rep.",EGY,2000,"Survival to age 65, male (% of cohort)",SP.DYN.TO65.MA.ZS,64.25626
"Egypt, Arab Rep.",EGY,1999,"Survival to age 65, male (% of cohort)",SP.DYN.TO65.MA.ZS,64.3722
"Egypt, Arab Rep.",EGY,1998,"Survival to age 65, male (% of cohort)",SP.DYN.TO65.MA.ZS,64.066086
"Egypt, Arab Rep.",EGY,1997,"Survival to age 65, male (% of cohort)",SP.DYN.TO65.MA.ZS,63.464573
"Egypt, Arab Rep.",EGY,1996,"Survival to age 65, male (% of cohort)",SP.DYN.TO65.MA.ZS,62.84358
"Egypt, Arab Rep.",EGY,1995,"Survival to age 65, male (% of cohort)",SP.DYN.TO65.MA.ZS,62.244724
"Egypt, Arab Rep.",EGY,1994,"Survival to age 65, male (% of cohort)",SP.DYN.TO65.MA.ZS,61.703922
"Egypt, Arab Rep.",EGY,1993,"Survival to age 65, male (% of cohort)",SP.DYN.TO65.MA.ZS,61.63263
"Egypt, Arab Rep.",EGY,1992,"Survival to age 65, male (% of cohort)",SP.DYN.TO65.MA.ZS,60.8315
"Egypt, Arab Rep.",EGY,1991,"Survival to age 65, male (% of cohort)",SP.DYN.TO65.MA.ZS,60.418278
"Egypt, Arab Rep.",EGY,1990,"Survival to age 65, male (% of cohort)",SP.DYN.TO65.MA.ZS,59.197727
"Egypt, Arab Rep.",EGY,1989,"Survival to age 65, male (% of cohort)",SP.DYN.TO65.MA.ZS,58.66217
"Egypt, Arab Rep.",EGY,1988,"Survival to age 65, male (% of cohort)",SP.DYN.TO65.MA.ZS,57.165077
"Egypt, Arab Rep.",EGY,1987,"Survival to age 65, male (% of cohort)",SP.DYN.TO65.MA.ZS,56.059895
"Egypt, Arab Rep.",EGY,1986,"Survival to age 65, male (% of cohort)",SP.DYN.TO65.MA.ZS,54.610813
"Egypt, Arab Rep.",EGY,1985,"Survival to age 65, male (% of cohort)",SP.DYN.TO65.MA.ZS,53.702614
"Egypt, Arab Rep.",EGY,1984,"Survival to age 65, male (% of cohort)",SP.DYN.TO65.MA.ZS,52.692524
"Egypt, Arab Rep.",EGY,1983,"Survival to age 65, male (% of cohort)",SP.DYN.TO65.MA.ZS,51.374287
"Egypt, Arab Rep.",EGY,1982,"Survival to age 65, male (% of cohort)",SP.DYN.TO65.MA.ZS,50.19281
"Egypt, Arab Rep.",EGY,1981,"Survival to age 65, male (% of cohort)",SP.DYN.TO65.MA.ZS,49.381676
"Egypt, Arab Rep.",EGY,1980,"Survival to age 65, male (% of cohort)",SP.DYN.TO65.MA.ZS,48.656105
"Egypt, Arab Rep.",EGY,1979,"Survival to age 65, male (% of cohort)",SP.DYN.TO65.MA.ZS,47.43807
"Egypt, Arab Rep.",EGY,1978,"Survival to age 65, male (% of cohort)",SP.DYN.TO65.MA.ZS,46.36517
"Egypt, Arab Rep.",EGY,1977,"Survival to age 65, male (% of cohort)",SP.DYN.TO65.MA.ZS,45.118835
"Egypt, Arab Rep.",EGY,1976,"Survival to age 65, male (% of cohort)",SP.DYN.TO65.MA.ZS,44.139015
"Egypt, Arab Rep.",EGY,1975,"Survival to age 65, male (% of cohort)",SP.DYN.TO65.MA.ZS,43.283016
"Egypt, Arab Rep.",EGY,1974,"Survival to age 65, male (% of cohort)",SP.DYN.TO65.MA.ZS,42.439125
"Egypt, Arab Rep.",EGY,1973,"Survival to age 65, male (% of cohort)",SP.DYN.TO65.MA.ZS,40.50488
"Egypt, Arab Rep.",EGY,1972,"Survival to age 65, male (% of cohort)",SP.DYN.TO65.MA.ZS,41.265186
"Egypt, Arab Rep.",EGY,1971,"Survival to age 65, male (% of cohort)",SP.DYN.TO65.MA.ZS,40.807056
"Egypt, Arab Rep.",EGY,1970,"Survival to age 65, male (% of cohort)",SP.DYN.TO65.MA.ZS,40.22574
"Egypt, Arab Rep.",EGY,1969,"Survival to age 65, male (% of cohort)",SP.DYN.TO65.MA.ZS,40.143463
"Egypt, Arab Rep.",EGY,1968,"Survival to age 65, male (% of cohort)",SP.DYN.TO65.MA.ZS,41.00331
"Egypt, Arab Rep.",EGY,1967,"Survival to age 65, male (% of cohort)",SP.DYN.TO65.MA.ZS,40.465466
"Egypt, Arab Rep.",EGY,1966,"Survival to age 65, male (% of cohort)",SP.DYN.TO65.MA.ZS,41.272984
"Egypt, Arab Rep.",EGY,1965,"Survival to age 65, male (% of cohort)",SP.DYN.TO65.MA.ZS,41.31059
"Egypt, Arab Rep.",EGY,1964,"Survival to age 65, male (% of cohort)",SP.DYN.TO65.MA.ZS,40.562202
"Egypt, Arab Rep.",EGY,1963,"Survival to age 65, male (% of cohort)",SP.DYN.TO65.MA.ZS,39.68606
"Egypt, Arab Rep.",EGY,1962,"Survival to age 65, male (% of cohort)",SP.DYN.TO65.MA.ZS,38.805965
"Egypt, Arab Rep.",EGY,1961,"Survival to age 65, male (% of cohort)",SP.DYN.TO65.MA.ZS,37.98028
"Egypt, Arab Rep.",EGY,1960,"Survival to age 65, male (% of cohort)",SP.DYN.TO65.MA.ZS,37.320198
"Egypt, Arab Rep.",EGY,2014,Wanted fertility rate (births per woman),SP.DYN.WFRT,2.8
"Egypt, Arab Rep.",EGY,2008,Wanted fertility rate (births per woman),SP.DYN.WFRT,2.4
"Egypt, Arab Rep.",EGY,2005,Wanted fertility rate (births per woman),SP.DYN.WFRT,2.3
"Egypt, Arab Rep.",EGY,2003,Wanted fertility rate (births per woman),SP.DYN.WFRT,2.5
"Egypt, Arab Rep.",EGY,2000,Wanted fertility rate (births per woman),SP.DYN.WFRT,2.9
"Egypt, Arab Rep.",EGY,1995,Wanted fertility rate (births per woman),SP.DYN.WFRT,2.6
"Egypt, Arab Rep.",EGY,1992,Wanted fertility rate (births per woman),SP.DYN.WFRT,2.7
"Egypt, Arab Rep.",EGY,1988,Wanted fertility rate (births per woman),SP.DYN.WFRT,3.0
"Egypt, Arab Rep.",EGY,2014,Female headed households (% of households with a female head),SP.HOU.FEMA.ZS,12.9
"Egypt, Arab Rep.",EGY,2008,Female headed households (% of households with a female head),SP.HOU.FEMA.ZS,13.4
"Egypt, Arab Rep.",EGY,2005,Female headed households (% of households with a female head),SP.HOU.FEMA.ZS,12.3
"Egypt, Arab Rep.",EGY,2003,Female headed households (% of households with a female head),SP.HOU.FEMA.ZS,12.8
"Egypt, Arab Rep.",EGY,2000,Female headed households (% of households with a female head),SP.HOU.FEMA.ZS,12.0
"Egypt, Arab Rep.",EGY,1995,Female headed households (% of households with a female head),SP.HOU.FEMA.ZS,12.6
"Egypt, Arab Rep.",EGY,1992,Female headed households (% of households with a female head),SP.HOU.FEMA.ZS,11.8
"Egypt, Arab Rep.",EGY,2014,Women who were first married by age 15 (% of women ages 20-24),SP.M15.2024.FE.ZS,2.0
"Egypt, Arab Rep.",EGY,2008,Women who were first married by age 15 (% of women ages 20-24),SP.M15.2024.FE.ZS,2.2
"Egypt, Arab Rep.",EGY,2005,Women who were first married by age 15 (% of women ages 20-24),SP.M15.2024.FE.ZS,2.5
"Egypt, Arab Rep.",EGY,2003,Women who were first married by age 15 (% of women ages 20-24),SP.M15.2024.FE.ZS,2.7
"Egypt, Arab Rep.",EGY,2000,Women who were first married by age 15 (% of women ages 20-24),SP.M15.2024.FE.ZS,3.9
"Egypt, Arab Rep.",EGY,1995,Women who were first married by age 15 (% of women ages 20-24),SP.M15.2024.FE.ZS,7.8
"Egypt, Arab Rep.",EGY,1992,Women who were first married by age 15 (% of women ages 20-24),SP.M15.2024.FE.ZS,7.2
"Egypt, Arab Rep.",EGY,1988,Women who were first married by age 15 (% of women ages 20-24),SP.M15.2024.FE.ZS,8.9
"Egypt, Arab Rep.",EGY,2014,Women who were first married by age 18 (% of women ages 20-24),SP.M18.2024.FE.ZS,17.4
"Egypt, Arab Rep.",EGY,2008,Women who were first married by age 18 (% of women ages 20-24),SP.M18.2024.FE.ZS,16.6
"Egypt, Arab Rep.",EGY,2005,Women who were first married by age 18 (% of women ages 20-24),SP.M18.2024.FE.ZS,16.6
"Egypt, Arab Rep.",EGY,2003,Women who were first married by age 18 (% of women ages 20-24),SP.M18.2024.FE.ZS,18.5
"Egypt, Arab Rep.",EGY,2000,Women who were first married by age 18 (% of women ages 20-24),SP.M18.2024.FE.ZS,19.5
"Egypt, Arab Rep.",EGY,1995,Women who were first married by age 18 (% of women ages 20-24),SP.M18.2024.FE.ZS,26.8
"Egypt, Arab Rep.",EGY,1992,Women who were first married by age 18 (% of women ages 20-24),SP.M18.2024.FE.ZS,26.7
"Egypt, Arab Rep.",EGY,1988,Women who were first married by age 18 (% of women ages 20-24),SP.M18.2024.FE.ZS,30.5
"Egypt, Arab Rep.",EGY,2014,Teenage mothers (% of women ages 15-19 who have had children or are currently pregnant),SP.MTR.1519.ZS,10.9
"Egypt, Arab Rep.",EGY,2008,Teenage mothers (% of women ages 15-19 who have had children or are currently pregnant),SP.MTR.1519.ZS,9.6
"Egypt, Arab Rep.",EGY,2005,Teenage mothers (% of women ages 15-19 who have had children or are currently pregnant),SP.MTR.1519.ZS,9.4
"Egypt, Arab Rep.",EGY,2003,Teenage mothers (% of women ages 15-19 who have had children or are currently pregnant),SP.MTR.1519.ZS,8.1
"Egypt, Arab Rep.",EGY,2000,Teenage mothers (% of women ages 15-19 who have had children or are currently pregnant),SP.MTR.1519.ZS,8.5
"Egypt, Arab Rep.",EGY,1995,Teenage mothers (% of women ages 15-19 who have had children or are currently pregnant),SP.MTR.1519.ZS,10.2
"Egypt, Arab Rep.",EGY,1992,Teenage mothers (% of women ages 15-19 who have had children or are currently pregnant),SP.MTR.1519.ZS,9.9
"Egypt, Arab Rep.",EGY,1988,Teenage mothers (% of women ages 15-19 who have had children or are currently pregnant),SP.MTR.1519.ZS,9.8
"Egypt, Arab Rep.",EGY,2017,"School life expectancy, primary to tertiary, female (years)",SE.SCH.LIFE.FE,13.31444
"Egypt, Arab Rep.",EGY,2016,"School life expectancy, primary to tertiary, female (years)",SE.SCH.LIFE.FE,13.09909
"Egypt, Arab Rep.",EGY,2014,"School life expectancy, primary to tertiary, female (years)",SE.SCH.LIFE.FE,12.61153
"Egypt, Arab Rep.",EGY,2013,"School life expectancy, primary to tertiary, female (years)",SE.SCH.LIFE.FE,12.55314
"Egypt, Arab Rep.",EGY,2012,"School life expectancy, primary to tertiary, female (years)",SE.SCH.LIFE.FE,12.25498
"Egypt, Arab Rep.",EGY,2011,"School life expectancy, primary to tertiary, female (years)",SE.SCH.LIFE.FE,11.75568
"Egypt, Arab Rep.",EGY,2010,"School life expectancy, primary to tertiary, female (years)",SE.SCH.LIFE.FE,11.69569
"Egypt, Arab Rep.",EGY,2009,"School life expectancy, primary to tertiary, female (years)",SE.SCH.LIFE.FE,11.51791
"Egypt, Arab Rep.",EGY,2004,"School life expectancy, primary to tertiary, female (years)",SE.SCH.LIFE.FE,10.8993
"Egypt, Arab Rep.",EGY,2003,"School life expectancy, primary to tertiary, female (years)",SE.SCH.LIFE.FE,10.85348
"Egypt, Arab Rep.",EGY,2001,"School life expectancy, primary to tertiary, female (years)",SE.SCH.LIFE.FE,10.8244
"Egypt, Arab Rep.",EGY,1991,"School life expectancy, primary to tertiary, female (years)",SE.SCH.LIFE.FE,8.6681
"Egypt, Arab Rep.",EGY,1990,"School life expectancy, primary to tertiary, female (years)",SE.SCH.LIFE.FE,8.5283
"Egypt, Arab Rep.",EGY,1989,"School life expectancy, primary to tertiary, female (years)",SE.SCH.LIFE.FE,8.5252
"Egypt, Arab Rep.",EGY,1988,"School life expectancy, primary to tertiary, female (years)",SE.SCH.LIFE.FE,8.39502
"Egypt, Arab Rep.",EGY,1987,"School life expectancy, primary to tertiary, female (years)",SE.SCH.LIFE.FE,8.22798
"Egypt, Arab Rep.",EGY,1986,"School life expectancy, primary to tertiary, female (years)",SE.SCH.LIFE.FE,7.90218
"Egypt, Arab Rep.",EGY,1985,"School life expectancy, primary to tertiary, female (years)",SE.SCH.LIFE.FE,7.61592
"Egypt, Arab Rep.",EGY,1984,"School life expectancy, primary to tertiary, female (years)",SE.SCH.LIFE.FE,7.31493
"Egypt, Arab Rep.",EGY,1983,"School life expectancy, primary to tertiary, female (years)",SE.SCH.LIFE.FE,6.98496
"Egypt, Arab Rep.",EGY,1982,"School life expectancy, primary to tertiary, female (years)",SE.SCH.LIFE.FE,6.64931
"Egypt, Arab Rep.",EGY,1981,"School life expectancy, primary to tertiary, female (years)",SE.SCH.LIFE.FE,6.36024
"Egypt, Arab Rep.",EGY,1980,"School life expectancy, primary to tertiary, female (years)",SE.SCH.LIFE.FE,6.14698
"Egypt, Arab Rep.",EGY,1979,"School life expectancy, primary to tertiary, female (years)",SE.SCH.LIFE.FE,5.98583
"Egypt, Arab Rep.",EGY,1978,"School life expectancy, primary to tertiary, female (years)",SE.SCH.LIFE.FE,5.8292
"Egypt, Arab Rep.",EGY,1977,"School life expectancy, primary to tertiary, female (years)",SE.SCH.LIFE.FE,5.69673
"Egypt, Arab Rep.",EGY,1976,"School life expectancy, primary to tertiary, female (years)",SE.SCH.LIFE.FE,5.49436
"Egypt, Arab Rep.",EGY,1975,"School life expectancy, primary to tertiary, female (years)",SE.SCH.LIFE.FE,5.27552
"Egypt, Arab Rep.",EGY,1974,"School life expectancy, primary to tertiary, female (years)",SE.SCH.LIFE.FE,5.12286
"Egypt, Arab Rep.",EGY,1973,"School life expectancy, primary to tertiary, female (years)",SE.SCH.LIFE.FE,5.12664
"Egypt, Arab Rep.",EGY,1972,"School life expectancy, primary to tertiary, female (years)",SE.SCH.LIFE.FE,4.9916
"Egypt, Arab Rep.",EGY,1971,"School life expectancy, primary to tertiary, female (years)",SE.SCH.LIFE.FE,4.81762
"Egypt, Arab Rep.",EGY,2017,"School life expectancy, primary to tertiary, male (years)",SE.SCH.LIFE.MA,13.33763
"Egypt, Arab Rep.",EGY,2016,"School life expectancy, primary to tertiary, male (years)",SE.SCH.LIFE.MA,13.15055
"Egypt, Arab Rep.",EGY,2014,"School life expectancy, primary to tertiary, male (years)",SE.SCH.LIFE.MA,12.85846
"Egypt, Arab Rep.",EGY,2013,"School life expectancy, primary to tertiary, male (years)",SE.SCH.LIFE.MA,12.9109
"Egypt, Arab Rep.",EGY,2012,"School life expectancy, primary to tertiary, male (years)",SE.SCH.LIFE.MA,12.60573
"Egypt, Arab Rep.",EGY,2011,"School life expectancy, primary to tertiary, male (years)",SE.SCH.LIFE.MA,12.20242
"Egypt, Arab Rep.",EGY,2010,"School life expectancy, primary to tertiary, male (years)",SE.SCH.LIFE.MA,12.12689
"Egypt, Arab Rep.",EGY,2009,"School life expectancy, primary to tertiary, male (years)",SE.SCH.LIFE.MA,11.92729
"Egypt, Arab Rep.",EGY,2004,"School life expectancy, primary to tertiary, male (years)",SE.SCH.LIFE.MA,11.59944
"Egypt, Arab Rep.",EGY,2003,"School life expectancy, primary to tertiary, male (years)",SE.SCH.LIFE.MA,11.51601
"Egypt, Arab Rep.",EGY,2001,"School life expectancy, primary to tertiary, male (years)",SE.SCH.LIFE.MA,11.73748
"Egypt, Arab Rep.",EGY,1991,"School life expectancy, primary to tertiary, male (years)",SE.SCH.LIFE.MA,10.77103
"Egypt, Arab Rep.",EGY,1990,"School life expectancy, primary to tertiary, male (years)",SE.SCH.LIFE.MA,10.81376
"Egypt, Arab Rep.",EGY,1989,"School life expectancy, primary to tertiary, male (years)",SE.SCH.LIFE.MA,11.08821
"Egypt, Arab Rep.",EGY,1988,"School life expectancy, primary to tertiary, male (years)",SE.SCH.LIFE.MA,11.44249
"Egypt, Arab Rep.",EGY,1987,"School life expectancy, primary to tertiary, male (years)",SE.SCH.LIFE.MA,11.31217
"Egypt, Arab Rep.",EGY,1986,"School life expectancy, primary to tertiary, male (years)",SE.SCH.LIFE.MA,10.9908
"Egypt, Arab Rep.",EGY,1985,"School life expectancy, primary to tertiary, male (years)",SE.SCH.LIFE.MA,10.6831
"Egypt, Arab Rep.",EGY,1984,"School life expectancy, primary to tertiary, male (years)",SE.SCH.LIFE.MA,10.58661
"Egypt, Arab Rep.",EGY,1983,"School life expectancy, primary to tertiary, male (years)",SE.SCH.LIFE.MA,10.31433
"Egypt, Arab Rep.",EGY,1982,"School life expectancy, primary to tertiary, male (years)",SE.SCH.LIFE.MA,10.02135
"Egypt, Arab Rep.",EGY,1981,"School life expectancy, primary to tertiary, male (years)",SE.SCH.LIFE.MA,9.74505
"Egypt, Arab Rep.",EGY,1980,"School life expectancy, primary to tertiary, male (years)",SE.SCH.LIFE.MA,9.64729
"Egypt, Arab Rep.",EGY,1979,"School life expectancy, primary to tertiary, male (years)",SE.SCH.LIFE.MA,9.48118
"Egypt, Arab Rep.",EGY,1978,"School life expectancy, primary to tertiary, male (years)",SE.SCH.LIFE.MA,9.45011
"Egypt, Arab Rep.",EGY,1977,"School life expectancy, primary to tertiary, male (years)",SE.SCH.LIFE.MA,9.30049
"Egypt, Arab Rep.",EGY,1976,"School life expectancy, primary to tertiary, male (years)",SE.SCH.LIFE.MA,9.00327
"Egypt, Arab Rep.",EGY,1975,"School life expectancy, primary to tertiary, male (years)",SE.SCH.LIFE.MA,8.8183
"Egypt, Arab Rep.",EGY,1974,"School life expectancy, primary to tertiary, male (years)",SE.SCH.LIFE.MA,8.49015
"Egypt, Arab Rep.",EGY,1973,"School life expectancy, primary to tertiary, male (years)",SE.SCH.LIFE.MA,8.54556
"Egypt, Arab Rep.",EGY,1972,"School life expectancy, primary to tertiary, male (years)",SE.SCH.LIFE.MA,8.35171
"Egypt, Arab Rep.",EGY,1971,"School life expectancy, primary to tertiary, male (years)",SE.SCH.LIFE.MA,8.07827
"Egypt, Arab Rep.",EGY,2022,There are periods of absence due to childcare accounted for in pension benefits (1=yes; 0=no),SG.ABS.PENB,1.0
"Egypt, Arab Rep.",EGY,2021,There are periods of absence due to childcare accounted for in pension benefits (1=yes; 0=no),SG.ABS.PENB,1.0
"Egypt, Arab Rep.",EGY,2020,There are periods of absence due to childcare accounted for in pension benefits (1=yes; 0=no),SG.ABS.PENB,1.0
"Egypt, Arab Rep.",EGY,2019,There are periods of absence due to childcare accounted for in pension benefits (1=yes; 0=no),SG.ABS.PENB,1.0
"Egypt, Arab Rep.",EGY,2018,There are periods of absence due to childcare accounted for in pension benefits (1=yes; 0=no),SG.ABS.PENB,1.0
"Egypt, Arab Rep.",EGY,2017,There are periods of absence due to childcare accounted for in pension benefits (1=yes; 0=no),SG.ABS.PENB,1.0
"Egypt, Arab Rep.",EGY,2016,There are periods of absence due to childcare accounted for in pension benefits (1=yes; 0=no),SG.ABS.PENB,1.0
"Egypt, Arab Rep.",EGY,2015,There are periods of absence due to childcare accounted for in pension benefits (1=yes; 0=no),SG.ABS.PENB,1.0
"Egypt, Arab Rep.",EGY,2014,There are periods of absence due to childcare accounted for in pension benefits (1=yes; 0=no),SG.ABS.PENB,1.0
"Egypt, Arab Rep.",EGY,2013,There are periods of absence due to childcare accounted for in pension benefits (1=yes; 0=no),SG.ABS.PENB,1.0
"Egypt, Arab Rep.",EGY,2012,There are periods of absence due to childcare accounted for in pension benefits (1=yes; 0=no),SG.ABS.PENB,1.0
"Egypt, Arab Rep.",EGY,2011,There are periods of absence due to childcare accounted for in pension benefits (1=yes; 0=no),SG.ABS.PENB,1.0
"Egypt, Arab Rep.",EGY,2010,There are periods of absence due to childcare accounted for in pension benefits (1=yes; 0=no),SG.ABS.PENB,1.0
"Egypt, Arab Rep.",EGY,2009,There are periods of absence due to childcare accounted for in pension benefits (1=yes; 0=no),SG.ABS.PENB,1.0
"Egypt, Arab Rep.",EGY,2008,There are periods of absence due to childcare accounted for in pension benefits (1=yes; 0=no),SG.ABS.PENB,1.0
"Egypt, Arab Rep.",EGY,2007,There are periods of absence due to childcare accounted for in pension benefits (1=yes; 0=no),SG.ABS.PENB,1.0
"Egypt, Arab Rep.",EGY,2006,There are periods of absence due to childcare accounted for in pension benefits (1=yes; 0=no),SG.ABS.PENB,1.0
"Egypt, Arab Rep.",EGY,2005,There are periods of absence due to childcare accounted for in pension benefits (1=yes; 0=no),SG.ABS.PENB,1.0
"Egypt, Arab Rep.",EGY,2004,There are periods of absence due to childcare accounted for in pension benefits (1=yes; 0=no),SG.ABS.PENB,1.0
"Egypt, Arab Rep.",EGY,2003,There are periods of absence due to childcare accounted for in pension benefits (1=yes; 0=no),SG.ABS.PENB,1.0
"Egypt, Arab Rep.",EGY,2002,There are periods of absence due to childcare accounted for in pension benefits (1=yes; 0=no),SG.ABS.PENB,1.0
"Egypt, Arab Rep.",EGY,2001,There are periods of absence due to childcare accounted for in pension benefits (1=yes; 0=no),SG.ABS.PENB,1.0
"Egypt, Arab Rep.",EGY,2000,There are periods of absence due to childcare accounted for in pension benefits (1=yes; 0=no),SG.ABS.PENB,1.0
"Egypt, Arab Rep.",EGY,1999,There are periods of absence due to childcare accounted for in pension benefits (1=yes; 0=no),SG.ABS.PENB,1.0
"Egypt, Arab Rep.",EGY,1998,There are periods of absence due to childcare accounted for in pension benefits (1=yes; 0=no),SG.ABS.PENB,1.0
"Egypt, Arab Rep.",EGY,1997,There are periods of absence due to childcare accounted for in pension benefits (1=yes; 0=no),SG.ABS.PENB,1.0
"Egypt, Arab Rep.",EGY,1996,There are periods of absence due to childcare accounted for in pension benefits (1=yes; 0=no),SG.ABS.PENB,1.0
"Egypt, Arab Rep.",EGY,1995,There are periods of absence due to childcare accounted for in pension benefits (1=yes; 0=no),SG.ABS.PENB,0.0
"Egypt, Arab Rep.",EGY,1994,There are periods of absence due to childcare accounted for in pension benefits (1=yes; 0=no),SG.ABS.PENB,0.0
"Egypt, Arab Rep.",EGY,1993,There are periods of absence due to childcare accounted for in pension benefits (1=yes; 0=no),SG.ABS.PENB,0.0
"Egypt, Arab Rep.",EGY,1992,There are periods of absence due to childcare accounted for in pension benefits (1=yes; 0=no),SG.ABS.PENB,0.0
"Egypt, Arab Rep.",EGY,1991,There are periods of absence due to childcare accounted for in pension benefits (1=yes; 0=no),SG.ABS.PENB,0.0
"Egypt, Arab Rep.",EGY,1990,There are periods of absence due to childcare accounted for in pension benefits (1=yes; 0=no),SG.ABS.PENB,0.0
"Egypt, Arab Rep.",EGY,1989,There are periods of absence due to childcare accounted for in pension benefits (1=yes; 0=no),SG.ABS.PENB,0.0
"Egypt, Arab Rep.",EGY,1988,There are periods of absence due to childcare accounted for in pension benefits (1=yes; 0=no),SG.ABS.PENB,0.0
"Egypt, Arab Rep.",EGY,1987,There are periods of absence due to childcare accounted for in pension benefits (1=yes; 0=no),SG.ABS.PENB,0.0
"Egypt, Arab Rep.",EGY,1986,There are periods of absence due to childcare accounted for in pension benefits (1=yes; 0=no),SG.ABS.PENB,0.0
"Egypt, Arab Rep.",EGY,1985,There are periods of absence due to childcare accounted for in pension benefits (1=yes; 0=no),SG.ABS.PENB,0.0
"Egypt, Arab Rep.",EGY,1984,There are periods of absence due to childcare accounted for in pension benefits (1=yes; 0=no),SG.ABS.PENB,0.0
"Egypt, Arab Rep.",EGY,1983,There are periods of absence due to childcare accounted for in pension benefits (1=yes; 0=no),SG.ABS.PENB,0.0
"Egypt, Arab Rep.",EGY,1982,There are periods of absence due to childcare accounted for in pension benefits (1=yes; 0=no),SG.ABS.PENB,0.0
"Egypt, Arab Rep.",EGY,1981,There are periods of absence due to childcare accounted for in pension benefits (1=yes; 0=no),SG.ABS.PENB,0.0
"Egypt, Arab Rep.",EGY,1980,There are periods of absence due to childcare accounted for in pension benefits (1=yes; 0=no),SG.ABS.PENB,0.0
"Egypt, Arab Rep.",EGY,1979,There are periods of absence due to childcare accounted for in pension benefits (1=yes; 0=no),SG.ABS.PENB,0.0
"Egypt, Arab Rep.",EGY,1978,There are periods of absence due to childcare accounted for in pension benefits (1=yes; 0=no),SG.ABS.PENB,0.0
"Egypt, Arab Rep.",EGY,1977,There are periods of absence due to childcare accounted for in pension benefits (1=yes; 0=no),SG.ABS.PENB,0.0
"Egypt, Arab Rep.",EGY,1976,There are periods of absence due to childcare accounted for in pension benefits (1=yes; 0=no),SG.ABS.PENB,0.0
"Egypt, Arab Rep.",EGY,1975,There are periods of absence due to childcare accounted for in pension benefits (1=yes; 0=no),SG.ABS.PENB,0.0
"Egypt, Arab Rep.",EGY,1974,There are periods of absence due to childcare accounted for in pension benefits (1=yes; 0=no),SG.ABS.PENB,0.0
"Egypt, Arab Rep.",EGY,1973,There are periods of absence due to childcare accounted for in pension benefits (1=yes; 0=no),SG.ABS.PENB,0.0
"Egypt, Arab Rep.",EGY,1972,There are periods of absence due to childcare accounted for in pension benefits (1=yes; 0=no),SG.ABS.PENB,0.0
"Egypt, Arab Rep.",EGY,1971,There are periods of absence due to childcare accounted for in pension benefits (1=yes; 0=no),SG.ABS.PENB,0.0
"Egypt, Arab Rep.",EGY,1970,There are periods of absence due to childcare accounted for in pension benefits (1=yes; 0=no),SG.ABS.PENB,0.0
"Egypt, Arab Rep.",EGY,2022,The age at which men and women can retire with full pension benefits is the same (1=yes; 0=no),SG.AGE.FUPN.EQ,1.0
"Egypt, Arab Rep.",EGY,2021,The age at which men and women can retire with full pension benefits is the same (1=yes; 0=no),SG.AGE.FUPN.EQ,1.0
"Egypt, Arab Rep.",EGY,2020,The age at which men and women can retire with full pension benefits is the same (1=yes; 0=no),SG.AGE.FUPN.EQ,1.0
"Egypt, Arab Rep.",EGY,2019,The age at which men and women can retire with full pension benefits is the same (1=yes; 0=no),SG.AGE.FUPN.EQ,1.0
"Egypt, Arab Rep.",EGY,2018,The age at which men and women can retire with full pension benefits is the same (1=yes; 0=no),SG.AGE.FUPN.EQ,1.0
"Egypt, Arab Rep.",EGY,2017,The age at which men and women can retire with full pension benefits is the same (1=yes; 0=no),SG.AGE.FUPN.EQ,1.0
"Egypt, Arab Rep.",EGY,2016,The age at which men and women can retire with full pension benefits is the same (1=yes; 0=no),SG.AGE.FUPN.EQ,1.0
"Egypt, Arab Rep.",EGY,2015,The age at which men and women can retire with full pension benefits is the same (1=yes; 0=no),SG.AGE.FUPN.EQ,1.0
"Egypt, Arab Rep.",EGY,2014,The age at which men and women can retire with full pension benefits is the same (1=yes; 0=no),SG.AGE.FUPN.EQ,1.0
"Egypt, Arab Rep.",EGY,2013,The age at which men and women can retire with full pension benefits is the same (1=yes; 0=no),SG.AGE.FUPN.EQ,1.0
"Egypt, Arab Rep.",EGY,2012,The age at which men and women can retire with full pension benefits is the same (1=yes; 0=no),SG.AGE.FUPN.EQ,1.0
"Egypt, Arab Rep.",EGY,2011,The age at which men and women can retire with full pension benefits is the same (1=yes; 0=no),SG.AGE.FUPN.EQ,1.0
"Egypt, Arab Rep.",EGY,2010,The age at which men and women can retire with full pension benefits is the same (1=yes; 0=no),SG.AGE.FUPN.EQ,1.0
"Egypt, Arab Rep.",EGY,2009,The age at which men and women can retire with full pension benefits is the same (1=yes; 0=no),SG.AGE.FUPN.EQ,1.0
"Egypt, Arab Rep.",EGY,2008,The age at which men and women can retire with full pension benefits is the same (1=yes; 0=no),SG.AGE.FUPN.EQ,1.0
"Egypt, Arab Rep.",EGY,2007,The age at which men and women can retire with full pension benefits is the same (1=yes; 0=no),SG.AGE.FUPN.EQ,1.0
"Egypt, Arab Rep.",EGY,2006,The age at which men and women can retire with full pension benefits is the same (1=yes; 0=no),SG.AGE.FUPN.EQ,1.0
"Egypt, Arab Rep.",EGY,2005,The age at which men and women can retire with full pension benefits is the same (1=yes; 0=no),SG.AGE.FUPN.EQ,1.0
"Egypt, Arab Rep.",EGY,2004,The age at which men and women can retire with full pension benefits is the same (1=yes; 0=no),SG.AGE.FUPN.EQ,1.0
"Egypt, Arab Rep.",EGY,2003,The age at which men and women can retire with full pension benefits is the same (1=yes; 0=no),SG.AGE.FUPN.EQ,1.0
"Egypt, Arab Rep.",EGY,2002,The age at which men and women can retire with full pension benefits is the same (1=yes; 0=no),SG.AGE.FUPN.EQ,1.0
"Egypt, Arab Rep.",EGY,2001,The age at which men and women can retire with full pension benefits is the same (1=yes; 0=no),SG.AGE.FUPN.EQ,1.0
"Egypt, Arab Rep.",EGY,2000,The age at which men and women can retire with full pension benefits is the same (1=yes; 0=no),SG.AGE.FUPN.EQ,1.0
"Egypt, Arab Rep.",EGY,1999,The age at which men and women can retire with full pension benefits is the same (1=yes; 0=no),SG.AGE.FUPN.EQ,1.0
"Egypt, Arab Rep.",EGY,1998,The age at which men and women can retire with full pension benefits is the same (1=yes; 0=no),SG.AGE.FUPN.EQ,1.0
"Egypt, Arab Rep.",EGY,1997,The age at which men and women can retire with full pension benefits is the same (1=yes; 0=no),SG.AGE.FUPN.EQ,1.0
"Egypt, Arab Rep.",EGY,1996,The age at which men and women can retire with full pension benefits is the same (1=yes; 0=no),SG.AGE.FUPN.EQ,1.0
"Egypt, Arab Rep.",EGY,1995,The age at which men and women can retire with full pension benefits is the same (1=yes; 0=no),SG.AGE.FUPN.EQ,1.0
"Egypt, Arab Rep.",EGY,1994,The age at which men and women can retire with full pension benefits is the same (1=yes; 0=no),SG.AGE.FUPN.EQ,1.0
"Egypt, Arab Rep.",EGY,1993,The age at which men and women can retire with full pension benefits is the same (1=yes; 0=no),SG.AGE.FUPN.EQ,1.0
"Egypt, Arab Rep.",EGY,1992,The age at which men and women can retire with full pension benefits is the same (1=yes; 0=no),SG.AGE.FUPN.EQ,1.0
"Egypt, Arab Rep.",EGY,1991,The age at which men and women can retire with full pension benefits is the same (1=yes; 0=no),SG.AGE.FUPN.EQ,1.0
"Egypt, Arab Rep.",EGY,1990,The age at which men and women can retire with full pension benefits is the same (1=yes; 0=no),SG.AGE.FUPN.EQ,1.0
"Egypt, Arab Rep.",EGY,1989,The age at which men and women can retire with full pension benefits is the same (1=yes; 0=no),SG.AGE.FUPN.EQ,1.0
"Egypt, Arab Rep.",EGY,1988,The age at which men and women can retire with full pension benefits is the same (1=yes; 0=no),SG.AGE.FUPN.EQ,1.0
"Egypt, Arab Rep.",EGY,1987,The age at which men and women can retire with full pension benefits is the same (1=yes; 0=no),SG.AGE.FUPN.EQ,1.0
"Egypt, Arab Rep.",EGY,1986,The age at which men and women can retire with full pension benefits is the same (1=yes; 0=no),SG.AGE.FUPN.EQ,1.0
"Egypt, Arab Rep.",EGY,1985,The age at which men and women can retire with full pension benefits is the same (1=yes; 0=no),SG.AGE.FUPN.EQ,1.0
"Egypt, Arab Rep.",EGY,1984,The age at which men and women can retire with full pension benefits is the same (1=yes; 0=no),SG.AGE.FUPN.EQ,1.0
"Egypt, Arab Rep.",EGY,1983,The age at which men and women can retire with full pension benefits is the same (1=yes; 0=no),SG.AGE.FUPN.EQ,1.0
"Egypt, Arab Rep.",EGY,1982,The age at which men and women can retire with full pension benefits is the same (1=yes; 0=no),SG.AGE.FUPN.EQ,1.0
"Egypt, Arab Rep.",EGY,1981,The age at which men and women can retire with full pension benefits is the same (1=yes; 0=no),SG.AGE.FUPN.EQ,1.0
"Egypt, Arab Rep.",EGY,1980,The age at which men and women can retire with full pension benefits is the same (1=yes; 0=no),SG.AGE.FUPN.EQ,1.0
"Egypt, Arab Rep.",EGY,1979,The age at which men and women can retire with full pension benefits is the same (1=yes; 0=no),SG.AGE.FUPN.EQ,1.0
"Egypt, Arab Rep.",EGY,1978,The age at which men and women can retire with full pension benefits is the same (1=yes; 0=no),SG.AGE.FUPN.EQ,1.0
"Egypt, Arab Rep.",EGY,1977,The age at which men and women can retire with full pension benefits is the same (1=yes; 0=no),SG.AGE.FUPN.EQ,1.0
"Egypt, Arab Rep.",EGY,1976,The age at which men and women can retire with full pension benefits is the same (1=yes; 0=no),SG.AGE.FUPN.EQ,1.0
"Egypt, Arab Rep.",EGY,1975,The age at which men and women can retire with full pension benefits is the same (1=yes; 0=no),SG.AGE.FUPN.EQ,1.0
"Egypt, Arab Rep.",EGY,1974,The age at which men and women can retire with full pension benefits is the same (1=yes; 0=no),SG.AGE.FUPN.EQ,1.0
"Egypt, Arab Rep.",EGY,1973,The age at which men and women can retire with full pension benefits is the same (1=yes; 0=no),SG.AGE.FUPN.EQ,1.0
"Egypt, Arab Rep.",EGY,1972,The age at which men and women can retire with full pension benefits is the same (1=yes; 0=no),SG.AGE.FUPN.EQ,1.0
"Egypt, Arab Rep.",EGY,1971,The age at which men and women can retire with full pension benefits is the same (1=yes; 0=no),SG.AGE.FUPN.EQ,1.0
"Egypt, Arab Rep.",EGY,1970,The age at which men and women can retire with full pension benefits is the same (1=yes; 0=no),SG.AGE.FUPN.EQ,1.0
"Egypt, Arab Rep.",EGY,2022,The mandatory retirement age for men and women is the same (1=yes; 0=no),SG.AGE.MRET.EQ,1.0
"Egypt, Arab Rep.",EGY,2021,The mandatory retirement age for men and women is the same (1=yes; 0=no),SG.AGE.MRET.EQ,1.0
"Egypt, Arab Rep.",EGY,2020,The mandatory retirement age for men and women is the same (1=yes; 0=no),SG.AGE.MRET.EQ,1.0
"Egypt, Arab Rep.",EGY,2019,The mandatory retirement age for men and women is the same (1=yes; 0=no),SG.AGE.MRET.EQ,1.0
"Egypt, Arab Rep.",EGY,2018,The mandatory retirement age for men and women is the same (1=yes; 0=no),SG.AGE.MRET.EQ,1.0
"Egypt, Arab Rep.",EGY,2017,The mandatory retirement age for men and women is the same (1=yes; 0=no),SG.AGE.MRET.EQ,1.0
"Egypt, Arab Rep.",EGY,2016,The mandatory retirement age for men and women is the same (1=yes; 0=no),SG.AGE.MRET.EQ,1.0
"Egypt, Arab Rep.",EGY,2015,The mandatory retirement age for men and women is the same (1=yes; 0=no),SG.AGE.MRET.EQ,1.0
"Egypt, Arab Rep.",EGY,2014,The mandatory retirement age for men and women is the same (1=yes; 0=no),SG.AGE.MRET.EQ,1.0
"Egypt, Arab Rep.",EGY,2013,The mandatory retirement age for men and women is the same (1=yes; 0=no),SG.AGE.MRET.EQ,1.0
"Egypt, Arab Rep.",EGY,2012,The mandatory retirement age for men and women is the same (1=yes; 0=no),SG.AGE.MRET.EQ,1.0
"Egypt, Arab Rep.",EGY,2011,The mandatory retirement age for men and women is the same (1=yes; 0=no),SG.AGE.MRET.EQ,1.0
"Egypt, Arab Rep.",EGY,2010,The mandatory retirement age for men and women is the same (1=yes; 0=no),SG.AGE.MRET.EQ,1.0
"Egypt, Arab Rep.",EGY,2009,The mandatory retirement age for men and women is the same (1=yes; 0=no),SG.AGE.MRET.EQ,1.0
"Egypt, Arab Rep.",EGY,2008,The mandatory retirement age for men and women is the same (1=yes; 0=no),SG.AGE.MRET.EQ,1.0
"Egypt, Arab Rep.",EGY,2007,The mandatory retirement age for men and women is the same (1=yes; 0=no),SG.AGE.MRET.EQ,1.0
"Egypt, Arab Rep.",EGY,2006,The mandatory retirement age for men and women is the same (1=yes; 0=no),SG.AGE.MRET.EQ,1.0
"Egypt, Arab Rep.",EGY,2005,The mandatory retirement age for men and women is the same (1=yes; 0=no),SG.AGE.MRET.EQ,1.0
"Egypt, Arab Rep.",EGY,2004,The mandatory retirement age for men and women is the same (1=yes; 0=no),SG.AGE.MRET.EQ,1.0
"Egypt, Arab Rep.",EGY,2003,The mandatory retirement age for men and women is the same (1=yes; 0=no),SG.AGE.MRET.EQ,1.0
"Egypt, Arab Rep.",EGY,2002,The mandatory retirement age for men and women is the same (1=yes; 0=no),SG.AGE.MRET.EQ,1.0
"Egypt, Arab Rep.",EGY,2001,The mandatory retirement age for men and women is the same (1=yes; 0=no),SG.AGE.MRET.EQ,1.0
"Egypt, Arab Rep.",EGY,2000,The mandatory retirement age for men and women is the same (1=yes; 0=no),SG.AGE.MRET.EQ,1.0
"Egypt, Arab Rep.",EGY,1999,The mandatory retirement age for men and women is the same (1=yes; 0=no),SG.AGE.MRET.EQ,1.0
"Egypt, Arab Rep.",EGY,1998,The mandatory retirement age for men and women is the same (1=yes; 0=no),SG.AGE.MRET.EQ,1.0
"Egypt, Arab Rep.",EGY,1997,The mandatory retirement age for men and women is the same (1=yes; 0=no),SG.AGE.MRET.EQ,1.0
"Egypt, Arab Rep.",EGY,1996,The mandatory retirement age for men and women is the same (1=yes; 0=no),SG.AGE.MRET.EQ,1.0
"Egypt, Arab Rep.",EGY,1995,The mandatory retirement age for men and women is the same (1=yes; 0=no),SG.AGE.MRET.EQ,1.0
"Egypt, Arab Rep.",EGY,1994,The mandatory retirement age for men and women is the same (1=yes; 0=no),SG.AGE.MRET.EQ,1.0
"Egypt, Arab Rep.",EGY,1993,The mandatory retirement age for men and women is the same (1=yes; 0=no),SG.AGE.MRET.EQ,1.0
"Egypt, Arab Rep.",EGY,1992,The mandatory retirement age for men and women is the same (1=yes; 0=no),SG.AGE.MRET.EQ,1.0
"Egypt, Arab Rep.",EGY,1991,The mandatory retirement age for men and women is the same (1=yes; 0=no),SG.AGE.MRET.EQ,1.0
"Egypt, Arab Rep.",EGY,1990,The mandatory retirement age for men and women is the same (1=yes; 0=no),SG.AGE.MRET.EQ,1.0
"Egypt, Arab Rep.",EGY,1989,The mandatory retirement age for men and women is the same (1=yes; 0=no),SG.AGE.MRET.EQ,1.0
"Egypt, Arab Rep.",EGY,1988,The mandatory retirement age for men and women is the same (1=yes; 0=no),SG.AGE.MRET.EQ,1.0
"Egypt, Arab Rep.",EGY,1987,The mandatory retirement age for men and women is the same (1=yes; 0=no),SG.AGE.MRET.EQ,1.0
"Egypt, Arab Rep.",EGY,1986,The mandatory retirement age for men and women is the same (1=yes; 0=no),SG.AGE.MRET.EQ,1.0
"Egypt, Arab Rep.",EGY,1985,The mandatory retirement age for men and women is the same (1=yes; 0=no),SG.AGE.MRET.EQ,1.0
"Egypt, Arab Rep.",EGY,1984,The mandatory retirement age for men and women is the same (1=yes; 0=no),SG.AGE.MRET.EQ,1.0
"Egypt, Arab Rep.",EGY,1983,The mandatory retirement age for men and women is the same (1=yes; 0=no),SG.AGE.MRET.EQ,1.0
"Egypt, Arab Rep.",EGY,1982,The mandatory retirement age for men and women is the same (1=yes; 0=no),SG.AGE.MRET.EQ,1.0
"Egypt, Arab Rep.",EGY,1981,The mandatory retirement age for men and women is the same (1=yes; 0=no),SG.AGE.MRET.EQ,1.0
"Egypt, Arab Rep.",EGY,1980,The mandatory retirement age for men and women is the same (1=yes; 0=no),SG.AGE.MRET.EQ,1.0
"Egypt, Arab Rep.",EGY,1979,The mandatory retirement age for men and women is the same (1=yes; 0=no),SG.AGE.MRET.EQ,1.0
"Egypt, Arab Rep.",EGY,1978,The mandatory retirement age for men and women is the same (1=yes; 0=no),SG.AGE.MRET.EQ,1.0
"Egypt, Arab Rep.",EGY,1977,The mandatory retirement age for men and women is the same (1=yes; 0=no),SG.AGE.MRET.EQ,1.0
"Egypt, Arab Rep.",EGY,1976,The mandatory retirement age for men and women is the same (1=yes; 0=no),SG.AGE.MRET.EQ,1.0
"Egypt, Arab Rep.",EGY,1975,The mandatory retirement age for men and women is the same (1=yes; 0=no),SG.AGE.MRET.EQ,1.0
"Egypt, Arab Rep.",EGY,1974,The mandatory retirement age for men and women is the same (1=yes; 0=no),SG.AGE.MRET.EQ,1.0
"Egypt, Arab Rep.",EGY,1973,The mandatory retirement age for men and women is the same (1=yes; 0=no),SG.AGE.MRET.EQ,1.0
"Egypt, Arab Rep.",EGY,1972,The mandatory retirement age for men and women is the same (1=yes; 0=no),SG.AGE.MRET.EQ,1.0
"Egypt, Arab Rep.",EGY,1971,The mandatory retirement age for men and women is the same (1=yes; 0=no),SG.AGE.MRET.EQ,1.0
"Egypt, Arab Rep.",EGY,1970,The mandatory retirement age for men and women is the same (1=yes; 0=no),SG.AGE.MRET.EQ,1.0
"Egypt, Arab Rep.",EGY,2022,The age at which men and women can retire with partial pension benefits is the same (1=yes; 0=no),SG.AGE.PAPN.EQ,1.0
"Egypt, Arab Rep.",EGY,2021,The age at which men and women can retire with partial pension benefits is the same (1=yes; 0=no),SG.AGE.PAPN.EQ,1.0
"Egypt, Arab Rep.",EGY,2020,The age at which men and women can retire with partial pension benefits is the same (1=yes; 0=no),SG.AGE.PAPN.EQ,1.0
"Egypt, Arab Rep.",EGY,2019,The age at which men and women can retire with partial pension benefits is the same (1=yes; 0=no),SG.AGE.PAPN.EQ,1.0
"Egypt, Arab Rep.",EGY,2018,The age at which men and women can retire with partial pension benefits is the same (1=yes; 0=no),SG.AGE.PAPN.EQ,1.0
"Egypt, Arab Rep.",EGY,2017,The age at which men and women can retire with partial pension benefits is the same (1=yes; 0=no),SG.AGE.PAPN.EQ,1.0
"Egypt, Arab Rep.",EGY,2016,The age at which men and women can retire with partial pension benefits is the same (1=yes; 0=no),SG.AGE.PAPN.EQ,1.0
"Egypt, Arab Rep.",EGY,2015,The age at which men and women can retire with partial pension benefits is the same (1=yes; 0=no),SG.AGE.PAPN.EQ,1.0
"Egypt, Arab Rep.",EGY,2014,The age at which men and women can retire with partial pension benefits is the same (1=yes; 0=no),SG.AGE.PAPN.EQ,1.0
"Egypt, Arab Rep.",EGY,2013,The age at which men and women can retire with partial pension benefits is the same (1=yes; 0=no),SG.AGE.PAPN.EQ,1.0
"Egypt, Arab Rep.",EGY,2012,The age at which men and women can retire with partial pension benefits is the same (1=yes; 0=no),SG.AGE.PAPN.EQ,1.0
"Egypt, Arab Rep.",EGY,2011,The age at which men and women can retire with partial pension benefits is the same (1=yes; 0=no),SG.AGE.PAPN.EQ,1.0
"Egypt, Arab Rep.",EGY,2010,The age at which men and women can retire with partial pension benefits is the same (1=yes; 0=no),SG.AGE.PAPN.EQ,1.0
"Egypt, Arab Rep.",EGY,2009,The age at which men and women can retire with partial pension benefits is the same (1=yes; 0=no),SG.AGE.PAPN.EQ,1.0
"Egypt, Arab Rep.",EGY,2008,The age at which men and women can retire with partial pension benefits is the same (1=yes; 0=no),SG.AGE.PAPN.EQ,1.0
"Egypt, Arab Rep.",EGY,2007,The age at which men and women can retire with partial pension benefits is the same (1=yes; 0=no),SG.AGE.PAPN.EQ,1.0
"Egypt, Arab Rep.",EGY,2006,The age at which men and women can retire with partial pension benefits is the same (1=yes; 0=no),SG.AGE.PAPN.EQ,1.0
"Egypt, Arab Rep.",EGY,2005,The age at which men and women can retire with partial pension benefits is the same (1=yes; 0=no),SG.AGE.PAPN.EQ,1.0
"Egypt, Arab Rep.",EGY,2004,The age at which men and women can retire with partial pension benefits is the same (1=yes; 0=no),SG.AGE.PAPN.EQ,1.0
"Egypt, Arab Rep.",EGY,2003,The age at which men and women can retire with partial pension benefits is the same (1=yes; 0=no),SG.AGE.PAPN.EQ,1.0
"Egypt, Arab Rep.",EGY,2002,The age at which men and women can retire with partial pension benefits is the same (1=yes; 0=no),SG.AGE.PAPN.EQ,1.0
"Egypt, Arab Rep.",EGY,2001,The age at which men and women can retire with partial pension benefits is the same (1=yes; 0=no),SG.AGE.PAPN.EQ,1.0
"Egypt, Arab Rep.",EGY,2000,The age at which men and women can retire with partial pension benefits is the same (1=yes; 0=no),SG.AGE.PAPN.EQ,1.0
"Egypt, Arab Rep.",EGY,1999,The age at which men and women can retire with partial pension benefits is the same (1=yes; 0=no),SG.AGE.PAPN.EQ,1.0
"Egypt, Arab Rep.",EGY,1998,The age at which men and women can retire with partial pension benefits is the same (1=yes; 0=no),SG.AGE.PAPN.EQ,1.0
"Egypt, Arab Rep.",EGY,1997,The age at which men and women can retire with partial pension benefits is the same (1=yes; 0=no),SG.AGE.PAPN.EQ,1.0
"Egypt, Arab Rep.",EGY,1996,The age at which men and women can retire with partial pension benefits is the same (1=yes; 0=no),SG.AGE.PAPN.EQ,1.0
"Egypt, Arab Rep.",EGY,1995,The age at which men and women can retire with partial pension benefits is the same (1=yes; 0=no),SG.AGE.PAPN.EQ,1.0
"Egypt, Arab Rep.",EGY,1994,The age at which men and women can retire with partial pension benefits is the same (1=yes; 0=no),SG.AGE.PAPN.EQ,1.0
"Egypt, Arab Rep.",EGY,1993,The age at which men and women can retire with partial pension benefits is the same (1=yes; 0=no),SG.AGE.PAPN.EQ,1.0
"Egypt, Arab Rep.",EGY,1992,The age at which men and women can retire with partial pension benefits is the same (1=yes; 0=no),SG.AGE.PAPN.EQ,1.0
"Egypt, Arab Rep.",EGY,1991,The age at which men and women can retire with partial pension benefits is the same (1=yes; 0=no),SG.AGE.PAPN.EQ,1.0
"Egypt, Arab Rep.",EGY,1990,The age at which men and women can retire with partial pension benefits is the same (1=yes; 0=no),SG.AGE.PAPN.EQ,1.0
"Egypt, Arab Rep.",EGY,1989,The age at which men and women can retire with partial pension benefits is the same (1=yes; 0=no),SG.AGE.PAPN.EQ,1.0
"Egypt, Arab Rep.",EGY,1988,The age at which men and women can retire with partial pension benefits is the same (1=yes; 0=no),SG.AGE.PAPN.EQ,1.0
"Egypt, Arab Rep.",EGY,1987,The age at which men and women can retire with partial pension benefits is the same (1=yes; 0=no),SG.AGE.PAPN.EQ,1.0
"Egypt, Arab Rep.",EGY,1986,The age at which men and women can retire with partial pension benefits is the same (1=yes; 0=no),SG.AGE.PAPN.EQ,1.0
"Egypt, Arab Rep.",EGY,1985,The age at which men and women can retire with partial pension benefits is the same (1=yes; 0=no),SG.AGE.PAPN.EQ,1.0
"Egypt, Arab Rep.",EGY,1984,The age at which men and women can retire with partial pension benefits is the same (1=yes; 0=no),SG.AGE.PAPN.EQ,1.0
"Egypt, Arab Rep.",EGY,1983,The age at which men and women can retire with partial pension benefits is the same (1=yes; 0=no),SG.AGE.PAPN.EQ,1.0
"Egypt, Arab Rep.",EGY,1982,The age at which men and women can retire with partial pension benefits is the same (1=yes; 0=no),SG.AGE.PAPN.EQ,1.0
"Egypt, Arab Rep.",EGY,1981,The age at which men and women can retire with partial pension benefits is the same (1=yes; 0=no),SG.AGE.PAPN.EQ,1.0
"Egypt, Arab Rep.",EGY,1980,The age at which men and women can retire with partial pension benefits is the same (1=yes; 0=no),SG.AGE.PAPN.EQ,1.0
"Egypt, Arab Rep.",EGY,1979,The age at which men and women can retire with partial pension benefits is the same (1=yes; 0=no),SG.AGE.PAPN.EQ,1.0
"Egypt, Arab Rep.",EGY,1978,The age at which men and women can retire with partial pension benefits is the same (1=yes; 0=no),SG.AGE.PAPN.EQ,1.0
"Egypt, Arab Rep.",EGY,1977,The age at which men and women can retire with partial pension benefits is the same (1=yes; 0=no),SG.AGE.PAPN.EQ,1.0
"Egypt, Arab Rep.",EGY,1976,The age at which men and women can retire with partial pension benefits is the same (1=yes; 0=no),SG.AGE.PAPN.EQ,1.0
"Egypt, Arab Rep.",EGY,1975,The age at which men and women can retire with partial pension benefits is the same (1=yes; 0=no),SG.AGE.PAPN.EQ,1.0
"Egypt, Arab Rep.",EGY,1974,The age at which men and women can retire with partial pension benefits is the same (1=yes; 0=no),SG.AGE.PAPN.EQ,1.0
"Egypt, Arab Rep.",EGY,1973,The age at which men and women can retire with partial pension benefits is the same (1=yes; 0=no),SG.AGE.PAPN.EQ,1.0
"Egypt, Arab Rep.",EGY,1972,The age at which men and women can retire with partial pension benefits is the same (1=yes; 0=no),SG.AGE.PAPN.EQ,1.0
"Egypt, Arab Rep.",EGY,1971,The age at which men and women can retire with partial pension benefits is the same (1=yes; 0=no),SG.AGE.PAPN.EQ,1.0
"Egypt, Arab Rep.",EGY,1970,The age at which men and women can retire with partial pension benefits is the same (1=yes; 0=no),SG.AGE.PAPN.EQ,1.0
"Egypt, Arab Rep.",EGY,2022,"Mandatory retirement age, female",SG.AGE.RTRE.FE,60.0
"Egypt, Arab Rep.",EGY,2022,"Retirement age with full benefits, female",SG.AGE.RTRE.FL.FE,60.0
"Egypt, Arab Rep.",EGY,2022,"Retirement age with full benefits, male",SG.AGE.RTRE.FL.MA,60.0
"Egypt, Arab Rep.",EGY,2022,"Mandatory retirement age, male",SG.AGE.RTRE.MA,60.0
"Egypt, Arab Rep.",EGY,2022,A woman can apply for a passport in the same way as a man (1=yes; 0=no),SG.APL.PSPT.EQ,1.0
"Egypt, Arab Rep.",EGY,2021,A woman can apply for a passport in the same way as a man (1=yes; 0=no),SG.APL.PSPT.EQ,1.0
"Egypt, Arab Rep.",EGY,2020,A woman can apply for a passport in the same way as a man (1=yes; 0=no),SG.APL.PSPT.EQ,1.0
"Egypt, Arab Rep.",EGY,2019,A woman can apply for a passport in the same way as a man (1=yes; 0=no),SG.APL.PSPT.EQ,1.0
"Egypt, Arab Rep.",EGY,2018,A woman can apply for a passport in the same way as a man (1=yes; 0=no),SG.APL.PSPT.EQ,1.0
"Egypt, Arab Rep.",EGY,2017,A woman can apply for a passport in the same way as a man (1=yes; 0=no),SG.APL.PSPT.EQ,1.0
"Egypt, Arab Rep.",EGY,2016,A woman can apply for a passport in the same way as a man (1=yes; 0=no),SG.APL.PSPT.EQ,1.0
"Egypt, Arab Rep.",EGY,2015,A woman can apply for a passport in the same way as a man (1=yes; 0=no),SG.APL.PSPT.EQ,1.0
"Egypt, Arab Rep.",EGY,2014,A woman can apply for a passport in the same way as a man (1=yes; 0=no),SG.APL.PSPT.EQ,1.0
"Egypt, Arab Rep.",EGY,2013,A woman can apply for a passport in the same way as a man (1=yes; 0=no),SG.APL.PSPT.EQ,1.0
"Egypt, Arab Rep.",EGY,2012,A woman can apply for a passport in the same way as a man (1=yes; 0=no),SG.APL.PSPT.EQ,1.0
"Egypt, Arab Rep.",EGY,2011,A woman can apply for a passport in the same way as a man (1=yes; 0=no),SG.APL.PSPT.EQ,1.0
"Egypt, Arab Rep.",EGY,2010,A woman can apply for a passport in the same way as a man (1=yes; 0=no),SG.APL.PSPT.EQ,1.0
"Egypt, Arab Rep.",EGY,2009,A woman can apply for a passport in the same way as a man (1=yes; 0=no),SG.APL.PSPT.EQ,1.0
"Egypt, Arab Rep.",EGY,2008,A woman can apply for a passport in the same way as a man (1=yes; 0=no),SG.APL.PSPT.EQ,1.0
"Egypt, Arab Rep.",EGY,2007,A woman can apply for a passport in the same way as a man (1=yes; 0=no),SG.APL.PSPT.EQ,1.0
"Egypt, Arab Rep.",EGY,2006,A woman can apply for a passport in the same way as a man (1=yes; 0=no),SG.APL.PSPT.EQ,1.0
"Egypt, Arab Rep.",EGY,2005,A woman can apply for a passport in the same way as a man (1=yes; 0=no),SG.APL.PSPT.EQ,1.0
"Egypt, Arab Rep.",EGY,2004,A woman can apply for a passport in the same way as a man (1=yes; 0=no),SG.APL.PSPT.EQ,1.0
"Egypt, Arab Rep.",EGY,2003,A woman can apply for a passport in the same way as a man (1=yes; 0=no),SG.APL.PSPT.EQ,1.0
"Egypt, Arab Rep.",EGY,2002,A woman can apply for a passport in the same way as a man (1=yes; 0=no),SG.APL.PSPT.EQ,1.0
"Egypt, Arab Rep.",EGY,2001,A woman can apply for a passport in the same way as a man (1=yes; 0=no),SG.APL.PSPT.EQ,1.0
"Egypt, Arab Rep.",EGY,2000,A woman can apply for a passport in the same way as a man (1=yes; 0=no),SG.APL.PSPT.EQ,1.0
"Egypt, Arab Rep.",EGY,1999,A woman can apply for a passport in the same way as a man (1=yes; 0=no),SG.APL.PSPT.EQ,1.0
"Egypt, Arab Rep.",EGY,1998,A woman can apply for a passport in the same way as a man (1=yes; 0=no),SG.APL.PSPT.EQ,1.0
"Egypt, Arab Rep.",EGY,1997,A woman can apply for a passport in the same way as a man (1=yes; 0=no),SG.APL.PSPT.EQ,1.0
"Egypt, Arab Rep.",EGY,1996,A woman can apply for a passport in the same way as a man (1=yes; 0=no),SG.APL.PSPT.EQ,1.0
"Egypt, Arab Rep.",EGY,1995,A woman can apply for a passport in the same way as a man (1=yes; 0=no),SG.APL.PSPT.EQ,1.0
"Egypt, Arab Rep.",EGY,1994,A woman can apply for a passport in the same way as a man (1=yes; 0=no),SG.APL.PSPT.EQ,1.0
"Egypt, Arab Rep.",EGY,1993,A woman can apply for a passport in the same way as a man (1=yes; 0=no),SG.APL.PSPT.EQ,1.0
"Egypt, Arab Rep.",EGY,1992,A woman can apply for a passport in the same way as a man (1=yes; 0=no),SG.APL.PSPT.EQ,1.0
"Egypt, Arab Rep.",EGY,1991,A woman can apply for a passport in the same way as a man (1=yes; 0=no),SG.APL.PSPT.EQ,1.0
"Egypt, Arab Rep.",EGY,1990,A woman can apply for a passport in the same way as a man (1=yes; 0=no),SG.APL.PSPT.EQ,1.0
"Egypt, Arab Rep.",EGY,1989,A woman can apply for a passport in the same way as a man (1=yes; 0=no),SG.APL.PSPT.EQ,1.0
"Egypt, Arab Rep.",EGY,1988,A woman can apply for a passport in the same way as a man (1=yes; 0=no),SG.APL.PSPT.EQ,1.0
"Egypt, Arab Rep.",EGY,1987,A woman can apply for a passport in the same way as a man (1=yes; 0=no),SG.APL.PSPT.EQ,1.0
"Egypt, Arab Rep.",EGY,1986,A woman can apply for a passport in the same way as a man (1=yes; 0=no),SG.APL.PSPT.EQ,1.0
"Egypt, Arab Rep.",EGY,1985,A woman can apply for a passport in the same way as a man (1=yes; 0=no),SG.APL.PSPT.EQ,1.0
"Egypt, Arab Rep.",EGY,1984,A woman can apply for a passport in the same way as a man (1=yes; 0=no),SG.APL.PSPT.EQ,1.0
"Egypt, Arab Rep.",EGY,1983,A woman can apply for a passport in the same way as a man (1=yes; 0=no),SG.APL.PSPT.EQ,1.0
"Egypt, Arab Rep.",EGY,1982,A woman can apply for a passport in the same way as a man (1=yes; 0=no),SG.APL.PSPT.EQ,1.0
"Egypt, Arab Rep.",EGY,1981,A woman can apply for a passport in the same way as a man (1=yes; 0=no),SG.APL.PSPT.EQ,1.0
"Egypt, Arab Rep.",EGY,1980,A woman can apply for a passport in the same way as a man (1=yes; 0=no),SG.APL.PSPT.EQ,1.0
"Egypt, Arab Rep.",EGY,1979,A woman can apply for a passport in the same way as a man (1=yes; 0=no),SG.APL.PSPT.EQ,1.0
"Egypt, Arab Rep.",EGY,1978,A woman can apply for a passport in the same way as a man (1=yes; 0=no),SG.APL.PSPT.EQ,1.0
"Egypt, Arab Rep.",EGY,1977,A woman can apply for a passport in the same way as a man (1=yes; 0=no),SG.APL.PSPT.EQ,1.0
"Egypt, Arab Rep.",EGY,1976,A woman can apply for a passport in the same way as a man (1=yes; 0=no),SG.APL.PSPT.EQ,1.0
"Egypt, Arab Rep.",EGY,1975,A woman can apply for a passport in the same way as a man (1=yes; 0=no),SG.APL.PSPT.EQ,1.0
"Egypt, Arab Rep.",EGY,1974,A woman can apply for a passport in the same way as a man (1=yes; 0=no),SG.APL.PSPT.EQ,1.0
"Egypt, Arab Rep.",EGY,1973,A woman can apply for a passport in the same way as a man (1=yes; 0=no),SG.APL.PSPT.EQ,1.0
"Egypt, Arab Rep.",EGY,1972,A woman can apply for a passport in the same way as a man (1=yes; 0=no),SG.APL.PSPT.EQ,1.0
"Egypt, Arab Rep.",EGY,1971,A woman can apply for a passport in the same way as a man (1=yes; 0=no),SG.APL.PSPT.EQ,1.0
"Egypt, Arab Rep.",EGY,1970,A woman can apply for a passport in the same way as a man (1=yes; 0=no),SG.APL.PSPT.EQ,1.0
"Egypt, Arab Rep.",EGY,2022,A woman can register a business in the same way as a man (1=yes; 0=no),SG.BUS.REGT.EQ,1.0
"Egypt, Arab Rep.",EGY,2021,A woman can register a business in the same way as a man (1=yes; 0=no),SG.BUS.REGT.EQ,1.0
"Egypt, Arab Rep.",EGY,2020,A woman can register a business in the same way as a man (1=yes; 0=no),SG.BUS.REGT.EQ,1.0
"Egypt, Arab Rep.",EGY,2019,A woman can register a business in the same way as a man (1=yes; 0=no),SG.BUS.REGT.EQ,1.0
"Egypt, Arab Rep.",EGY,2018,A woman can register a business in the same way as a man (1=yes; 0=no),SG.BUS.REGT.EQ,1.0
"Egypt, Arab Rep.",EGY,2017,A woman can register a business in the same way as a man (1=yes; 0=no),SG.BUS.REGT.EQ,1.0
"Egypt, Arab Rep.",EGY,2016,A woman can register a business in the same way as a man (1=yes; 0=no),SG.BUS.REGT.EQ,1.0
"Egypt, Arab Rep.",EGY,2015,A woman can register a business in the same way as a man (1=yes; 0=no),SG.BUS.REGT.EQ,1.0
"Egypt, Arab Rep.",EGY,2014,A woman can register a business in the same way as a man (1=yes; 0=no),SG.BUS.REGT.EQ,1.0
"Egypt, Arab Rep.",EGY,2013,A woman can register a business in the same way as a man (1=yes; 0=no),SG.BUS.REGT.EQ,1.0
"Egypt, Arab Rep.",EGY,2012,A woman can register a business in the same way as a man (1=yes; 0=no),SG.BUS.REGT.EQ,1.0
"Egypt, Arab Rep.",EGY,2011,A woman can register a business in the same way as a man (1=yes; 0=no),SG.BUS.REGT.EQ,1.0
"Egypt, Arab Rep.",EGY,2010,A woman can register a business in the same way as a man (1=yes; 0=no),SG.BUS.REGT.EQ,1.0
"Egypt, Arab Rep.",EGY,2009,A woman can register a business in the same way as a man (1=yes; 0=no),SG.BUS.REGT.EQ,1.0
"Egypt, Arab Rep.",EGY,2008,A woman can register a business in the same way as a man (1=yes; 0=no),SG.BUS.REGT.EQ,1.0
"Egypt, Arab Rep.",EGY,2007,A woman can register a business in the same way as a man (1=yes; 0=no),SG.BUS.REGT.EQ,1.0
"Egypt, Arab Rep.",EGY,2006,A woman can register a business in the same way as a man (1=yes; 0=no),SG.BUS.REGT.EQ,1.0
"Egypt, Arab Rep.",EGY,2005,A woman can register a business in the same way as a man (1=yes; 0=no),SG.BUS.REGT.EQ,1.0
"Egypt, Arab Rep.",EGY,2004,A woman can register a business in the same way as a man (1=yes; 0=no),SG.BUS.REGT.EQ,1.0
"Egypt, Arab Rep.",EGY,2003,A woman can register a business in the same way as a man (1=yes; 0=no),SG.BUS.REGT.EQ,1.0
"Egypt, Arab Rep.",EGY,2002,A woman can register a business in the same way as a man (1=yes; 0=no),SG.BUS.REGT.EQ,1.0
"Egypt, Arab Rep.",EGY,2001,A woman can register a business in the same way as a man (1=yes; 0=no),SG.BUS.REGT.EQ,1.0
"Egypt, Arab Rep.",EGY,2000,A woman can register a business in the same way as a man (1=yes; 0=no),SG.BUS.REGT.EQ,1.0
"Egypt, Arab Rep.",EGY,1999,A woman can register a business in the same way as a man (1=yes; 0=no),SG.BUS.REGT.EQ,1.0
"Egypt, Arab Rep.",EGY,1998,A woman can register a business in the same way as a man (1=yes; 0=no),SG.BUS.REGT.EQ,1.0
"Egypt, Arab Rep.",EGY,1997,A woman can register a business in the same way as a man (1=yes; 0=no),SG.BUS.REGT.EQ,1.0
"Egypt, Arab Rep.",EGY,1996,A woman can register a business in the same way as a man (1=yes; 0=no),SG.BUS.REGT.EQ,1.0
"Egypt, Arab Rep.",EGY,1995,A woman can register a business in the same way as a man (1=yes; 0=no),SG.BUS.REGT.EQ,1.0
"Egypt, Arab Rep.",EGY,1994,A woman can register a business in the same way as a man (1=yes; 0=no),SG.BUS.REGT.EQ,1.0
"Egypt, Arab Rep.",EGY,1993,A woman can register a business in the same way as a man (1=yes; 0=no),SG.BUS.REGT.EQ,1.0
"Egypt, Arab Rep.",EGY,1992,A woman can register a business in the same way as a man (1=yes; 0=no),SG.BUS.REGT.EQ,1.0
"Egypt, Arab Rep.",EGY,1991,A woman can register a business in the same way as a man (1=yes; 0=no),SG.BUS.REGT.EQ,1.0
"Egypt, Arab Rep.",EGY,1990,A woman can register a business in the same way as a man (1=yes; 0=no),SG.BUS.REGT.EQ,1.0
"Egypt, Arab Rep.",EGY,1989,A woman can register a business in the same way as a man (1=yes; 0=no),SG.BUS.REGT.EQ,1.0
"Egypt, Arab Rep.",EGY,1988,A woman can register a business in the same way as a man (1=yes; 0=no),SG.BUS.REGT.EQ,1.0
"Egypt, Arab Rep.",EGY,1987,A woman can register a business in the same way as a man (1=yes; 0=no),SG.BUS.REGT.EQ,1.0
"Egypt, Arab Rep.",EGY,1986,A woman can register a business in the same way as a man (1=yes; 0=no),SG.BUS.REGT.EQ,1.0
"Egypt, Arab Rep.",EGY,1985,A woman can register a business in the same way as a man (1=yes; 0=no),SG.BUS.REGT.EQ,1.0
"Egypt, Arab Rep.",EGY,1984,A woman can register a business in the same way as a man (1=yes; 0=no),SG.BUS.REGT.EQ,1.0
"Egypt, Arab Rep.",EGY,1983,A woman can register a business in the same way as a man (1=yes; 0=no),SG.BUS.REGT.EQ,1.0
"Egypt, Arab Rep.",EGY,1982,A woman can register a business in the same way as a man (1=yes; 0=no),SG.BUS.REGT.EQ,1.0
"Egypt, Arab Rep.",EGY,1981,A woman can register a business in the same way as a man (1=yes; 0=no),SG.BUS.REGT.EQ,1.0
"Egypt, Arab Rep.",EGY,1980,A woman can register a business in the same way as a man (1=yes; 0=no),SG.BUS.REGT.EQ,1.0
"Egypt, Arab Rep.",EGY,1979,A woman can register a business in the same way as a man (1=yes; 0=no),SG.BUS.REGT.EQ,1.0
"Egypt, Arab Rep.",EGY,1978,A woman can register a business in the same way as a man (1=yes; 0=no),SG.BUS.REGT.EQ,1.0
"Egypt, Arab Rep.",EGY,1977,A woman can register a business in the same way as a man (1=yes; 0=no),SG.BUS.REGT.EQ,1.0
"Egypt, Arab Rep.",EGY,1976,A woman can register a business in the same way as a man (1=yes; 0=no),SG.BUS.REGT.EQ,1.0
"Egypt, Arab Rep.",EGY,1975,A woman can register a business in the same way as a man (1=yes; 0=no),SG.BUS.REGT.EQ,1.0
"Egypt, Arab Rep.",EGY,1974,A woman can register a business in the same way as a man (1=yes; 0=no),SG.BUS.REGT.EQ,1.0
"Egypt, Arab Rep.",EGY,1973,A woman can register a business in the same way as a man (1=yes; 0=no),SG.BUS.REGT.EQ,1.0
"Egypt, Arab Rep.",EGY,1972,A woman can register a business in the same way as a man (1=yes; 0=no),SG.BUS.REGT.EQ,1.0
"Egypt, Arab Rep.",EGY,1971,A woman can register a business in the same way as a man (1=yes; 0=no),SG.BUS.REGT.EQ,1.0
"Egypt, Arab Rep.",EGY,1970,A woman can register a business in the same way as a man (1=yes; 0=no),SG.BUS.REGT.EQ,1.0
"Egypt, Arab Rep.",EGY,2022,A woman can sign a contract in the same way as a man (1=yes; 0=no),SG.CNT.SIGN.EQ,1.0
"Egypt, Arab Rep.",EGY,2021,A woman can sign a contract in the same way as a man (1=yes; 0=no),SG.CNT.SIGN.EQ,1.0
"Egypt, Arab Rep.",EGY,2020,A woman can sign a contract in the same way as a man (1=yes; 0=no),SG.CNT.SIGN.EQ,0.0
"Egypt, Arab Rep.",EGY,2019,A woman can sign a contract in the same way as a man (1=yes; 0=no),SG.CNT.SIGN.EQ,0.0
"Egypt, Arab Rep.",EGY,2018,A woman can sign a contract in the same way as a man (1=yes; 0=no),SG.CNT.SIGN.EQ,0.0
"Egypt, Arab Rep.",EGY,2017,A woman can sign a contract in the same way as a man (1=yes; 0=no),SG.CNT.SIGN.EQ,0.0
"Egypt, Arab Rep.",EGY,2016,A woman can sign a contract in the same way as a man (1=yes; 0=no),SG.CNT.SIGN.EQ,0.0
"Egypt, Arab Rep.",EGY,2015,A woman can sign a contract in the same way as a man (1=yes; 0=no),SG.CNT.SIGN.EQ,0.0
"Egypt, Arab Rep.",EGY,2014,A woman can sign a contract in the same way as a man (1=yes; 0=no),SG.CNT.SIGN.EQ,0.0
"Egypt, Arab Rep.",EGY,2013,A woman can sign a contract in the same way as a man (1=yes; 0=no),SG.CNT.SIGN.EQ,0.0
"Egypt, Arab Rep.",EGY,2012,A woman can sign a contract in the same way as a man (1=yes; 0=no),SG.CNT.SIGN.EQ,0.0
"Egypt, Arab Rep.",EGY,2011,A woman can sign a contract in the same way as a man (1=yes; 0=no),SG.CNT.SIGN.EQ,0.0
"Egypt, Arab Rep.",EGY,2010,A woman can sign a contract in the same way as a man (1=yes; 0=no),SG.CNT.SIGN.EQ,0.0
"Egypt, Arab Rep.",EGY,2009,A woman can sign a contract in the same way as a man (1=yes; 0=no),SG.CNT.SIGN.EQ,0.0
"Egypt, Arab Rep.",EGY,2008,A woman can sign a contract in the same way as a man (1=yes; 0=no),SG.CNT.SIGN.EQ,0.0
"Egypt, Arab Rep.",EGY,2007,A woman can sign a contract in the same way as a man (1=yes; 0=no),SG.CNT.SIGN.EQ,0.0
"Egypt, Arab Rep.",EGY,2006,A woman can sign a contract in the same way as a man (1=yes; 0=no),SG.CNT.SIGN.EQ,0.0
"Egypt, Arab Rep.",EGY,2005,A woman can sign a contract in the same way as a man (1=yes; 0=no),SG.CNT.SIGN.EQ,0.0
"Egypt, Arab Rep.",EGY,2004,A woman can sign a contract in the same way as a man (1=yes; 0=no),SG.CNT.SIGN.EQ,0.0
"Egypt, Arab Rep.",EGY,2003,A woman can sign a contract in the same way as a man (1=yes; 0=no),SG.CNT.SIGN.EQ,0.0
"Egypt, Arab Rep.",EGY,2002,A woman can sign a contract in the same way as a man (1=yes; 0=no),SG.CNT.SIGN.EQ,0.0
"Egypt, Arab Rep.",EGY,2001,A woman can sign a contract in the same way as a man (1=yes; 0=no),SG.CNT.SIGN.EQ,0.0
"Egypt, Arab Rep.",EGY,2000,A woman can sign a contract in the same way as a man (1=yes; 0=no),SG.CNT.SIGN.EQ,0.0
"Egypt, Arab Rep.",EGY,1999,A woman can sign a contract in the same way as a man (1=yes; 0=no),SG.CNT.SIGN.EQ,0.0
"Egypt, Arab Rep.",EGY,1998,A woman can sign a contract in the same way as a man (1=yes; 0=no),SG.CNT.SIGN.EQ,0.0
"Egypt, Arab Rep.",EGY,1997,A woman can sign a contract in the same way as a man (1=yes; 0=no),SG.CNT.SIGN.EQ,0.0
"Egypt, Arab Rep.",EGY,1996,A woman can sign a contract in the same way as a man (1=yes; 0=no),SG.CNT.SIGN.EQ,0.0
"Egypt, Arab Rep.",EGY,1995,A woman can sign a contract in the same way as a man (1=yes; 0=no),SG.CNT.SIGN.EQ,0.0
"Egypt, Arab Rep.",EGY,1994,A woman can sign a contract in the same way as a man (1=yes; 0=no),SG.CNT.SIGN.EQ,0.0
"Egypt, Arab Rep.",EGY,1993,A woman can sign a contract in the same way as a man (1=yes; 0=no),SG.CNT.SIGN.EQ,0.0
"Egypt, Arab Rep.",EGY,1992,A woman can sign a contract in the same way as a man (1=yes; 0=no),SG.CNT.SIGN.EQ,0.0
"Egypt, Arab Rep.",EGY,1991,A woman can sign a contract in the same way as a man (1=yes; 0=no),SG.CNT.SIGN.EQ,0.0
"Egypt, Arab Rep.",EGY,1990,A woman can sign a contract in the same way as a man (1=yes; 0=no),SG.CNT.SIGN.EQ,0.0
"Egypt, Arab Rep.",EGY,1989,A woman can sign a contract in the same way as a man (1=yes; 0=no),SG.CNT.SIGN.EQ,0.0
"Egypt, Arab Rep.",EGY,1988,A woman can sign a contract in the same way as a man (1=yes; 0=no),SG.CNT.SIGN.EQ,0.0
"Egypt, Arab Rep.",EGY,1987,A woman can sign a contract in the same way as a man (1=yes; 0=no),SG.CNT.SIGN.EQ,0.0
"Egypt, Arab Rep.",EGY,1986,A woman can sign a contract in the same way as a man (1=yes; 0=no),SG.CNT.SIGN.EQ,0.0
"Egypt, Arab Rep.",EGY,1985,A woman can sign a contract in the same way as a man (1=yes; 0=no),SG.CNT.SIGN.EQ,0.0
"Egypt, Arab Rep.",EGY,1984,A woman can sign a contract in the same way as a man (1=yes; 0=no),SG.CNT.SIGN.EQ,0.0
"Egypt, Arab Rep.",EGY,1983,A woman can sign a contract in the same way as a man (1=yes; 0=no),SG.CNT.SIGN.EQ,0.0
"Egypt, Arab Rep.",EGY,1982,A woman can sign a contract in the same way as a man (1=yes; 0=no),SG.CNT.SIGN.EQ,0.0
"Egypt, Arab Rep.",EGY,1981,A woman can sign a contract in the same way as a man (1=yes; 0=no),SG.CNT.SIGN.EQ,0.0
"Egypt, Arab Rep.",EGY,1980,A woman can sign a contract in the same way as a man (1=yes; 0=no),SG.CNT.SIGN.EQ,0.0
"Egypt, Arab Rep.",EGY,1979,A woman can sign a contract in the same way as a man (1=yes; 0=no),SG.CNT.SIGN.EQ,0.0
"Egypt, Arab Rep.",EGY,1978,A woman can sign a contract in the same way as a man (1=yes; 0=no),SG.CNT.SIGN.EQ,0.0
"Egypt, Arab Rep.",EGY,1977,A woman can sign a contract in the same way as a man (1=yes; 0=no),SG.CNT.SIGN.EQ,0.0
"Egypt, Arab Rep.",EGY,1976,A woman can sign a contract in the same way as a man (1=yes; 0=no),SG.CNT.SIGN.EQ,0.0
"Egypt, Arab Rep.",EGY,1975,A woman can sign a contract in the same way as a man (1=yes; 0=no),SG.CNT.SIGN.EQ,0.0
"Egypt, Arab Rep.",EGY,1974,A woman can sign a contract in the same way as a man (1=yes; 0=no),SG.CNT.SIGN.EQ,0.0
"Egypt, Arab Rep.",EGY,1973,A woman can sign a contract in the same way as a man (1=yes; 0=no),SG.CNT.SIGN.EQ,0.0
"Egypt, Arab Rep.",EGY,1972,A woman can sign a contract in the same way as a man (1=yes; 0=no),SG.CNT.SIGN.EQ,0.0
"Egypt, Arab Rep.",EGY,1971,A woman can sign a contract in the same way as a man (1=yes; 0=no),SG.CNT.SIGN.EQ,0.0
"Egypt, Arab Rep.",EGY,1970,A woman can sign a contract in the same way as a man (1=yes; 0=no),SG.CNT.SIGN.EQ,0.0
"Egypt, Arab Rep.",EGY,2005,Main cooking fuel: charcoal (% of households),SG.COK.CHCO.ZS,0.0
"Egypt, Arab Rep.",EGY,2003,Main cooking fuel: charcoal (% of households),SG.COK.CHCO.ZS,0.0
"Egypt, Arab Rep.",EGY,2000,Main cooking fuel: charcoal (% of households),SG.COK.CHCO.ZS,0.2
"Egypt, Arab Rep.",EGY,2005,Main cooking fuel: dung (% of households),SG.COK.DUNG.ZS,0.1
"Egypt, Arab Rep.",EGY,2003,Main cooking fuel: dung (% of households),SG.COK.DUNG.ZS,0.1
"Egypt, Arab Rep.",EGY,2000,Main cooking fuel: dung (% of households),SG.COK.DUNG.ZS,0.2
"Egypt, Arab Rep.",EGY,2005,Main cooking fuel: electricity  (% of households),SG.COK.ELEC.ZS,0.2
"Egypt, Arab Rep.",EGY,2003,Main cooking fuel: electricity  (% of households),SG.COK.ELEC.ZS,0.4
"Egypt, Arab Rep.",EGY,2000,Main cooking fuel: electricity  (% of households),SG.COK.ELEC.ZS,0.4
"Egypt, Arab Rep.",EGY,2005,Main cooking fuel: LPG/natural gas/biogas (% of households),SG.COK.LPGN.ZS,96.0
"Egypt, Arab Rep.",EGY,2003,Main cooking fuel: LPG/natural gas/biogas (% of households),SG.COK.LPGN.ZS,92.6
"Egypt, Arab Rep.",EGY,2000,Main cooking fuel: LPG/natural gas/biogas (% of households),SG.COK.LPGN.ZS,82.4
"Egypt, Arab Rep.",EGY,2005,Main cooking fuel: wood (% of households),SG.COK.WOOD.ZS,0.2
"Egypt, Arab Rep.",EGY,2003,Main cooking fuel: wood (% of households),SG.COK.WOOD.ZS,0.4
"Egypt, Arab Rep.",EGY,2000,Main cooking fuel: wood (% of households),SG.COK.WOOD.ZS,1.3
"Egypt, Arab Rep.",EGY,2022,A woman can travel outside the country in the same way as a man (1=yes; 0=no),SG.CTR.TRVL.EQ,0.0
"Egypt, Arab Rep.",EGY,2021,A woman can travel outside the country in the same way as a man (1=yes; 0=no),SG.CTR.TRVL.EQ,0.0
"Egypt, Arab Rep.",EGY,2020,A woman can travel outside the country in the same way as a man (1=yes; 0=no),SG.CTR.TRVL.EQ,0.0
"Egypt, Arab Rep.",EGY,2019,A woman can travel outside the country in the same way as a man (1=yes; 0=no),SG.CTR.TRVL.EQ,0.0
"Egypt, Arab Rep.",EGY,2018,A woman can travel outside the country in the same way as a man (1=yes; 0=no),SG.CTR.TRVL.EQ,0.0
"Egypt, Arab Rep.",EGY,2017,A woman can travel outside the country in the same way as a man (1=yes; 0=no),SG.CTR.TRVL.EQ,0.0
"Egypt, Arab Rep.",EGY,2016,A woman can travel outside the country in the same way as a man (1=yes; 0=no),SG.CTR.TRVL.EQ,0.0
"Egypt, Arab Rep.",EGY,2015,A woman can travel outside the country in the same way as a man (1=yes; 0=no),SG.CTR.TRVL.EQ,0.0
"Egypt, Arab Rep.",EGY,2014,A woman can travel outside the country in the same way as a man (1=yes; 0=no),SG.CTR.TRVL.EQ,0.0
"Egypt, Arab Rep.",EGY,2013,A woman can travel outside the country in the same way as a man (1=yes; 0=no),SG.CTR.TRVL.EQ,0.0
"Egypt, Arab Rep.",EGY,2012,A woman can travel outside the country in the same way as a man (1=yes; 0=no),SG.CTR.TRVL.EQ,0.0
"Egypt, Arab Rep.",EGY,2011,A woman can travel outside the country in the same way as a man (1=yes; 0=no),SG.CTR.TRVL.EQ,0.0
"Egypt, Arab Rep.",EGY,2010,A woman can travel outside the country in the same way as a man (1=yes; 0=no),SG.CTR.TRVL.EQ,0.0
"Egypt, Arab Rep.",EGY,2009,A woman can travel outside the country in the same way as a man (1=yes; 0=no),SG.CTR.TRVL.EQ,0.0
"Egypt, Arab Rep.",EGY,2008,A woman can travel outside the country in the same way as a man (1=yes; 0=no),SG.CTR.TRVL.EQ,0.0
"Egypt, Arab Rep.",EGY,2007,A woman can travel outside the country in the same way as a man (1=yes; 0=no),SG.CTR.TRVL.EQ,0.0
"Egypt, Arab Rep.",EGY,2006,A woman can travel outside the country in the same way as a man (1=yes; 0=no),SG.CTR.TRVL.EQ,0.0
"Egypt, Arab Rep.",EGY,2005,A woman can travel outside the country in the same way as a man (1=yes; 0=no),SG.CTR.TRVL.EQ,0.0
"Egypt, Arab Rep.",EGY,2004,A woman can travel outside the country in the same way as a man (1=yes; 0=no),SG.CTR.TRVL.EQ,0.0
"Egypt, Arab Rep.",EGY,2003,A woman can travel outside the country in the same way as a man (1=yes; 0=no),SG.CTR.TRVL.EQ,0.0
"Egypt, Arab Rep.",EGY,2002,A woman can travel outside the country in the same way as a man (1=yes; 0=no),SG.CTR.TRVL.EQ,0.0
"Egypt, Arab Rep.",EGY,2001,A woman can travel outside the country in the same way as a man (1=yes; 0=no),SG.CTR.TRVL.EQ,0.0
"Egypt, Arab Rep.",EGY,2000,A woman can travel outside the country in the same way as a man (1=yes; 0=no),SG.CTR.TRVL.EQ,0.0
"Egypt, Arab Rep.",EGY,1999,A woman can travel outside the country in the same way as a man (1=yes; 0=no),SG.CTR.TRVL.EQ,0.0
"Egypt, Arab Rep.",EGY,1998,A woman can travel outside the country in the same way as a man (1=yes; 0=no),SG.CTR.TRVL.EQ,0.0
"Egypt, Arab Rep.",EGY,1997,A woman can travel outside the country in the same way as a man (1=yes; 0=no),SG.CTR.TRVL.EQ,0.0
"Egypt, Arab Rep.",EGY,1996,A woman can travel outside the country in the same way as a man (1=yes; 0=no),SG.CTR.TRVL.EQ,0.0
"Egypt, Arab Rep.",EGY,1995,A woman can travel outside the country in the same way as a man (1=yes; 0=no),SG.CTR.TRVL.EQ,0.0
"Egypt, Arab Rep.",EGY,1994,A woman can travel outside the country in the same way as a man (1=yes; 0=no),SG.CTR.TRVL.EQ,0.0
"Egypt, Arab Rep.",EGY,1993,A woman can travel outside the country in the same way as a man (1=yes; 0=no),SG.CTR.TRVL.EQ,0.0
"Egypt, Arab Rep.",EGY,1992,A woman can travel outside the country in the same way as a man (1=yes; 0=no),SG.CTR.TRVL.EQ,0.0
"Egypt, Arab Rep.",EGY,1991,A woman can travel outside the country in the same way as a man (1=yes; 0=no),SG.CTR.TRVL.EQ,0.0
"Egypt, Arab Rep.",EGY,1990,A woman can travel outside the country in the same way as a man (1=yes; 0=no),SG.CTR.TRVL.EQ,0.0
"Egypt, Arab Rep.",EGY,1989,A woman can travel outside the country in the same way as a man (1=yes; 0=no),SG.CTR.TRVL.EQ,0.0
"Egypt, Arab Rep.",EGY,1988,A woman can travel outside the country in the same way as a man (1=yes; 0=no),SG.CTR.TRVL.EQ,0.0
"Egypt, Arab Rep.",EGY,1987,A woman can travel outside the country in the same way as a man (1=yes; 0=no),SG.CTR.TRVL.EQ,0.0
"Egypt, Arab Rep.",EGY,1986,A woman can travel outside the country in the same way as a man (1=yes; 0=no),SG.CTR.TRVL.EQ,0.0
"Egypt, Arab Rep.",EGY,1985,A woman can travel outside the country in the same way as a man (1=yes; 0=no),SG.CTR.TRVL.EQ,0.0
"Egypt, Arab Rep.",EGY,1984,A woman can travel outside the country in the same way as a man (1=yes; 0=no),SG.CTR.TRVL.EQ,0.0
"Egypt, Arab Rep.",EGY,1983,A woman can travel outside the country in the same way as a man (1=yes; 0=no),SG.CTR.TRVL.EQ,0.0
"Egypt, Arab Rep.",EGY,1982,A woman can travel outside the country in the same way as a man (1=yes; 0=no),SG.CTR.TRVL.EQ,0.0
"Egypt, Arab Rep.",EGY,1981,A woman can travel outside the country in the same way as a man (1=yes; 0=no),SG.CTR.TRVL.EQ,0.0
"Egypt, Arab Rep.",EGY,1980,A woman can travel outside the country in the same way as a man (1=yes; 0=no),SG.CTR.TRVL.EQ,0.0
"Egypt, Arab Rep.",EGY,1979,A woman can travel outside the country in the same way as a man (1=yes; 0=no),SG.CTR.TRVL.EQ,0.0
"Egypt, Arab Rep.",EGY,1978,A woman can travel outside the country in the same way as a man (1=yes; 0=no),SG.CTR.TRVL.EQ,0.0
"Egypt, Arab Rep.",EGY,1977,A woman can travel outside the country in the same way as a man (1=yes; 0=no),SG.CTR.TRVL.EQ,0.0
"Egypt, Arab Rep.",EGY,1976,A woman can travel outside the country in the same way as a man (1=yes; 0=no),SG.CTR.TRVL.EQ,0.0
"Egypt, Arab Rep.",EGY,1975,A woman can travel outside the country in the same way as a man (1=yes; 0=no),SG.CTR.TRVL.EQ,0.0
"Egypt, Arab Rep.",EGY,1974,A woman can travel outside the country in the same way as a man (1=yes; 0=no),SG.CTR.TRVL.EQ,0.0
"Egypt, Arab Rep.",EGY,1973,A woman can travel outside the country in the same way as a man (1=yes; 0=no),SG.CTR.TRVL.EQ,0.0
"Egypt, Arab Rep.",EGY,1972,A woman can travel outside the country in the same way as a man (1=yes; 0=no),SG.CTR.TRVL.EQ,0.0
"Egypt, Arab Rep.",EGY,1971,A woman can travel outside the country in the same way as a man (1=yes; 0=no),SG.CTR.TRVL.EQ,0.0
"Egypt, Arab Rep.",EGY,1970,A woman can travel outside the country in the same way as a man (1=yes; 0=no),SG.CTR.TRVL.EQ,0.0
"Egypt, Arab Rep.",EGY,2008,Women participating in making daily purchase decisions (% of women age 15-49),SG.DMK.DPCH.FN.ZS,77.8
"Egypt, Arab Rep.",EGY,2005,Women participating in making daily purchase decisions (% of women age 15-49),SG.DMK.DPCH.FN.ZS,80.0
"Egypt, Arab Rep.",EGY,2000,Women participating in making daily purchase decisions (% of women age 15-49),SG.DMK.DPCH.FN.ZS,65.5
"Egypt, Arab Rep.",EGY,2000,Women participating in decision of what food to cook daily (% of women age 15-49),SG.DMK.FOOD.FN.ZS,80.6
"Egypt, Arab Rep.",EGY,2014,Women participating in own health care decisions (% of women age 15-49),SG.DMK.HLTH.FN.ZS,82.7
"Egypt, Arab Rep.",EGY,2008,Women participating in own health care decisions (% of women age 15-49),SG.DMK.HLTH.FN.ZS,86.8
"Egypt, Arab Rep.",EGY,2005,Women participating in own health care decisions (% of women age 15-49),SG.DMK.HLTH.FN.ZS,79.0
"Egypt, Arab Rep.",EGY,2000,Women participating in own health care decisions (% of women age 15-49),SG.DMK.HLTH.FN.ZS,57.5
"Egypt, Arab Rep.",EGY,2014,Decision maker about a woman's own health care: mainly husband (% of women age 15-49),SG.DMK.HLTH.HB.ZS,16.2
"Egypt, Arab Rep.",EGY,2008,Decision maker about a woman's own health care: mainly husband (% of women age 15-49),SG.DMK.HLTH.HB.ZS,11.8
"Egypt, Arab Rep.",EGY,2005,Decision maker about a woman's own health care: mainly husband (% of women age 15-49),SG.DMK.HLTH.HB.ZS,19.5
"Egypt, Arab Rep.",EGY,2000,Decision maker about a woman's own health care: mainly husband (% of women age 15-49),SG.DMK.HLTH.HB.ZS,41.1
"Egypt, Arab Rep.",EGY,2014,Decision maker about a woman's own health care: other (% of women age 15-49),SG.DMK.HLTH.OT.ZS,0.1
"Egypt, Arab Rep.",EGY,2008,Decision maker about a woman's own health care: other (% of women age 15-49),SG.DMK.HLTH.OT.ZS,0.1
"Egypt, Arab Rep.",EGY,2005,Decision maker about a woman's own health care: other (% of women age 15-49),SG.DMK.HLTH.OT.ZS,0.1
"Egypt, Arab Rep.",EGY,2000,Decision maker about a woman's own health care: other (% of women age 15-49),SG.DMK.HLTH.OT.ZS,0.4
"Egypt, Arab Rep.",EGY,2014,Decision maker about a woman's own health care: someone else (% of women age 15-49),SG.DMK.HLTH.SE.ZS,0.9
"Egypt, Arab Rep.",EGY,2008,Decision maker about a woman's own health care: someone else (% of women age 15-49),SG.DMK.HLTH.SE.ZS,1.3
"Egypt, Arab Rep.",EGY,2005,Decision maker about a woman's own health care: someone else (% of women age 15-49),SG.DMK.HLTH.SE.ZS,1.2
"Egypt, Arab Rep.",EGY,2000,Decision maker about a woman's own health care: someone else (% of women age 15-49),SG.DMK.HLTH.SE.ZS,1.1
"Egypt, Arab Rep.",EGY,2014,Decision maker about a woman's own health care: mainly wife (% of women age 15-49),SG.DMK.HLTH.WF.ZS,14.6
"Egypt, Arab Rep.",EGY,2008,Decision maker about a woman's own health care: mainly wife (% of women age 15-49),SG.DMK.HLTH.WF.ZS,25.6
"Egypt, Arab Rep.",EGY,2005,Decision maker about a woman's own health care: mainly wife (% of women age 15-49),SG.DMK.HLTH.WF.ZS,26.3
"Egypt, Arab Rep.",EGY,2000,Decision maker about a woman's own health care: mainly wife (% of women age 15-49),SG.DMK.HLTH.WF.ZS,32.7
"Egypt, Arab Rep.",EGY,2014,Decision maker about a woman's own health care: wife and husband jointly (% of women age 15-49),SG.DMK.HLTH.WH.ZS,68.1
"Egypt, Arab Rep.",EGY,2008,Decision maker about a woman's own health care: wife and husband jointly (% of women age 15-49),SG.DMK.HLTH.WH.ZS,61.2
"Egypt, Arab Rep.",EGY,2005,Decision maker about a woman's own health care: wife and husband jointly (% of women age 15-49),SG.DMK.HLTH.WH.ZS,52.7
"Egypt, Arab Rep.",EGY,2000,Decision maker about a woman's own health care: wife and husband jointly (% of women age 15-49),SG.DMK.HLTH.WH.ZS,24.8
"Egypt, Arab Rep.",EGY,2014,"Women participating in none of the three decisions (own health care, major household purchases, and visiting family) (% of women age 15-49)",SG.DMK.NONE.FN.ZS,10.4
"Egypt, Arab Rep.",EGY,2008,"Women participating in none of the three decisions (own health care, major household purchases, and visiting family) (% of women age 15-49)",SG.DMK.NONE.FN.ZS,8.5
"Egypt, Arab Rep.",EGY,2005,"Women participating in none of the three decisions (own health care, major household purchases, and visiting family) (% of women age 15-49)",SG.DMK.NONE.FN.ZS,11.6
"Egypt, Arab Rep.",EGY,2000,"Women participating in none of the three decisions (own health care, major household purchases, and visiting family) (% of women age 15-49)",SG.DMK.NONE.FN.ZS,17.9
"Egypt, Arab Rep.",EGY,2014,Women participating in making major household purchase decisions (% of women age 15-49),SG.DMK.PRCH.FN.ZS,67.4
"Egypt, Arab Rep.",EGY,2008,Women participating in making major household purchase decisions (% of women age 15-49),SG.DMK.PRCH.FN.ZS,54.6
"Egypt, Arab Rep.",EGY,2005,Women participating in making major household purchase decisions (% of women age 15-49),SG.DMK.PRCH.FN.ZS,54.4
"Egypt, Arab Rep.",EGY,2000,Women participating in making major household purchase decisions (% of women age 15-49),SG.DMK.PRCH.FN.ZS,38.7
"Egypt, Arab Rep.",EGY,2014,Decision maker about major household purchases: mainly husband (% of women age 15-49),SG.DMK.PRCH.HB.ZS,29.9
"Egypt, Arab Rep.",EGY,2008,Decision maker about major household purchases: mainly husband (% of women age 15-49),SG.DMK.PRCH.HB.ZS,40.0
"Egypt, Arab Rep.",EGY,2005,Decision maker about major household purchases: mainly husband (% of women age 15-49),SG.DMK.PRCH.HB.ZS,39.9
"Egypt, Arab Rep.",EGY,2000,Decision maker about major household purchases: mainly husband (% of women age 15-49),SG.DMK.PRCH.HB.ZS,57.9
"Egypt, Arab Rep.",EGY,2014,Decision maker about major household purchases: other (% of women age 15-49),SG.DMK.PRCH.OT.ZS,0.3
"Egypt, Arab Rep.",EGY,2008,Decision maker about major household purchases: other (% of women age 15-49),SG.DMK.PRCH.OT.ZS,0.2
"Egypt, Arab Rep.",EGY,2005,Decision maker about major household purchases: other (% of women age 15-49),SG.DMK.PRCH.OT.ZS,0.2
"Egypt, Arab Rep.",EGY,2000,Decision maker about major household purchases: other (% of women age 15-49),SG.DMK.PRCH.OT.ZS,0.4
"Egypt, Arab Rep.",EGY,2014,Decision maker about major household purchases: someone else (% of women age 15-49),SG.DMK.PRCH.SE.ZS,2.3
"Egypt, Arab Rep.",EGY,2008,Decision maker about major household purchases: someone else (% of women age 15-49),SG.DMK.PRCH.SE.ZS,5.2
"Egypt, Arab Rep.",EGY,2005,Decision maker about major household purchases: someone else (% of women age 15-49),SG.DMK.PRCH.SE.ZS,5.5
"Egypt, Arab Rep.",EGY,2000,Decision maker about major household purchases: someone else (% of women age 15-49),SG.DMK.PRCH.SE.ZS,3.0
"Egypt, Arab Rep.",EGY,2014,Decision maker about major household purchases: mainly wife (% of women age 15-49),SG.DMK.PRCH.WF.ZS,6.4
"Egypt, Arab Rep.",EGY,2008,Decision maker about major household purchases: mainly wife (% of women age 15-49),SG.DMK.PRCH.WF.ZS,4.7
"Egypt, Arab Rep.",EGY,2005,Decision maker about major household purchases: mainly wife (% of women age 15-49),SG.DMK.PRCH.WF.ZS,7.3
"Egypt, Arab Rep.",EGY,2000,Decision maker about major household purchases: mainly wife (% of women age 15-49),SG.DMK.PRCH.WF.ZS,5.2
"Egypt, Arab Rep.",EGY,2014,Decision maker about major household purchases: wife and husband jointly (% of women age 15-49),SG.DMK.PRCH.WH.ZS,61.0
"Egypt, Arab Rep.",EGY,2008,Decision maker about major household purchases: wife and husband jointly (% of women age 15-49),SG.DMK.PRCH.WH.ZS,49.8
"Egypt, Arab Rep.",EGY,2005,Decision maker about major household purchases: wife and husband jointly (% of women age 15-49),SG.DMK.PRCH.WH.ZS,47.1
"Egypt, Arab Rep.",EGY,2000,Decision maker about major household purchases: wife and husband jointly (% of women age 15-49),SG.DMK.PRCH.WH.ZS,33.5
"Egypt, Arab Rep.",EGY,2014,"Women participating in decision of visits to family, relatives, friends (% of women age 15-49)",SG.DMK.VISI.FN.ZS,75.7
"Egypt, Arab Rep.",EGY,2008,"Women participating in decision of visits to family, relatives, friends (% of women age 15-49)",SG.DMK.VISI.FN.ZS,81.9
"Egypt, Arab Rep.",EGY,2005,"Women participating in decision of visits to family, relatives, friends (% of women age 15-49)",SG.DMK.VISI.FN.ZS,72.5
"Egypt, Arab Rep.",EGY,2000,"Women participating in decision of visits to family, relatives, friends (% of women age 15-49)",SG.DMK.VISI.FN.ZS,70.3
"Egypt, Arab Rep.",EGY,2014,Decision maker about a woman's visits to her family or relatives: mainly husband (% of women age 15-49),SG.DMK.VISI.HB.ZS,22.8
"Egypt, Arab Rep.",EGY,2008,Decision maker about a woman's visits to her family or relatives: mainly husband (% of women age 15-49),SG.DMK.VISI.HB.ZS,16.5
"Egypt, Arab Rep.",EGY,2005,Decision maker about a woman's visits to her family or relatives: mainly husband (% of women age 15-49),SG.DMK.VISI.HB.ZS,25.5
"Egypt, Arab Rep.",EGY,2000,Decision maker about a woman's visits to her family or relatives: mainly husband (% of women age 15-49),SG.DMK.VISI.HB.ZS,25.8
"Egypt, Arab Rep.",EGY,2014,Decision maker about a woman's visits to her family or relatives: other (% of women age 15-49),SG.DMK.VISI.OT.ZS,0.2
"Egypt, Arab Rep.",EGY,2008,Decision maker about a woman's visits to her family or relatives: other (% of women age 15-49),SG.DMK.VISI.OT.ZS,0.1
"Egypt, Arab Rep.",EGY,2005,Decision maker about a woman's visits to her family or relatives: other (% of women age 15-49),SG.DMK.VISI.OT.ZS,0.3
"Egypt, Arab Rep.",EGY,2000,Decision maker about a woman's visits to her family or relatives: other (% of women age 15-49),SG.DMK.VISI.OT.ZS,2.2
"Egypt, Arab Rep.",EGY,2014,Decision maker about a woman's visits to her family or relatives: someone else (% of women age 15-49),SG.DMK.VISI.SE.ZS,1.3
"Egypt, Arab Rep.",EGY,2008,Decision maker about a woman's visits to her family or relatives: someone else (% of women age 15-49),SG.DMK.VISI.SE.ZS,1.3
"Egypt, Arab Rep.",EGY,2005,Decision maker about a woman's visits to her family or relatives: someone else (% of women age 15-49),SG.DMK.VISI.SE.ZS,1.6
"Egypt, Arab Rep.",EGY,2000,Decision maker about a woman's visits to her family or relatives: someone else (% of women age 15-49),SG.DMK.VISI.SE.ZS,1.7
"Egypt, Arab Rep.",EGY,2014,Decision maker about a woman's visits to her family or relatives: mainly wife (% of women age 15-49),SG.DMK.VISI.WF.ZS,11.3
"Egypt, Arab Rep.",EGY,2008,Decision maker about a woman's visits to her family or relatives: mainly wife (% of women age 15-49),SG.DMK.VISI.WF.ZS,9.4
"Egypt, Arab Rep.",EGY,2005,Decision maker about a woman's visits to her family or relatives: mainly wife (% of women age 15-49),SG.DMK.VISI.WF.ZS,13.8
"Egypt, Arab Rep.",EGY,2000,Decision maker about a woman's visits to her family or relatives: mainly wife (% of women age 15-49),SG.DMK.VISI.WF.ZS,12.3
"Egypt, Arab Rep.",EGY,2014,Decision maker about Visits to her family or relatives: wife and husband jointly (% of women age 15-49),SG.DMK.VISI.WH.ZS,64.4
"Egypt, Arab Rep.",EGY,2008,Decision maker about Visits to her family or relatives: wife and husband jointly (% of women age 15-49),SG.DMK.VISI.WH.ZS,72.6
"Egypt, Arab Rep.",EGY,2005,Decision maker about Visits to her family or relatives: wife and husband jointly (% of women age 15-49),SG.DMK.VISI.WH.ZS,58.7
"Egypt, Arab Rep.",EGY,2000,Decision maker about Visits to her family or relatives: wife and husband jointly (% of women age 15-49),SG.DMK.VISI.WH.ZS,57.9
"Egypt, Arab Rep.",EGY,2022,Dismissal of pregnant workers is prohibited (1=yes; 0=no),SG.DML.PRGW,1.0
"Egypt, Arab Rep.",EGY,2021,Dismissal of pregnant workers is prohibited (1=yes; 0=no),SG.DML.PRGW,1.0
"Egypt, Arab Rep.",EGY,2020,Dismissal of pregnant workers is prohibited (1=yes; 0=no),SG.DML.PRGW,1.0
"Egypt, Arab Rep.",EGY,2019,Dismissal of pregnant workers is prohibited (1=yes; 0=no),SG.DML.PRGW,1.0
"Egypt, Arab Rep.",EGY,2018,Dismissal of pregnant workers is prohibited (1=yes; 0=no),SG.DML.PRGW,1.0
"Egypt, Arab Rep.",EGY,2017,Dismissal of pregnant workers is prohibited (1=yes; 0=no),SG.DML.PRGW,1.0
"Egypt, Arab Rep.",EGY,2016,Dismissal of pregnant workers is prohibited (1=yes; 0=no),SG.DML.PRGW,1.0
"Egypt, Arab Rep.",EGY,2015,Dismissal of pregnant workers is prohibited (1=yes; 0=no),SG.DML.PRGW,1.0
"Egypt, Arab Rep.",EGY,2014,Dismissal of pregnant workers is prohibited (1=yes; 0=no),SG.DML.PRGW,1.0
"Egypt, Arab Rep.",EGY,2013,Dismissal of pregnant workers is prohibited (1=yes; 0=no),SG.DML.PRGW,1.0
"Egypt, Arab Rep.",EGY,2012,Dismissal of pregnant workers is prohibited (1=yes; 0=no),SG.DML.PRGW,1.0
"Egypt, Arab Rep.",EGY,2011,Dismissal of pregnant workers is prohibited (1=yes; 0=no),SG.DML.PRGW,1.0
"Egypt, Arab Rep.",EGY,2010,Dismissal of pregnant workers is prohibited (1=yes; 0=no),SG.DML.PRGW,1.0
"Egypt, Arab Rep.",EGY,2009,Dismissal of pregnant workers is prohibited (1=yes; 0=no),SG.DML.PRGW,1.0
"Egypt, Arab Rep.",EGY,2008,Dismissal of pregnant workers is prohibited (1=yes; 0=no),SG.DML.PRGW,1.0
"Egypt, Arab Rep.",EGY,2007,Dismissal of pregnant workers is prohibited (1=yes; 0=no),SG.DML.PRGW,1.0
"Egypt, Arab Rep.",EGY,2006,Dismissal of pregnant workers is prohibited (1=yes; 0=no),SG.DML.PRGW,1.0
"Egypt, Arab Rep.",EGY,2005,Dismissal of pregnant workers is prohibited (1=yes; 0=no),SG.DML.PRGW,1.0
"Egypt, Arab Rep.",EGY,2004,Dismissal of pregnant workers is prohibited (1=yes; 0=no),SG.DML.PRGW,1.0
"Egypt, Arab Rep.",EGY,2003,Dismissal of pregnant workers is prohibited (1=yes; 0=no),SG.DML.PRGW,1.0
"Egypt, Arab Rep.",EGY,2002,Dismissal of pregnant workers is prohibited (1=yes; 0=no),SG.DML.PRGW,0.0
"Egypt, Arab Rep.",EGY,2001,Dismissal of pregnant workers is prohibited (1=yes; 0=no),SG.DML.PRGW,0.0
"Egypt, Arab Rep.",EGY,2000,Dismissal of pregnant workers is prohibited (1=yes; 0=no),SG.DML.PRGW,0.0
"Egypt, Arab Rep.",EGY,1999,Dismissal of pregnant workers is prohibited (1=yes; 0=no),SG.DML.PRGW,0.0
"Egypt, Arab Rep.",EGY,1998,Dismissal of pregnant workers is prohibited (1=yes; 0=no),SG.DML.PRGW,0.0
"Egypt, Arab Rep.",EGY,1997,Dismissal of pregnant workers is prohibited (1=yes; 0=no),SG.DML.PRGW,0.0
"Egypt, Arab Rep.",EGY,1996,Dismissal of pregnant workers is prohibited (1=yes; 0=no),SG.DML.PRGW,0.0
"Egypt, Arab Rep.",EGY,1995,Dismissal of pregnant workers is prohibited (1=yes; 0=no),SG.DML.PRGW,0.0
"Egypt, Arab Rep.",EGY,1994,Dismissal of pregnant workers is prohibited (1=yes; 0=no),SG.DML.PRGW,0.0
"Egypt, Arab Rep.",EGY,1993,Dismissal of pregnant workers is prohibited (1=yes; 0=no),SG.DML.PRGW,0.0
"Egypt, Arab Rep.",EGY,1992,Dismissal of pregnant workers is prohibited (1=yes; 0=no),SG.DML.PRGW,0.0
"Egypt, Arab Rep.",EGY,1991,Dismissal of pregnant workers is prohibited (1=yes; 0=no),SG.DML.PRGW,0.0
"Egypt, Arab Rep.",EGY,1990,Dismissal of pregnant workers is prohibited (1=yes; 0=no),SG.DML.PRGW,0.0
"Egypt, Arab Rep.",EGY,1989,Dismissal of pregnant workers is prohibited (1=yes; 0=no),SG.DML.PRGW,0.0
"Egypt, Arab Rep.",EGY,1988,Dismissal of pregnant workers is prohibited (1=yes; 0=no),SG.DML.PRGW,0.0
"Egypt, Arab Rep.",EGY,1987,Dismissal of pregnant workers is prohibited (1=yes; 0=no),SG.DML.PRGW,0.0
"Egypt, Arab Rep.",EGY,1986,Dismissal of pregnant workers is prohibited (1=yes; 0=no),SG.DML.PRGW,0.0
"Egypt, Arab Rep.",EGY,1985,Dismissal of pregnant workers is prohibited (1=yes; 0=no),SG.DML.PRGW,0.0
"Egypt, Arab Rep.",EGY,1984,Dismissal of pregnant workers is prohibited (1=yes; 0=no),SG.DML.PRGW,0.0
"Egypt, Arab Rep.",EGY,1983,Dismissal of pregnant workers is prohibited (1=yes; 0=no),SG.DML.PRGW,0.0
"Egypt, Arab Rep.",EGY,1982,Dismissal of pregnant workers is prohibited (1=yes; 0=no),SG.DML.PRGW,0.0
"Egypt, Arab Rep.",EGY,1981,Dismissal of pregnant workers is prohibited (1=yes; 0=no),SG.DML.PRGW,0.0
"Egypt, Arab Rep.",EGY,1980,Dismissal of pregnant workers is prohibited (1=yes; 0=no),SG.DML.PRGW,0.0
"Egypt, Arab Rep.",EGY,1979,Dismissal of pregnant workers is prohibited (1=yes; 0=no),SG.DML.PRGW,0.0
"Egypt, Arab Rep.",EGY,1978,Dismissal of pregnant workers is prohibited (1=yes; 0=no),SG.DML.PRGW,0.0
"Egypt, Arab Rep.",EGY,1977,Dismissal of pregnant workers is prohibited (1=yes; 0=no),SG.DML.PRGW,0.0
"Egypt, Arab Rep.",EGY,1976,Dismissal of pregnant workers is prohibited (1=yes; 0=no),SG.DML.PRGW,0.0
"Egypt, Arab Rep.",EGY,1975,Dismissal of pregnant workers is prohibited (1=yes; 0=no),SG.DML.PRGW,0.0
"Egypt, Arab Rep.",EGY,1974,Dismissal of pregnant workers is prohibited (1=yes; 0=no),SG.DML.PRGW,0.0
"Egypt, Arab Rep.",EGY,1973,Dismissal of pregnant workers is prohibited (1=yes; 0=no),SG.DML.PRGW,0.0
"Egypt, Arab Rep.",EGY,1972,Dismissal of pregnant workers is prohibited (1=yes; 0=no),SG.DML.PRGW,0.0
"Egypt, Arab Rep.",EGY,1971,Dismissal of pregnant workers is prohibited (1=yes; 0=no),SG.DML.PRGW,0.0
"Egypt, Arab Rep.",EGY,1970,Dismissal of pregnant workers is prohibited (1=yes; 0=no),SG.DML.PRGW,0.0
"Egypt, Arab Rep.",EGY,2022,A woman can work in a job deemed dangerous in the same way as a man (1=yes; 0=no),SG.DNG.WORK.DN.EQ,0.0
"Egypt, Arab Rep.",EGY,2021,A woman can work in a job deemed dangerous in the same way as a man (1=yes; 0=no),SG.DNG.WORK.DN.EQ,0.0
"Egypt, Arab Rep.",EGY,2020,A woman can work in a job deemed dangerous in the same way as a man (1=yes; 0=no),SG.DNG.WORK.DN.EQ,0.0
"Egypt, Arab Rep.",EGY,2019,A woman can work in a job deemed dangerous in the same way as a man (1=yes; 0=no),SG.DNG.WORK.DN.EQ,0.0
"Egypt, Arab Rep.",EGY,2018,A woman can work in a job deemed dangerous in the same way as a man (1=yes; 0=no),SG.DNG.WORK.DN.EQ,0.0
"Egypt, Arab Rep.",EGY,2017,A woman can work in a job deemed dangerous in the same way as a man (1=yes; 0=no),SG.DNG.WORK.DN.EQ,0.0
"Egypt, Arab Rep.",EGY,2016,A woman can work in a job deemed dangerous in the same way as a man (1=yes; 0=no),SG.DNG.WORK.DN.EQ,0.0
"Egypt, Arab Rep.",EGY,2015,A woman can work in a job deemed dangerous in the same way as a man (1=yes; 0=no),SG.DNG.WORK.DN.EQ,0.0
"Egypt, Arab Rep.",EGY,2014,A woman can work in a job deemed dangerous in the same way as a man (1=yes; 0=no),SG.DNG.WORK.DN.EQ,0.0
"Egypt, Arab Rep.",EGY,2013,A woman can work in a job deemed dangerous in the same way as a man (1=yes; 0=no),SG.DNG.WORK.DN.EQ,0.0
"Egypt, Arab Rep.",EGY,2012,A woman can work in a job deemed dangerous in the same way as a man (1=yes; 0=no),SG.DNG.WORK.DN.EQ,0.0
"Egypt, Arab Rep.",EGY,2011,A woman can work in a job deemed dangerous in the same way as a man (1=yes; 0=no),SG.DNG.WORK.DN.EQ,0.0
"Egypt, Arab Rep.",EGY,2010,A woman can work in a job deemed dangerous in the same way as a man (1=yes; 0=no),SG.DNG.WORK.DN.EQ,0.0
"Egypt, Arab Rep.",EGY,2009,A woman can work in a job deemed dangerous in the same way as a man (1=yes; 0=no),SG.DNG.WORK.DN.EQ,0.0
"Egypt, Arab Rep.",EGY,2008,A woman can work in a job deemed dangerous in the same way as a man (1=yes; 0=no),SG.DNG.WORK.DN.EQ,0.0
"Egypt, Arab Rep.",EGY,2007,A woman can work in a job deemed dangerous in the same way as a man (1=yes; 0=no),SG.DNG.WORK.DN.EQ,0.0
"Egypt, Arab Rep.",EGY,2006,A woman can work in a job deemed dangerous in the same way as a man (1=yes; 0=no),SG.DNG.WORK.DN.EQ,0.0
"Egypt, Arab Rep.",EGY,2005,A woman can work in a job deemed dangerous in the same way as a man (1=yes; 0=no),SG.DNG.WORK.DN.EQ,0.0
"Egypt, Arab Rep.",EGY,2004,A woman can work in a job deemed dangerous in the same way as a man (1=yes; 0=no),SG.DNG.WORK.DN.EQ,0.0
"Egypt, Arab Rep.",EGY,2003,A woman can work in a job deemed dangerous in the same way as a man (1=yes; 0=no),SG.DNG.WORK.DN.EQ,0.0
"Egypt, Arab Rep.",EGY,2002,A woman can work in a job deemed dangerous in the same way as a man (1=yes; 0=no),SG.DNG.WORK.DN.EQ,0.0
"Egypt, Arab Rep.",EGY,2001,A woman can work in a job deemed dangerous in the same way as a man (1=yes; 0=no),SG.DNG.WORK.DN.EQ,0.0
"Egypt, Arab Rep.",EGY,2000,A woman can work in a job deemed dangerous in the same way as a man (1=yes; 0=no),SG.DNG.WORK.DN.EQ,0.0
"Egypt, Arab Rep.",EGY,1999,A woman can work in a job deemed dangerous in the same way as a man (1=yes; 0=no),SG.DNG.WORK.DN.EQ,0.0
"Egypt, Arab Rep.",EGY,1998,A woman can work in a job deemed dangerous in the same way as a man (1=yes; 0=no),SG.DNG.WORK.DN.EQ,0.0
"Egypt, Arab Rep.",EGY,1997,A woman can work in a job deemed dangerous in the same way as a man (1=yes; 0=no),SG.DNG.WORK.DN.EQ,0.0
"Egypt, Arab Rep.",EGY,1996,A woman can work in a job deemed dangerous in the same way as a man (1=yes; 0=no),SG.DNG.WORK.DN.EQ,0.0
"Egypt, Arab Rep.",EGY,1995,A woman can work in a job deemed dangerous in the same way as a man (1=yes; 0=no),SG.DNG.WORK.DN.EQ,0.0
"Egypt, Arab Rep.",EGY,1994,A woman can work in a job deemed dangerous in the same way as a man (1=yes; 0=no),SG.DNG.WORK.DN.EQ,0.0
"Egypt, Arab Rep.",EGY,1993,A woman can work in a job deemed dangerous in the same way as a man (1=yes; 0=no),SG.DNG.WORK.DN.EQ,0.0
"Egypt, Arab Rep.",EGY,1992,A woman can work in a job deemed dangerous in the same way as a man (1=yes; 0=no),SG.DNG.WORK.DN.EQ,0.0
"Egypt, Arab Rep.",EGY,1991,A woman can work in a job deemed dangerous in the same way as a man (1=yes; 0=no),SG.DNG.WORK.DN.EQ,0.0
"Egypt, Arab Rep.",EGY,1990,A woman can work in a job deemed dangerous in the same way as a man (1=yes; 0=no),SG.DNG.WORK.DN.EQ,0.0
"Egypt, Arab Rep.",EGY,1989,A woman can work in a job deemed dangerous in the same way as a man (1=yes; 0=no),SG.DNG.WORK.DN.EQ,0.0
"Egypt, Arab Rep.",EGY,1988,A woman can work in a job deemed dangerous in the same way as a man (1=yes; 0=no),SG.DNG.WORK.DN.EQ,0.0
"Egypt, Arab Rep.",EGY,1987,A woman can work in a job deemed dangerous in the same way as a man (1=yes; 0=no),SG.DNG.WORK.DN.EQ,0.0
"Egypt, Arab Rep.",EGY,1986,A woman can work in a job deemed dangerous in the same way as a man (1=yes; 0=no),SG.DNG.WORK.DN.EQ,0.0
"Egypt, Arab Rep.",EGY,1985,A woman can work in a job deemed dangerous in the same way as a man (1=yes; 0=no),SG.DNG.WORK.DN.EQ,0.0
"Egypt, Arab Rep.",EGY,1984,A woman can work in a job deemed dangerous in the same way as a man (1=yes; 0=no),SG.DNG.WORK.DN.EQ,0.0
"Egypt, Arab Rep.",EGY,1983,A woman can work in a job deemed dangerous in the same way as a man (1=yes; 0=no),SG.DNG.WORK.DN.EQ,0.0
"Egypt, Arab Rep.",EGY,1982,A woman can work in a job deemed dangerous in the same way as a man (1=yes; 0=no),SG.DNG.WORK.DN.EQ,0.0
"Egypt, Arab Rep.",EGY,1981,A woman can work in a job deemed dangerous in the same way as a man (1=yes; 0=no),SG.DNG.WORK.DN.EQ,0.0
"Egypt, Arab Rep.",EGY,1980,A woman can work in a job deemed dangerous in the same way as a man (1=yes; 0=no),SG.DNG.WORK.DN.EQ,0.0
"Egypt, Arab Rep.",EGY,1979,A woman can work in a job deemed dangerous in the same way as a man (1=yes; 0=no),SG.DNG.WORK.DN.EQ,0.0
"Egypt, Arab Rep.",EGY,1978,A woman can work in a job deemed dangerous in the same way as a man (1=yes; 0=no),SG.DNG.WORK.DN.EQ,0.0
"Egypt, Arab Rep.",EGY,1977,A woman can work in a job deemed dangerous in the same way as a man (1=yes; 0=no),SG.DNG.WORK.DN.EQ,0.0
"Egypt, Arab Rep.",EGY,1976,A woman can work in a job deemed dangerous in the same way as a man (1=yes; 0=no),SG.DNG.WORK.DN.EQ,0.0
"Egypt, Arab Rep.",EGY,1975,A woman can work in a job deemed dangerous in the same way as a man (1=yes; 0=no),SG.DNG.WORK.DN.EQ,0.0
"Egypt, Arab Rep.",EGY,1974,A woman can work in a job deemed dangerous in the same way as a man (1=yes; 0=no),SG.DNG.WORK.DN.EQ,0.0
"Egypt, Arab Rep.",EGY,1973,A woman can work in a job deemed dangerous in the same way as a man (1=yes; 0=no),SG.DNG.WORK.DN.EQ,0.0
"Egypt, Arab Rep.",EGY,1972,A woman can work in a job deemed dangerous in the same way as a man (1=yes; 0=no),SG.DNG.WORK.DN.EQ,0.0
"Egypt, Arab Rep.",EGY,1971,A woman can work in a job deemed dangerous in the same way as a man (1=yes; 0=no),SG.DNG.WORK.DN.EQ,0.0
"Egypt, Arab Rep.",EGY,1970,A woman can work in a job deemed dangerous in the same way as a man (1=yes; 0=no),SG.DNG.WORK.DN.EQ,0.0
"Egypt, Arab Rep.",EGY,2020,Proportion of women in ministerial level positions (%),SG.GEN.MNST.ZS,24.242424
"Egypt, Arab Rep.",EGY,2019,Proportion of women in ministerial level positions (%),SG.GEN.MNST.ZS,24.242424
"Egypt, Arab Rep.",EGY,2018,Proportion of women in ministerial level positions (%),SG.GEN.MNST.ZS,24.2
"Egypt, Arab Rep.",EGY,2016,Proportion of women in ministerial level positions (%),SG.GEN.MNST.ZS,11.8
"Egypt, Arab Rep.",EGY,2015,Proportion of women in ministerial level positions (%),SG.GEN.MNST.ZS,11.8
"Egypt, Arab Rep.",EGY,2014,Proportion of women in ministerial level positions (%),SG.GEN.MNST.ZS,10.3
"Egypt, Arab Rep.",EGY,2012,Proportion of women in ministerial level positions (%),SG.GEN.MNST.ZS,10.3
"Egypt, Arab Rep.",EGY,2010,Proportion of women in ministerial level positions (%),SG.GEN.MNST.ZS,9.4
"Egypt, Arab Rep.",EGY,2008,Proportion of women in ministerial level positions (%),SG.GEN.MNST.ZS,6.5
"Egypt, Arab Rep.",EGY,2005,Proportion of women in ministerial level positions (%),SG.GEN.MNST.ZS,5.9
"Egypt, Arab Rep.",EGY,2006,Female professional and technical workers (% of total),SG.GEN.TECH.ZS,32.0
"Egypt, Arab Rep.",EGY,2022,A woman can get a job in the same way as a man (1=yes; 0=no),SG.GET.JOBS.EQ,0.0
"Egypt, Arab Rep.",EGY,2021,A woman can get a job in the same way as a man (1=yes; 0=no),SG.GET.JOBS.EQ,0.0
"Egypt, Arab Rep.",EGY,2020,A woman can get a job in the same way as a man (1=yes; 0=no),SG.GET.JOBS.EQ,0.0
"Egypt, Arab Rep.",EGY,2019,A woman can get a job in the same way as a man (1=yes; 0=no),SG.GET.JOBS.EQ,0.0
"Egypt, Arab Rep.",EGY,2018,A woman can get a job in the same way as a man (1=yes; 0=no),SG.GET.JOBS.EQ,0.0
"Egypt, Arab Rep.",EGY,2017,A woman can get a job in the same way as a man (1=yes; 0=no),SG.GET.JOBS.EQ,0.0
"Egypt, Arab Rep.",EGY,2016,A woman can get a job in the same way as a man (1=yes; 0=no),SG.GET.JOBS.EQ,0.0
"Egypt, Arab Rep.",EGY,2015,A woman can get a job in the same way as a man (1=yes; 0=no),SG.GET.JOBS.EQ,0.0
"Egypt, Arab Rep.",EGY,2014,A woman can get a job in the same way as a man (1=yes; 0=no),SG.GET.JOBS.EQ,0.0
"Egypt, Arab Rep.",EGY,2013,A woman can get a job in the same way as a man (1=yes; 0=no),SG.GET.JOBS.EQ,0.0
"Egypt, Arab Rep.",EGY,2012,A woman can get a job in the same way as a man (1=yes; 0=no),SG.GET.JOBS.EQ,0.0
"Egypt, Arab Rep.",EGY,2011,A woman can get a job in the same way as a man (1=yes; 0=no),SG.GET.JOBS.EQ,0.0
"Egypt, Arab Rep.",EGY,2010,A woman can get a job in the same way as a man (1=yes; 0=no),SG.GET.JOBS.EQ,0.0
"Egypt, Arab Rep.",EGY,2009,A woman can get a job in the same way as a man (1=yes; 0=no),SG.GET.JOBS.EQ,0.0
"Egypt, Arab Rep.",EGY,2008,A woman can get a job in the same way as a man (1=yes; 0=no),SG.GET.JOBS.EQ,0.0
"Egypt, Arab Rep.",EGY,2007,A woman can get a job in the same way as a man (1=yes; 0=no),SG.GET.JOBS.EQ,0.0
"Egypt, Arab Rep.",EGY,2006,A woman can get a job in the same way as a man (1=yes; 0=no),SG.GET.JOBS.EQ,0.0
"Egypt, Arab Rep.",EGY,2005,A woman can get a job in the same way as a man (1=yes; 0=no),SG.GET.JOBS.EQ,0.0
"Egypt, Arab Rep.",EGY,2004,A woman can get a job in the same way as a man (1=yes; 0=no),SG.GET.JOBS.EQ,0.0
"Egypt, Arab Rep.",EGY,2003,A woman can get a job in the same way as a man (1=yes; 0=no),SG.GET.JOBS.EQ,0.0
"Egypt, Arab Rep.",EGY,2002,A woman can get a job in the same way as a man (1=yes; 0=no),SG.GET.JOBS.EQ,0.0
"Egypt, Arab Rep.",EGY,2001,A woman can get a job in the same way as a man (1=yes; 0=no),SG.GET.JOBS.EQ,0.0
"Egypt, Arab Rep.",EGY,2000,A woman can get a job in the same way as a man (1=yes; 0=no),SG.GET.JOBS.EQ,0.0
"Egypt, Arab Rep.",EGY,1999,A woman can get a job in the same way as a man (1=yes; 0=no),SG.GET.JOBS.EQ,0.0
"Egypt, Arab Rep.",EGY,1998,A woman can get a job in the same way as a man (1=yes; 0=no),SG.GET.JOBS.EQ,0.0
"Egypt, Arab Rep.",EGY,1997,A woman can get a job in the same way as a man (1=yes; 0=no),SG.GET.JOBS.EQ,0.0
"Egypt, Arab Rep.",EGY,1996,A woman can get a job in the same way as a man (1=yes; 0=no),SG.GET.JOBS.EQ,0.0
"Egypt, Arab Rep.",EGY,1995,A woman can get a job in the same way as a man (1=yes; 0=no),SG.GET.JOBS.EQ,0.0
"Egypt, Arab Rep.",EGY,1994,A woman can get a job in the same way as a man (1=yes; 0=no),SG.GET.JOBS.EQ,0.0
"Egypt, Arab Rep.",EGY,1993,A woman can get a job in the same way as a man (1=yes; 0=no),SG.GET.JOBS.EQ,0.0
"Egypt, Arab Rep.",EGY,1992,A woman can get a job in the same way as a man (1=yes; 0=no),SG.GET.JOBS.EQ,0.0
"Egypt, Arab Rep.",EGY,1991,A woman can get a job in the same way as a man (1=yes; 0=no),SG.GET.JOBS.EQ,0.0
"Egypt, Arab Rep.",EGY,1990,A woman can get a job in the same way as a man (1=yes; 0=no),SG.GET.JOBS.EQ,0.0
"Egypt, Arab Rep.",EGY,1989,A woman can get a job in the same way as a man (1=yes; 0=no),SG.GET.JOBS.EQ,0.0
"Egypt, Arab Rep.",EGY,1988,A woman can get a job in the same way as a man (1=yes; 0=no),SG.GET.JOBS.EQ,0.0
"Egypt, Arab Rep.",EGY,1987,A woman can get a job in the same way as a man (1=yes; 0=no),SG.GET.JOBS.EQ,0.0
"Egypt, Arab Rep.",EGY,1986,A woman can get a job in the same way as a man (1=yes; 0=no),SG.GET.JOBS.EQ,0.0
"Egypt, Arab Rep.",EGY,1985,A woman can get a job in the same way as a man (1=yes; 0=no),SG.GET.JOBS.EQ,0.0
"Egypt, Arab Rep.",EGY,1984,A woman can get a job in the same way as a man (1=yes; 0=no),SG.GET.JOBS.EQ,0.0
"Egypt, Arab Rep.",EGY,1983,A woman can get a job in the same way as a man (1=yes; 0=no),SG.GET.JOBS.EQ,0.0
"Egypt, Arab Rep.",EGY,1982,A woman can get a job in the same way as a man (1=yes; 0=no),SG.GET.JOBS.EQ,0.0
"Egypt, Arab Rep.",EGY,1981,A woman can get a job in the same way as a man (1=yes; 0=no),SG.GET.JOBS.EQ,0.0
"Egypt, Arab Rep.",EGY,1980,A woman can get a job in the same way as a man (1=yes; 0=no),SG.GET.JOBS.EQ,0.0
"Egypt, Arab Rep.",EGY,1979,A woman can get a job in the same way as a man (1=yes; 0=no),SG.GET.JOBS.EQ,0.0
"Egypt, Arab Rep.",EGY,1978,A woman can get a job in the same way as a man (1=yes; 0=no),SG.GET.JOBS.EQ,0.0
"Egypt, Arab Rep.",EGY,1977,A woman can get a job in the same way as a man (1=yes; 0=no),SG.GET.JOBS.EQ,0.0
"Egypt, Arab Rep.",EGY,1976,A woman can get a job in the same way as a man (1=yes; 0=no),SG.GET.JOBS.EQ,0.0
"Egypt, Arab Rep.",EGY,1975,A woman can get a job in the same way as a man (1=yes; 0=no),SG.GET.JOBS.EQ,0.0
"Egypt, Arab Rep.",EGY,1974,A woman can get a job in the same way as a man (1=yes; 0=no),SG.GET.JOBS.EQ,0.0
"Egypt, Arab Rep.",EGY,1973,A woman can get a job in the same way as a man (1=yes; 0=no),SG.GET.JOBS.EQ,0.0
"Egypt, Arab Rep.",EGY,1972,A woman can get a job in the same way as a man (1=yes; 0=no),SG.GET.JOBS.EQ,0.0
"Egypt, Arab Rep.",EGY,1971,A woman can get a job in the same way as a man (1=yes; 0=no),SG.GET.JOBS.EQ,0.0
"Egypt, Arab Rep.",EGY,1970,A woman can get a job in the same way as a man (1=yes; 0=no),SG.GET.JOBS.EQ,0.0
"Egypt, Arab Rep.",EGY,2014,Households with water on the premises (%),SG.H2O.PRMS.HH.ZS,93.2
"Egypt, Arab Rep.",EGY,2008,Households with water on the premises (%),SG.H2O.PRMS.HH.ZS,97.1
"Egypt, Arab Rep.",EGY,2005,Households with water on the premises (%),SG.H2O.PRMS.HH.ZS,94.3
"Egypt, Arab Rep.",EGY,2003,Households with water on the premises (%),SG.H2O.PRMS.HH.ZS,92.9
"Egypt, Arab Rep.",EGY,2000,Households with water on the premises (%),SG.H2O.PRMS.HH.ZS,89.1
"Egypt, Arab Rep.",EGY,1995,Households with water on the premises (%),SG.H2O.PRMS.HH.ZS,80.1
"Egypt, Arab Rep.",EGY,2014,Households with water less than 30 minutes away round trip (%),SG.H2O.TL30.HH.ZS,6.1
"Egypt, Arab Rep.",EGY,2008,Households with water less than 30 minutes away round trip (%),SG.H2O.TL30.HH.ZS,2.1
"Egypt, Arab Rep.",EGY,2005,Households with water less than 30 minutes away round trip (%),SG.H2O.TL30.HH.ZS,4.4
"Egypt, Arab Rep.",EGY,2003,Households with water less than 30 minutes away round trip (%),SG.H2O.TL30.HH.ZS,6.4
"Egypt, Arab Rep.",EGY,2000,Households with water less than 30 minutes away round trip (%),SG.H2O.TL30.HH.ZS,9.7
"Egypt, Arab Rep.",EGY,1995,Households with water less than 30 minutes away round trip (%),SG.H2O.TL30.HH.ZS,17.0
"Egypt, Arab Rep.",EGY,2014,Households with water 30 minutes or longer away round trip (%),SG.H2O.TM30.HH.ZS,0.6
"Egypt, Arab Rep.",EGY,2008,Households with water 30 minutes or longer away round trip (%),SG.H2O.TM30.HH.ZS,0.3
"Egypt, Arab Rep.",EGY,2005,Households with water 30 minutes or longer away round trip (%),SG.H2O.TM30.HH.ZS,0.3
"Egypt, Arab Rep.",EGY,2003,Households with water 30 minutes or longer away round trip (%),SG.H2O.TM30.HH.ZS,0.4
"Egypt, Arab Rep.",EGY,2000,Households with water 30 minutes or longer away round trip (%),SG.H2O.TM30.HH.ZS,0.9
"Egypt, Arab Rep.",EGY,1995,Households with water 30 minutes or longer away round trip (%),SG.H2O.TM30.HH.ZS,2.9
"Egypt, Arab Rep.",EGY,2022,A woman can be head of household in the same way as a man (1=yes; 0=no),SG.HLD.HEAD.EQ,0.0
"Egypt, Arab Rep.",EGY,2021,A woman can be head of household in the same way as a man (1=yes; 0=no),SG.HLD.HEAD.EQ,0.0
"Egypt, Arab Rep.",EGY,2020,A woman can be head of household in the same way as a man (1=yes; 0=no),SG.HLD.HEAD.EQ,0.0
"Egypt, Arab Rep.",EGY,2019,A woman can be head of household in the same way as a man (1=yes; 0=no),SG.HLD.HEAD.EQ,0.0
"Egypt, Arab Rep.",EGY,2018,A woman can be head of household in the same way as a man (1=yes; 0=no),SG.HLD.HEAD.EQ,0.0
"Egypt, Arab Rep.",EGY,2017,A woman can be head of household in the same way as a man (1=yes; 0=no),SG.HLD.HEAD.EQ,0.0
"Egypt, Arab Rep.",EGY,2016,A woman can be head of household in the same way as a man (1=yes; 0=no),SG.HLD.HEAD.EQ,0.0
"Egypt, Arab Rep.",EGY,2015,A woman can be head of household in the same way as a man (1=yes; 0=no),SG.HLD.HEAD.EQ,0.0
"Egypt, Arab Rep.",EGY,2014,A woman can be head of household in the same way as a man (1=yes; 0=no),SG.HLD.HEAD.EQ,0.0
"Egypt, Arab Rep.",EGY,2013,A woman can be head of household in the same way as a man (1=yes; 0=no),SG.HLD.HEAD.EQ,0.0
"Egypt, Arab Rep.",EGY,2012,A woman can be head of household in the same way as a man (1=yes; 0=no),SG.HLD.HEAD.EQ,0.0
"Egypt, Arab Rep.",EGY,2011,A woman can be head of household in the same way as a man (1=yes; 0=no),SG.HLD.HEAD.EQ,0.0
"Egypt, Arab Rep.",EGY,2010,A woman can be head of household in the same way as a man (1=yes; 0=no),SG.HLD.HEAD.EQ,0.0
"Egypt, Arab Rep.",EGY,2009,A woman can be head of household in the same way as a man (1=yes; 0=no),SG.HLD.HEAD.EQ,0.0
"Egypt, Arab Rep.",EGY,2008,A woman can be head of household in the same way as a man (1=yes; 0=no),SG.HLD.HEAD.EQ,0.0
"Egypt, Arab Rep.",EGY,2007,A woman can be head of household in the same way as a man (1=yes; 0=no),SG.HLD.HEAD.EQ,0.0
"Egypt, Arab Rep.",EGY,2006,A woman can be head of household in the same way as a man (1=yes; 0=no),SG.HLD.HEAD.EQ,0.0
"Egypt, Arab Rep.",EGY,2005,A woman can be head of household in the same way as a man (1=yes; 0=no),SG.HLD.HEAD.EQ,0.0
"Egypt, Arab Rep.",EGY,2004,A woman can be head of household in the same way as a man (1=yes; 0=no),SG.HLD.HEAD.EQ,0.0
"Egypt, Arab Rep.",EGY,2003,A woman can be head of household in the same way as a man (1=yes; 0=no),SG.HLD.HEAD.EQ,0.0
"Egypt, Arab Rep.",EGY,2002,A woman can be head of household in the same way as a man (1=yes; 0=no),SG.HLD.HEAD.EQ,0.0
"Egypt, Arab Rep.",EGY,2001,A woman can be head of household in the same way as a man (1=yes; 0=no),SG.HLD.HEAD.EQ,0.0
"Egypt, Arab Rep.",EGY,2000,A woman can be head of household in the same way as a man (1=yes; 0=no),SG.HLD.HEAD.EQ,0.0
"Egypt, Arab Rep.",EGY,1999,A woman can be head of household in the same way as a man (1=yes; 0=no),SG.HLD.HEAD.EQ,0.0
"Egypt, Arab Rep.",EGY,1998,A woman can be head of household in the same way as a man (1=yes; 0=no),SG.HLD.HEAD.EQ,0.0
"Egypt, Arab Rep.",EGY,1997,A woman can be head of household in the same way as a man (1=yes; 0=no),SG.HLD.HEAD.EQ,0.0
"Egypt, Arab Rep.",EGY,1996,A woman can be head of household in the same way as a man (1=yes; 0=no),SG.HLD.HEAD.EQ,0.0
"Egypt, Arab Rep.",EGY,1995,A woman can be head of household in the same way as a man (1=yes; 0=no),SG.HLD.HEAD.EQ,0.0
"Egypt, Arab Rep.",EGY,1994,A woman can be head of household in the same way as a man (1=yes; 0=no),SG.HLD.HEAD.EQ,0.0
"Egypt, Arab Rep.",EGY,1993,A woman can be head of household in the same way as a man (1=yes; 0=no),SG.HLD.HEAD.EQ,0.0
"Egypt, Arab Rep.",EGY,1992,A woman can be head of household in the same way as a man (1=yes; 0=no),SG.HLD.HEAD.EQ,0.0
"Egypt, Arab Rep.",EGY,1991,A woman can be head of household in the same way as a man (1=yes; 0=no),SG.HLD.HEAD.EQ,0.0
"Egypt, Arab Rep.",EGY,1990,A woman can be head of household in the same way as a man (1=yes; 0=no),SG.HLD.HEAD.EQ,0.0
"Egypt, Arab Rep.",EGY,1989,A woman can be head of household in the same way as a man (1=yes; 0=no),SG.HLD.HEAD.EQ,0.0
"Egypt, Arab Rep.",EGY,1988,A woman can be head of household in the same way as a man (1=yes; 0=no),SG.HLD.HEAD.EQ,0.0
"Egypt, Arab Rep.",EGY,1987,A woman can be head of household in the same way as a man (1=yes; 0=no),SG.HLD.HEAD.EQ,0.0
"Egypt, Arab Rep.",EGY,1986,A woman can be head of household in the same way as a man (1=yes; 0=no),SG.HLD.HEAD.EQ,0.0
"Egypt, Arab Rep.",EGY,1985,A woman can be head of household in the same way as a man (1=yes; 0=no),SG.HLD.HEAD.EQ,0.0
"Egypt, Arab Rep.",EGY,1984,A woman can be head of household in the same way as a man (1=yes; 0=no),SG.HLD.HEAD.EQ,0.0
"Egypt, Arab Rep.",EGY,1983,A woman can be head of household in the same way as a man (1=yes; 0=no),SG.HLD.HEAD.EQ,0.0
"Egypt, Arab Rep.",EGY,1982,A woman can be head of household in the same way as a man (1=yes; 0=no),SG.HLD.HEAD.EQ,0.0
"Egypt, Arab Rep.",EGY,1981,A woman can be head of household in the same way as a man (1=yes; 0=no),SG.HLD.HEAD.EQ,0.0
"Egypt, Arab Rep.",EGY,1980,A woman can be head of household in the same way as a man (1=yes; 0=no),SG.HLD.HEAD.EQ,0.0
"Egypt, Arab Rep.",EGY,1979,A woman can be head of household in the same way as a man (1=yes; 0=no),SG.HLD.HEAD.EQ,0.0
"Egypt, Arab Rep.",EGY,1978,A woman can be head of household in the same way as a man (1=yes; 0=no),SG.HLD.HEAD.EQ,0.0
"Egypt, Arab Rep.",EGY,1977,A woman can be head of household in the same way as a man (1=yes; 0=no),SG.HLD.HEAD.EQ,0.0
"Egypt, Arab Rep.",EGY,1976,A woman can be head of household in the same way as a man (1=yes; 0=no),SG.HLD.HEAD.EQ,0.0
"Egypt, Arab Rep.",EGY,1975,A woman can be head of household in the same way as a man (1=yes; 0=no),SG.HLD.HEAD.EQ,0.0
"Egypt, Arab Rep.",EGY,1974,A woman can be head of household in the same way as a man (1=yes; 0=no),SG.HLD.HEAD.EQ,0.0
"Egypt, Arab Rep.",EGY,1973,A woman can be head of household in the same way as a man (1=yes; 0=no),SG.HLD.HEAD.EQ,0.0
"Egypt, Arab Rep.",EGY,1972,A woman can be head of household in the same way as a man (1=yes; 0=no),SG.HLD.HEAD.EQ,0.0
"Egypt, Arab Rep.",EGY,1971,A woman can be head of household in the same way as a man (1=yes; 0=no),SG.HLD.HEAD.EQ,0.0
"Egypt, Arab Rep.",EGY,1970,A woman can be head of household in the same way as a man (1=yes; 0=no),SG.HLD.HEAD.EQ,0.0
"Egypt, Arab Rep.",EGY,2022,A woman can travel outside her home in the same way as a man (1=yes; 0=no),SG.HME.TRVL.EQ,0.0
"Egypt, Arab Rep.",EGY,2021,A woman can travel outside her home in the same way as a man (1=yes; 0=no),SG.HME.TRVL.EQ,0.0
"Egypt, Arab Rep.",EGY,2020,A woman can travel outside her home in the same way as a man (1=yes; 0=no),SG.HME.TRVL.EQ,0.0
"Egypt, Arab Rep.",EGY,2019,A woman can travel outside her home in the same way as a man (1=yes; 0=no),SG.HME.TRVL.EQ,0.0
"Egypt, Arab Rep.",EGY,2018,A woman can travel outside her home in the same way as a man (1=yes; 0=no),SG.HME.TRVL.EQ,0.0
"Egypt, Arab Rep.",EGY,2017,A woman can travel outside her home in the same way as a man (1=yes; 0=no),SG.HME.TRVL.EQ,0.0
"Egypt, Arab Rep.",EGY,2016,A woman can travel outside her home in the same way as a man (1=yes; 0=no),SG.HME.TRVL.EQ,0.0
"Egypt, Arab Rep.",EGY,2015,A woman can travel outside her home in the same way as a man (1=yes; 0=no),SG.HME.TRVL.EQ,0.0
"Egypt, Arab Rep.",EGY,2014,A woman can travel outside her home in the same way as a man (1=yes; 0=no),SG.HME.TRVL.EQ,0.0
"Egypt, Arab Rep.",EGY,2013,A woman can travel outside her home in the same way as a man (1=yes; 0=no),SG.HME.TRVL.EQ,0.0
"Egypt, Arab Rep.",EGY,2012,A woman can travel outside her home in the same way as a man (1=yes; 0=no),SG.HME.TRVL.EQ,0.0
"Egypt, Arab Rep.",EGY,2011,A woman can travel outside her home in the same way as a man (1=yes; 0=no),SG.HME.TRVL.EQ,0.0
"Egypt, Arab Rep.",EGY,2010,A woman can travel outside her home in the same way as a man (1=yes; 0=no),SG.HME.TRVL.EQ,0.0
"Egypt, Arab Rep.",EGY,2009,A woman can travel outside her home in the same way as a man (1=yes; 0=no),SG.HME.TRVL.EQ,0.0
"Egypt, Arab Rep.",EGY,2008,A woman can travel outside her home in the same way as a man (1=yes; 0=no),SG.HME.TRVL.EQ,0.0
"Egypt, Arab Rep.",EGY,2007,A woman can travel outside her home in the same way as a man (1=yes; 0=no),SG.HME.TRVL.EQ,0.0
"Egypt, Arab Rep.",EGY,2006,A woman can travel outside her home in the same way as a man (1=yes; 0=no),SG.HME.TRVL.EQ,0.0
"Egypt, Arab Rep.",EGY,2005,A woman can travel outside her home in the same way as a man (1=yes; 0=no),SG.HME.TRVL.EQ,0.0
"Egypt, Arab Rep.",EGY,2004,A woman can travel outside her home in the same way as a man (1=yes; 0=no),SG.HME.TRVL.EQ,0.0
"Egypt, Arab Rep.",EGY,2003,A woman can travel outside her home in the same way as a man (1=yes; 0=no),SG.HME.TRVL.EQ,0.0
"Egypt, Arab Rep.",EGY,2002,A woman can travel outside her home in the same way as a man (1=yes; 0=no),SG.HME.TRVL.EQ,0.0
"Egypt, Arab Rep.",EGY,2001,A woman can travel outside her home in the same way as a man (1=yes; 0=no),SG.HME.TRVL.EQ,0.0
"Egypt, Arab Rep.",EGY,2000,A woman can travel outside her home in the same way as a man (1=yes; 0=no),SG.HME.TRVL.EQ,0.0
"Egypt, Arab Rep.",EGY,1999,A woman can travel outside her home in the same way as a man (1=yes; 0=no),SG.HME.TRVL.EQ,0.0
"Egypt, Arab Rep.",EGY,1998,A woman can travel outside her home in the same way as a man (1=yes; 0=no),SG.HME.TRVL.EQ,0.0
"Egypt, Arab Rep.",EGY,1997,A woman can travel outside her home in the same way as a man (1=yes; 0=no),SG.HME.TRVL.EQ,0.0
"Egypt, Arab Rep.",EGY,1996,A woman can travel outside her home in the same way as a man (1=yes; 0=no),SG.HME.TRVL.EQ,0.0
"Egypt, Arab Rep.",EGY,1995,A woman can travel outside her home in the same way as a man (1=yes; 0=no),SG.HME.TRVL.EQ,0.0
"Egypt, Arab Rep.",EGY,1994,A woman can travel outside her home in the same way as a man (1=yes; 0=no),SG.HME.TRVL.EQ,0.0
"Egypt, Arab Rep.",EGY,1993,A woman can travel outside her home in the same way as a man (1=yes; 0=no),SG.HME.TRVL.EQ,0.0
"Egypt, Arab Rep.",EGY,1992,A woman can travel outside her home in the same way as a man (1=yes; 0=no),SG.HME.TRVL.EQ,0.0
"Egypt, Arab Rep.",EGY,1991,A woman can travel outside her home in the same way as a man (1=yes; 0=no),SG.HME.TRVL.EQ,0.0
"Egypt, Arab Rep.",EGY,1990,A woman can travel outside her home in the same way as a man (1=yes; 0=no),SG.HME.TRVL.EQ,0.0
"Egypt, Arab Rep.",EGY,1989,A woman can travel outside her home in the same way as a man (1=yes; 0=no),SG.HME.TRVL.EQ,0.0
"Egypt, Arab Rep.",EGY,1988,A woman can travel outside her home in the same way as a man (1=yes; 0=no),SG.HME.TRVL.EQ,0.0
"Egypt, Arab Rep.",EGY,1987,A woman can travel outside her home in the same way as a man (1=yes; 0=no),SG.HME.TRVL.EQ,0.0
"Egypt, Arab Rep.",EGY,1986,A woman can travel outside her home in the same way as a man (1=yes; 0=no),SG.HME.TRVL.EQ,0.0
"Egypt, Arab Rep.",EGY,1985,A woman can travel outside her home in the same way as a man (1=yes; 0=no),SG.HME.TRVL.EQ,0.0
"Egypt, Arab Rep.",EGY,1984,A woman can travel outside her home in the same way as a man (1=yes; 0=no),SG.HME.TRVL.EQ,0.0
"Egypt, Arab Rep.",EGY,1983,A woman can travel outside her home in the same way as a man (1=yes; 0=no),SG.HME.TRVL.EQ,0.0
"Egypt, Arab Rep.",EGY,1982,A woman can travel outside her home in the same way as a man (1=yes; 0=no),SG.HME.TRVL.EQ,0.0
"Egypt, Arab Rep.",EGY,1981,A woman can travel outside her home in the same way as a man (1=yes; 0=no),SG.HME.TRVL.EQ,0.0
"Egypt, Arab Rep.",EGY,1980,A woman can travel outside her home in the same way as a man (1=yes; 0=no),SG.HME.TRVL.EQ,0.0
"Egypt, Arab Rep.",EGY,1979,A woman can travel outside her home in the same way as a man (1=yes; 0=no),SG.HME.TRVL.EQ,0.0
"Egypt, Arab Rep.",EGY,1978,A woman can travel outside her home in the same way as a man (1=yes; 0=no),SG.HME.TRVL.EQ,0.0
"Egypt, Arab Rep.",EGY,1977,A woman can travel outside her home in the same way as a man (1=yes; 0=no),SG.HME.TRVL.EQ,0.0
"Egypt, Arab Rep.",EGY,1976,A woman can travel outside her home in the same way as a man (1=yes; 0=no),SG.HME.TRVL.EQ,0.0
"Egypt, Arab Rep.",EGY,1975,A woman can travel outside her home in the same way as a man (1=yes; 0=no),SG.HME.TRVL.EQ,0.0
"Egypt, Arab Rep.",EGY,1974,A woman can travel outside her home in the same way as a man (1=yes; 0=no),SG.HME.TRVL.EQ,0.0
"Egypt, Arab Rep.",EGY,1973,A woman can travel outside her home in the same way as a man (1=yes; 0=no),SG.HME.TRVL.EQ,0.0
"Egypt, Arab Rep.",EGY,1972,A woman can travel outside her home in the same way as a man (1=yes; 0=no),SG.HME.TRVL.EQ,0.0
"Egypt, Arab Rep.",EGY,1971,A woman can travel outside her home in the same way as a man (1=yes; 0=no),SG.HME.TRVL.EQ,0.0
"Egypt, Arab Rep.",EGY,1970,A woman can travel outside her home in the same way as a man (1=yes; 0=no),SG.HME.TRVL.EQ,0.0
"Egypt, Arab Rep.",EGY,2022,Male and female surviving spouses have equal rights to inherit assets (1=yes; 0=no),SG.IHT.ASST.EQ,0.0
"Egypt, Arab Rep.",EGY,2021,Male and female surviving spouses have equal rights to inherit assets (1=yes; 0=no),SG.IHT.ASST.EQ,0.0
"Egypt, Arab Rep.",EGY,2020,Male and female surviving spouses have equal rights to inherit assets (1=yes; 0=no),SG.IHT.ASST.EQ,0.0
"Egypt, Arab Rep.",EGY,2019,Male and female surviving spouses have equal rights to inherit assets (1=yes; 0=no),SG.IHT.ASST.EQ,0.0
"Egypt, Arab Rep.",EGY,2018,Male and female surviving spouses have equal rights to inherit assets (1=yes; 0=no),SG.IHT.ASST.EQ,0.0
"Egypt, Arab Rep.",EGY,2017,Male and female surviving spouses have equal rights to inherit assets (1=yes; 0=no),SG.IHT.ASST.EQ,0.0
"Egypt, Arab Rep.",EGY,2016,Male and female surviving spouses have equal rights to inherit assets (1=yes; 0=no),SG.IHT.ASST.EQ,0.0
"Egypt, Arab Rep.",EGY,2015,Male and female surviving spouses have equal rights to inherit assets (1=yes; 0=no),SG.IHT.ASST.EQ,0.0
"Egypt, Arab Rep.",EGY,2014,Male and female surviving spouses have equal rights to inherit assets (1=yes; 0=no),SG.IHT.ASST.EQ,0.0
"Egypt, Arab Rep.",EGY,2013,Male and female surviving spouses have equal rights to inherit assets (1=yes; 0=no),SG.IHT.ASST.EQ,0.0
"Egypt, Arab Rep.",EGY,2012,Male and female surviving spouses have equal rights to inherit assets (1=yes; 0=no),SG.IHT.ASST.EQ,0.0
"Egypt, Arab Rep.",EGY,2011,Male and female surviving spouses have equal rights to inherit assets (1=yes; 0=no),SG.IHT.ASST.EQ,0.0
"Egypt, Arab Rep.",EGY,2010,Male and female surviving spouses have equal rights to inherit assets (1=yes; 0=no),SG.IHT.ASST.EQ,0.0
"Egypt, Arab Rep.",EGY,2009,Male and female surviving spouses have equal rights to inherit assets (1=yes; 0=no),SG.IHT.ASST.EQ,0.0
"Egypt, Arab Rep.",EGY,2008,Male and female surviving spouses have equal rights to inherit assets (1=yes; 0=no),SG.IHT.ASST.EQ,0.0
"Egypt, Arab Rep.",EGY,2007,Male and female surviving spouses have equal rights to inherit assets (1=yes; 0=no),SG.IHT.ASST.EQ,0.0
"Egypt, Arab Rep.",EGY,2006,Male and female surviving spouses have equal rights to inherit assets (1=yes; 0=no),SG.IHT.ASST.EQ,0.0
"Egypt, Arab Rep.",EGY,2005,Male and female surviving spouses have equal rights to inherit assets (1=yes; 0=no),SG.IHT.ASST.EQ,0.0
"Egypt, Arab Rep.",EGY,2004,Male and female surviving spouses have equal rights to inherit assets (1=yes; 0=no),SG.IHT.ASST.EQ,0.0
"Egypt, Arab Rep.",EGY,2003,Male and female surviving spouses have equal rights to inherit assets (1=yes; 0=no),SG.IHT.ASST.EQ,0.0
"Egypt, Arab Rep.",EGY,2002,Male and female surviving spouses have equal rights to inherit assets (1=yes; 0=no),SG.IHT.ASST.EQ,0.0
"Egypt, Arab Rep.",EGY,2001,Male and female surviving spouses have equal rights to inherit assets (1=yes; 0=no),SG.IHT.ASST.EQ,0.0
"Egypt, Arab Rep.",EGY,2000,Male and female surviving spouses have equal rights to inherit assets (1=yes; 0=no),SG.IHT.ASST.EQ,0.0
"Egypt, Arab Rep.",EGY,1999,Male and female surviving spouses have equal rights to inherit assets (1=yes; 0=no),SG.IHT.ASST.EQ,0.0
"Egypt, Arab Rep.",EGY,1998,Male and female surviving spouses have equal rights to inherit assets (1=yes; 0=no),SG.IHT.ASST.EQ,0.0
"Egypt, Arab Rep.",EGY,1997,Male and female surviving spouses have equal rights to inherit assets (1=yes; 0=no),SG.IHT.ASST.EQ,0.0
"Egypt, Arab Rep.",EGY,1996,Male and female surviving spouses have equal rights to inherit assets (1=yes; 0=no),SG.IHT.ASST.EQ,0.0
"Egypt, Arab Rep.",EGY,1995,Male and female surviving spouses have equal rights to inherit assets (1=yes; 0=no),SG.IHT.ASST.EQ,0.0
"Egypt, Arab Rep.",EGY,1994,Male and female surviving spouses have equal rights to inherit assets (1=yes; 0=no),SG.IHT.ASST.EQ,0.0
"Egypt, Arab Rep.",EGY,1993,Male and female surviving spouses have equal rights to inherit assets (1=yes; 0=no),SG.IHT.ASST.EQ,0.0
"Egypt, Arab Rep.",EGY,1992,Male and female surviving spouses have equal rights to inherit assets (1=yes; 0=no),SG.IHT.ASST.EQ,0.0
"Egypt, Arab Rep.",EGY,1991,Male and female surviving spouses have equal rights to inherit assets (1=yes; 0=no),SG.IHT.ASST.EQ,0.0
"Egypt, Arab Rep.",EGY,1990,Male and female surviving spouses have equal rights to inherit assets (1=yes; 0=no),SG.IHT.ASST.EQ,0.0
"Egypt, Arab Rep.",EGY,1989,Male and female surviving spouses have equal rights to inherit assets (1=yes; 0=no),SG.IHT.ASST.EQ,0.0
"Egypt, Arab Rep.",EGY,1988,Male and female surviving spouses have equal rights to inherit assets (1=yes; 0=no),SG.IHT.ASST.EQ,0.0
"Egypt, Arab Rep.",EGY,1987,Male and female surviving spouses have equal rights to inherit assets (1=yes; 0=no),SG.IHT.ASST.EQ,0.0
"Egypt, Arab Rep.",EGY,1986,Male and female surviving spouses have equal rights to inherit assets (1=yes; 0=no),SG.IHT.ASST.EQ,0.0
"Egypt, Arab Rep.",EGY,1985,Male and female surviving spouses have equal rights to inherit assets (1=yes; 0=no),SG.IHT.ASST.EQ,0.0
"Egypt, Arab Rep.",EGY,1984,Male and female surviving spouses have equal rights to inherit assets (1=yes; 0=no),SG.IHT.ASST.EQ,0.0
"Egypt, Arab Rep.",EGY,1983,Male and female surviving spouses have equal rights to inherit assets (1=yes; 0=no),SG.IHT.ASST.EQ,0.0
"Egypt, Arab Rep.",EGY,1982,Male and female surviving spouses have equal rights to inherit assets (1=yes; 0=no),SG.IHT.ASST.EQ,0.0
"Egypt, Arab Rep.",EGY,1981,Male and female surviving spouses have equal rights to inherit assets (1=yes; 0=no),SG.IHT.ASST.EQ,0.0
"Egypt, Arab Rep.",EGY,1980,Male and female surviving spouses have equal rights to inherit assets (1=yes; 0=no),SG.IHT.ASST.EQ,0.0
"Egypt, Arab Rep.",EGY,1979,Male and female surviving spouses have equal rights to inherit assets (1=yes; 0=no),SG.IHT.ASST.EQ,0.0
"Egypt, Arab Rep.",EGY,1978,Male and female surviving spouses have equal rights to inherit assets (1=yes; 0=no),SG.IHT.ASST.EQ,0.0
"Egypt, Arab Rep.",EGY,1977,Male and female surviving spouses have equal rights to inherit assets (1=yes; 0=no),SG.IHT.ASST.EQ,0.0
"Egypt, Arab Rep.",EGY,1976,Male and female surviving spouses have equal rights to inherit assets (1=yes; 0=no),SG.IHT.ASST.EQ,0.0
"Egypt, Arab Rep.",EGY,1975,Male and female surviving spouses have equal rights to inherit assets (1=yes; 0=no),SG.IHT.ASST.EQ,0.0
"Egypt, Arab Rep.",EGY,1974,Male and female surviving spouses have equal rights to inherit assets (1=yes; 0=no),SG.IHT.ASST.EQ,0.0
"Egypt, Arab Rep.",EGY,1973,Male and female surviving spouses have equal rights to inherit assets (1=yes; 0=no),SG.IHT.ASST.EQ,0.0
"Egypt, Arab Rep.",EGY,1972,Male and female surviving spouses have equal rights to inherit assets (1=yes; 0=no),SG.IHT.ASST.EQ,0.0
"Egypt, Arab Rep.",EGY,1971,Male and female surviving spouses have equal rights to inherit assets (1=yes; 0=no),SG.IHT.ASST.EQ,0.0
"Egypt, Arab Rep.",EGY,1970,Male and female surviving spouses have equal rights to inherit assets (1=yes; 0=no),SG.IHT.ASST.EQ,0.0
"Egypt, Arab Rep.",EGY,2022,Sons and daughters have equal rights to inherit assets from their parents (1=yes; 0=no),SG.IHT.ASST.PT.EQ,0.0
"Egypt, Arab Rep.",EGY,2021,Sons and daughters have equal rights to inherit assets from their parents (1=yes; 0=no),SG.IHT.ASST.PT.EQ,0.0
"Egypt, Arab Rep.",EGY,2020,Sons and daughters have equal rights to inherit assets from their parents (1=yes; 0=no),SG.IHT.ASST.PT.EQ,0.0
"Egypt, Arab Rep.",EGY,2019,Sons and daughters have equal rights to inherit assets from their parents (1=yes; 0=no),SG.IHT.ASST.PT.EQ,0.0
"Egypt, Arab Rep.",EGY,2018,Sons and daughters have equal rights to inherit assets from their parents (1=yes; 0=no),SG.IHT.ASST.PT.EQ,0.0
"Egypt, Arab Rep.",EGY,2017,Sons and daughters have equal rights to inherit assets from their parents (1=yes; 0=no),SG.IHT.ASST.PT.EQ,0.0
"Egypt, Arab Rep.",EGY,2016,Sons and daughters have equal rights to inherit assets from their parents (1=yes; 0=no),SG.IHT.ASST.PT.EQ,0.0
"Egypt, Arab Rep.",EGY,2015,Sons and daughters have equal rights to inherit assets from their parents (1=yes; 0=no),SG.IHT.ASST.PT.EQ,0.0
"Egypt, Arab Rep.",EGY,2014,Sons and daughters have equal rights to inherit assets from their parents (1=yes; 0=no),SG.IHT.ASST.PT.EQ,0.0
"Egypt, Arab Rep.",EGY,2013,Sons and daughters have equal rights to inherit assets from their parents (1=yes; 0=no),SG.IHT.ASST.PT.EQ,0.0
"Egypt, Arab Rep.",EGY,2012,Sons and daughters have equal rights to inherit assets from their parents (1=yes; 0=no),SG.IHT.ASST.PT.EQ,0.0
"Egypt, Arab Rep.",EGY,2011,Sons and daughters have equal rights to inherit assets from their parents (1=yes; 0=no),SG.IHT.ASST.PT.EQ,0.0
"Egypt, Arab Rep.",EGY,2010,Sons and daughters have equal rights to inherit assets from their parents (1=yes; 0=no),SG.IHT.ASST.PT.EQ,0.0
"Egypt, Arab Rep.",EGY,2009,Sons and daughters have equal rights to inherit assets from their parents (1=yes; 0=no),SG.IHT.ASST.PT.EQ,0.0
"Egypt, Arab Rep.",EGY,2008,Sons and daughters have equal rights to inherit assets from their parents (1=yes; 0=no),SG.IHT.ASST.PT.EQ,0.0
"Egypt, Arab Rep.",EGY,2007,Sons and daughters have equal rights to inherit assets from their parents (1=yes; 0=no),SG.IHT.ASST.PT.EQ,0.0
"Egypt, Arab Rep.",EGY,2006,Sons and daughters have equal rights to inherit assets from their parents (1=yes; 0=no),SG.IHT.ASST.PT.EQ,0.0
"Egypt, Arab Rep.",EGY,2005,Sons and daughters have equal rights to inherit assets from their parents (1=yes; 0=no),SG.IHT.ASST.PT.EQ,0.0
"Egypt, Arab Rep.",EGY,2004,Sons and daughters have equal rights to inherit assets from their parents (1=yes; 0=no),SG.IHT.ASST.PT.EQ,0.0
"Egypt, Arab Rep.",EGY,2003,Sons and daughters have equal rights to inherit assets from their parents (1=yes; 0=no),SG.IHT.ASST.PT.EQ,0.0
"Egypt, Arab Rep.",EGY,2002,Sons and daughters have equal rights to inherit assets from their parents (1=yes; 0=no),SG.IHT.ASST.PT.EQ,0.0
"Egypt, Arab Rep.",EGY,2001,Sons and daughters have equal rights to inherit assets from their parents (1=yes; 0=no),SG.IHT.ASST.PT.EQ,0.0
"Egypt, Arab Rep.",EGY,2000,Sons and daughters have equal rights to inherit assets from their parents (1=yes; 0=no),SG.IHT.ASST.PT.EQ,0.0
"Egypt, Arab Rep.",EGY,1999,Sons and daughters have equal rights to inherit assets from their parents (1=yes; 0=no),SG.IHT.ASST.PT.EQ,0.0
"Egypt, Arab Rep.",EGY,1998,Sons and daughters have equal rights to inherit assets from their parents (1=yes; 0=no),SG.IHT.ASST.PT.EQ,0.0
"Egypt, Arab Rep.",EGY,1997,Sons and daughters have equal rights to inherit assets from their parents (1=yes; 0=no),SG.IHT.ASST.PT.EQ,0.0
"Egypt, Arab Rep.",EGY,1996,Sons and daughters have equal rights to inherit assets from their parents (1=yes; 0=no),SG.IHT.ASST.PT.EQ,0.0
"Egypt, Arab Rep.",EGY,1995,Sons and daughters have equal rights to inherit assets from their parents (1=yes; 0=no),SG.IHT.ASST.PT.EQ,0.0
"Egypt, Arab Rep.",EGY,1994,Sons and daughters have equal rights to inherit assets from their parents (1=yes; 0=no),SG.IHT.ASST.PT.EQ,0.0
"Egypt, Arab Rep.",EGY,1993,Sons and daughters have equal rights to inherit assets from their parents (1=yes; 0=no),SG.IHT.ASST.PT.EQ,0.0
"Egypt, Arab Rep.",EGY,1992,Sons and daughters have equal rights to inherit assets from their parents (1=yes; 0=no),SG.IHT.ASST.PT.EQ,0.0
"Egypt, Arab Rep.",EGY,1991,Sons and daughters have equal rights to inherit assets from their parents (1=yes; 0=no),SG.IHT.ASST.PT.EQ,0.0
"Egypt, Arab Rep.",EGY,1990,Sons and daughters have equal rights to inherit assets from their parents (1=yes; 0=no),SG.IHT.ASST.PT.EQ,0.0
"Egypt, Arab Rep.",EGY,1989,Sons and daughters have equal rights to inherit assets from their parents (1=yes; 0=no),SG.IHT.ASST.PT.EQ,0.0
"Egypt, Arab Rep.",EGY,1988,Sons and daughters have equal rights to inherit assets from their parents (1=yes; 0=no),SG.IHT.ASST.PT.EQ,0.0
"Egypt, Arab Rep.",EGY,1987,Sons and daughters have equal rights to inherit assets from their parents (1=yes; 0=no),SG.IHT.ASST.PT.EQ,0.0
"Egypt, Arab Rep.",EGY,1986,Sons and daughters have equal rights to inherit assets from their parents (1=yes; 0=no),SG.IHT.ASST.PT.EQ,0.0
"Egypt, Arab Rep.",EGY,1985,Sons and daughters have equal rights to inherit assets from their parents (1=yes; 0=no),SG.IHT.ASST.PT.EQ,0.0
"Egypt, Arab Rep.",EGY,1984,Sons and daughters have equal rights to inherit assets from their parents (1=yes; 0=no),SG.IHT.ASST.PT.EQ,0.0
"Egypt, Arab Rep.",EGY,1983,Sons and daughters have equal rights to inherit assets from their parents (1=yes; 0=no),SG.IHT.ASST.PT.EQ,0.0
"Egypt, Arab Rep.",EGY,1982,Sons and daughters have equal rights to inherit assets from their parents (1=yes; 0=no),SG.IHT.ASST.PT.EQ,0.0
"Egypt, Arab Rep.",EGY,1981,Sons and daughters have equal rights to inherit assets from their parents (1=yes; 0=no),SG.IHT.ASST.PT.EQ,0.0
"Egypt, Arab Rep.",EGY,1980,Sons and daughters have equal rights to inherit assets from their parents (1=yes; 0=no),SG.IHT.ASST.PT.EQ,0.0
"Egypt, Arab Rep.",EGY,1979,Sons and daughters have equal rights to inherit assets from their parents (1=yes; 0=no),SG.IHT.ASST.PT.EQ,0.0
"Egypt, Arab Rep.",EGY,1978,Sons and daughters have equal rights to inherit assets from their parents (1=yes; 0=no),SG.IHT.ASST.PT.EQ,0.0
"Egypt, Arab Rep.",EGY,1977,Sons and daughters have equal rights to inherit assets from their parents (1=yes; 0=no),SG.IHT.ASST.PT.EQ,0.0
"Egypt, Arab Rep.",EGY,1976,Sons and daughters have equal rights to inherit assets from their parents (1=yes; 0=no),SG.IHT.ASST.PT.EQ,0.0
"Egypt, Arab Rep.",EGY,1975,Sons and daughters have equal rights to inherit assets from their parents (1=yes; 0=no),SG.IHT.ASST.PT.EQ,0.0
"Egypt, Arab Rep.",EGY,1974,Sons and daughters have equal rights to inherit assets from their parents (1=yes; 0=no),SG.IHT.ASST.PT.EQ,0.0
"Egypt, Arab Rep.",EGY,1973,Sons and daughters have equal rights to inherit assets from their parents (1=yes; 0=no),SG.IHT.ASST.PT.EQ,0.0
"Egypt, Arab Rep.",EGY,1972,Sons and daughters have equal rights to inherit assets from their parents (1=yes; 0=no),SG.IHT.ASST.PT.EQ,0.0
"Egypt, Arab Rep.",EGY,1971,Sons and daughters have equal rights to inherit assets from their parents (1=yes; 0=no),SG.IHT.ASST.PT.EQ,0.0
"Egypt, Arab Rep.",EGY,1970,Sons and daughters have equal rights to inherit assets from their parents (1=yes; 0=no),SG.IHT.ASST.PT.EQ,0.0
"Egypt, Arab Rep.",EGY,2022,A woman can work in an industrial job in the same way as a man (1=yes; 0=no),SG.IND.WORK.EQ,0.0
"Egypt, Arab Rep.",EGY,2021,A woman can work in an industrial job in the same way as a man (1=yes; 0=no),SG.IND.WORK.EQ,0.0
"Egypt, Arab Rep.",EGY,2020,A woman can work in an industrial job in the same way as a man (1=yes; 0=no),SG.IND.WORK.EQ,0.0
"Egypt, Arab Rep.",EGY,2019,A woman can work in an industrial job in the same way as a man (1=yes; 0=no),SG.IND.WORK.EQ,0.0
"Egypt, Arab Rep.",EGY,2018,A woman can work in an industrial job in the same way as a man (1=yes; 0=no),SG.IND.WORK.EQ,0.0
"Egypt, Arab Rep.",EGY,2017,A woman can work in an industrial job in the same way as a man (1=yes; 0=no),SG.IND.WORK.EQ,0.0
"Egypt, Arab Rep.",EGY,2016,A woman can work in an industrial job in the same way as a man (1=yes; 0=no),SG.IND.WORK.EQ,0.0
"Egypt, Arab Rep.",EGY,2015,A woman can work in an industrial job in the same way as a man (1=yes; 0=no),SG.IND.WORK.EQ,0.0
"Egypt, Arab Rep.",EGY,2014,A woman can work in an industrial job in the same way as a man (1=yes; 0=no),SG.IND.WORK.EQ,0.0
"Egypt, Arab Rep.",EGY,2013,A woman can work in an industrial job in the same way as a man (1=yes; 0=no),SG.IND.WORK.EQ,0.0
"Egypt, Arab Rep.",EGY,2012,A woman can work in an industrial job in the same way as a man (1=yes; 0=no),SG.IND.WORK.EQ,0.0
"Egypt, Arab Rep.",EGY,2011,A woman can work in an industrial job in the same way as a man (1=yes; 0=no),SG.IND.WORK.EQ,0.0
"Egypt, Arab Rep.",EGY,2010,A woman can work in an industrial job in the same way as a man (1=yes; 0=no),SG.IND.WORK.EQ,0.0
"Egypt, Arab Rep.",EGY,2009,A woman can work in an industrial job in the same way as a man (1=yes; 0=no),SG.IND.WORK.EQ,0.0
"Egypt, Arab Rep.",EGY,2008,A woman can work in an industrial job in the same way as a man (1=yes; 0=no),SG.IND.WORK.EQ,0.0
"Egypt, Arab Rep.",EGY,2007,A woman can work in an industrial job in the same way as a man (1=yes; 0=no),SG.IND.WORK.EQ,0.0
"Egypt, Arab Rep.",EGY,2006,A woman can work in an industrial job in the same way as a man (1=yes; 0=no),SG.IND.WORK.EQ,0.0
"Egypt, Arab Rep.",EGY,2005,A woman can work in an industrial job in the same way as a man (1=yes; 0=no),SG.IND.WORK.EQ,0.0
"Egypt, Arab Rep.",EGY,2004,A woman can work in an industrial job in the same way as a man (1=yes; 0=no),SG.IND.WORK.EQ,0.0
"Egypt, Arab Rep.",EGY,2003,A woman can work in an industrial job in the same way as a man (1=yes; 0=no),SG.IND.WORK.EQ,0.0
"Egypt, Arab Rep.",EGY,2002,A woman can work in an industrial job in the same way as a man (1=yes; 0=no),SG.IND.WORK.EQ,0.0
"Egypt, Arab Rep.",EGY,2001,A woman can work in an industrial job in the same way as a man (1=yes; 0=no),SG.IND.WORK.EQ,0.0
"Egypt, Arab Rep.",EGY,2000,A woman can work in an industrial job in the same way as a man (1=yes; 0=no),SG.IND.WORK.EQ,0.0
"Egypt, Arab Rep.",EGY,1999,A woman can work in an industrial job in the same way as a man (1=yes; 0=no),SG.IND.WORK.EQ,0.0
"Egypt, Arab Rep.",EGY,1998,A woman can work in an industrial job in the same way as a man (1=yes; 0=no),SG.IND.WORK.EQ,0.0
"Egypt, Arab Rep.",EGY,1997,A woman can work in an industrial job in the same way as a man (1=yes; 0=no),SG.IND.WORK.EQ,0.0
"Egypt, Arab Rep.",EGY,1996,A woman can work in an industrial job in the same way as a man (1=yes; 0=no),SG.IND.WORK.EQ,0.0
"Egypt, Arab Rep.",EGY,1995,A woman can work in an industrial job in the same way as a man (1=yes; 0=no),SG.IND.WORK.EQ,0.0
"Egypt, Arab Rep.",EGY,1994,A woman can work in an industrial job in the same way as a man (1=yes; 0=no),SG.IND.WORK.EQ,0.0
"Egypt, Arab Rep.",EGY,1993,A woman can work in an industrial job in the same way as a man (1=yes; 0=no),SG.IND.WORK.EQ,0.0
"Egypt, Arab Rep.",EGY,1992,A woman can work in an industrial job in the same way as a man (1=yes; 0=no),SG.IND.WORK.EQ,0.0
"Egypt, Arab Rep.",EGY,1991,A woman can work in an industrial job in the same way as a man (1=yes; 0=no),SG.IND.WORK.EQ,0.0
"Egypt, Arab Rep.",EGY,1990,A woman can work in an industrial job in the same way as a man (1=yes; 0=no),SG.IND.WORK.EQ,0.0
"Egypt, Arab Rep.",EGY,1989,A woman can work in an industrial job in the same way as a man (1=yes; 0=no),SG.IND.WORK.EQ,0.0
"Egypt, Arab Rep.",EGY,1988,A woman can work in an industrial job in the same way as a man (1=yes; 0=no),SG.IND.WORK.EQ,0.0
"Egypt, Arab Rep.",EGY,1987,A woman can work in an industrial job in the same way as a man (1=yes; 0=no),SG.IND.WORK.EQ,0.0
"Egypt, Arab Rep.",EGY,1986,A woman can work in an industrial job in the same way as a man (1=yes; 0=no),SG.IND.WORK.EQ,0.0
"Egypt, Arab Rep.",EGY,1985,A woman can work in an industrial job in the same way as a man (1=yes; 0=no),SG.IND.WORK.EQ,0.0
"Egypt, Arab Rep.",EGY,1984,A woman can work in an industrial job in the same way as a man (1=yes; 0=no),SG.IND.WORK.EQ,0.0
"Egypt, Arab Rep.",EGY,1983,A woman can work in an industrial job in the same way as a man (1=yes; 0=no),SG.IND.WORK.EQ,0.0
"Egypt, Arab Rep.",EGY,1982,A woman can work in an industrial job in the same way as a man (1=yes; 0=no),SG.IND.WORK.EQ,0.0
"Egypt, Arab Rep.",EGY,1981,A woman can work in an industrial job in the same way as a man (1=yes; 0=no),SG.IND.WORK.EQ,0.0
"Egypt, Arab Rep.",EGY,1980,A woman can work in an industrial job in the same way as a man (1=yes; 0=no),SG.IND.WORK.EQ,0.0
"Egypt, Arab Rep.",EGY,1979,A woman can work in an industrial job in the same way as a man (1=yes; 0=no),SG.IND.WORK.EQ,0.0
"Egypt, Arab Rep.",EGY,1978,A woman can work in an industrial job in the same way as a man (1=yes; 0=no),SG.IND.WORK.EQ,0.0
"Egypt, Arab Rep.",EGY,1977,A woman can work in an industrial job in the same way as a man (1=yes; 0=no),SG.IND.WORK.EQ,0.0
"Egypt, Arab Rep.",EGY,1976,A woman can work in an industrial job in the same way as a man (1=yes; 0=no),SG.IND.WORK.EQ,0.0
"Egypt, Arab Rep.",EGY,1975,A woman can work in an industrial job in the same way as a man (1=yes; 0=no),SG.IND.WORK.EQ,0.0
"Egypt, Arab Rep.",EGY,1974,A woman can work in an industrial job in the same way as a man (1=yes; 0=no),SG.IND.WORK.EQ,0.0
"Egypt, Arab Rep.",EGY,1973,A woman can work in an industrial job in the same way as a man (1=yes; 0=no),SG.IND.WORK.EQ,0.0
"Egypt, Arab Rep.",EGY,1972,A woman can work in an industrial job in the same way as a man (1=yes; 0=no),SG.IND.WORK.EQ,0.0
"Egypt, Arab Rep.",EGY,1971,A woman can work in an industrial job in the same way as a man (1=yes; 0=no),SG.IND.WORK.EQ,0.0
"Egypt, Arab Rep.",EGY,1970,A woman can work in an industrial job in the same way as a man (1=yes; 0=no),SG.IND.WORK.EQ,0.0
"Egypt, Arab Rep.",EGY,2022,The law grants spouses equal administrative authority over assets during marriage (1=yes; 0=no),SG.LAW.ASST.AR,1.0
"Egypt, Arab Rep.",EGY,2021,The law grants spouses equal administrative authority over assets during marriage (1=yes; 0=no),SG.LAW.ASST.AR,1.0
"Egypt, Arab Rep.",EGY,2020,The law grants spouses equal administrative authority over assets during marriage (1=yes; 0=no),SG.LAW.ASST.AR,1.0
"Egypt, Arab Rep.",EGY,2019,The law grants spouses equal administrative authority over assets during marriage (1=yes; 0=no),SG.LAW.ASST.AR,1.0
"Egypt, Arab Rep.",EGY,2018,The law grants spouses equal administrative authority over assets during marriage (1=yes; 0=no),SG.LAW.ASST.AR,1.0
"Egypt, Arab Rep.",EGY,2017,The law grants spouses equal administrative authority over assets during marriage (1=yes; 0=no),SG.LAW.ASST.AR,1.0
"Egypt, Arab Rep.",EGY,2016,The law grants spouses equal administrative authority over assets during marriage (1=yes; 0=no),SG.LAW.ASST.AR,1.0
"Egypt, Arab Rep.",EGY,2015,The law grants spouses equal administrative authority over assets during marriage (1=yes; 0=no),SG.LAW.ASST.AR,1.0
"Egypt, Arab Rep.",EGY,2014,The law grants spouses equal administrative authority over assets during marriage (1=yes; 0=no),SG.LAW.ASST.AR,1.0
"Egypt, Arab Rep.",EGY,2013,The law grants spouses equal administrative authority over assets during marriage (1=yes; 0=no),SG.LAW.ASST.AR,1.0
"Egypt, Arab Rep.",EGY,2012,The law grants spouses equal administrative authority over assets during marriage (1=yes; 0=no),SG.LAW.ASST.AR,1.0
"Egypt, Arab Rep.",EGY,2011,The law grants spouses equal administrative authority over assets during marriage (1=yes; 0=no),SG.LAW.ASST.AR,1.0
"Egypt, Arab Rep.",EGY,2010,The law grants spouses equal administrative authority over assets during marriage (1=yes; 0=no),SG.LAW.ASST.AR,1.0
"Egypt, Arab Rep.",EGY,2009,The law grants spouses equal administrative authority over assets during marriage (1=yes; 0=no),SG.LAW.ASST.AR,1.0
"Egypt, Arab Rep.",EGY,2008,The law grants spouses equal administrative authority over assets during marriage (1=yes; 0=no),SG.LAW.ASST.AR,1.0
"Egypt, Arab Rep.",EGY,2007,The law grants spouses equal administrative authority over assets during marriage (1=yes; 0=no),SG.LAW.ASST.AR,1.0
"Egypt, Arab Rep.",EGY,2006,The law grants spouses equal administrative authority over assets during marriage (1=yes; 0=no),SG.LAW.ASST.AR,1.0
"Egypt, Arab Rep.",EGY,2005,The law grants spouses equal administrative authority over assets during marriage (1=yes; 0=no),SG.LAW.ASST.AR,1.0
"Egypt, Arab Rep.",EGY,2004,The law grants spouses equal administrative authority over assets during marriage (1=yes; 0=no),SG.LAW.ASST.AR,1.0
"Egypt, Arab Rep.",EGY,2003,The law grants spouses equal administrative authority over assets during marriage (1=yes; 0=no),SG.LAW.ASST.AR,1.0
"Egypt, Arab Rep.",EGY,2002,The law grants spouses equal administrative authority over assets during marriage (1=yes; 0=no),SG.LAW.ASST.AR,1.0
"Egypt, Arab Rep.",EGY,2001,The law grants spouses equal administrative authority over assets during marriage (1=yes; 0=no),SG.LAW.ASST.AR,1.0
"Egypt, Arab Rep.",EGY,2000,The law grants spouses equal administrative authority over assets during marriage (1=yes; 0=no),SG.LAW.ASST.AR,1.0
"Egypt, Arab Rep.",EGY,1999,The law grants spouses equal administrative authority over assets during marriage (1=yes; 0=no),SG.LAW.ASST.AR,1.0
"Egypt, Arab Rep.",EGY,1998,The law grants spouses equal administrative authority over assets during marriage (1=yes; 0=no),SG.LAW.ASST.AR,1.0
"Egypt, Arab Rep.",EGY,1997,The law grants spouses equal administrative authority over assets during marriage (1=yes; 0=no),SG.LAW.ASST.AR,1.0
"Egypt, Arab Rep.",EGY,1996,The law grants spouses equal administrative authority over assets during marriage (1=yes; 0=no),SG.LAW.ASST.AR,1.0
"Egypt, Arab Rep.",EGY,1995,The law grants spouses equal administrative authority over assets during marriage (1=yes; 0=no),SG.LAW.ASST.AR,1.0
"Egypt, Arab Rep.",EGY,1994,The law grants spouses equal administrative authority over assets during marriage (1=yes; 0=no),SG.LAW.ASST.AR,1.0
"Egypt, Arab Rep.",EGY,1993,The law grants spouses equal administrative authority over assets during marriage (1=yes; 0=no),SG.LAW.ASST.AR,1.0
"Egypt, Arab Rep.",EGY,1992,The law grants spouses equal administrative authority over assets during marriage (1=yes; 0=no),SG.LAW.ASST.AR,1.0
"Egypt, Arab Rep.",EGY,1991,The law grants spouses equal administrative authority over assets during marriage (1=yes; 0=no),SG.LAW.ASST.AR,1.0
"Egypt, Arab Rep.",EGY,1990,The law grants spouses equal administrative authority over assets during marriage (1=yes; 0=no),SG.LAW.ASST.AR,1.0
"Egypt, Arab Rep.",EGY,1989,The law grants spouses equal administrative authority over assets during marriage (1=yes; 0=no),SG.LAW.ASST.AR,1.0
"Egypt, Arab Rep.",EGY,1988,The law grants spouses equal administrative authority over assets during marriage (1=yes; 0=no),SG.LAW.ASST.AR,1.0
"Egypt, Arab Rep.",EGY,1987,The law grants spouses equal administrative authority over assets during marriage (1=yes; 0=no),SG.LAW.ASST.AR,1.0
"Egypt, Arab Rep.",EGY,1986,The law grants spouses equal administrative authority over assets during marriage (1=yes; 0=no),SG.LAW.ASST.AR,1.0
"Egypt, Arab Rep.",EGY,1985,The law grants spouses equal administrative authority over assets during marriage (1=yes; 0=no),SG.LAW.ASST.AR,1.0
"Egypt, Arab Rep.",EGY,1984,The law grants spouses equal administrative authority over assets during marriage (1=yes; 0=no),SG.LAW.ASST.AR,1.0
"Egypt, Arab Rep.",EGY,1983,The law grants spouses equal administrative authority over assets during marriage (1=yes; 0=no),SG.LAW.ASST.AR,1.0
"Egypt, Arab Rep.",EGY,1982,The law grants spouses equal administrative authority over assets during marriage (1=yes; 0=no),SG.LAW.ASST.AR,1.0
"Egypt, Arab Rep.",EGY,1981,The law grants spouses equal administrative authority over assets during marriage (1=yes; 0=no),SG.LAW.ASST.AR,1.0
"Egypt, Arab Rep.",EGY,1980,The law grants spouses equal administrative authority over assets during marriage (1=yes; 0=no),SG.LAW.ASST.AR,1.0
"Egypt, Arab Rep.",EGY,1979,The law grants spouses equal administrative authority over assets during marriage (1=yes; 0=no),SG.LAW.ASST.AR,1.0
"Egypt, Arab Rep.",EGY,1978,The law grants spouses equal administrative authority over assets during marriage (1=yes; 0=no),SG.LAW.ASST.AR,1.0
"Egypt, Arab Rep.",EGY,1977,The law grants spouses equal administrative authority over assets during marriage (1=yes; 0=no),SG.LAW.ASST.AR,1.0
"Egypt, Arab Rep.",EGY,1976,The law grants spouses equal administrative authority over assets during marriage (1=yes; 0=no),SG.LAW.ASST.AR,1.0
"Egypt, Arab Rep.",EGY,1975,The law grants spouses equal administrative authority over assets during marriage (1=yes; 0=no),SG.LAW.ASST.AR,1.0
"Egypt, Arab Rep.",EGY,1974,The law grants spouses equal administrative authority over assets during marriage (1=yes; 0=no),SG.LAW.ASST.AR,1.0
"Egypt, Arab Rep.",EGY,1973,The law grants spouses equal administrative authority over assets during marriage (1=yes; 0=no),SG.LAW.ASST.AR,1.0
"Egypt, Arab Rep.",EGY,1972,The law grants spouses equal administrative authority over assets during marriage (1=yes; 0=no),SG.LAW.ASST.AR,1.0
"Egypt, Arab Rep.",EGY,1971,The law grants spouses equal administrative authority over assets during marriage (1=yes; 0=no),SG.LAW.ASST.AR,1.0
"Egypt, Arab Rep.",EGY,1970,The law grants spouses equal administrative authority over assets during marriage (1=yes; 0=no),SG.LAW.ASST.AR,1.0
"Egypt, Arab Rep.",EGY,2022,The law prohibits discrimination in access to credit based on gender (1=yes; 0=no),SG.LAW.CRDD.GR,1.0
"Egypt, Arab Rep.",EGY,2021,The law prohibits discrimination in access to credit based on gender (1=yes; 0=no),SG.LAW.CRDD.GR,1.0
"Egypt, Arab Rep.",EGY,2020,The law prohibits discrimination in access to credit based on gender (1=yes; 0=no),SG.LAW.CRDD.GR,1.0
"Egypt, Arab Rep.",EGY,2019,The law prohibits discrimination in access to credit based on gender (1=yes; 0=no),SG.LAW.CRDD.GR,1.0
"Egypt, Arab Rep.",EGY,2018,The law prohibits discrimination in access to credit based on gender (1=yes; 0=no),SG.LAW.CRDD.GR,1.0
"Egypt, Arab Rep.",EGY,2017,The law prohibits discrimination in access to credit based on gender (1=yes; 0=no),SG.LAW.CRDD.GR,1.0
"Egypt, Arab Rep.",EGY,2016,The law prohibits discrimination in access to credit based on gender (1=yes; 0=no),SG.LAW.CRDD.GR,1.0
"Egypt, Arab Rep.",EGY,2015,The law prohibits discrimination in access to credit based on gender (1=yes; 0=no),SG.LAW.CRDD.GR,1.0
"Egypt, Arab Rep.",EGY,2014,The law prohibits discrimination in access to credit based on gender (1=yes; 0=no),SG.LAW.CRDD.GR,1.0
"Egypt, Arab Rep.",EGY,2013,The law prohibits discrimination in access to credit based on gender (1=yes; 0=no),SG.LAW.CRDD.GR,1.0
"Egypt, Arab Rep.",EGY,2012,The law prohibits discrimination in access to credit based on gender (1=yes; 0=no),SG.LAW.CRDD.GR,1.0
"Egypt, Arab Rep.",EGY,2011,The law prohibits discrimination in access to credit based on gender (1=yes; 0=no),SG.LAW.CRDD.GR,1.0
"Egypt, Arab Rep.",EGY,2010,The law prohibits discrimination in access to credit based on gender (1=yes; 0=no),SG.LAW.CRDD.GR,1.0
"Egypt, Arab Rep.",EGY,2009,The law prohibits discrimination in access to credit based on gender (1=yes; 0=no),SG.LAW.CRDD.GR,1.0
"Egypt, Arab Rep.",EGY,2008,The law prohibits discrimination in access to credit based on gender (1=yes; 0=no),SG.LAW.CRDD.GR,1.0
"Egypt, Arab Rep.",EGY,2007,The law prohibits discrimination in access to credit based on gender (1=yes; 0=no),SG.LAW.CRDD.GR,1.0
"Egypt, Arab Rep.",EGY,2006,The law prohibits discrimination in access to credit based on gender (1=yes; 0=no),SG.LAW.CRDD.GR,1.0
"Egypt, Arab Rep.",EGY,2005,The law prohibits discrimination in access to credit based on gender (1=yes; 0=no),SG.LAW.CRDD.GR,1.0
"Egypt, Arab Rep.",EGY,2004,The law prohibits discrimination in access to credit based on gender (1=yes; 0=no),SG.LAW.CRDD.GR,1.0
"Egypt, Arab Rep.",EGY,2003,The law prohibits discrimination in access to credit based on gender (1=yes; 0=no),SG.LAW.CRDD.GR,1.0
"Egypt, Arab Rep.",EGY,2002,The law prohibits discrimination in access to credit based on gender (1=yes; 0=no),SG.LAW.CRDD.GR,1.0
"Egypt, Arab Rep.",EGY,2001,The law prohibits discrimination in access to credit based on gender (1=yes; 0=no),SG.LAW.CRDD.GR,1.0
"Egypt, Arab Rep.",EGY,2000,The law prohibits discrimination in access to credit based on gender (1=yes; 0=no),SG.LAW.CRDD.GR,1.0
"Egypt, Arab Rep.",EGY,1999,The law prohibits discrimination in access to credit based on gender (1=yes; 0=no),SG.LAW.CRDD.GR,1.0
"Egypt, Arab Rep.",EGY,1998,The law prohibits discrimination in access to credit based on gender (1=yes; 0=no),SG.LAW.CRDD.GR,1.0
"Egypt, Arab Rep.",EGY,1997,The law prohibits discrimination in access to credit based on gender (1=yes; 0=no),SG.LAW.CRDD.GR,1.0
"Egypt, Arab Rep.",EGY,1996,The law prohibits discrimination in access to credit based on gender (1=yes; 0=no),SG.LAW.CRDD.GR,1.0
"Egypt, Arab Rep.",EGY,1995,The law prohibits discrimination in access to credit based on gender (1=yes; 0=no),SG.LAW.CRDD.GR,1.0
"Egypt, Arab Rep.",EGY,1994,The law prohibits discrimination in access to credit based on gender (1=yes; 0=no),SG.LAW.CRDD.GR,1.0
"Egypt, Arab Rep.",EGY,1993,The law prohibits discrimination in access to credit based on gender (1=yes; 0=no),SG.LAW.CRDD.GR,1.0
"Egypt, Arab Rep.",EGY,1992,The law prohibits discrimination in access to credit based on gender (1=yes; 0=no),SG.LAW.CRDD.GR,1.0
"Egypt, Arab Rep.",EGY,1991,The law prohibits discrimination in access to credit based on gender (1=yes; 0=no),SG.LAW.CRDD.GR,1.0
"Egypt, Arab Rep.",EGY,1990,The law prohibits discrimination in access to credit based on gender (1=yes; 0=no),SG.LAW.CRDD.GR,1.0
"Egypt, Arab Rep.",EGY,1989,The law prohibits discrimination in access to credit based on gender (1=yes; 0=no),SG.LAW.CRDD.GR,1.0
"Egypt, Arab Rep.",EGY,1988,The law prohibits discrimination in access to credit based on gender (1=yes; 0=no),SG.LAW.CRDD.GR,1.0
"Egypt, Arab Rep.",EGY,1987,The law prohibits discrimination in access to credit based on gender (1=yes; 0=no),SG.LAW.CRDD.GR,1.0
"Egypt, Arab Rep.",EGY,1986,The law prohibits discrimination in access to credit based on gender (1=yes; 0=no),SG.LAW.CRDD.GR,1.0
"Egypt, Arab Rep.",EGY,1985,The law prohibits discrimination in access to credit based on gender (1=yes; 0=no),SG.LAW.CRDD.GR,1.0
"Egypt, Arab Rep.",EGY,1984,The law prohibits discrimination in access to credit based on gender (1=yes; 0=no),SG.LAW.CRDD.GR,1.0
"Egypt, Arab Rep.",EGY,1983,The law prohibits discrimination in access to credit based on gender (1=yes; 0=no),SG.LAW.CRDD.GR,1.0
"Egypt, Arab Rep.",EGY,1982,The law prohibits discrimination in access to credit based on gender (1=yes; 0=no),SG.LAW.CRDD.GR,1.0
"Egypt, Arab Rep.",EGY,1981,The law prohibits discrimination in access to credit based on gender (1=yes; 0=no),SG.LAW.CRDD.GR,1.0
"Egypt, Arab Rep.",EGY,1980,The law prohibits discrimination in access to credit based on gender (1=yes; 0=no),SG.LAW.CRDD.GR,1.0
"Egypt, Arab Rep.",EGY,1979,The law prohibits discrimination in access to credit based on gender (1=yes; 0=no),SG.LAW.CRDD.GR,1.0
"Egypt, Arab Rep.",EGY,1978,The law prohibits discrimination in access to credit based on gender (1=yes; 0=no),SG.LAW.CRDD.GR,1.0
"Egypt, Arab Rep.",EGY,1977,The law prohibits discrimination in access to credit based on gender (1=yes; 0=no),SG.LAW.CRDD.GR,1.0
"Egypt, Arab Rep.",EGY,1976,The law prohibits discrimination in access to credit based on gender (1=yes; 0=no),SG.LAW.CRDD.GR,1.0
"Egypt, Arab Rep.",EGY,1975,The law prohibits discrimination in access to credit based on gender (1=yes; 0=no),SG.LAW.CRDD.GR,1.0
"Egypt, Arab Rep.",EGY,1974,The law prohibits discrimination in access to credit based on gender (1=yes; 0=no),SG.LAW.CRDD.GR,1.0
"Egypt, Arab Rep.",EGY,1973,The law prohibits discrimination in access to credit based on gender (1=yes; 0=no),SG.LAW.CRDD.GR,1.0
"Egypt, Arab Rep.",EGY,1972,The law prohibits discrimination in access to credit based on gender (1=yes; 0=no),SG.LAW.CRDD.GR,1.0
"Egypt, Arab Rep.",EGY,1971,The law prohibits discrimination in access to credit based on gender (1=yes; 0=no),SG.LAW.CRDD.GR,1.0
"Egypt, Arab Rep.",EGY,1970,The law prohibits discrimination in access to credit based on gender (1=yes; 0=no),SG.LAW.CRDD.GR,1.0
"Egypt, Arab Rep.",EGY,2022,Law mandates equal remuneration for females and males for work of equal value (1=yes; 0=no),SG.LAW.EQRM.WK,0.0
"Egypt, Arab Rep.",EGY,2021,Law mandates equal remuneration for females and males for work of equal value (1=yes; 0=no),SG.LAW.EQRM.WK,0.0
"Egypt, Arab Rep.",EGY,2020,Law mandates equal remuneration for females and males for work of equal value (1=yes; 0=no),SG.LAW.EQRM.WK,0.0
"Egypt, Arab Rep.",EGY,2019,Law mandates equal remuneration for females and males for work of equal value (1=yes; 0=no),SG.LAW.EQRM.WK,0.0
"Egypt, Arab Rep.",EGY,2018,Law mandates equal remuneration for females and males for work of equal value (1=yes; 0=no),SG.LAW.EQRM.WK,0.0
"Egypt, Arab Rep.",EGY,2017,Law mandates equal remuneration for females and males for work of equal value (1=yes; 0=no),SG.LAW.EQRM.WK,0.0
"Egypt, Arab Rep.",EGY,2016,Law mandates equal remuneration for females and males for work of equal value (1=yes; 0=no),SG.LAW.EQRM.WK,0.0
"Egypt, Arab Rep.",EGY,2015,Law mandates equal remuneration for females and males for work of equal value (1=yes; 0=no),SG.LAW.EQRM.WK,0.0
"Egypt, Arab Rep.",EGY,2014,Law mandates equal remuneration for females and males for work of equal value (1=yes; 0=no),SG.LAW.EQRM.WK,0.0
"Egypt, Arab Rep.",EGY,2013,Law mandates equal remuneration for females and males for work of equal value (1=yes; 0=no),SG.LAW.EQRM.WK,0.0
"Egypt, Arab Rep.",EGY,2012,Law mandates equal remuneration for females and males for work of equal value (1=yes; 0=no),SG.LAW.EQRM.WK,0.0
"Egypt, Arab Rep.",EGY,2011,Law mandates equal remuneration for females and males for work of equal value (1=yes; 0=no),SG.LAW.EQRM.WK,0.0
"Egypt, Arab Rep.",EGY,2010,Law mandates equal remuneration for females and males for work of equal value (1=yes; 0=no),SG.LAW.EQRM.WK,0.0
"Egypt, Arab Rep.",EGY,2009,Law mandates equal remuneration for females and males for work of equal value (1=yes; 0=no),SG.LAW.EQRM.WK,0.0
"Egypt, Arab Rep.",EGY,2008,Law mandates equal remuneration for females and males for work of equal value (1=yes; 0=no),SG.LAW.EQRM.WK,0.0
"Egypt, Arab Rep.",EGY,2007,Law mandates equal remuneration for females and males for work of equal value (1=yes; 0=no),SG.LAW.EQRM.WK,0.0
"Egypt, Arab Rep.",EGY,2006,Law mandates equal remuneration for females and males for work of equal value (1=yes; 0=no),SG.LAW.EQRM.WK,0.0
"Egypt, Arab Rep.",EGY,2005,Law mandates equal remuneration for females and males for work of equal value (1=yes; 0=no),SG.LAW.EQRM.WK,0.0
"Egypt, Arab Rep.",EGY,2004,Law mandates equal remuneration for females and males for work of equal value (1=yes; 0=no),SG.LAW.EQRM.WK,0.0
"Egypt, Arab Rep.",EGY,2003,Law mandates equal remuneration for females and males for work of equal value (1=yes; 0=no),SG.LAW.EQRM.WK,0.0
"Egypt, Arab Rep.",EGY,2002,Law mandates equal remuneration for females and males for work of equal value (1=yes; 0=no),SG.LAW.EQRM.WK,0.0
"Egypt, Arab Rep.",EGY,2001,Law mandates equal remuneration for females and males for work of equal value (1=yes; 0=no),SG.LAW.EQRM.WK,0.0
"Egypt, Arab Rep.",EGY,2000,Law mandates equal remuneration for females and males for work of equal value (1=yes; 0=no),SG.LAW.EQRM.WK,0.0
"Egypt, Arab Rep.",EGY,1999,Law mandates equal remuneration for females and males for work of equal value (1=yes; 0=no),SG.LAW.EQRM.WK,0.0
"Egypt, Arab Rep.",EGY,1998,Law mandates equal remuneration for females and males for work of equal value (1=yes; 0=no),SG.LAW.EQRM.WK,0.0
"Egypt, Arab Rep.",EGY,1997,Law mandates equal remuneration for females and males for work of equal value (1=yes; 0=no),SG.LAW.EQRM.WK,0.0
"Egypt, Arab Rep.",EGY,1996,Law mandates equal remuneration for females and males for work of equal value (1=yes; 0=no),SG.LAW.EQRM.WK,0.0
"Egypt, Arab Rep.",EGY,1995,Law mandates equal remuneration for females and males for work of equal value (1=yes; 0=no),SG.LAW.EQRM.WK,0.0
"Egypt, Arab Rep.",EGY,1994,Law mandates equal remuneration for females and males for work of equal value (1=yes; 0=no),SG.LAW.EQRM.WK,0.0
"Egypt, Arab Rep.",EGY,1993,Law mandates equal remuneration for females and males for work of equal value (1=yes; 0=no),SG.LAW.EQRM.WK,0.0
"Egypt, Arab Rep.",EGY,1992,Law mandates equal remuneration for females and males for work of equal value (1=yes; 0=no),SG.LAW.EQRM.WK,0.0
"Egypt, Arab Rep.",EGY,1991,Law mandates equal remuneration for females and males for work of equal value (1=yes; 0=no),SG.LAW.EQRM.WK,0.0
"Egypt, Arab Rep.",EGY,1990,Law mandates equal remuneration for females and males for work of equal value (1=yes; 0=no),SG.LAW.EQRM.WK,0.0
"Egypt, Arab Rep.",EGY,1989,Law mandates equal remuneration for females and males for work of equal value (1=yes; 0=no),SG.LAW.EQRM.WK,0.0
"Egypt, Arab Rep.",EGY,1988,Law mandates equal remuneration for females and males for work of equal value (1=yes; 0=no),SG.LAW.EQRM.WK,0.0
"Egypt, Arab Rep.",EGY,1987,Law mandates equal remuneration for females and males for work of equal value (1=yes; 0=no),SG.LAW.EQRM.WK,0.0
"Egypt, Arab Rep.",EGY,1986,Law mandates equal remuneration for females and males for work of equal value (1=yes; 0=no),SG.LAW.EQRM.WK,0.0
"Egypt, Arab Rep.",EGY,1985,Law mandates equal remuneration for females and males for work of equal value (1=yes; 0=no),SG.LAW.EQRM.WK,0.0
"Egypt, Arab Rep.",EGY,1984,Law mandates equal remuneration for females and males for work of equal value (1=yes; 0=no),SG.LAW.EQRM.WK,0.0
"Egypt, Arab Rep.",EGY,1983,Law mandates equal remuneration for females and males for work of equal value (1=yes; 0=no),SG.LAW.EQRM.WK,0.0
"Egypt, Arab Rep.",EGY,1982,Law mandates equal remuneration for females and males for work of equal value (1=yes; 0=no),SG.LAW.EQRM.WK,0.0
"Egypt, Arab Rep.",EGY,1981,Law mandates equal remuneration for females and males for work of equal value (1=yes; 0=no),SG.LAW.EQRM.WK,0.0
"Egypt, Arab Rep.",EGY,1980,Law mandates equal remuneration for females and males for work of equal value (1=yes; 0=no),SG.LAW.EQRM.WK,0.0
"Egypt, Arab Rep.",EGY,1979,Law mandates equal remuneration for females and males for work of equal value (1=yes; 0=no),SG.LAW.EQRM.WK,0.0
"Egypt, Arab Rep.",EGY,1978,Law mandates equal remuneration for females and males for work of equal value (1=yes; 0=no),SG.LAW.EQRM.WK,0.0
"Egypt, Arab Rep.",EGY,1977,Law mandates equal remuneration for females and males for work of equal value (1=yes; 0=no),SG.LAW.EQRM.WK,0.0
"Egypt, Arab Rep.",EGY,1976,Law mandates equal remuneration for females and males for work of equal value (1=yes; 0=no),SG.LAW.EQRM.WK,0.0
"Egypt, Arab Rep.",EGY,1975,Law mandates equal remuneration for females and males for work of equal value (1=yes; 0=no),SG.LAW.EQRM.WK,0.0
"Egypt, Arab Rep.",EGY,1974,Law mandates equal remuneration for females and males for work of equal value (1=yes; 0=no),SG.LAW.EQRM.WK,0.0
"Egypt, Arab Rep.",EGY,1973,Law mandates equal remuneration for females and males for work of equal value (1=yes; 0=no),SG.LAW.EQRM.WK,0.0
"Egypt, Arab Rep.",EGY,1972,Law mandates equal remuneration for females and males for work of equal value (1=yes; 0=no),SG.LAW.EQRM.WK,0.0
"Egypt, Arab Rep.",EGY,1971,Law mandates equal remuneration for females and males for work of equal value (1=yes; 0=no),SG.LAW.EQRM.WK,0.0
"Egypt, Arab Rep.",EGY,1970,Law mandates equal remuneration for females and males for work of equal value (1=yes; 0=no),SG.LAW.EQRM.WK,0.0
"Egypt, Arab Rep.",EGY,2022,The law provides for the valuation of nonmonetary contributions (1=yes; 0=no),SG.LAW.NMCN,0.0
"Egypt, Arab Rep.",EGY,2021,The law provides for the valuation of nonmonetary contributions (1=yes; 0=no),SG.LAW.NMCN,0.0
"Egypt, Arab Rep.",EGY,2020,The law provides for the valuation of nonmonetary contributions (1=yes; 0=no),SG.LAW.NMCN,0.0
"Egypt, Arab Rep.",EGY,2019,The law provides for the valuation of nonmonetary contributions (1=yes; 0=no),SG.LAW.NMCN,0.0
"Egypt, Arab Rep.",EGY,2018,The law provides for the valuation of nonmonetary contributions (1=yes; 0=no),SG.LAW.NMCN,0.0
"Egypt, Arab Rep.",EGY,2017,The law provides for the valuation of nonmonetary contributions (1=yes; 0=no),SG.LAW.NMCN,0.0
"Egypt, Arab Rep.",EGY,2016,The law provides for the valuation of nonmonetary contributions (1=yes; 0=no),SG.LAW.NMCN,0.0
"Egypt, Arab Rep.",EGY,2015,The law provides for the valuation of nonmonetary contributions (1=yes; 0=no),SG.LAW.NMCN,0.0
"Egypt, Arab Rep.",EGY,2014,The law provides for the valuation of nonmonetary contributions (1=yes; 0=no),SG.LAW.NMCN,0.0
"Egypt, Arab Rep.",EGY,2013,The law provides for the valuation of nonmonetary contributions (1=yes; 0=no),SG.LAW.NMCN,0.0
"Egypt, Arab Rep.",EGY,2012,The law provides for the valuation of nonmonetary contributions (1=yes; 0=no),SG.LAW.NMCN,0.0
"Egypt, Arab Rep.",EGY,2011,The law provides for the valuation of nonmonetary contributions (1=yes; 0=no),SG.LAW.NMCN,0.0
"Egypt, Arab Rep.",EGY,2010,The law provides for the valuation of nonmonetary contributions (1=yes; 0=no),SG.LAW.NMCN,0.0
"Egypt, Arab Rep.",EGY,2009,The law provides for the valuation of nonmonetary contributions (1=yes; 0=no),SG.LAW.NMCN,0.0
"Egypt, Arab Rep.",EGY,2008,The law provides for the valuation of nonmonetary contributions (1=yes; 0=no),SG.LAW.NMCN,0.0
"Egypt, Arab Rep.",EGY,2007,The law provides for the valuation of nonmonetary contributions (1=yes; 0=no),SG.LAW.NMCN,0.0
"Egypt, Arab Rep.",EGY,2006,The law provides for the valuation of nonmonetary contributions (1=yes; 0=no),SG.LAW.NMCN,0.0
"Egypt, Arab Rep.",EGY,2005,The law provides for the valuation of nonmonetary contributions (1=yes; 0=no),SG.LAW.NMCN,0.0
"Egypt, Arab Rep.",EGY,2004,The law provides for the valuation of nonmonetary contributions (1=yes; 0=no),SG.LAW.NMCN,0.0
"Egypt, Arab Rep.",EGY,2003,The law provides for the valuation of nonmonetary contributions (1=yes; 0=no),SG.LAW.NMCN,0.0
"Egypt, Arab Rep.",EGY,2002,The law provides for the valuation of nonmonetary contributions (1=yes; 0=no),SG.LAW.NMCN,0.0
"Egypt, Arab Rep.",EGY,2001,The law provides for the valuation of nonmonetary contributions (1=yes; 0=no),SG.LAW.NMCN,0.0
"Egypt, Arab Rep.",EGY,2000,The law provides for the valuation of nonmonetary contributions (1=yes; 0=no),SG.LAW.NMCN,0.0
"Egypt, Arab Rep.",EGY,1999,The law provides for the valuation of nonmonetary contributions (1=yes; 0=no),SG.LAW.NMCN,0.0
"Egypt, Arab Rep.",EGY,1998,The law provides for the valuation of nonmonetary contributions (1=yes; 0=no),SG.LAW.NMCN,0.0
"Egypt, Arab Rep.",EGY,1997,The law provides for the valuation of nonmonetary contributions (1=yes; 0=no),SG.LAW.NMCN,0.0
"Egypt, Arab Rep.",EGY,1996,The law provides for the valuation of nonmonetary contributions (1=yes; 0=no),SG.LAW.NMCN,0.0
"Egypt, Arab Rep.",EGY,1995,The law provides for the valuation of nonmonetary contributions (1=yes; 0=no),SG.LAW.NMCN,0.0
"Egypt, Arab Rep.",EGY,1994,The law provides for the valuation of nonmonetary contributions (1=yes; 0=no),SG.LAW.NMCN,0.0
"Egypt, Arab Rep.",EGY,1993,The law provides for the valuation of nonmonetary contributions (1=yes; 0=no),SG.LAW.NMCN,0.0
"Egypt, Arab Rep.",EGY,1992,The law provides for the valuation of nonmonetary contributions (1=yes; 0=no),SG.LAW.NMCN,0.0
"Egypt, Arab Rep.",EGY,1991,The law provides for the valuation of nonmonetary contributions (1=yes; 0=no),SG.LAW.NMCN,0.0
"Egypt, Arab Rep.",EGY,1990,The law provides for the valuation of nonmonetary contributions (1=yes; 0=no),SG.LAW.NMCN,0.0
"Egypt, Arab Rep.",EGY,1989,The law provides for the valuation of nonmonetary contributions (1=yes; 0=no),SG.LAW.NMCN,0.0
"Egypt, Arab Rep.",EGY,1988,The law provides for the valuation of nonmonetary contributions (1=yes; 0=no),SG.LAW.NMCN,0.0
"Egypt, Arab Rep.",EGY,1987,The law provides for the valuation of nonmonetary contributions (1=yes; 0=no),SG.LAW.NMCN,0.0
"Egypt, Arab Rep.",EGY,1986,The law provides for the valuation of nonmonetary contributions (1=yes; 0=no),SG.LAW.NMCN,0.0
"Egypt, Arab Rep.",EGY,1985,The law provides for the valuation of nonmonetary contributions (1=yes; 0=no),SG.LAW.NMCN,0.0
"Egypt, Arab Rep.",EGY,1984,The law provides for the valuation of nonmonetary contributions (1=yes; 0=no),SG.LAW.NMCN,0.0
"Egypt, Arab Rep.",EGY,1983,The law provides for the valuation of nonmonetary contributions (1=yes; 0=no),SG.LAW.NMCN,0.0
"Egypt, Arab Rep.",EGY,1982,The law provides for the valuation of nonmonetary contributions (1=yes; 0=no),SG.LAW.NMCN,0.0
"Egypt, Arab Rep.",EGY,1981,The law provides for the valuation of nonmonetary contributions (1=yes; 0=no),SG.LAW.NMCN,0.0
"Egypt, Arab Rep.",EGY,1980,The law provides for the valuation of nonmonetary contributions (1=yes; 0=no),SG.LAW.NMCN,0.0
"Egypt, Arab Rep.",EGY,1979,The law provides for the valuation of nonmonetary contributions (1=yes; 0=no),SG.LAW.NMCN,0.0
"Egypt, Arab Rep.",EGY,1978,The law provides for the valuation of nonmonetary contributions (1=yes; 0=no),SG.LAW.NMCN,0.0
"Egypt, Arab Rep.",EGY,1977,The law provides for the valuation of nonmonetary contributions (1=yes; 0=no),SG.LAW.NMCN,0.0
"Egypt, Arab Rep.",EGY,1976,The law provides for the valuation of nonmonetary contributions (1=yes; 0=no),SG.LAW.NMCN,0.0
"Egypt, Arab Rep.",EGY,1975,The law provides for the valuation of nonmonetary contributions (1=yes; 0=no),SG.LAW.NMCN,0.0
"Egypt, Arab Rep.",EGY,1974,The law provides for the valuation of nonmonetary contributions (1=yes; 0=no),SG.LAW.NMCN,0.0
"Egypt, Arab Rep.",EGY,1973,The law provides for the valuation of nonmonetary contributions (1=yes; 0=no),SG.LAW.NMCN,0.0
"Egypt, Arab Rep.",EGY,1972,The law provides for the valuation of nonmonetary contributions (1=yes; 0=no),SG.LAW.NMCN,0.0
"Egypt, Arab Rep.",EGY,1971,The law provides for the valuation of nonmonetary contributions (1=yes; 0=no),SG.LAW.NMCN,0.0
"Egypt, Arab Rep.",EGY,1970,The law provides for the valuation of nonmonetary contributions (1=yes; 0=no),SG.LAW.NMCN,0.0
"Egypt, Arab Rep.",EGY,2022,The law prohibits discrimination in employment based on gender (1=yes; 0=no),SG.LAW.NODC.HR,1.0
"Egypt, Arab Rep.",EGY,2021,The law prohibits discrimination in employment based on gender (1=yes; 0=no),SG.LAW.NODC.HR,1.0
"Egypt, Arab Rep.",EGY,2020,The law prohibits discrimination in employment based on gender (1=yes; 0=no),SG.LAW.NODC.HR,1.0
"Egypt, Arab Rep.",EGY,2019,The law prohibits discrimination in employment based on gender (1=yes; 0=no),SG.LAW.NODC.HR,1.0
"Egypt, Arab Rep.",EGY,2018,The law prohibits discrimination in employment based on gender (1=yes; 0=no),SG.LAW.NODC.HR,1.0
"Egypt, Arab Rep.",EGY,2017,The law prohibits discrimination in employment based on gender (1=yes; 0=no),SG.LAW.NODC.HR,1.0
"Egypt, Arab Rep.",EGY,2016,The law prohibits discrimination in employment based on gender (1=yes; 0=no),SG.LAW.NODC.HR,1.0
"Egypt, Arab Rep.",EGY,2015,The law prohibits discrimination in employment based on gender (1=yes; 0=no),SG.LAW.NODC.HR,1.0
"Egypt, Arab Rep.",EGY,2014,The law prohibits discrimination in employment based on gender (1=yes; 0=no),SG.LAW.NODC.HR,1.0
"Egypt, Arab Rep.",EGY,2013,The law prohibits discrimination in employment based on gender (1=yes; 0=no),SG.LAW.NODC.HR,1.0
"Egypt, Arab Rep.",EGY,2012,The law prohibits discrimination in employment based on gender (1=yes; 0=no),SG.LAW.NODC.HR,1.0
"Egypt, Arab Rep.",EGY,2011,The law prohibits discrimination in employment based on gender (1=yes; 0=no),SG.LAW.NODC.HR,1.0
"Egypt, Arab Rep.",EGY,2010,The law prohibits discrimination in employment based on gender (1=yes; 0=no),SG.LAW.NODC.HR,1.0
"Egypt, Arab Rep.",EGY,2009,The law prohibits discrimination in employment based on gender (1=yes; 0=no),SG.LAW.NODC.HR,1.0
"Egypt, Arab Rep.",EGY,2008,The law prohibits discrimination in employment based on gender (1=yes; 0=no),SG.LAW.NODC.HR,1.0
"Egypt, Arab Rep.",EGY,2007,The law prohibits discrimination in employment based on gender (1=yes; 0=no),SG.LAW.NODC.HR,1.0
"Egypt, Arab Rep.",EGY,2006,The law prohibits discrimination in employment based on gender (1=yes; 0=no),SG.LAW.NODC.HR,1.0
"Egypt, Arab Rep.",EGY,2005,The law prohibits discrimination in employment based on gender (1=yes; 0=no),SG.LAW.NODC.HR,1.0
"Egypt, Arab Rep.",EGY,2004,The law prohibits discrimination in employment based on gender (1=yes; 0=no),SG.LAW.NODC.HR,1.0
"Egypt, Arab Rep.",EGY,2003,The law prohibits discrimination in employment based on gender (1=yes; 0=no),SG.LAW.NODC.HR,1.0
"Egypt, Arab Rep.",EGY,2002,The law prohibits discrimination in employment based on gender (1=yes; 0=no),SG.LAW.NODC.HR,0.0
"Egypt, Arab Rep.",EGY,2001,The law prohibits discrimination in employment based on gender (1=yes; 0=no),SG.LAW.NODC.HR,0.0
"Egypt, Arab Rep.",EGY,2000,The law prohibits discrimination in employment based on gender (1=yes; 0=no),SG.LAW.NODC.HR,0.0
"Egypt, Arab Rep.",EGY,1999,The law prohibits discrimination in employment based on gender (1=yes; 0=no),SG.LAW.NODC.HR,0.0
"Egypt, Arab Rep.",EGY,1998,The law prohibits discrimination in employment based on gender (1=yes; 0=no),SG.LAW.NODC.HR,0.0
"Egypt, Arab Rep.",EGY,1997,The law prohibits discrimination in employment based on gender (1=yes; 0=no),SG.LAW.NODC.HR,0.0
"Egypt, Arab Rep.",EGY,1996,The law prohibits discrimination in employment based on gender (1=yes; 0=no),SG.LAW.NODC.HR,0.0
"Egypt, Arab Rep.",EGY,1995,The law prohibits discrimination in employment based on gender (1=yes; 0=no),SG.LAW.NODC.HR,0.0
"Egypt, Arab Rep.",EGY,1994,The law prohibits discrimination in employment based on gender (1=yes; 0=no),SG.LAW.NODC.HR,0.0
"Egypt, Arab Rep.",EGY,1993,The law prohibits discrimination in employment based on gender (1=yes; 0=no),SG.LAW.NODC.HR,0.0
"Egypt, Arab Rep.",EGY,1992,The law prohibits discrimination in employment based on gender (1=yes; 0=no),SG.LAW.NODC.HR,0.0
"Egypt, Arab Rep.",EGY,1991,The law prohibits discrimination in employment based on gender (1=yes; 0=no),SG.LAW.NODC.HR,0.0
"Egypt, Arab Rep.",EGY,1990,The law prohibits discrimination in employment based on gender (1=yes; 0=no),SG.LAW.NODC.HR,0.0
"Egypt, Arab Rep.",EGY,1989,The law prohibits discrimination in employment based on gender (1=yes; 0=no),SG.LAW.NODC.HR,0.0
"Egypt, Arab Rep.",EGY,1988,The law prohibits discrimination in employment based on gender (1=yes; 0=no),SG.LAW.NODC.HR,0.0
"Egypt, Arab Rep.",EGY,1987,The law prohibits discrimination in employment based on gender (1=yes; 0=no),SG.LAW.NODC.HR,0.0
"Egypt, Arab Rep.",EGY,1986,The law prohibits discrimination in employment based on gender (1=yes; 0=no),SG.LAW.NODC.HR,0.0
"Egypt, Arab Rep.",EGY,1985,The law prohibits discrimination in employment based on gender (1=yes; 0=no),SG.LAW.NODC.HR,0.0
"Egypt, Arab Rep.",EGY,1984,The law prohibits discrimination in employment based on gender (1=yes; 0=no),SG.LAW.NODC.HR,0.0
"Egypt, Arab Rep.",EGY,1983,The law prohibits discrimination in employment based on gender (1=yes; 0=no),SG.LAW.NODC.HR,0.0
"Egypt, Arab Rep.",EGY,1982,The law prohibits discrimination in employment based on gender (1=yes; 0=no),SG.LAW.NODC.HR,0.0
"Egypt, Arab Rep.",EGY,1981,The law prohibits discrimination in employment based on gender (1=yes; 0=no),SG.LAW.NODC.HR,0.0
"Egypt, Arab Rep.",EGY,1980,The law prohibits discrimination in employment based on gender (1=yes; 0=no),SG.LAW.NODC.HR,0.0
"Egypt, Arab Rep.",EGY,1979,The law prohibits discrimination in employment based on gender (1=yes; 0=no),SG.LAW.NODC.HR,0.0
"Egypt, Arab Rep.",EGY,1978,The law prohibits discrimination in employment based on gender (1=yes; 0=no),SG.LAW.NODC.HR,0.0
"Egypt, Arab Rep.",EGY,1977,The law prohibits discrimination in employment based on gender (1=yes; 0=no),SG.LAW.NODC.HR,0.0
"Egypt, Arab Rep.",EGY,1976,The law prohibits discrimination in employment based on gender (1=yes; 0=no),SG.LAW.NODC.HR,0.0
"Egypt, Arab Rep.",EGY,1975,The law prohibits discrimination in employment based on gender (1=yes; 0=no),SG.LAW.NODC.HR,0.0
"Egypt, Arab Rep.",EGY,1974,The law prohibits discrimination in employment based on gender (1=yes; 0=no),SG.LAW.NODC.HR,0.0
"Egypt, Arab Rep.",EGY,1973,The law prohibits discrimination in employment based on gender (1=yes; 0=no),SG.LAW.NODC.HR,0.0
"Egypt, Arab Rep.",EGY,1972,The law prohibits discrimination in employment based on gender (1=yes; 0=no),SG.LAW.NODC.HR,0.0
"Egypt, Arab Rep.",EGY,1971,The law prohibits discrimination in employment based on gender (1=yes; 0=no),SG.LAW.NODC.HR,0.0
"Egypt, Arab Rep.",EGY,1970,The law prohibits discrimination in employment based on gender (1=yes; 0=no),SG.LAW.NODC.HR,0.0
"Egypt, Arab Rep.",EGY,2022,The law is free of legal provisions that require a married woman to obey her husband (1=yes; 0=no),SG.LAW.OBHB.MR.NO,0.0
"Egypt, Arab Rep.",EGY,2021,The law is free of legal provisions that require a married woman to obey her husband (1=yes; 0=no),SG.LAW.OBHB.MR.NO,0.0
"Egypt, Arab Rep.",EGY,2020,The law is free of legal provisions that require a married woman to obey her husband (1=yes; 0=no),SG.LAW.OBHB.MR.NO,0.0
"Egypt, Arab Rep.",EGY,2019,The law is free of legal provisions that require a married woman to obey her husband (1=yes; 0=no),SG.LAW.OBHB.MR.NO,0.0
"Egypt, Arab Rep.",EGY,2018,The law is free of legal provisions that require a married woman to obey her husband (1=yes; 0=no),SG.LAW.OBHB.MR.NO,0.0
"Egypt, Arab Rep.",EGY,2017,The law is free of legal provisions that require a married woman to obey her husband (1=yes; 0=no),SG.LAW.OBHB.MR.NO,0.0
"Egypt, Arab Rep.",EGY,2016,The law is free of legal provisions that require a married woman to obey her husband (1=yes; 0=no),SG.LAW.OBHB.MR.NO,0.0
"Egypt, Arab Rep.",EGY,2015,The law is free of legal provisions that require a married woman to obey her husband (1=yes; 0=no),SG.LAW.OBHB.MR.NO,0.0
"Egypt, Arab Rep.",EGY,2014,The law is free of legal provisions that require a married woman to obey her husband (1=yes; 0=no),SG.LAW.OBHB.MR.NO,0.0
"Egypt, Arab Rep.",EGY,2013,The law is free of legal provisions that require a married woman to obey her husband (1=yes; 0=no),SG.LAW.OBHB.MR.NO,0.0
"Egypt, Arab Rep.",EGY,2012,The law is free of legal provisions that require a married woman to obey her husband (1=yes; 0=no),SG.LAW.OBHB.MR.NO,0.0
"Egypt, Arab Rep.",EGY,2011,The law is free of legal provisions that require a married woman to obey her husband (1=yes; 0=no),SG.LAW.OBHB.MR.NO,0.0
"Egypt, Arab Rep.",EGY,2010,The law is free of legal provisions that require a married woman to obey her husband (1=yes; 0=no),SG.LAW.OBHB.MR.NO,0.0
"Egypt, Arab Rep.",EGY,2009,The law is free of legal provisions that require a married woman to obey her husband (1=yes; 0=no),SG.LAW.OBHB.MR.NO,0.0
"Egypt, Arab Rep.",EGY,2008,The law is free of legal provisions that require a married woman to obey her husband (1=yes; 0=no),SG.LAW.OBHB.MR.NO,0.0
"Egypt, Arab Rep.",EGY,2007,The law is free of legal provisions that require a married woman to obey her husband (1=yes; 0=no),SG.LAW.OBHB.MR.NO,0.0
"Egypt, Arab Rep.",EGY,2006,The law is free of legal provisions that require a married woman to obey her husband (1=yes; 0=no),SG.LAW.OBHB.MR.NO,0.0
"Egypt, Arab Rep.",EGY,2005,The law is free of legal provisions that require a married woman to obey her husband (1=yes; 0=no),SG.LAW.OBHB.MR.NO,0.0
"Egypt, Arab Rep.",EGY,2004,The law is free of legal provisions that require a married woman to obey her husband (1=yes; 0=no),SG.LAW.OBHB.MR.NO,0.0
"Egypt, Arab Rep.",EGY,2003,The law is free of legal provisions that require a married woman to obey her husband (1=yes; 0=no),SG.LAW.OBHB.MR.NO,0.0
"Egypt, Arab Rep.",EGY,2002,The law is free of legal provisions that require a married woman to obey her husband (1=yes; 0=no),SG.LAW.OBHB.MR.NO,0.0
"Egypt, Arab Rep.",EGY,2001,The law is free of legal provisions that require a married woman to obey her husband (1=yes; 0=no),SG.LAW.OBHB.MR.NO,0.0
"Egypt, Arab Rep.",EGY,2000,The law is free of legal provisions that require a married woman to obey her husband (1=yes; 0=no),SG.LAW.OBHB.MR.NO,0.0
"Egypt, Arab Rep.",EGY,1999,The law is free of legal provisions that require a married woman to obey her husband (1=yes; 0=no),SG.LAW.OBHB.MR.NO,0.0
"Egypt, Arab Rep.",EGY,1998,The law is free of legal provisions that require a married woman to obey her husband (1=yes; 0=no),SG.LAW.OBHB.MR.NO,0.0
"Egypt, Arab Rep.",EGY,1997,The law is free of legal provisions that require a married woman to obey her husband (1=yes; 0=no),SG.LAW.OBHB.MR.NO,0.0
"Egypt, Arab Rep.",EGY,1996,The law is free of legal provisions that require a married woman to obey her husband (1=yes; 0=no),SG.LAW.OBHB.MR.NO,0.0
"Egypt, Arab Rep.",EGY,1995,The law is free of legal provisions that require a married woman to obey her husband (1=yes; 0=no),SG.LAW.OBHB.MR.NO,0.0
"Egypt, Arab Rep.",EGY,1994,The law is free of legal provisions that require a married woman to obey her husband (1=yes; 0=no),SG.LAW.OBHB.MR.NO,0.0
"Egypt, Arab Rep.",EGY,1993,The law is free of legal provisions that require a married woman to obey her husband (1=yes; 0=no),SG.LAW.OBHB.MR.NO,0.0
"Egypt, Arab Rep.",EGY,1992,The law is free of legal provisions that require a married woman to obey her husband (1=yes; 0=no),SG.LAW.OBHB.MR.NO,0.0
"Egypt, Arab Rep.",EGY,1991,The law is free of legal provisions that require a married woman to obey her husband (1=yes; 0=no),SG.LAW.OBHB.MR.NO,0.0
"Egypt, Arab Rep.",EGY,1990,The law is free of legal provisions that require a married woman to obey her husband (1=yes; 0=no),SG.LAW.OBHB.MR.NO,0.0
"Egypt, Arab Rep.",EGY,1989,The law is free of legal provisions that require a married woman to obey her husband (1=yes; 0=no),SG.LAW.OBHB.MR.NO,0.0
"Egypt, Arab Rep.",EGY,1988,The law is free of legal provisions that require a married woman to obey her husband (1=yes; 0=no),SG.LAW.OBHB.MR.NO,0.0
"Egypt, Arab Rep.",EGY,1987,The law is free of legal provisions that require a married woman to obey her husband (1=yes; 0=no),SG.LAW.OBHB.MR.NO,0.0
"Egypt, Arab Rep.",EGY,1986,The law is free of legal provisions that require a married woman to obey her husband (1=yes; 0=no),SG.LAW.OBHB.MR.NO,0.0
"Egypt, Arab Rep.",EGY,1985,The law is free of legal provisions that require a married woman to obey her husband (1=yes; 0=no),SG.LAW.OBHB.MR.NO,1.0
"Egypt, Arab Rep.",EGY,1984,The law is free of legal provisions that require a married woman to obey her husband (1=yes; 0=no),SG.LAW.OBHB.MR.NO,1.0
"Egypt, Arab Rep.",EGY,1983,The law is free of legal provisions that require a married woman to obey her husband (1=yes; 0=no),SG.LAW.OBHB.MR.NO,1.0
"Egypt, Arab Rep.",EGY,1982,The law is free of legal provisions that require a married woman to obey her husband (1=yes; 0=no),SG.LAW.OBHB.MR.NO,1.0
"Egypt, Arab Rep.",EGY,1981,The law is free of legal provisions that require a married woman to obey her husband (1=yes; 0=no),SG.LAW.OBHB.MR.NO,1.0
"Egypt, Arab Rep.",EGY,1980,The law is free of legal provisions that require a married woman to obey her husband (1=yes; 0=no),SG.LAW.OBHB.MR.NO,1.0
"Egypt, Arab Rep.",EGY,1979,The law is free of legal provisions that require a married woman to obey her husband (1=yes; 0=no),SG.LAW.OBHB.MR.NO,1.0
"Egypt, Arab Rep.",EGY,1978,The law is free of legal provisions that require a married woman to obey her husband (1=yes; 0=no),SG.LAW.OBHB.MR.NO,1.0
"Egypt, Arab Rep.",EGY,1977,The law is free of legal provisions that require a married woman to obey her husband (1=yes; 0=no),SG.LAW.OBHB.MR.NO,1.0
"Egypt, Arab Rep.",EGY,1976,The law is free of legal provisions that require a married woman to obey her husband (1=yes; 0=no),SG.LAW.OBHB.MR.NO,1.0
"Egypt, Arab Rep.",EGY,1975,The law is free of legal provisions that require a married woman to obey her husband (1=yes; 0=no),SG.LAW.OBHB.MR.NO,1.0
"Egypt, Arab Rep.",EGY,1974,The law is free of legal provisions that require a married woman to obey her husband (1=yes; 0=no),SG.LAW.OBHB.MR.NO,1.0
"Egypt, Arab Rep.",EGY,1973,The law is free of legal provisions that require a married woman to obey her husband (1=yes; 0=no),SG.LAW.OBHB.MR.NO,1.0
"Egypt, Arab Rep.",EGY,1972,The law is free of legal provisions that require a married woman to obey her husband (1=yes; 0=no),SG.LAW.OBHB.MR.NO,1.0
"Egypt, Arab Rep.",EGY,1971,The law is free of legal provisions that require a married woman to obey her husband (1=yes; 0=no),SG.LAW.OBHB.MR.NO,1.0
"Egypt, Arab Rep.",EGY,1970,The law is free of legal provisions that require a married woman to obey her husband (1=yes; 0=no),SG.LAW.OBHB.MR.NO,1.0
"Egypt, Arab Rep.",EGY,2022,There is legislation specifically addressing domestic violence (1=yes; 0=no),SG.LEG.DVAW,1.0
"Egypt, Arab Rep.",EGY,2021,There is legislation specifically addressing domestic violence (1=yes; 0=no),SG.LEG.DVAW,1.0
"Egypt, Arab Rep.",EGY,2020,There is legislation specifically addressing domestic violence (1=yes; 0=no),SG.LEG.DVAW,0.0
"Egypt, Arab Rep.",EGY,2019,There is legislation specifically addressing domestic violence (1=yes; 0=no),SG.LEG.DVAW,0.0
"Egypt, Arab Rep.",EGY,2018,There is legislation specifically addressing domestic violence (1=yes; 0=no),SG.LEG.DVAW,0.0
"Egypt, Arab Rep.",EGY,2017,There is legislation specifically addressing domestic violence (1=yes; 0=no),SG.LEG.DVAW,0.0
"Egypt, Arab Rep.",EGY,2016,There is legislation specifically addressing domestic violence (1=yes; 0=no),SG.LEG.DVAW,0.0
"Egypt, Arab Rep.",EGY,2015,There is legislation specifically addressing domestic violence (1=yes; 0=no),SG.LEG.DVAW,0.0
"Egypt, Arab Rep.",EGY,2014,There is legislation specifically addressing domestic violence (1=yes; 0=no),SG.LEG.DVAW,0.0
"Egypt, Arab Rep.",EGY,2013,There is legislation specifically addressing domestic violence (1=yes; 0=no),SG.LEG.DVAW,0.0
"Egypt, Arab Rep.",EGY,2012,There is legislation specifically addressing domestic violence (1=yes; 0=no),SG.LEG.DVAW,0.0
"Egypt, Arab Rep.",EGY,2011,There is legislation specifically addressing domestic violence (1=yes; 0=no),SG.LEG.DVAW,0.0
"Egypt, Arab Rep.",EGY,2010,There is legislation specifically addressing domestic violence (1=yes; 0=no),SG.LEG.DVAW,0.0
"Egypt, Arab Rep.",EGY,2009,There is legislation specifically addressing domestic violence (1=yes; 0=no),SG.LEG.DVAW,0.0
"Egypt, Arab Rep.",EGY,2008,There is legislation specifically addressing domestic violence (1=yes; 0=no),SG.LEG.DVAW,0.0
"Egypt, Arab Rep.",EGY,2007,There is legislation specifically addressing domestic violence (1=yes; 0=no),SG.LEG.DVAW,0.0
"Egypt, Arab Rep.",EGY,2006,There is legislation specifically addressing domestic violence (1=yes; 0=no),SG.LEG.DVAW,0.0
"Egypt, Arab Rep.",EGY,2005,There is legislation specifically addressing domestic violence (1=yes; 0=no),SG.LEG.DVAW,0.0
"Egypt, Arab Rep.",EGY,2004,There is legislation specifically addressing domestic violence (1=yes; 0=no),SG.LEG.DVAW,0.0
"Egypt, Arab Rep.",EGY,2003,There is legislation specifically addressing domestic violence (1=yes; 0=no),SG.LEG.DVAW,0.0
"Egypt, Arab Rep.",EGY,2002,There is legislation specifically addressing domestic violence (1=yes; 0=no),SG.LEG.DVAW,0.0
"Egypt, Arab Rep.",EGY,2001,There is legislation specifically addressing domestic violence (1=yes; 0=no),SG.LEG.DVAW,0.0
"Egypt, Arab Rep.",EGY,2000,There is legislation specifically addressing domestic violence (1=yes; 0=no),SG.LEG.DVAW,0.0
"Egypt, Arab Rep.",EGY,1999,There is legislation specifically addressing domestic violence (1=yes; 0=no),SG.LEG.DVAW,0.0
"Egypt, Arab Rep.",EGY,1998,There is legislation specifically addressing domestic violence (1=yes; 0=no),SG.LEG.DVAW,0.0
"Egypt, Arab Rep.",EGY,1997,There is legislation specifically addressing domestic violence (1=yes; 0=no),SG.LEG.DVAW,0.0
"Egypt, Arab Rep.",EGY,1996,There is legislation specifically addressing domestic violence (1=yes; 0=no),SG.LEG.DVAW,0.0
"Egypt, Arab Rep.",EGY,1995,There is legislation specifically addressing domestic violence (1=yes; 0=no),SG.LEG.DVAW,0.0
"Egypt, Arab Rep.",EGY,1994,There is legislation specifically addressing domestic violence (1=yes; 0=no),SG.LEG.DVAW,0.0
"Egypt, Arab Rep.",EGY,1993,There is legislation specifically addressing domestic violence (1=yes; 0=no),SG.LEG.DVAW,0.0
"Egypt, Arab Rep.",EGY,1992,There is legislation specifically addressing domestic violence (1=yes; 0=no),SG.LEG.DVAW,0.0
"Egypt, Arab Rep.",EGY,1991,There is legislation specifically addressing domestic violence (1=yes; 0=no),SG.LEG.DVAW,0.0
"Egypt, Arab Rep.",EGY,1990,There is legislation specifically addressing domestic violence (1=yes; 0=no),SG.LEG.DVAW,0.0
"Egypt, Arab Rep.",EGY,1989,There is legislation specifically addressing domestic violence (1=yes; 0=no),SG.LEG.DVAW,0.0
"Egypt, Arab Rep.",EGY,1988,There is legislation specifically addressing domestic violence (1=yes; 0=no),SG.LEG.DVAW,0.0
"Egypt, Arab Rep.",EGY,1987,There is legislation specifically addressing domestic violence (1=yes; 0=no),SG.LEG.DVAW,0.0
"Egypt, Arab Rep.",EGY,1986,There is legislation specifically addressing domestic violence (1=yes; 0=no),SG.LEG.DVAW,0.0
"Egypt, Arab Rep.",EGY,1985,There is legislation specifically addressing domestic violence (1=yes; 0=no),SG.LEG.DVAW,0.0
"Egypt, Arab Rep.",EGY,1984,There is legislation specifically addressing domestic violence (1=yes; 0=no),SG.LEG.DVAW,0.0
"Egypt, Arab Rep.",EGY,1983,There is legislation specifically addressing domestic violence (1=yes; 0=no),SG.LEG.DVAW,0.0
"Egypt, Arab Rep.",EGY,1982,There is legislation specifically addressing domestic violence (1=yes; 0=no),SG.LEG.DVAW,0.0
"Egypt, Arab Rep.",EGY,1981,There is legislation specifically addressing domestic violence (1=yes; 0=no),SG.LEG.DVAW,0.0
"Egypt, Arab Rep.",EGY,1980,There is legislation specifically addressing domestic violence (1=yes; 0=no),SG.LEG.DVAW,0.0
"Egypt, Arab Rep.",EGY,1979,There is legislation specifically addressing domestic violence (1=yes; 0=no),SG.LEG.DVAW,0.0
"Egypt, Arab Rep.",EGY,1978,There is legislation specifically addressing domestic violence (1=yes; 0=no),SG.LEG.DVAW,0.0
"Egypt, Arab Rep.",EGY,1977,There is legislation specifically addressing domestic violence (1=yes; 0=no),SG.LEG.DVAW,0.0
"Egypt, Arab Rep.",EGY,1976,There is legislation specifically addressing domestic violence (1=yes; 0=no),SG.LEG.DVAW,0.0
"Egypt, Arab Rep.",EGY,1975,There is legislation specifically addressing domestic violence (1=yes; 0=no),SG.LEG.DVAW,0.0
"Egypt, Arab Rep.",EGY,1974,There is legislation specifically addressing domestic violence (1=yes; 0=no),SG.LEG.DVAW,0.0
"Egypt, Arab Rep.",EGY,1973,There is legislation specifically addressing domestic violence (1=yes; 0=no),SG.LEG.DVAW,0.0
"Egypt, Arab Rep.",EGY,1972,There is legislation specifically addressing domestic violence (1=yes; 0=no),SG.LEG.DVAW,0.0
"Egypt, Arab Rep.",EGY,1971,There is legislation specifically addressing domestic violence (1=yes; 0=no),SG.LEG.DVAW,0.0
"Egypt, Arab Rep.",EGY,1970,There is legislation specifically addressing domestic violence (1=yes; 0=no),SG.LEG.DVAW,0.0
"Egypt, Arab Rep.",EGY,2022,There is legislation on sexual harassment in employment (1=yes; 0=no),SG.LEG.SXHR.EM,1.0
"Egypt, Arab Rep.",EGY,2021,There is legislation on sexual harassment in employment (1=yes; 0=no),SG.LEG.SXHR.EM,1.0
"Egypt, Arab Rep.",EGY,2020,There is legislation on sexual harassment in employment (1=yes; 0=no),SG.LEG.SXHR.EM,1.0
"Egypt, Arab Rep.",EGY,2019,There is legislation on sexual harassment in employment (1=yes; 0=no),SG.LEG.SXHR.EM,1.0
"Egypt, Arab Rep.",EGY,2018,There is legislation on sexual harassment in employment (1=yes; 0=no),SG.LEG.SXHR.EM,1.0
"Egypt, Arab Rep.",EGY,2017,There is legislation on sexual harassment in employment (1=yes; 0=no),SG.LEG.SXHR.EM,1.0
"Egypt, Arab Rep.",EGY,2016,There is legislation on sexual harassment in employment (1=yes; 0=no),SG.LEG.SXHR.EM,1.0
"Egypt, Arab Rep.",EGY,2015,There is legislation on sexual harassment in employment (1=yes; 0=no),SG.LEG.SXHR.EM,1.0
"Egypt, Arab Rep.",EGY,2014,There is legislation on sexual harassment in employment (1=yes; 0=no),SG.LEG.SXHR.EM,0.0
"Egypt, Arab Rep.",EGY,2013,There is legislation on sexual harassment in employment (1=yes; 0=no),SG.LEG.SXHR.EM,0.0
"Egypt, Arab Rep.",EGY,2012,There is legislation on sexual harassment in employment (1=yes; 0=no),SG.LEG.SXHR.EM,0.0
"Egypt, Arab Rep.",EGY,2011,There is legislation on sexual harassment in employment (1=yes; 0=no),SG.LEG.SXHR.EM,0.0
"Egypt, Arab Rep.",EGY,2010,There is legislation on sexual harassment in employment (1=yes; 0=no),SG.LEG.SXHR.EM,0.0
"Egypt, Arab Rep.",EGY,2009,There is legislation on sexual harassment in employment (1=yes; 0=no),SG.LEG.SXHR.EM,0.0
"Egypt, Arab Rep.",EGY,2008,There is legislation on sexual harassment in employment (1=yes; 0=no),SG.LEG.SXHR.EM,0.0
"Egypt, Arab Rep.",EGY,2007,There is legislation on sexual harassment in employment (1=yes; 0=no),SG.LEG.SXHR.EM,0.0
"Egypt, Arab Rep.",EGY,2006,There is legislation on sexual harassment in employment (1=yes; 0=no),SG.LEG.SXHR.EM,0.0
"Egypt, Arab Rep.",EGY,2005,There is legislation on sexual harassment in employment (1=yes; 0=no),SG.LEG.SXHR.EM,0.0
"Egypt, Arab Rep.",EGY,2004,There is legislation on sexual harassment in employment (1=yes; 0=no),SG.LEG.SXHR.EM,0.0
"Egypt, Arab Rep.",EGY,2003,There is legislation on sexual harassment in employment (1=yes; 0=no),SG.LEG.SXHR.EM,0.0
"Egypt, Arab Rep.",EGY,2002,There is legislation on sexual harassment in employment (1=yes; 0=no),SG.LEG.SXHR.EM,0.0
"Egypt, Arab Rep.",EGY,2001,There is legislation on sexual harassment in employment (1=yes; 0=no),SG.LEG.SXHR.EM,0.0
"Egypt, Arab Rep.",EGY,2000,There is legislation on sexual harassment in employment (1=yes; 0=no),SG.LEG.SXHR.EM,0.0
"Egypt, Arab Rep.",EGY,1999,There is legislation on sexual harassment in employment (1=yes; 0=no),SG.LEG.SXHR.EM,0.0
"Egypt, Arab Rep.",EGY,1998,There is legislation on sexual harassment in employment (1=yes; 0=no),SG.LEG.SXHR.EM,0.0
"Egypt, Arab Rep.",EGY,1997,There is legislation on sexual harassment in employment (1=yes; 0=no),SG.LEG.SXHR.EM,0.0
"Egypt, Arab Rep.",EGY,1996,There is legislation on sexual harassment in employment (1=yes; 0=no),SG.LEG.SXHR.EM,0.0
"Egypt, Arab Rep.",EGY,1995,There is legislation on sexual harassment in employment (1=yes; 0=no),SG.LEG.SXHR.EM,0.0
"Egypt, Arab Rep.",EGY,1994,There is legislation on sexual harassment in employment (1=yes; 0=no),SG.LEG.SXHR.EM,0.0
"Egypt, Arab Rep.",EGY,1993,There is legislation on sexual harassment in employment (1=yes; 0=no),SG.LEG.SXHR.EM,0.0
"Egypt, Arab Rep.",EGY,1992,There is legislation on sexual harassment in employment (1=yes; 0=no),SG.LEG.SXHR.EM,0.0
"Egypt, Arab Rep.",EGY,1991,There is legislation on sexual harassment in employment (1=yes; 0=no),SG.LEG.SXHR.EM,0.0
"Egypt, Arab Rep.",EGY,1990,There is legislation on sexual harassment in employment (1=yes; 0=no),SG.LEG.SXHR.EM,0.0
"Egypt, Arab Rep.",EGY,1989,There is legislation on sexual harassment in employment (1=yes; 0=no),SG.LEG.SXHR.EM,0.0
"Egypt, Arab Rep.",EGY,1988,There is legislation on sexual harassment in employment (1=yes; 0=no),SG.LEG.SXHR.EM,0.0
"Egypt, Arab Rep.",EGY,1987,There is legislation on sexual harassment in employment (1=yes; 0=no),SG.LEG.SXHR.EM,0.0
"Egypt, Arab Rep.",EGY,1986,There is legislation on sexual harassment in employment (1=yes; 0=no),SG.LEG.SXHR.EM,0.0
"Egypt, Arab Rep.",EGY,1985,There is legislation on sexual harassment in employment (1=yes; 0=no),SG.LEG.SXHR.EM,0.0
"Egypt, Arab Rep.",EGY,1984,There is legislation on sexual harassment in employment (1=yes; 0=no),SG.LEG.SXHR.EM,0.0
"Egypt, Arab Rep.",EGY,1983,There is legislation on sexual harassment in employment (1=yes; 0=no),SG.LEG.SXHR.EM,0.0
"Egypt, Arab Rep.",EGY,1982,There is legislation on sexual harassment in employment (1=yes; 0=no),SG.LEG.SXHR.EM,0.0
"Egypt, Arab Rep.",EGY,1981,There is legislation on sexual harassment in employment (1=yes; 0=no),SG.LEG.SXHR.EM,0.0
"Egypt, Arab Rep.",EGY,1980,There is legislation on sexual harassment in employment (1=yes; 0=no),SG.LEG.SXHR.EM,0.0
"Egypt, Arab Rep.",EGY,1979,There is legislation on sexual harassment in employment (1=yes; 0=no),SG.LEG.SXHR.EM,0.0
"Egypt, Arab Rep.",EGY,1978,There is legislation on sexual harassment in employment (1=yes; 0=no),SG.LEG.SXHR.EM,0.0
"Egypt, Arab Rep.",EGY,1977,There is legislation on sexual harassment in employment (1=yes; 0=no),SG.LEG.SXHR.EM,0.0
"Egypt, Arab Rep.",EGY,1976,There is legislation on sexual harassment in employment (1=yes; 0=no),SG.LEG.SXHR.EM,0.0
"Egypt, Arab Rep.",EGY,1975,There is legislation on sexual harassment in employment (1=yes; 0=no),SG.LEG.SXHR.EM,0.0
"Egypt, Arab Rep.",EGY,1974,There is legislation on sexual harassment in employment (1=yes; 0=no),SG.LEG.SXHR.EM,0.0
"Egypt, Arab Rep.",EGY,1973,There is legislation on sexual harassment in employment (1=yes; 0=no),SG.LEG.SXHR.EM,0.0
"Egypt, Arab Rep.",EGY,1972,There is legislation on sexual harassment in employment (1=yes; 0=no),SG.LEG.SXHR.EM,0.0
"Egypt, Arab Rep.",EGY,1971,There is legislation on sexual harassment in employment (1=yes; 0=no),SG.LEG.SXHR.EM,0.0
"Egypt, Arab Rep.",EGY,1970,There is legislation on sexual harassment in employment (1=yes; 0=no),SG.LEG.SXHR.EM,0.0
"Egypt, Arab Rep.",EGY,2022,A woman can choose where to live in the same way as a man (1=yes; 0=no),SG.LOC.LIVE.EQ,1.0
"Egypt, Arab Rep.",EGY,2021,A woman can choose where to live in the same way as a man (1=yes; 0=no),SG.LOC.LIVE.EQ,1.0
"Egypt, Arab Rep.",EGY,2020,A woman can choose where to live in the same way as a man (1=yes; 0=no),SG.LOC.LIVE.EQ,1.0
"Egypt, Arab Rep.",EGY,2019,A woman can choose where to live in the same way as a man (1=yes; 0=no),SG.LOC.LIVE.EQ,1.0
"Egypt, Arab Rep.",EGY,2018,A woman can choose where to live in the same way as a man (1=yes; 0=no),SG.LOC.LIVE.EQ,1.0
"Egypt, Arab Rep.",EGY,2017,A woman can choose where to live in the same way as a man (1=yes; 0=no),SG.LOC.LIVE.EQ,1.0
"Egypt, Arab Rep.",EGY,2016,A woman can choose where to live in the same way as a man (1=yes; 0=no),SG.LOC.LIVE.EQ,1.0
"Egypt, Arab Rep.",EGY,2015,A woman can choose where to live in the same way as a man (1=yes; 0=no),SG.LOC.LIVE.EQ,1.0
"Egypt, Arab Rep.",EGY,2014,A woman can choose where to live in the same way as a man (1=yes; 0=no),SG.LOC.LIVE.EQ,1.0
"Egypt, Arab Rep.",EGY,2013,A woman can choose where to live in the same way as a man (1=yes; 0=no),SG.LOC.LIVE.EQ,1.0
"Egypt, Arab Rep.",EGY,2012,A woman can choose where to live in the same way as a man (1=yes; 0=no),SG.LOC.LIVE.EQ,1.0
"Egypt, Arab Rep.",EGY,2011,A woman can choose where to live in the same way as a man (1=yes; 0=no),SG.LOC.LIVE.EQ,1.0
"Egypt, Arab Rep.",EGY,2010,A woman can choose where to live in the same way as a man (1=yes; 0=no),SG.LOC.LIVE.EQ,1.0
"Egypt, Arab Rep.",EGY,2009,A woman can choose where to live in the same way as a man (1=yes; 0=no),SG.LOC.LIVE.EQ,1.0
"Egypt, Arab Rep.",EGY,2008,A woman can choose where to live in the same way as a man (1=yes; 0=no),SG.LOC.LIVE.EQ,1.0
"Egypt, Arab Rep.",EGY,2007,A woman can choose where to live in the same way as a man (1=yes; 0=no),SG.LOC.LIVE.EQ,1.0
"Egypt, Arab Rep.",EGY,2006,A woman can choose where to live in the same way as a man (1=yes; 0=no),SG.LOC.LIVE.EQ,1.0
"Egypt, Arab Rep.",EGY,2005,A woman can choose where to live in the same way as a man (1=yes; 0=no),SG.LOC.LIVE.EQ,1.0
"Egypt, Arab Rep.",EGY,2004,A woman can choose where to live in the same way as a man (1=yes; 0=no),SG.LOC.LIVE.EQ,1.0
"Egypt, Arab Rep.",EGY,2003,A woman can choose where to live in the same way as a man (1=yes; 0=no),SG.LOC.LIVE.EQ,1.0
"Egypt, Arab Rep.",EGY,2002,A woman can choose where to live in the same way as a man (1=yes; 0=no),SG.LOC.LIVE.EQ,1.0
"Egypt, Arab Rep.",EGY,2001,A woman can choose where to live in the same way as a man (1=yes; 0=no),SG.LOC.LIVE.EQ,1.0
"Egypt, Arab Rep.",EGY,2000,A woman can choose where to live in the same way as a man (1=yes; 0=no),SG.LOC.LIVE.EQ,0.0
"Egypt, Arab Rep.",EGY,1999,A woman can choose where to live in the same way as a man (1=yes; 0=no),SG.LOC.LIVE.EQ,0.0
"Egypt, Arab Rep.",EGY,1998,A woman can choose where to live in the same way as a man (1=yes; 0=no),SG.LOC.LIVE.EQ,0.0
"Egypt, Arab Rep.",EGY,1997,A woman can choose where to live in the same way as a man (1=yes; 0=no),SG.LOC.LIVE.EQ,0.0
"Egypt, Arab Rep.",EGY,1996,A woman can choose where to live in the same way as a man (1=yes; 0=no),SG.LOC.LIVE.EQ,0.0
"Egypt, Arab Rep.",EGY,1995,A woman can choose where to live in the same way as a man (1=yes; 0=no),SG.LOC.LIVE.EQ,0.0
"Egypt, Arab Rep.",EGY,1994,A woman can choose where to live in the same way as a man (1=yes; 0=no),SG.LOC.LIVE.EQ,0.0
"Egypt, Arab Rep.",EGY,1993,A woman can choose where to live in the same way as a man (1=yes; 0=no),SG.LOC.LIVE.EQ,0.0
"Egypt, Arab Rep.",EGY,1992,A woman can choose where to live in the same way as a man (1=yes; 0=no),SG.LOC.LIVE.EQ,0.0
"Egypt, Arab Rep.",EGY,1991,A woman can choose where to live in the same way as a man (1=yes; 0=no),SG.LOC.LIVE.EQ,0.0
"Egypt, Arab Rep.",EGY,1990,A woman can choose where to live in the same way as a man (1=yes; 0=no),SG.LOC.LIVE.EQ,0.0
"Egypt, Arab Rep.",EGY,1989,A woman can choose where to live in the same way as a man (1=yes; 0=no),SG.LOC.LIVE.EQ,0.0
"Egypt, Arab Rep.",EGY,1988,A woman can choose where to live in the same way as a man (1=yes; 0=no),SG.LOC.LIVE.EQ,0.0
"Egypt, Arab Rep.",EGY,1987,A woman can choose where to live in the same way as a man (1=yes; 0=no),SG.LOC.LIVE.EQ,0.0
"Egypt, Arab Rep.",EGY,1986,A woman can choose where to live in the same way as a man (1=yes; 0=no),SG.LOC.LIVE.EQ,0.0
"Egypt, Arab Rep.",EGY,1985,A woman can choose where to live in the same way as a man (1=yes; 0=no),SG.LOC.LIVE.EQ,0.0
"Egypt, Arab Rep.",EGY,1984,A woman can choose where to live in the same way as a man (1=yes; 0=no),SG.LOC.LIVE.EQ,0.0
"Egypt, Arab Rep.",EGY,1983,A woman can choose where to live in the same way as a man (1=yes; 0=no),SG.LOC.LIVE.EQ,0.0
"Egypt, Arab Rep.",EGY,1982,A woman can choose where to live in the same way as a man (1=yes; 0=no),SG.LOC.LIVE.EQ,0.0
"Egypt, Arab Rep.",EGY,1981,A woman can choose where to live in the same way as a man (1=yes; 0=no),SG.LOC.LIVE.EQ,0.0
"Egypt, Arab Rep.",EGY,1980,A woman can choose where to live in the same way as a man (1=yes; 0=no),SG.LOC.LIVE.EQ,0.0
"Egypt, Arab Rep.",EGY,1979,A woman can choose where to live in the same way as a man (1=yes; 0=no),SG.LOC.LIVE.EQ,0.0
"Egypt, Arab Rep.",EGY,1978,A woman can choose where to live in the same way as a man (1=yes; 0=no),SG.LOC.LIVE.EQ,0.0
"Egypt, Arab Rep.",EGY,1977,A woman can choose where to live in the same way as a man (1=yes; 0=no),SG.LOC.LIVE.EQ,0.0
"Egypt, Arab Rep.",EGY,1976,A woman can choose where to live in the same way as a man (1=yes; 0=no),SG.LOC.LIVE.EQ,0.0
"Egypt, Arab Rep.",EGY,1975,A woman can choose where to live in the same way as a man (1=yes; 0=no),SG.LOC.LIVE.EQ,0.0
"Egypt, Arab Rep.",EGY,1974,A woman can choose where to live in the same way as a man (1=yes; 0=no),SG.LOC.LIVE.EQ,0.0
"Egypt, Arab Rep.",EGY,1973,A woman can choose where to live in the same way as a man (1=yes; 0=no),SG.LOC.LIVE.EQ,0.0
"Egypt, Arab Rep.",EGY,1972,A woman can choose where to live in the same way as a man (1=yes; 0=no),SG.LOC.LIVE.EQ,0.0
"Egypt, Arab Rep.",EGY,1971,A woman can choose where to live in the same way as a man (1=yes; 0=no),SG.LOC.LIVE.EQ,0.0
"Egypt, Arab Rep.",EGY,1970,A woman can choose where to live in the same way as a man (1=yes; 0=no),SG.LOC.LIVE.EQ,0.0
"Egypt, Arab Rep.",EGY,2022,A woman can work at night in the same way as a man (1=yes; 0=no),SG.NGT.WORK.EQ,0.0
"Egypt, Arab Rep.",EGY,2021,A woman can work at night in the same way as a man (1=yes; 0=no),SG.NGT.WORK.EQ,0.0
"Egypt, Arab Rep.",EGY,2020,A woman can work at night in the same way as a man (1=yes; 0=no),SG.NGT.WORK.EQ,0.0
"Egypt, Arab Rep.",EGY,2019,A woman can work at night in the same way as a man (1=yes; 0=no),SG.NGT.WORK.EQ,0.0
"Egypt, Arab Rep.",EGY,2018,A woman can work at night in the same way as a man (1=yes; 0=no),SG.NGT.WORK.EQ,0.0
"Egypt, Arab Rep.",EGY,2017,A woman can work at night in the same way as a man (1=yes; 0=no),SG.NGT.WORK.EQ,0.0
"Egypt, Arab Rep.",EGY,2016,A woman can work at night in the same way as a man (1=yes; 0=no),SG.NGT.WORK.EQ,0.0
"Egypt, Arab Rep.",EGY,2015,A woman can work at night in the same way as a man (1=yes; 0=no),SG.NGT.WORK.EQ,0.0
"Egypt, Arab Rep.",EGY,2014,A woman can work at night in the same way as a man (1=yes; 0=no),SG.NGT.WORK.EQ,0.0
"Egypt, Arab Rep.",EGY,2013,A woman can work at night in the same way as a man (1=yes; 0=no),SG.NGT.WORK.EQ,0.0
"Egypt, Arab Rep.",EGY,2012,A woman can work at night in the same way as a man (1=yes; 0=no),SG.NGT.WORK.EQ,0.0
"Egypt, Arab Rep.",EGY,2011,A woman can work at night in the same way as a man (1=yes; 0=no),SG.NGT.WORK.EQ,0.0
"Egypt, Arab Rep.",EGY,2010,A woman can work at night in the same way as a man (1=yes; 0=no),SG.NGT.WORK.EQ,0.0
"Egypt, Arab Rep.",EGY,2009,A woman can work at night in the same way as a man (1=yes; 0=no),SG.NGT.WORK.EQ,0.0
"Egypt, Arab Rep.",EGY,2008,A woman can work at night in the same way as a man (1=yes; 0=no),SG.NGT.WORK.EQ,0.0
"Egypt, Arab Rep.",EGY,2007,A woman can work at night in the same way as a man (1=yes; 0=no),SG.NGT.WORK.EQ,0.0
"Egypt, Arab Rep.",EGY,2006,A woman can work at night in the same way as a man (1=yes; 0=no),SG.NGT.WORK.EQ,0.0
"Egypt, Arab Rep.",EGY,2005,A woman can work at night in the same way as a man (1=yes; 0=no),SG.NGT.WORK.EQ,0.0
"Egypt, Arab Rep.",EGY,2004,A woman can work at night in the same way as a man (1=yes; 0=no),SG.NGT.WORK.EQ,0.0
"Egypt, Arab Rep.",EGY,2003,A woman can work at night in the same way as a man (1=yes; 0=no),SG.NGT.WORK.EQ,0.0
"Egypt, Arab Rep.",EGY,2002,A woman can work at night in the same way as a man (1=yes; 0=no),SG.NGT.WORK.EQ,0.0
"Egypt, Arab Rep.",EGY,2001,A woman can work at night in the same way as a man (1=yes; 0=no),SG.NGT.WORK.EQ,0.0
"Egypt, Arab Rep.",EGY,2000,A woman can work at night in the same way as a man (1=yes; 0=no),SG.NGT.WORK.EQ,0.0
"Egypt, Arab Rep.",EGY,1999,A woman can work at night in the same way as a man (1=yes; 0=no),SG.NGT.WORK.EQ,0.0
"Egypt, Arab Rep.",EGY,1998,A woman can work at night in the same way as a man (1=yes; 0=no),SG.NGT.WORK.EQ,0.0
"Egypt, Arab Rep.",EGY,1997,A woman can work at night in the same way as a man (1=yes; 0=no),SG.NGT.WORK.EQ,0.0
"Egypt, Arab Rep.",EGY,1996,A woman can work at night in the same way as a man (1=yes; 0=no),SG.NGT.WORK.EQ,0.0
"Egypt, Arab Rep.",EGY,1995,A woman can work at night in the same way as a man (1=yes; 0=no),SG.NGT.WORK.EQ,0.0
"Egypt, Arab Rep.",EGY,1994,A woman can work at night in the same way as a man (1=yes; 0=no),SG.NGT.WORK.EQ,0.0
"Egypt, Arab Rep.",EGY,1993,A woman can work at night in the same way as a man (1=yes; 0=no),SG.NGT.WORK.EQ,0.0
"Egypt, Arab Rep.",EGY,1992,A woman can work at night in the same way as a man (1=yes; 0=no),SG.NGT.WORK.EQ,0.0
"Egypt, Arab Rep.",EGY,1991,A woman can work at night in the same way as a man (1=yes; 0=no),SG.NGT.WORK.EQ,0.0
"Egypt, Arab Rep.",EGY,1990,A woman can work at night in the same way as a man (1=yes; 0=no),SG.NGT.WORK.EQ,0.0
"Egypt, Arab Rep.",EGY,1989,A woman can work at night in the same way as a man (1=yes; 0=no),SG.NGT.WORK.EQ,0.0
"Egypt, Arab Rep.",EGY,1988,A woman can work at night in the same way as a man (1=yes; 0=no),SG.NGT.WORK.EQ,0.0
"Egypt, Arab Rep.",EGY,1987,A woman can work at night in the same way as a man (1=yes; 0=no),SG.NGT.WORK.EQ,0.0
"Egypt, Arab Rep.",EGY,1986,A woman can work at night in the same way as a man (1=yes; 0=no),SG.NGT.WORK.EQ,0.0
"Egypt, Arab Rep.",EGY,1985,A woman can work at night in the same way as a man (1=yes; 0=no),SG.NGT.WORK.EQ,0.0
"Egypt, Arab Rep.",EGY,1984,A woman can work at night in the same way as a man (1=yes; 0=no),SG.NGT.WORK.EQ,0.0
"Egypt, Arab Rep.",EGY,1983,A woman can work at night in the same way as a man (1=yes; 0=no),SG.NGT.WORK.EQ,0.0
"Egypt, Arab Rep.",EGY,1982,A woman can work at night in the same way as a man (1=yes; 0=no),SG.NGT.WORK.EQ,0.0
"Egypt, Arab Rep.",EGY,1981,A woman can work at night in the same way as a man (1=yes; 0=no),SG.NGT.WORK.EQ,0.0
"Egypt, Arab Rep.",EGY,1980,A woman can work at night in the same way as a man (1=yes; 0=no),SG.NGT.WORK.EQ,0.0
"Egypt, Arab Rep.",EGY,1979,A woman can work at night in the same way as a man (1=yes; 0=no),SG.NGT.WORK.EQ,0.0
"Egypt, Arab Rep.",EGY,1978,A woman can work at night in the same way as a man (1=yes; 0=no),SG.NGT.WORK.EQ,0.0
"Egypt, Arab Rep.",EGY,1977,A woman can work at night in the same way as a man (1=yes; 0=no),SG.NGT.WORK.EQ,0.0
"Egypt, Arab Rep.",EGY,1976,A woman can work at night in the same way as a man (1=yes; 0=no),SG.NGT.WORK.EQ,0.0
"Egypt, Arab Rep.",EGY,1975,A woman can work at night in the same way as a man (1=yes; 0=no),SG.NGT.WORK.EQ,0.0
"Egypt, Arab Rep.",EGY,1974,A woman can work at night in the same way as a man (1=yes; 0=no),SG.NGT.WORK.EQ,0.0
"Egypt, Arab Rep.",EGY,1973,A woman can work at night in the same way as a man (1=yes; 0=no),SG.NGT.WORK.EQ,0.0
"Egypt, Arab Rep.",EGY,1972,A woman can work at night in the same way as a man (1=yes; 0=no),SG.NGT.WORK.EQ,0.0
"Egypt, Arab Rep.",EGY,1971,A woman can work at night in the same way as a man (1=yes; 0=no),SG.NGT.WORK.EQ,0.0
"Egypt, Arab Rep.",EGY,1970,A woman can work at night in the same way as a man (1=yes; 0=no),SG.NGT.WORK.EQ,0.0
"Egypt, Arab Rep.",EGY,2022,A woman can obtain a judgment of divorce in the same way as a man (1=yes; 0=no),SG.OBT.DVRC.EQ,0.0
"Egypt, Arab Rep.",EGY,2021,A woman can obtain a judgment of divorce in the same way as a man (1=yes; 0=no),SG.OBT.DVRC.EQ,0.0
"Egypt, Arab Rep.",EGY,2020,A woman can obtain a judgment of divorce in the same way as a man (1=yes; 0=no),SG.OBT.DVRC.EQ,0.0
"Egypt, Arab Rep.",EGY,2019,A woman can obtain a judgment of divorce in the same way as a man (1=yes; 0=no),SG.OBT.DVRC.EQ,0.0
"Egypt, Arab Rep.",EGY,2018,A woman can obtain a judgment of divorce in the same way as a man (1=yes; 0=no),SG.OBT.DVRC.EQ,0.0
"Egypt, Arab Rep.",EGY,2017,A woman can obtain a judgment of divorce in the same way as a man (1=yes; 0=no),SG.OBT.DVRC.EQ,0.0
"Egypt, Arab Rep.",EGY,2016,A woman can obtain a judgment of divorce in the same way as a man (1=yes; 0=no),SG.OBT.DVRC.EQ,0.0
"Egypt, Arab Rep.",EGY,2015,A woman can obtain a judgment of divorce in the same way as a man (1=yes; 0=no),SG.OBT.DVRC.EQ,0.0
"Egypt, Arab Rep.",EGY,2014,A woman can obtain a judgment of divorce in the same way as a man (1=yes; 0=no),SG.OBT.DVRC.EQ,0.0
"Egypt, Arab Rep.",EGY,2013,A woman can obtain a judgment of divorce in the same way as a man (1=yes; 0=no),SG.OBT.DVRC.EQ,0.0
"Egypt, Arab Rep.",EGY,2012,A woman can obtain a judgment of divorce in the same way as a man (1=yes; 0=no),SG.OBT.DVRC.EQ,0.0
"Egypt, Arab Rep.",EGY,2011,A woman can obtain a judgment of divorce in the same way as a man (1=yes; 0=no),SG.OBT.DVRC.EQ,0.0
"Egypt, Arab Rep.",EGY,2010,A woman can obtain a judgment of divorce in the same way as a man (1=yes; 0=no),SG.OBT.DVRC.EQ,0.0
"Egypt, Arab Rep.",EGY,2009,A woman can obtain a judgment of divorce in the same way as a man (1=yes; 0=no),SG.OBT.DVRC.EQ,0.0
"Egypt, Arab Rep.",EGY,2008,A woman can obtain a judgment of divorce in the same way as a man (1=yes; 0=no),SG.OBT.DVRC.EQ,0.0
"Egypt, Arab Rep.",EGY,2007,A woman can obtain a judgment of divorce in the same way as a man (1=yes; 0=no),SG.OBT.DVRC.EQ,0.0
"Egypt, Arab Rep.",EGY,2006,A woman can obtain a judgment of divorce in the same way as a man (1=yes; 0=no),SG.OBT.DVRC.EQ,0.0
"Egypt, Arab Rep.",EGY,2005,A woman can obtain a judgment of divorce in the same way as a man (1=yes; 0=no),SG.OBT.DVRC.EQ,0.0
"Egypt, Arab Rep.",EGY,2004,A woman can obtain a judgment of divorce in the same way as a man (1=yes; 0=no),SG.OBT.DVRC.EQ,0.0
"Egypt, Arab Rep.",EGY,2003,A woman can obtain a judgment of divorce in the same way as a man (1=yes; 0=no),SG.OBT.DVRC.EQ,0.0
"Egypt, Arab Rep.",EGY,2002,A woman can obtain a judgment of divorce in the same way as a man (1=yes; 0=no),SG.OBT.DVRC.EQ,0.0
"Egypt, Arab Rep.",EGY,2001,A woman can obtain a judgment of divorce in the same way as a man (1=yes; 0=no),SG.OBT.DVRC.EQ,0.0
"Egypt, Arab Rep.",EGY,2000,A woman can obtain a judgment of divorce in the same way as a man (1=yes; 0=no),SG.OBT.DVRC.EQ,0.0
"Egypt, Arab Rep.",EGY,1999,A woman can obtain a judgment of divorce in the same way as a man (1=yes; 0=no),SG.OBT.DVRC.EQ,0.0
"Egypt, Arab Rep.",EGY,1998,A woman can obtain a judgment of divorce in the same way as a man (1=yes; 0=no),SG.OBT.DVRC.EQ,0.0
"Egypt, Arab Rep.",EGY,1997,A woman can obtain a judgment of divorce in the same way as a man (1=yes; 0=no),SG.OBT.DVRC.EQ,0.0
"Egypt, Arab Rep.",EGY,1996,A woman can obtain a judgment of divorce in the same way as a man (1=yes; 0=no),SG.OBT.DVRC.EQ,0.0
"Egypt, Arab Rep.",EGY,1995,A woman can obtain a judgment of divorce in the same way as a man (1=yes; 0=no),SG.OBT.DVRC.EQ,0.0
"Egypt, Arab Rep.",EGY,1994,A woman can obtain a judgment of divorce in the same way as a man (1=yes; 0=no),SG.OBT.DVRC.EQ,0.0
"Egypt, Arab Rep.",EGY,1993,A woman can obtain a judgment of divorce in the same way as a man (1=yes; 0=no),SG.OBT.DVRC.EQ,0.0
"Egypt, Arab Rep.",EGY,1992,A woman can obtain a judgment of divorce in the same way as a man (1=yes; 0=no),SG.OBT.DVRC.EQ,0.0
"Egypt, Arab Rep.",EGY,1991,A woman can obtain a judgment of divorce in the same way as a man (1=yes; 0=no),SG.OBT.DVRC.EQ,0.0
"Egypt, Arab Rep.",EGY,1990,A woman can obtain a judgment of divorce in the same way as a man (1=yes; 0=no),SG.OBT.DVRC.EQ,0.0
"Egypt, Arab Rep.",EGY,1989,A woman can obtain a judgment of divorce in the same way as a man (1=yes; 0=no),SG.OBT.DVRC.EQ,0.0
"Egypt, Arab Rep.",EGY,1988,A woman can obtain a judgment of divorce in the same way as a man (1=yes; 0=no),SG.OBT.DVRC.EQ,0.0
"Egypt, Arab Rep.",EGY,1987,A woman can obtain a judgment of divorce in the same way as a man (1=yes; 0=no),SG.OBT.DVRC.EQ,0.0
"Egypt, Arab Rep.",EGY,1986,A woman can obtain a judgment of divorce in the same way as a man (1=yes; 0=no),SG.OBT.DVRC.EQ,0.0
"Egypt, Arab Rep.",EGY,1985,A woman can obtain a judgment of divorce in the same way as a man (1=yes; 0=no),SG.OBT.DVRC.EQ,0.0
"Egypt, Arab Rep.",EGY,1984,A woman can obtain a judgment of divorce in the same way as a man (1=yes; 0=no),SG.OBT.DVRC.EQ,0.0
"Egypt, Arab Rep.",EGY,1983,A woman can obtain a judgment of divorce in the same way as a man (1=yes; 0=no),SG.OBT.DVRC.EQ,0.0
"Egypt, Arab Rep.",EGY,1982,A woman can obtain a judgment of divorce in the same way as a man (1=yes; 0=no),SG.OBT.DVRC.EQ,0.0
"Egypt, Arab Rep.",EGY,1981,A woman can obtain a judgment of divorce in the same way as a man (1=yes; 0=no),SG.OBT.DVRC.EQ,0.0
"Egypt, Arab Rep.",EGY,1980,A woman can obtain a judgment of divorce in the same way as a man (1=yes; 0=no),SG.OBT.DVRC.EQ,0.0
"Egypt, Arab Rep.",EGY,1979,A woman can obtain a judgment of divorce in the same way as a man (1=yes; 0=no),SG.OBT.DVRC.EQ,0.0
"Egypt, Arab Rep.",EGY,1978,A woman can obtain a judgment of divorce in the same way as a man (1=yes; 0=no),SG.OBT.DVRC.EQ,0.0
"Egypt, Arab Rep.",EGY,1977,A woman can obtain a judgment of divorce in the same way as a man (1=yes; 0=no),SG.OBT.DVRC.EQ,0.0
"Egypt, Arab Rep.",EGY,1976,A woman can obtain a judgment of divorce in the same way as a man (1=yes; 0=no),SG.OBT.DVRC.EQ,0.0
"Egypt, Arab Rep.",EGY,1975,A woman can obtain a judgment of divorce in the same way as a man (1=yes; 0=no),SG.OBT.DVRC.EQ,0.0
"Egypt, Arab Rep.",EGY,1974,A woman can obtain a judgment of divorce in the same way as a man (1=yes; 0=no),SG.OBT.DVRC.EQ,0.0
"Egypt, Arab Rep.",EGY,1973,A woman can obtain a judgment of divorce in the same way as a man (1=yes; 0=no),SG.OBT.DVRC.EQ,0.0
"Egypt, Arab Rep.",EGY,1972,A woman can obtain a judgment of divorce in the same way as a man (1=yes; 0=no),SG.OBT.DVRC.EQ,0.0
"Egypt, Arab Rep.",EGY,1971,A woman can obtain a judgment of divorce in the same way as a man (1=yes; 0=no),SG.OBT.DVRC.EQ,0.0
"Egypt, Arab Rep.",EGY,1970,A woman can obtain a judgment of divorce in the same way as a man (1=yes; 0=no),SG.OBT.DVRC.EQ,0.0
"Egypt, Arab Rep.",EGY,2022,A woman can open a bank account in the same way as a man (1=yes; 0=no),SG.OPN.BANK.EQ,1.0
"Egypt, Arab Rep.",EGY,2021,A woman can open a bank account in the same way as a man (1=yes; 0=no),SG.OPN.BANK.EQ,1.0
"Egypt, Arab Rep.",EGY,2020,A woman can open a bank account in the same way as a man (1=yes; 0=no),SG.OPN.BANK.EQ,1.0
"Egypt, Arab Rep.",EGY,2019,A woman can open a bank account in the same way as a man (1=yes; 0=no),SG.OPN.BANK.EQ,1.0
"Egypt, Arab Rep.",EGY,2018,A woman can open a bank account in the same way as a man (1=yes; 0=no),SG.OPN.BANK.EQ,1.0
"Egypt, Arab Rep.",EGY,2017,A woman can open a bank account in the same way as a man (1=yes; 0=no),SG.OPN.BANK.EQ,1.0
"Egypt, Arab Rep.",EGY,2016,A woman can open a bank account in the same way as a man (1=yes; 0=no),SG.OPN.BANK.EQ,1.0
"Egypt, Arab Rep.",EGY,2015,A woman can open a bank account in the same way as a man (1=yes; 0=no),SG.OPN.BANK.EQ,1.0
"Egypt, Arab Rep.",EGY,2014,A woman can open a bank account in the same way as a man (1=yes; 0=no),SG.OPN.BANK.EQ,1.0
"Egypt, Arab Rep.",EGY,2013,A woman can open a bank account in the same way as a man (1=yes; 0=no),SG.OPN.BANK.EQ,1.0
"Egypt, Arab Rep.",EGY,2012,A woman can open a bank account in the same way as a man (1=yes; 0=no),SG.OPN.BANK.EQ,1.0
"Egypt, Arab Rep.",EGY,2011,A woman can open a bank account in the same way as a man (1=yes; 0=no),SG.OPN.BANK.EQ,1.0
"Egypt, Arab Rep.",EGY,2010,A woman can open a bank account in the same way as a man (1=yes; 0=no),SG.OPN.BANK.EQ,1.0
"Egypt, Arab Rep.",EGY,2009,A woman can open a bank account in the same way as a man (1=yes; 0=no),SG.OPN.BANK.EQ,1.0
"Egypt, Arab Rep.",EGY,2008,A woman can open a bank account in the same way as a man (1=yes; 0=no),SG.OPN.BANK.EQ,1.0
"Egypt, Arab Rep.",EGY,2007,A woman can open a bank account in the same way as a man (1=yes; 0=no),SG.OPN.BANK.EQ,1.0
"Egypt, Arab Rep.",EGY,2006,A woman can open a bank account in the same way as a man (1=yes; 0=no),SG.OPN.BANK.EQ,1.0
"Egypt, Arab Rep.",EGY,2005,A woman can open a bank account in the same way as a man (1=yes; 0=no),SG.OPN.BANK.EQ,1.0
"Egypt, Arab Rep.",EGY,2004,A woman can open a bank account in the same way as a man (1=yes; 0=no),SG.OPN.BANK.EQ,1.0
"Egypt, Arab Rep.",EGY,2003,A woman can open a bank account in the same way as a man (1=yes; 0=no),SG.OPN.BANK.EQ,1.0
"Egypt, Arab Rep.",EGY,2002,A woman can open a bank account in the same way as a man (1=yes; 0=no),SG.OPN.BANK.EQ,1.0
"Egypt, Arab Rep.",EGY,2001,A woman can open a bank account in the same way as a man (1=yes; 0=no),SG.OPN.BANK.EQ,1.0
"Egypt, Arab Rep.",EGY,2000,A woman can open a bank account in the same way as a man (1=yes; 0=no),SG.OPN.BANK.EQ,1.0
"Egypt, Arab Rep.",EGY,1999,A woman can open a bank account in the same way as a man (1=yes; 0=no),SG.OPN.BANK.EQ,1.0
"Egypt, Arab Rep.",EGY,1998,A woman can open a bank account in the same way as a man (1=yes; 0=no),SG.OPN.BANK.EQ,1.0
"Egypt, Arab Rep.",EGY,1997,A woman can open a bank account in the same way as a man (1=yes; 0=no),SG.OPN.BANK.EQ,1.0
"Egypt, Arab Rep.",EGY,1996,A woman can open a bank account in the same way as a man (1=yes; 0=no),SG.OPN.BANK.EQ,1.0
"Egypt, Arab Rep.",EGY,1995,A woman can open a bank account in the same way as a man (1=yes; 0=no),SG.OPN.BANK.EQ,1.0
"Egypt, Arab Rep.",EGY,1994,A woman can open a bank account in the same way as a man (1=yes; 0=no),SG.OPN.BANK.EQ,1.0
"Egypt, Arab Rep.",EGY,1993,A woman can open a bank account in the same way as a man (1=yes; 0=no),SG.OPN.BANK.EQ,1.0
"Egypt, Arab Rep.",EGY,1992,A woman can open a bank account in the same way as a man (1=yes; 0=no),SG.OPN.BANK.EQ,1.0
"Egypt, Arab Rep.",EGY,1991,A woman can open a bank account in the same way as a man (1=yes; 0=no),SG.OPN.BANK.EQ,1.0
"Egypt, Arab Rep.",EGY,1990,A woman can open a bank account in the same way as a man (1=yes; 0=no),SG.OPN.BANK.EQ,1.0
"Egypt, Arab Rep.",EGY,1989,A woman can open a bank account in the same way as a man (1=yes; 0=no),SG.OPN.BANK.EQ,1.0
"Egypt, Arab Rep.",EGY,1988,A woman can open a bank account in the same way as a man (1=yes; 0=no),SG.OPN.BANK.EQ,1.0
"Egypt, Arab Rep.",EGY,1987,A woman can open a bank account in the same way as a man (1=yes; 0=no),SG.OPN.BANK.EQ,1.0
"Egypt, Arab Rep.",EGY,1986,A woman can open a bank account in the same way as a man (1=yes; 0=no),SG.OPN.BANK.EQ,1.0
"Egypt, Arab Rep.",EGY,1985,A woman can open a bank account in the same way as a man (1=yes; 0=no),SG.OPN.BANK.EQ,1.0
"Egypt, Arab Rep.",EGY,1984,A woman can open a bank account in the same way as a man (1=yes; 0=no),SG.OPN.BANK.EQ,1.0
"Egypt, Arab Rep.",EGY,1983,A woman can open a bank account in the same way as a man (1=yes; 0=no),SG.OPN.BANK.EQ,1.0
"Egypt, Arab Rep.",EGY,1982,A woman can open a bank account in the same way as a man (1=yes; 0=no),SG.OPN.BANK.EQ,1.0
"Egypt, Arab Rep.",EGY,1981,A woman can open a bank account in the same way as a man (1=yes; 0=no),SG.OPN.BANK.EQ,1.0
"Egypt, Arab Rep.",EGY,1980,A woman can open a bank account in the same way as a man (1=yes; 0=no),SG.OPN.BANK.EQ,1.0
"Egypt, Arab Rep.",EGY,1979,A woman can open a bank account in the same way as a man (1=yes; 0=no),SG.OPN.BANK.EQ,1.0
"Egypt, Arab Rep.",EGY,1978,A woman can open a bank account in the same way as a man (1=yes; 0=no),SG.OPN.BANK.EQ,1.0
"Egypt, Arab Rep.",EGY,1977,A woman can open a bank account in the same way as a man (1=yes; 0=no),SG.OPN.BANK.EQ,1.0
"Egypt, Arab Rep.",EGY,1976,A woman can open a bank account in the same way as a man (1=yes; 0=no),SG.OPN.BANK.EQ,1.0
"Egypt, Arab Rep.",EGY,1975,A woman can open a bank account in the same way as a man (1=yes; 0=no),SG.OPN.BANK.EQ,1.0
"Egypt, Arab Rep.",EGY,1974,A woman can open a bank account in the same way as a man (1=yes; 0=no),SG.OPN.BANK.EQ,1.0
"Egypt, Arab Rep.",EGY,1973,A woman can open a bank account in the same way as a man (1=yes; 0=no),SG.OPN.BANK.EQ,1.0
"Egypt, Arab Rep.",EGY,1972,A woman can open a bank account in the same way as a man (1=yes; 0=no),SG.OPN.BANK.EQ,1.0
"Egypt, Arab Rep.",EGY,1971,A woman can open a bank account in the same way as a man (1=yes; 0=no),SG.OPN.BANK.EQ,1.0
"Egypt, Arab Rep.",EGY,1970,A woman can open a bank account in the same way as a man (1=yes; 0=no),SG.OPN.BANK.EQ,1.0
"Egypt, Arab Rep.",EGY,2022,Men and women have equal ownership rights to immovable property (1=yes; 0=no),SG.OWN.PRRT.IM,1.0
"Egypt, Arab Rep.",EGY,2021,Men and women have equal ownership rights to immovable property (1=yes; 0=no),SG.OWN.PRRT.IM,1.0
"Egypt, Arab Rep.",EGY,2020,Men and women have equal ownership rights to immovable property (1=yes; 0=no),SG.OWN.PRRT.IM,1.0
"Egypt, Arab Rep.",EGY,2019,Men and women have equal ownership rights to immovable property (1=yes; 0=no),SG.OWN.PRRT.IM,1.0
"Egypt, Arab Rep.",EGY,2018,Men and women have equal ownership rights to immovable property (1=yes; 0=no),SG.OWN.PRRT.IM,1.0
"Egypt, Arab Rep.",EGY,2017,Men and women have equal ownership rights to immovable property (1=yes; 0=no),SG.OWN.PRRT.IM,1.0
"Egypt, Arab Rep.",EGY,2016,Men and women have equal ownership rights to immovable property (1=yes; 0=no),SG.OWN.PRRT.IM,1.0
"Egypt, Arab Rep.",EGY,2015,Men and women have equal ownership rights to immovable property (1=yes; 0=no),SG.OWN.PRRT.IM,1.0
"Egypt, Arab Rep.",EGY,2014,Men and women have equal ownership rights to immovable property (1=yes; 0=no),SG.OWN.PRRT.IM,1.0
"Egypt, Arab Rep.",EGY,2013,Men and women have equal ownership rights to immovable property (1=yes; 0=no),SG.OWN.PRRT.IM,1.0
"Egypt, Arab Rep.",EGY,2012,Men and women have equal ownership rights to immovable property (1=yes; 0=no),SG.OWN.PRRT.IM,1.0
"Egypt, Arab Rep.",EGY,2011,Men and women have equal ownership rights to immovable property (1=yes; 0=no),SG.OWN.PRRT.IM,1.0
"Egypt, Arab Rep.",EGY,2010,Men and women have equal ownership rights to immovable property (1=yes; 0=no),SG.OWN.PRRT.IM,1.0
"Egypt, Arab Rep.",EGY,2009,Men and women have equal ownership rights to immovable property (1=yes; 0=no),SG.OWN.PRRT.IM,1.0
"Egypt, Arab Rep.",EGY,2008,Men and women have equal ownership rights to immovable property (1=yes; 0=no),SG.OWN.PRRT.IM,1.0
"Egypt, Arab Rep.",EGY,2007,Men and women have equal ownership rights to immovable property (1=yes; 0=no),SG.OWN.PRRT.IM,1.0
"Egypt, Arab Rep.",EGY,2006,Men and women have equal ownership rights to immovable property (1=yes; 0=no),SG.OWN.PRRT.IM,1.0
"Egypt, Arab Rep.",EGY,2005,Men and women have equal ownership rights to immovable property (1=yes; 0=no),SG.OWN.PRRT.IM,1.0
"Egypt, Arab Rep.",EGY,2004,Men and women have equal ownership rights to immovable property (1=yes; 0=no),SG.OWN.PRRT.IM,1.0
"Egypt, Arab Rep.",EGY,2003,Men and women have equal ownership rights to immovable property (1=yes; 0=no),SG.OWN.PRRT.IM,1.0
"Egypt, Arab Rep.",EGY,2002,Men and women have equal ownership rights to immovable property (1=yes; 0=no),SG.OWN.PRRT.IM,1.0
"Egypt, Arab Rep.",EGY,2001,Men and women have equal ownership rights to immovable property (1=yes; 0=no),SG.OWN.PRRT.IM,1.0
"Egypt, Arab Rep.",EGY,2000,Men and women have equal ownership rights to immovable property (1=yes; 0=no),SG.OWN.PRRT.IM,1.0
"Egypt, Arab Rep.",EGY,1999,Men and women have equal ownership rights to immovable property (1=yes; 0=no),SG.OWN.PRRT.IM,1.0
"Egypt, Arab Rep.",EGY,1998,Men and women have equal ownership rights to immovable property (1=yes; 0=no),SG.OWN.PRRT.IM,1.0
"Egypt, Arab Rep.",EGY,1997,Men and women have equal ownership rights to immovable property (1=yes; 0=no),SG.OWN.PRRT.IM,1.0
"Egypt, Arab Rep.",EGY,1996,Men and women have equal ownership rights to immovable property (1=yes; 0=no),SG.OWN.PRRT.IM,1.0
"Egypt, Arab Rep.",EGY,1995,Men and women have equal ownership rights to immovable property (1=yes; 0=no),SG.OWN.PRRT.IM,1.0
"Egypt, Arab Rep.",EGY,1994,Men and women have equal ownership rights to immovable property (1=yes; 0=no),SG.OWN.PRRT.IM,1.0
"Egypt, Arab Rep.",EGY,1993,Men and women have equal ownership rights to immovable property (1=yes; 0=no),SG.OWN.PRRT.IM,1.0
"Egypt, Arab Rep.",EGY,1992,Men and women have equal ownership rights to immovable property (1=yes; 0=no),SG.OWN.PRRT.IM,1.0
"Egypt, Arab Rep.",EGY,1991,Men and women have equal ownership rights to immovable property (1=yes; 0=no),SG.OWN.PRRT.IM,1.0
"Egypt, Arab Rep.",EGY,1990,Men and women have equal ownership rights to immovable property (1=yes; 0=no),SG.OWN.PRRT.IM,1.0
"Egypt, Arab Rep.",EGY,1989,Men and women have equal ownership rights to immovable property (1=yes; 0=no),SG.OWN.PRRT.IM,1.0
"Egypt, Arab Rep.",EGY,1988,Men and women have equal ownership rights to immovable property (1=yes; 0=no),SG.OWN.PRRT.IM,1.0
"Egypt, Arab Rep.",EGY,1987,Men and women have equal ownership rights to immovable property (1=yes; 0=no),SG.OWN.PRRT.IM,1.0
"Egypt, Arab Rep.",EGY,1986,Men and women have equal ownership rights to immovable property (1=yes; 0=no),SG.OWN.PRRT.IM,1.0
"Egypt, Arab Rep.",EGY,1985,Men and women have equal ownership rights to immovable property (1=yes; 0=no),SG.OWN.PRRT.IM,1.0
"Egypt, Arab Rep.",EGY,1984,Men and women have equal ownership rights to immovable property (1=yes; 0=no),SG.OWN.PRRT.IM,1.0
"Egypt, Arab Rep.",EGY,1983,Men and women have equal ownership rights to immovable property (1=yes; 0=no),SG.OWN.PRRT.IM,1.0
"Egypt, Arab Rep.",EGY,1982,Men and women have equal ownership rights to immovable property (1=yes; 0=no),SG.OWN.PRRT.IM,1.0
"Egypt, Arab Rep.",EGY,1981,Men and women have equal ownership rights to immovable property (1=yes; 0=no),SG.OWN.PRRT.IM,1.0
"Egypt, Arab Rep.",EGY,1980,Men and women have equal ownership rights to immovable property (1=yes; 0=no),SG.OWN.PRRT.IM,1.0
"Egypt, Arab Rep.",EGY,1979,Men and women have equal ownership rights to immovable property (1=yes; 0=no),SG.OWN.PRRT.IM,1.0
"Egypt, Arab Rep.",EGY,1978,Men and women have equal ownership rights to immovable property (1=yes; 0=no),SG.OWN.PRRT.IM,1.0
"Egypt, Arab Rep.",EGY,1977,Men and women have equal ownership rights to immovable property (1=yes; 0=no),SG.OWN.PRRT.IM,1.0
"Egypt, Arab Rep.",EGY,1976,Men and women have equal ownership rights to immovable property (1=yes; 0=no),SG.OWN.PRRT.IM,1.0
"Egypt, Arab Rep.",EGY,1975,Men and women have equal ownership rights to immovable property (1=yes; 0=no),SG.OWN.PRRT.IM,1.0
"Egypt, Arab Rep.",EGY,1974,Men and women have equal ownership rights to immovable property (1=yes; 0=no),SG.OWN.PRRT.IM,1.0
"Egypt, Arab Rep.",EGY,1973,Men and women have equal ownership rights to immovable property (1=yes; 0=no),SG.OWN.PRRT.IM,1.0
"Egypt, Arab Rep.",EGY,1972,Men and women have equal ownership rights to immovable property (1=yes; 0=no),SG.OWN.PRRT.IM,1.0
"Egypt, Arab Rep.",EGY,1971,Men and women have equal ownership rights to immovable property (1=yes; 0=no),SG.OWN.PRRT.IM,1.0
"Egypt, Arab Rep.",EGY,1970,Men and women have equal ownership rights to immovable property (1=yes; 0=no),SG.OWN.PRRT.IM,1.0
"Egypt, Arab Rep.",EGY,2022,Criminal penalties or civil remedies exist for sexual harassment in employment (1=yes; 0=no),SG.PEN.SXHR.EM,1.0
"Egypt, Arab Rep.",EGY,2021,Criminal penalties or civil remedies exist for sexual harassment in employment (1=yes; 0=no),SG.PEN.SXHR.EM,1.0
"Egypt, Arab Rep.",EGY,2020,Criminal penalties or civil remedies exist for sexual harassment in employment (1=yes; 0=no),SG.PEN.SXHR.EM,1.0
"Egypt, Arab Rep.",EGY,2019,Criminal penalties or civil remedies exist for sexual harassment in employment (1=yes; 0=no),SG.PEN.SXHR.EM,1.0
"Egypt, Arab Rep.",EGY,2018,Criminal penalties or civil remedies exist for sexual harassment in employment (1=yes; 0=no),SG.PEN.SXHR.EM,1.0
"Egypt, Arab Rep.",EGY,2017,Criminal penalties or civil remedies exist for sexual harassment in employment (1=yes; 0=no),SG.PEN.SXHR.EM,1.0
"Egypt, Arab Rep.",EGY,2016,Criminal penalties or civil remedies exist for sexual harassment in employment (1=yes; 0=no),SG.PEN.SXHR.EM,1.0
"Egypt, Arab Rep.",EGY,2015,Criminal penalties or civil remedies exist for sexual harassment in employment (1=yes; 0=no),SG.PEN.SXHR.EM,1.0
"Egypt, Arab Rep.",EGY,2014,Criminal penalties or civil remedies exist for sexual harassment in employment (1=yes; 0=no),SG.PEN.SXHR.EM,0.0
"Egypt, Arab Rep.",EGY,2013,Criminal penalties or civil remedies exist for sexual harassment in employment (1=yes; 0=no),SG.PEN.SXHR.EM,0.0
"Egypt, Arab Rep.",EGY,2012,Criminal penalties or civil remedies exist for sexual harassment in employment (1=yes; 0=no),SG.PEN.SXHR.EM,0.0
"Egypt, Arab Rep.",EGY,2011,Criminal penalties or civil remedies exist for sexual harassment in employment (1=yes; 0=no),SG.PEN.SXHR.EM,0.0
"Egypt, Arab Rep.",EGY,2010,Criminal penalties or civil remedies exist for sexual harassment in employment (1=yes; 0=no),SG.PEN.SXHR.EM,0.0
"Egypt, Arab Rep.",EGY,2009,Criminal penalties or civil remedies exist for sexual harassment in employment (1=yes; 0=no),SG.PEN.SXHR.EM,0.0
"Egypt, Arab Rep.",EGY,2008,Criminal penalties or civil remedies exist for sexual harassment in employment (1=yes; 0=no),SG.PEN.SXHR.EM,0.0
"Egypt, Arab Rep.",EGY,2007,Criminal penalties or civil remedies exist for sexual harassment in employment (1=yes; 0=no),SG.PEN.SXHR.EM,0.0
"Egypt, Arab Rep.",EGY,2006,Criminal penalties or civil remedies exist for sexual harassment in employment (1=yes; 0=no),SG.PEN.SXHR.EM,0.0
"Egypt, Arab Rep.",EGY,2005,Criminal penalties or civil remedies exist for sexual harassment in employment (1=yes; 0=no),SG.PEN.SXHR.EM,0.0
"Egypt, Arab Rep.",EGY,2004,Criminal penalties or civil remedies exist for sexual harassment in employment (1=yes; 0=no),SG.PEN.SXHR.EM,0.0
"Egypt, Arab Rep.",EGY,2003,Criminal penalties or civil remedies exist for sexual harassment in employment (1=yes; 0=no),SG.PEN.SXHR.EM,0.0
"Egypt, Arab Rep.",EGY,2002,Criminal penalties or civil remedies exist for sexual harassment in employment (1=yes; 0=no),SG.PEN.SXHR.EM,0.0
"Egypt, Arab Rep.",EGY,2001,Criminal penalties or civil remedies exist for sexual harassment in employment (1=yes; 0=no),SG.PEN.SXHR.EM,0.0
"Egypt, Arab Rep.",EGY,2000,Criminal penalties or civil remedies exist for sexual harassment in employment (1=yes; 0=no),SG.PEN.SXHR.EM,0.0
"Egypt, Arab Rep.",EGY,1999,Criminal penalties or civil remedies exist for sexual harassment in employment (1=yes; 0=no),SG.PEN.SXHR.EM,0.0
"Egypt, Arab Rep.",EGY,1998,Criminal penalties or civil remedies exist for sexual harassment in employment (1=yes; 0=no),SG.PEN.SXHR.EM,0.0
"Egypt, Arab Rep.",EGY,1997,Criminal penalties or civil remedies exist for sexual harassment in employment (1=yes; 0=no),SG.PEN.SXHR.EM,0.0
"Egypt, Arab Rep.",EGY,1996,Criminal penalties or civil remedies exist for sexual harassment in employment (1=yes; 0=no),SG.PEN.SXHR.EM,0.0
"Egypt, Arab Rep.",EGY,1995,Criminal penalties or civil remedies exist for sexual harassment in employment (1=yes; 0=no),SG.PEN.SXHR.EM,0.0
"Egypt, Arab Rep.",EGY,1994,Criminal penalties or civil remedies exist for sexual harassment in employment (1=yes; 0=no),SG.PEN.SXHR.EM,0.0
"Egypt, Arab Rep.",EGY,1993,Criminal penalties or civil remedies exist for sexual harassment in employment (1=yes; 0=no),SG.PEN.SXHR.EM,0.0
"Egypt, Arab Rep.",EGY,1992,Criminal penalties or civil remedies exist for sexual harassment in employment (1=yes; 0=no),SG.PEN.SXHR.EM,0.0
"Egypt, Arab Rep.",EGY,1991,Criminal penalties or civil remedies exist for sexual harassment in employment (1=yes; 0=no),SG.PEN.SXHR.EM,0.0
"Egypt, Arab Rep.",EGY,1990,Criminal penalties or civil remedies exist for sexual harassment in employment (1=yes; 0=no),SG.PEN.SXHR.EM,0.0
"Egypt, Arab Rep.",EGY,1989,Criminal penalties or civil remedies exist for sexual harassment in employment (1=yes; 0=no),SG.PEN.SXHR.EM,0.0
"Egypt, Arab Rep.",EGY,1988,Criminal penalties or civil remedies exist for sexual harassment in employment (1=yes; 0=no),SG.PEN.SXHR.EM,0.0
"Egypt, Arab Rep.",EGY,1987,Criminal penalties or civil remedies exist for sexual harassment in employment (1=yes; 0=no),SG.PEN.SXHR.EM,0.0
"Egypt, Arab Rep.",EGY,1986,Criminal penalties or civil remedies exist for sexual harassment in employment (1=yes; 0=no),SG.PEN.SXHR.EM,0.0
"Egypt, Arab Rep.",EGY,1985,Criminal penalties or civil remedies exist for sexual harassment in employment (1=yes; 0=no),SG.PEN.SXHR.EM,0.0
"Egypt, Arab Rep.",EGY,1984,Criminal penalties or civil remedies exist for sexual harassment in employment (1=yes; 0=no),SG.PEN.SXHR.EM,0.0
"Egypt, Arab Rep.",EGY,1983,Criminal penalties or civil remedies exist for sexual harassment in employment (1=yes; 0=no),SG.PEN.SXHR.EM,0.0
"Egypt, Arab Rep.",EGY,1982,Criminal penalties or civil remedies exist for sexual harassment in employment (1=yes; 0=no),SG.PEN.SXHR.EM,0.0
"Egypt, Arab Rep.",EGY,1981,Criminal penalties or civil remedies exist for sexual harassment in employment (1=yes; 0=no),SG.PEN.SXHR.EM,0.0
"Egypt, Arab Rep.",EGY,1980,Criminal penalties or civil remedies exist for sexual harassment in employment (1=yes; 0=no),SG.PEN.SXHR.EM,0.0
"Egypt, Arab Rep.",EGY,1979,Criminal penalties or civil remedies exist for sexual harassment in employment (1=yes; 0=no),SG.PEN.SXHR.EM,0.0
"Egypt, Arab Rep.",EGY,1978,Criminal penalties or civil remedies exist for sexual harassment in employment (1=yes; 0=no),SG.PEN.SXHR.EM,0.0
"Egypt, Arab Rep.",EGY,1977,Criminal penalties or civil remedies exist for sexual harassment in employment (1=yes; 0=no),SG.PEN.SXHR.EM,0.0
"Egypt, Arab Rep.",EGY,1976,Criminal penalties or civil remedies exist for sexual harassment in employment (1=yes; 0=no),SG.PEN.SXHR.EM,0.0
"Egypt, Arab Rep.",EGY,1975,Criminal penalties or civil remedies exist for sexual harassment in employment (1=yes; 0=no),SG.PEN.SXHR.EM,0.0
"Egypt, Arab Rep.",EGY,1974,Criminal penalties or civil remedies exist for sexual harassment in employment (1=yes; 0=no),SG.PEN.SXHR.EM,0.0
"Egypt, Arab Rep.",EGY,1973,Criminal penalties or civil remedies exist for sexual harassment in employment (1=yes; 0=no),SG.PEN.SXHR.EM,0.0
"Egypt, Arab Rep.",EGY,1972,Criminal penalties or civil remedies exist for sexual harassment in employment (1=yes; 0=no),SG.PEN.SXHR.EM,0.0
"Egypt, Arab Rep.",EGY,1971,Criminal penalties or civil remedies exist for sexual harassment in employment (1=yes; 0=no),SG.PEN.SXHR.EM,0.0
"Egypt, Arab Rep.",EGY,1970,Criminal penalties or civil remedies exist for sexual harassment in employment (1=yes; 0=no),SG.PEN.SXHR.EM,0.0
"Egypt, Arab Rep.",EGY,2019,Female migrants (% of international migrant stock),SG.POP.MIGR.FE.ZS,46.226288
"Egypt, Arab Rep.",EGY,2015,Female migrants (% of international migrant stock),SG.POP.MIGR.FE.ZS,41.343624
"Egypt, Arab Rep.",EGY,2010,Female migrants (% of international migrant stock),SG.POP.MIGR.FE.ZS,43.8405
"Egypt, Arab Rep.",EGY,2005,Female migrants (% of international migrant stock),SG.POP.MIGR.FE.ZS,42.032448
"Egypt, Arab Rep.",EGY,2000,Female migrants (% of international migrant stock),SG.POP.MIGR.FE.ZS,46.841007
"Egypt, Arab Rep.",EGY,1995,Female migrants (% of international migrant stock),SG.POP.MIGR.FE.ZS,46.964752
"Egypt, Arab Rep.",EGY,1990,Female migrants (% of international migrant stock),SG.POP.MIGR.FE.ZS,47.078518
"Egypt, Arab Rep.",EGY,2022,A woman has the same rights to remarry as a man (1=yes; 0=no),SG.REM.RIGT.EQ,0.0
"Egypt, Arab Rep.",EGY,2021,A woman has the same rights to remarry as a man (1=yes; 0=no),SG.REM.RIGT.EQ,0.0
"Egypt, Arab Rep.",EGY,2020,A woman has the same rights to remarry as a man (1=yes; 0=no),SG.REM.RIGT.EQ,0.0
"Egypt, Arab Rep.",EGY,2019,A woman has the same rights to remarry as a man (1=yes; 0=no),SG.REM.RIGT.EQ,0.0
"Egypt, Arab Rep.",EGY,2018,A woman has the same rights to remarry as a man (1=yes; 0=no),SG.REM.RIGT.EQ,0.0
"Egypt, Arab Rep.",EGY,2017,A woman has the same rights to remarry as a man (1=yes; 0=no),SG.REM.RIGT.EQ,0.0
"Egypt, Arab Rep.",EGY,2016,A woman has the same rights to remarry as a man (1=yes; 0=no),SG.REM.RIGT.EQ,0.0
"Egypt, Arab Rep.",EGY,2015,A woman has the same rights to remarry as a man (1=yes; 0=no),SG.REM.RIGT.EQ,0.0
"Egypt, Arab Rep.",EGY,2014,A woman has the same rights to remarry as a man (1=yes; 0=no),SG.REM.RIGT.EQ,0.0
"Egypt, Arab Rep.",EGY,2013,A woman has the same rights to remarry as a man (1=yes; 0=no),SG.REM.RIGT.EQ,0.0
"Egypt, Arab Rep.",EGY,2012,A woman has the same rights to remarry as a man (1=yes; 0=no),SG.REM.RIGT.EQ,0.0
"Egypt, Arab Rep.",EGY,2011,A woman has the same rights to remarry as a man (1=yes; 0=no),SG.REM.RIGT.EQ,0.0
"Egypt, Arab Rep.",EGY,2010,A woman has the same rights to remarry as a man (1=yes; 0=no),SG.REM.RIGT.EQ,0.0
"Egypt, Arab Rep.",EGY,2009,A woman has the same rights to remarry as a man (1=yes; 0=no),SG.REM.RIGT.EQ,0.0
"Egypt, Arab Rep.",EGY,2008,A woman has the same rights to remarry as a man (1=yes; 0=no),SG.REM.RIGT.EQ,0.0
"Egypt, Arab Rep.",EGY,2007,A woman has the same rights to remarry as a man (1=yes; 0=no),SG.REM.RIGT.EQ,0.0
"Egypt, Arab Rep.",EGY,2006,A woman has the same rights to remarry as a man (1=yes; 0=no),SG.REM.RIGT.EQ,0.0
"Egypt, Arab Rep.",EGY,2005,A woman has the same rights to remarry as a man (1=yes; 0=no),SG.REM.RIGT.EQ,0.0
"Egypt, Arab Rep.",EGY,2004,A woman has the same rights to remarry as a man (1=yes; 0=no),SG.REM.RIGT.EQ,0.0
"Egypt, Arab Rep.",EGY,2003,A woman has the same rights to remarry as a man (1=yes; 0=no),SG.REM.RIGT.EQ,0.0
"Egypt, Arab Rep.",EGY,2002,A woman has the same rights to remarry as a man (1=yes; 0=no),SG.REM.RIGT.EQ,0.0
"Egypt, Arab Rep.",EGY,2001,A woman has the same rights to remarry as a man (1=yes; 0=no),SG.REM.RIGT.EQ,0.0
"Egypt, Arab Rep.",EGY,2000,A woman has the same rights to remarry as a man (1=yes; 0=no),SG.REM.RIGT.EQ,0.0
"Egypt, Arab Rep.",EGY,1999,A woman has the same rights to remarry as a man (1=yes; 0=no),SG.REM.RIGT.EQ,0.0
"Egypt, Arab Rep.",EGY,1998,A woman has the same rights to remarry as a man (1=yes; 0=no),SG.REM.RIGT.EQ,0.0
"Egypt, Arab Rep.",EGY,1997,A woman has the same rights to remarry as a man (1=yes; 0=no),SG.REM.RIGT.EQ,0.0
"Egypt, Arab Rep.",EGY,1996,A woman has the same rights to remarry as a man (1=yes; 0=no),SG.REM.RIGT.EQ,0.0
"Egypt, Arab Rep.",EGY,1995,A woman has the same rights to remarry as a man (1=yes; 0=no),SG.REM.RIGT.EQ,0.0
"Egypt, Arab Rep.",EGY,1994,A woman has the same rights to remarry as a man (1=yes; 0=no),SG.REM.RIGT.EQ,0.0
"Egypt, Arab Rep.",EGY,1993,A woman has the same rights to remarry as a man (1=yes; 0=no),SG.REM.RIGT.EQ,0.0
"Egypt, Arab Rep.",EGY,1992,A woman has the same rights to remarry as a man (1=yes; 0=no),SG.REM.RIGT.EQ,0.0
"Egypt, Arab Rep.",EGY,1991,A woman has the same rights to remarry as a man (1=yes; 0=no),SG.REM.RIGT.EQ,0.0
"Egypt, Arab Rep.",EGY,1990,A woman has the same rights to remarry as a man (1=yes; 0=no),SG.REM.RIGT.EQ,0.0
"Egypt, Arab Rep.",EGY,1989,A woman has the same rights to remarry as a man (1=yes; 0=no),SG.REM.RIGT.EQ,0.0
"Egypt, Arab Rep.",EGY,1988,A woman has the same rights to remarry as a man (1=yes; 0=no),SG.REM.RIGT.EQ,0.0
"Egypt, Arab Rep.",EGY,1987,A woman has the same rights to remarry as a man (1=yes; 0=no),SG.REM.RIGT.EQ,0.0
"Egypt, Arab Rep.",EGY,1986,A woman has the same rights to remarry as a man (1=yes; 0=no),SG.REM.RIGT.EQ,0.0
"Egypt, Arab Rep.",EGY,1985,A woman has the same rights to remarry as a man (1=yes; 0=no),SG.REM.RIGT.EQ,0.0
"Egypt, Arab Rep.",EGY,1984,A woman has the same rights to remarry as a man (1=yes; 0=no),SG.REM.RIGT.EQ,0.0
"Egypt, Arab Rep.",EGY,1983,A woman has the same rights to remarry as a man (1=yes; 0=no),SG.REM.RIGT.EQ,0.0
"Egypt, Arab Rep.",EGY,1982,A woman has the same rights to remarry as a man (1=yes; 0=no),SG.REM.RIGT.EQ,0.0
"Egypt, Arab Rep.",EGY,1981,A woman has the same rights to remarry as a man (1=yes; 0=no),SG.REM.RIGT.EQ,0.0
"Egypt, Arab Rep.",EGY,1980,A woman has the same rights to remarry as a man (1=yes; 0=no),SG.REM.RIGT.EQ,0.0
"Egypt, Arab Rep.",EGY,1979,A woman has the same rights to remarry as a man (1=yes; 0=no),SG.REM.RIGT.EQ,0.0
"Egypt, Arab Rep.",EGY,1978,A woman has the same rights to remarry as a man (1=yes; 0=no),SG.REM.RIGT.EQ,0.0
"Egypt, Arab Rep.",EGY,1977,A woman has the same rights to remarry as a man (1=yes; 0=no),SG.REM.RIGT.EQ,0.0
"Egypt, Arab Rep.",EGY,1976,A woman has the same rights to remarry as a man (1=yes; 0=no),SG.REM.RIGT.EQ,0.0
"Egypt, Arab Rep.",EGY,1975,A woman has the same rights to remarry as a man (1=yes; 0=no),SG.REM.RIGT.EQ,0.0
"Egypt, Arab Rep.",EGY,1974,A woman has the same rights to remarry as a man (1=yes; 0=no),SG.REM.RIGT.EQ,0.0
"Egypt, Arab Rep.",EGY,1973,A woman has the same rights to remarry as a man (1=yes; 0=no),SG.REM.RIGT.EQ,0.0
"Egypt, Arab Rep.",EGY,1972,A woman has the same rights to remarry as a man (1=yes; 0=no),SG.REM.RIGT.EQ,0.0
"Egypt, Arab Rep.",EGY,1971,A woman has the same rights to remarry as a man (1=yes; 0=no),SG.REM.RIGT.EQ,0.0
"Egypt, Arab Rep.",EGY,1970,A woman has the same rights to remarry as a man (1=yes; 0=no),SG.REM.RIGT.EQ,0.0
"Egypt, Arab Rep.",EGY,2021,"Access to anti-retroviral drugs, female (%)",SH.HIV.ARTC.FE.ZS,30.0
"Egypt, Arab Rep.",EGY,2020,"Access to anti-retroviral drugs, female (%)",SH.HIV.ARTC.FE.ZS,26.0
"Egypt, Arab Rep.",EGY,2019,"Access to anti-retroviral drugs, female (%)",SH.HIV.ARTC.FE.ZS,27.0
"Egypt, Arab Rep.",EGY,2018,"Access to anti-retroviral drugs, female (%)",SH.HIV.ARTC.FE.ZS,26.0
"Egypt, Arab Rep.",EGY,2017,"Access to anti-retroviral drugs, female (%)",SH.HIV.ARTC.FE.ZS,20.0
"Egypt, Arab Rep.",EGY,2016,"Access to anti-retroviral drugs, female (%)",SH.HIV.ARTC.FE.ZS,15.0
"Egypt, Arab Rep.",EGY,2015,"Access to anti-retroviral drugs, female (%)",SH.HIV.ARTC.FE.ZS,11.0
"Egypt, Arab Rep.",EGY,2014,"Access to anti-retroviral drugs, female (%)",SH.HIV.ARTC.FE.ZS,10.0
"Egypt, Arab Rep.",EGY,2013,"Access to anti-retroviral drugs, female (%)",SH.HIV.ARTC.FE.ZS,7.0
"Egypt, Arab Rep.",EGY,2012,"Access to anti-retroviral drugs, female (%)",SH.HIV.ARTC.FE.ZS,6.0
"Egypt, Arab Rep.",EGY,2011,"Access to anti-retroviral drugs, female (%)",SH.HIV.ARTC.FE.ZS,5.0
"Egypt, Arab Rep.",EGY,2010,"Access to anti-retroviral drugs, female (%)",SH.HIV.ARTC.FE.ZS,4.0
"Egypt, Arab Rep.",EGY,2009,"Access to anti-retroviral drugs, female (%)",SH.HIV.ARTC.FE.ZS,1.0
"Egypt, Arab Rep.",EGY,2008,"Access to anti-retroviral drugs, female (%)",SH.HIV.ARTC.FE.ZS,1.0
"Egypt, Arab Rep.",EGY,2007,"Access to anti-retroviral drugs, female (%)",SH.HIV.ARTC.FE.ZS,1.0
"Egypt, Arab Rep.",EGY,2006,"Access to anti-retroviral drugs, female (%)",SH.HIV.ARTC.FE.ZS,1.0
"Egypt, Arab Rep.",EGY,2005,"Access to anti-retroviral drugs, female (%)",SH.HIV.ARTC.FE.ZS,0.0
"Egypt, Arab Rep.",EGY,2004,"Access to anti-retroviral drugs, female (%)",SH.HIV.ARTC.FE.ZS,0.0
"Egypt, Arab Rep.",EGY,2003,"Access to anti-retroviral drugs, female (%)",SH.HIV.ARTC.FE.ZS,0.0
"Egypt, Arab Rep.",EGY,2002,"Access to anti-retroviral drugs, female (%)",SH.HIV.ARTC.FE.ZS,0.0
"Egypt, Arab Rep.",EGY,2001,"Access to anti-retroviral drugs, female (%)",SH.HIV.ARTC.FE.ZS,0.0
"Egypt, Arab Rep.",EGY,2000,"Access to anti-retroviral drugs, female (%)",SH.HIV.ARTC.FE.ZS,0.0
"Egypt, Arab Rep.",EGY,2021,"Access to anti-retroviral drugs, male (%)",SH.HIV.ARTC.MA.ZS,46.0
"Egypt, Arab Rep.",EGY,2020,"Access to anti-retroviral drugs, male (%)",SH.HIV.ARTC.MA.ZS,43.0
"Egypt, Arab Rep.",EGY,2019,"Access to anti-retroviral drugs, male (%)",SH.HIV.ARTC.MA.ZS,39.0
"Egypt, Arab Rep.",EGY,2018,"Access to anti-retroviral drugs, male (%)",SH.HIV.ARTC.MA.ZS,34.0
"Egypt, Arab Rep.",EGY,2017,"Access to anti-retroviral drugs, male (%)",SH.HIV.ARTC.MA.ZS,28.0
"Egypt, Arab Rep.",EGY,2016,"Access to anti-retroviral drugs, male (%)",SH.HIV.ARTC.MA.ZS,22.0
"Egypt, Arab Rep.",EGY,2015,"Access to anti-retroviral drugs, male (%)",SH.HIV.ARTC.MA.ZS,18.0
"Egypt, Arab Rep.",EGY,2014,"Access to anti-retroviral drugs, male (%)",SH.HIV.ARTC.MA.ZS,17.0
"Egypt, Arab Rep.",EGY,2013,"Access to anti-retroviral drugs, male (%)",SH.HIV.ARTC.MA.ZS,14.0
"Egypt, Arab Rep.",EGY,2012,"Access to anti-retroviral drugs, male (%)",SH.HIV.ARTC.MA.ZS,13.0
"Egypt, Arab Rep.",EGY,2011,"Access to anti-retroviral drugs, male (%)",SH.HIV.ARTC.MA.ZS,12.0
"Egypt, Arab Rep.",EGY,2010,"Access to anti-retroviral drugs, male (%)",SH.HIV.ARTC.MA.ZS,12.0
"Egypt, Arab Rep.",EGY,2009,"Access to anti-retroviral drugs, male (%)",SH.HIV.ARTC.MA.ZS,11.0
"Egypt, Arab Rep.",EGY,2008,"Access to anti-retroviral drugs, male (%)",SH.HIV.ARTC.MA.ZS,11.0
"Egypt, Arab Rep.",EGY,2007,"Access to anti-retroviral drugs, male (%)",SH.HIV.ARTC.MA.ZS,9.0
"Egypt, Arab Rep.",EGY,2006,"Access to anti-retroviral drugs, male (%)",SH.HIV.ARTC.MA.ZS,12.0
"Egypt, Arab Rep.",EGY,2005,"Access to anti-retroviral drugs, male (%)",SH.HIV.ARTC.MA.ZS,0.0
"Egypt, Arab Rep.",EGY,2004,"Access to anti-retroviral drugs, male (%)",SH.HIV.ARTC.MA.ZS,0.0
"Egypt, Arab Rep.",EGY,2003,"Access to anti-retroviral drugs, male (%)",SH.HIV.ARTC.MA.ZS,0.0
"Egypt, Arab Rep.",EGY,2002,"Access to anti-retroviral drugs, male (%)",SH.HIV.ARTC.MA.ZS,0.0
"Egypt, Arab Rep.",EGY,2001,"Access to anti-retroviral drugs, male (%)",SH.HIV.ARTC.MA.ZS,0.0
"Egypt, Arab Rep.",EGY,2000,"Access to anti-retroviral drugs, male (%)",SH.HIV.ARTC.MA.ZS,0.0
"Egypt, Arab Rep.",EGY,2022,Length of paid maternity leave (calendar days),SH.MMR.LEVE,90.0
"Egypt, Arab Rep.",EGY,2021,Length of paid maternity leave (calendar days),SH.MMR.LEVE,90.0
"Egypt, Arab Rep.",EGY,2020,Length of paid maternity leave (calendar days),SH.MMR.LEVE,90.0
"Egypt, Arab Rep.",EGY,2019,Length of paid maternity leave (calendar days),SH.MMR.LEVE,90.0
"Egypt, Arab Rep.",EGY,2018,Length of paid maternity leave (calendar days),SH.MMR.LEVE,90.0
"Egypt, Arab Rep.",EGY,2017,Length of paid maternity leave (calendar days),SH.MMR.LEVE,90.0
"Egypt, Arab Rep.",EGY,2016,Length of paid maternity leave (calendar days),SH.MMR.LEVE,90.0
"Egypt, Arab Rep.",EGY,2015,Length of paid maternity leave (calendar days),SH.MMR.LEVE,90.0
"Egypt, Arab Rep.",EGY,2014,Length of paid maternity leave (calendar days),SH.MMR.LEVE,90.0
"Egypt, Arab Rep.",EGY,2013,Length of paid maternity leave (calendar days),SH.MMR.LEVE,90.0
"Egypt, Arab Rep.",EGY,2012,Length of paid maternity leave (calendar days),SH.MMR.LEVE,90.0
"Egypt, Arab Rep.",EGY,2011,Length of paid maternity leave (calendar days),SH.MMR.LEVE,90.0
"Egypt, Arab Rep.",EGY,2010,Length of paid maternity leave (calendar days),SH.MMR.LEVE,90.0
"Egypt, Arab Rep.",EGY,2009,Length of paid maternity leave (calendar days),SH.MMR.LEVE,90.0
"Egypt, Arab Rep.",EGY,2008,Length of paid maternity leave (calendar days),SH.MMR.LEVE,90.0
"Egypt, Arab Rep.",EGY,2007,Length of paid maternity leave (calendar days),SH.MMR.LEVE,90.0
"Egypt, Arab Rep.",EGY,2006,Length of paid maternity leave (calendar days),SH.MMR.LEVE,90.0
"Egypt, Arab Rep.",EGY,2005,Length of paid maternity leave (calendar days),SH.MMR.LEVE,90.0
"Egypt, Arab Rep.",EGY,2004,Length of paid maternity leave (calendar days),SH.MMR.LEVE,90.0
"Egypt, Arab Rep.",EGY,2003,Length of paid maternity leave (calendar days),SH.MMR.LEVE,50.0
"Egypt, Arab Rep.",EGY,2002,Length of paid maternity leave (calendar days),SH.MMR.LEVE,50.0
"Egypt, Arab Rep.",EGY,2001,Length of paid maternity leave (calendar days),SH.MMR.LEVE,50.0
"Egypt, Arab Rep.",EGY,2000,Length of paid maternity leave (calendar days),SH.MMR.LEVE,50.0
"Egypt, Arab Rep.",EGY,1999,Length of paid maternity leave (calendar days),SH.MMR.LEVE,50.0
"Egypt, Arab Rep.",EGY,1998,Length of paid maternity leave (calendar days),SH.MMR.LEVE,50.0
"Egypt, Arab Rep.",EGY,1997,Length of paid maternity leave (calendar days),SH.MMR.LEVE,50.0
"Egypt, Arab Rep.",EGY,1996,Length of paid maternity leave (calendar days),SH.MMR.LEVE,50.0
"Egypt, Arab Rep.",EGY,1995,Length of paid maternity leave (calendar days),SH.MMR.LEVE,50.0
"Egypt, Arab Rep.",EGY,1994,Length of paid maternity leave (calendar days),SH.MMR.LEVE,50.0
"Egypt, Arab Rep.",EGY,1993,Length of paid maternity leave (calendar days),SH.MMR.LEVE,50.0
"Egypt, Arab Rep.",EGY,1992,Length of paid maternity leave (calendar days),SH.MMR.LEVE,50.0
"Egypt, Arab Rep.",EGY,1991,Length of paid maternity leave (calendar days),SH.MMR.LEVE,50.0
"Egypt, Arab Rep.",EGY,1990,Length of paid maternity leave (calendar days),SH.MMR.LEVE,50.0
"Egypt, Arab Rep.",EGY,1989,Length of paid maternity leave (calendar days),SH.MMR.LEVE,50.0
"Egypt, Arab Rep.",EGY,1988,Length of paid maternity leave (calendar days),SH.MMR.LEVE,50.0
"Egypt, Arab Rep.",EGY,1987,Length of paid maternity leave (calendar days),SH.MMR.LEVE,50.0
"Egypt, Arab Rep.",EGY,1986,Length of paid maternity leave (calendar days),SH.MMR.LEVE,50.0
"Egypt, Arab Rep.",EGY,1985,Length of paid maternity leave (calendar days),SH.MMR.LEVE,50.0
"Egypt, Arab Rep.",EGY,1984,Length of paid maternity leave (calendar days),SH.MMR.LEVE,50.0
"Egypt, Arab Rep.",EGY,1983,Length of paid maternity leave (calendar days),SH.MMR.LEVE,50.0
"Egypt, Arab Rep.",EGY,1982,Length of paid maternity leave (calendar days),SH.MMR.LEVE,50.0
"Egypt, Arab Rep.",EGY,1981,Length of paid maternity leave (calendar days),SH.MMR.LEVE,50.0
"Egypt, Arab Rep.",EGY,1980,Length of paid maternity leave (calendar days),SH.MMR.LEVE,50.0
"Egypt, Arab Rep.",EGY,1979,Length of paid maternity leave (calendar days),SH.MMR.LEVE,50.0
"Egypt, Arab Rep.",EGY,1978,Length of paid maternity leave (calendar days),SH.MMR.LEVE,50.0
"Egypt, Arab Rep.",EGY,1977,Length of paid maternity leave (calendar days),SH.MMR.LEVE,50.0
"Egypt, Arab Rep.",EGY,1976,Length of paid maternity leave (calendar days),SH.MMR.LEVE,50.0
"Egypt, Arab Rep.",EGY,1975,Length of paid maternity leave (calendar days),SH.MMR.LEVE,50.0
"Egypt, Arab Rep.",EGY,1974,Length of paid maternity leave (calendar days),SH.MMR.LEVE,50.0
"Egypt, Arab Rep.",EGY,1973,Length of paid maternity leave (calendar days),SH.MMR.LEVE,50.0
"Egypt, Arab Rep.",EGY,1972,Length of paid maternity leave (calendar days),SH.MMR.LEVE,50.0
"Egypt, Arab Rep.",EGY,1971,Length of paid maternity leave (calendar days),SH.MMR.LEVE,50.0
"Egypt, Arab Rep.",EGY,1970,Length of paid maternity leave (calendar days),SH.MMR.LEVE,50.0
"Egypt, Arab Rep.",EGY,2022,Paid leave of at least 14 weeks available to mothers (1=yes; 0=no),SH.MMR.LEVE.AL,0.0
"Egypt, Arab Rep.",EGY,2021,Paid leave of at least 14 weeks available to mothers (1=yes; 0=no),SH.MMR.LEVE.AL,0.0
"Egypt, Arab Rep.",EGY,2020,Paid leave of at least 14 weeks available to mothers (1=yes; 0=no),SH.MMR.LEVE.AL,0.0
"Egypt, Arab Rep.",EGY,2019,Paid leave of at least 14 weeks available to mothers (1=yes; 0=no),SH.MMR.LEVE.AL,0.0
"Egypt, Arab Rep.",EGY,2018,Paid leave of at least 14 weeks available to mothers (1=yes; 0=no),SH.MMR.LEVE.AL,0.0
"Egypt, Arab Rep.",EGY,2017,Paid leave of at least 14 weeks available to mothers (1=yes; 0=no),SH.MMR.LEVE.AL,0.0
"Egypt, Arab Rep.",EGY,2016,Paid leave of at least 14 weeks available to mothers (1=yes; 0=no),SH.MMR.LEVE.AL,0.0
"Egypt, Arab Rep.",EGY,2015,Paid leave of at least 14 weeks available to mothers (1=yes; 0=no),SH.MMR.LEVE.AL,0.0
"Egypt, Arab Rep.",EGY,2014,Paid leave of at least 14 weeks available to mothers (1=yes; 0=no),SH.MMR.LEVE.AL,0.0
"Egypt, Arab Rep.",EGY,2013,Paid leave of at least 14 weeks available to mothers (1=yes; 0=no),SH.MMR.LEVE.AL,0.0
"Egypt, Arab Rep.",EGY,2012,Paid leave of at least 14 weeks available to mothers (1=yes; 0=no),SH.MMR.LEVE.AL,0.0
"Egypt, Arab Rep.",EGY,2011,Paid leave of at least 14 weeks available to mothers (1=yes; 0=no),SH.MMR.LEVE.AL,0.0
"Egypt, Arab Rep.",EGY,2010,Paid leave of at least 14 weeks available to mothers (1=yes; 0=no),SH.MMR.LEVE.AL,0.0
"Egypt, Arab Rep.",EGY,2009,Paid leave of at least 14 weeks available to mothers (1=yes; 0=no),SH.MMR.LEVE.AL,0.0
"Egypt, Arab Rep.",EGY,2008,Paid leave of at least 14 weeks available to mothers (1=yes; 0=no),SH.MMR.LEVE.AL,0.0
"Egypt, Arab Rep.",EGY,2007,Paid leave of at least 14 weeks available to mothers (1=yes; 0=no),SH.MMR.LEVE.AL,0.0
"Egypt, Arab Rep.",EGY,2006,Paid leave of at least 14 weeks available to mothers (1=yes; 0=no),SH.MMR.LEVE.AL,0.0
"Egypt, Arab Rep.",EGY,2005,Paid leave of at least 14 weeks available to mothers (1=yes; 0=no),SH.MMR.LEVE.AL,0.0
"Egypt, Arab Rep.",EGY,2004,Paid leave of at least 14 weeks available to mothers (1=yes; 0=no),SH.MMR.LEVE.AL,0.0
"Egypt, Arab Rep.",EGY,2003,Paid leave of at least 14 weeks available to mothers (1=yes; 0=no),SH.MMR.LEVE.AL,0.0
"Egypt, Arab Rep.",EGY,2002,Paid leave of at least 14 weeks available to mothers (1=yes; 0=no),SH.MMR.LEVE.AL,0.0
"Egypt, Arab Rep.",EGY,2001,Paid leave of at least 14 weeks available to mothers (1=yes; 0=no),SH.MMR.LEVE.AL,0.0
"Egypt, Arab Rep.",EGY,2000,Paid leave of at least 14 weeks available to mothers (1=yes; 0=no),SH.MMR.LEVE.AL,0.0
"Egypt, Arab Rep.",EGY,1999,Paid leave of at least 14 weeks available to mothers (1=yes; 0=no),SH.MMR.LEVE.AL,0.0
"Egypt, Arab Rep.",EGY,1998,Paid leave of at least 14 weeks available to mothers (1=yes; 0=no),SH.MMR.LEVE.AL,0.0
"Egypt, Arab Rep.",EGY,1997,Paid leave of at least 14 weeks available to mothers (1=yes; 0=no),SH.MMR.LEVE.AL,0.0
"Egypt, Arab Rep.",EGY,1996,Paid leave of at least 14 weeks available to mothers (1=yes; 0=no),SH.MMR.LEVE.AL,0.0
"Egypt, Arab Rep.",EGY,1995,Paid leave of at least 14 weeks available to mothers (1=yes; 0=no),SH.MMR.LEVE.AL,0.0
"Egypt, Arab Rep.",EGY,1994,Paid leave of at least 14 weeks available to mothers (1=yes; 0=no),SH.MMR.LEVE.AL,0.0
"Egypt, Arab Rep.",EGY,1993,Paid leave of at least 14 weeks available to mothers (1=yes; 0=no),SH.MMR.LEVE.AL,0.0
"Egypt, Arab Rep.",EGY,1992,Paid leave of at least 14 weeks available to mothers (1=yes; 0=no),SH.MMR.LEVE.AL,0.0
"Egypt, Arab Rep.",EGY,1991,Paid leave of at least 14 weeks available to mothers (1=yes; 0=no),SH.MMR.LEVE.AL,0.0
"Egypt, Arab Rep.",EGY,1990,Paid leave of at least 14 weeks available to mothers (1=yes; 0=no),SH.MMR.LEVE.AL,0.0
"Egypt, Arab Rep.",EGY,1989,Paid leave of at least 14 weeks available to mothers (1=yes; 0=no),SH.MMR.LEVE.AL,0.0
"Egypt, Arab Rep.",EGY,1988,Paid leave of at least 14 weeks available to mothers (1=yes; 0=no),SH.MMR.LEVE.AL,0.0
"Egypt, Arab Rep.",EGY,1987,Paid leave of at least 14 weeks available to mothers (1=yes; 0=no),SH.MMR.LEVE.AL,0.0
"Egypt, Arab Rep.",EGY,1986,Paid leave of at least 14 weeks available to mothers (1=yes; 0=no),SH.MMR.LEVE.AL,0.0
"Egypt, Arab Rep.",EGY,1985,Paid leave of at least 14 weeks available to mothers (1=yes; 0=no),SH.MMR.LEVE.AL,0.0
"Egypt, Arab Rep.",EGY,1984,Paid leave of at least 14 weeks available to mothers (1=yes; 0=no),SH.MMR.LEVE.AL,0.0
"Egypt, Arab Rep.",EGY,1983,Paid leave of at least 14 weeks available to mothers (1=yes; 0=no),SH.MMR.LEVE.AL,0.0
"Egypt, Arab Rep.",EGY,1982,Paid leave of at least 14 weeks available to mothers (1=yes; 0=no),SH.MMR.LEVE.AL,0.0
"Egypt, Arab Rep.",EGY,1981,Paid leave of at least 14 weeks available to mothers (1=yes; 0=no),SH.MMR.LEVE.AL,0.0
"Egypt, Arab Rep.",EGY,1980,Paid leave of at least 14 weeks available to mothers (1=yes; 0=no),SH.MMR.LEVE.AL,0.0
"Egypt, Arab Rep.",EGY,1979,Paid leave of at least 14 weeks available to mothers (1=yes; 0=no),SH.MMR.LEVE.AL,0.0
"Egypt, Arab Rep.",EGY,1978,Paid leave of at least 14 weeks available to mothers (1=yes; 0=no),SH.MMR.LEVE.AL,0.0
"Egypt, Arab Rep.",EGY,1977,Paid leave of at least 14 weeks available to mothers (1=yes; 0=no),SH.MMR.LEVE.AL,0.0
"Egypt, Arab Rep.",EGY,1976,Paid leave of at least 14 weeks available to mothers (1=yes; 0=no),SH.MMR.LEVE.AL,0.0
"Egypt, Arab Rep.",EGY,1975,Paid leave of at least 14 weeks available to mothers (1=yes; 0=no),SH.MMR.LEVE.AL,0.0
"Egypt, Arab Rep.",EGY,1974,Paid leave of at least 14 weeks available to mothers (1=yes; 0=no),SH.MMR.LEVE.AL,0.0
"Egypt, Arab Rep.",EGY,1973,Paid leave of at least 14 weeks available to mothers (1=yes; 0=no),SH.MMR.LEVE.AL,0.0
"Egypt, Arab Rep.",EGY,1972,Paid leave of at least 14 weeks available to mothers (1=yes; 0=no),SH.MMR.LEVE.AL,0.0
"Egypt, Arab Rep.",EGY,1971,Paid leave of at least 14 weeks available to mothers (1=yes; 0=no),SH.MMR.LEVE.AL,0.0
"Egypt, Arab Rep.",EGY,1970,Paid leave of at least 14 weeks available to mothers (1=yes; 0=no),SH.MMR.LEVE.AL,0.0
"Egypt, Arab Rep.",EGY,2022,The government administers 100% of maternity leave benefits (1=yes; 0=no),SH.MMR.LEVE.GT,0.0
"Egypt, Arab Rep.",EGY,2021,The government administers 100% of maternity leave benefits (1=yes; 0=no),SH.MMR.LEVE.GT,0.0
"Egypt, Arab Rep.",EGY,2020,The government administers 100% of maternity leave benefits (1=yes; 0=no),SH.MMR.LEVE.GT,0.0
"Egypt, Arab Rep.",EGY,2019,The government administers 100% of maternity leave benefits (1=yes; 0=no),SH.MMR.LEVE.GT,0.0
"Egypt, Arab Rep.",EGY,2018,The government administers 100% of maternity leave benefits (1=yes; 0=no),SH.MMR.LEVE.GT,0.0
"Egypt, Arab Rep.",EGY,2017,The government administers 100% of maternity leave benefits (1=yes; 0=no),SH.MMR.LEVE.GT,0.0
"Egypt, Arab Rep.",EGY,2016,The government administers 100% of maternity leave benefits (1=yes; 0=no),SH.MMR.LEVE.GT,0.0
"Egypt, Arab Rep.",EGY,2015,The government administers 100% of maternity leave benefits (1=yes; 0=no),SH.MMR.LEVE.GT,0.0
"Egypt, Arab Rep.",EGY,2014,The government administers 100% of maternity leave benefits (1=yes; 0=no),SH.MMR.LEVE.GT,0.0
"Egypt, Arab Rep.",EGY,2013,The government administers 100% of maternity leave benefits (1=yes; 0=no),SH.MMR.LEVE.GT,0.0
"Egypt, Arab Rep.",EGY,2012,The government administers 100% of maternity leave benefits (1=yes; 0=no),SH.MMR.LEVE.GT,0.0
"Egypt, Arab Rep.",EGY,2011,The government administers 100% of maternity leave benefits (1=yes; 0=no),SH.MMR.LEVE.GT,0.0
"Egypt, Arab Rep.",EGY,2010,The government administers 100% of maternity leave benefits (1=yes; 0=no),SH.MMR.LEVE.GT,0.0
"Egypt, Arab Rep.",EGY,2009,The government administers 100% of maternity leave benefits (1=yes; 0=no),SH.MMR.LEVE.GT,0.0
"Egypt, Arab Rep.",EGY,2008,The government administers 100% of maternity leave benefits (1=yes; 0=no),SH.MMR.LEVE.GT,0.0
"Egypt, Arab Rep.",EGY,2007,The government administers 100% of maternity leave benefits (1=yes; 0=no),SH.MMR.LEVE.GT,0.0
"Egypt, Arab Rep.",EGY,2006,The government administers 100% of maternity leave benefits (1=yes; 0=no),SH.MMR.LEVE.GT,0.0
"Egypt, Arab Rep.",EGY,2005,The government administers 100% of maternity leave benefits (1=yes; 0=no),SH.MMR.LEVE.GT,0.0
"Egypt, Arab Rep.",EGY,2004,The government administers 100% of maternity leave benefits (1=yes; 0=no),SH.MMR.LEVE.GT,0.0
"Egypt, Arab Rep.",EGY,2003,The government administers 100% of maternity leave benefits (1=yes; 0=no),SH.MMR.LEVE.GT,0.0
"Egypt, Arab Rep.",EGY,2002,The government administers 100% of maternity leave benefits (1=yes; 0=no),SH.MMR.LEVE.GT,0.0
"Egypt, Arab Rep.",EGY,2001,The government administers 100% of maternity leave benefits (1=yes; 0=no),SH.MMR.LEVE.GT,0.0
"Egypt, Arab Rep.",EGY,2000,The government administers 100% of maternity leave benefits (1=yes; 0=no),SH.MMR.LEVE.GT,0.0
"Egypt, Arab Rep.",EGY,1999,The government administers 100% of maternity leave benefits (1=yes; 0=no),SH.MMR.LEVE.GT,0.0
"Egypt, Arab Rep.",EGY,1998,The government administers 100% of maternity leave benefits (1=yes; 0=no),SH.MMR.LEVE.GT,0.0
"Egypt, Arab Rep.",EGY,1997,The government administers 100% of maternity leave benefits (1=yes; 0=no),SH.MMR.LEVE.GT,0.0
"Egypt, Arab Rep.",EGY,1996,The government administers 100% of maternity leave benefits (1=yes; 0=no),SH.MMR.LEVE.GT,0.0
"Egypt, Arab Rep.",EGY,1995,The government administers 100% of maternity leave benefits (1=yes; 0=no),SH.MMR.LEVE.GT,0.0
"Egypt, Arab Rep.",EGY,1994,The government administers 100% of maternity leave benefits (1=yes; 0=no),SH.MMR.LEVE.GT,0.0
"Egypt, Arab Rep.",EGY,1993,The government administers 100% of maternity leave benefits (1=yes; 0=no),SH.MMR.LEVE.GT,0.0
"Egypt, Arab Rep.",EGY,1992,The government administers 100% of maternity leave benefits (1=yes; 0=no),SH.MMR.LEVE.GT,0.0
"Egypt, Arab Rep.",EGY,1991,The government administers 100% of maternity leave benefits (1=yes; 0=no),SH.MMR.LEVE.GT,0.0
"Egypt, Arab Rep.",EGY,1990,The government administers 100% of maternity leave benefits (1=yes; 0=no),SH.MMR.LEVE.GT,0.0
"Egypt, Arab Rep.",EGY,1989,The government administers 100% of maternity leave benefits (1=yes; 0=no),SH.MMR.LEVE.GT,0.0
"Egypt, Arab Rep.",EGY,1988,The government administers 100% of maternity leave benefits (1=yes; 0=no),SH.MMR.LEVE.GT,0.0
"Egypt, Arab Rep.",EGY,1987,The government administers 100% of maternity leave benefits (1=yes; 0=no),SH.MMR.LEVE.GT,0.0
"Egypt, Arab Rep.",EGY,1986,The government administers 100% of maternity leave benefits (1=yes; 0=no),SH.MMR.LEVE.GT,0.0
"Egypt, Arab Rep.",EGY,1985,The government administers 100% of maternity leave benefits (1=yes; 0=no),SH.MMR.LEVE.GT,0.0
"Egypt, Arab Rep.",EGY,1984,The government administers 100% of maternity leave benefits (1=yes; 0=no),SH.MMR.LEVE.GT,0.0
"Egypt, Arab Rep.",EGY,1983,The government administers 100% of maternity leave benefits (1=yes; 0=no),SH.MMR.LEVE.GT,0.0
"Egypt, Arab Rep.",EGY,1982,The government administers 100% of maternity leave benefits (1=yes; 0=no),SH.MMR.LEVE.GT,0.0
"Egypt, Arab Rep.",EGY,1981,The government administers 100% of maternity leave benefits (1=yes; 0=no),SH.MMR.LEVE.GT,0.0
"Egypt, Arab Rep.",EGY,1980,The government administers 100% of maternity leave benefits (1=yes; 0=no),SH.MMR.LEVE.GT,0.0
"Egypt, Arab Rep.",EGY,1979,The government administers 100% of maternity leave benefits (1=yes; 0=no),SH.MMR.LEVE.GT,0.0
"Egypt, Arab Rep.",EGY,1978,The government administers 100% of maternity leave benefits (1=yes; 0=no),SH.MMR.LEVE.GT,0.0
"Egypt, Arab Rep.",EGY,1977,The government administers 100% of maternity leave benefits (1=yes; 0=no),SH.MMR.LEVE.GT,0.0
"Egypt, Arab Rep.",EGY,1976,The government administers 100% of maternity leave benefits (1=yes; 0=no),SH.MMR.LEVE.GT,0.0
"Egypt, Arab Rep.",EGY,1975,The government administers 100% of maternity leave benefits (1=yes; 0=no),SH.MMR.LEVE.GT,0.0
"Egypt, Arab Rep.",EGY,1974,The government administers 100% of maternity leave benefits (1=yes; 0=no),SH.MMR.LEVE.GT,0.0
"Egypt, Arab Rep.",EGY,1973,The government administers 100% of maternity leave benefits (1=yes; 0=no),SH.MMR.LEVE.GT,0.0
"Egypt, Arab Rep.",EGY,1972,The government administers 100% of maternity leave benefits (1=yes; 0=no),SH.MMR.LEVE.GT,0.0
"Egypt, Arab Rep.",EGY,1971,The government administers 100% of maternity leave benefits (1=yes; 0=no),SH.MMR.LEVE.GT,0.0
"Egypt, Arab Rep.",EGY,1970,The government administers 100% of maternity leave benefits (1=yes; 0=no),SH.MMR.LEVE.GT,0.0
"Egypt, Arab Rep.",EGY,2022,Length of paid shared parental leave (calendar days),SH.PAR.LEVE,0.0
"Egypt, Arab Rep.",EGY,2021,Length of paid shared parental leave (calendar days),SH.PAR.LEVE,0.0
"Egypt, Arab Rep.",EGY,2020,Length of paid shared parental leave (calendar days),SH.PAR.LEVE,0.0
"Egypt, Arab Rep.",EGY,2019,Length of paid shared parental leave (calendar days),SH.PAR.LEVE,0.0
"Egypt, Arab Rep.",EGY,2018,Length of paid shared parental leave (calendar days),SH.PAR.LEVE,0.0
"Egypt, Arab Rep.",EGY,2017,Length of paid shared parental leave (calendar days),SH.PAR.LEVE,0.0
"Egypt, Arab Rep.",EGY,2016,Length of paid shared parental leave (calendar days),SH.PAR.LEVE,0.0
"Egypt, Arab Rep.",EGY,2015,Length of paid shared parental leave (calendar days),SH.PAR.LEVE,0.0
"Egypt, Arab Rep.",EGY,2014,Length of paid shared parental leave (calendar days),SH.PAR.LEVE,0.0
"Egypt, Arab Rep.",EGY,2013,Length of paid shared parental leave (calendar days),SH.PAR.LEVE,0.0
"Egypt, Arab Rep.",EGY,2012,Length of paid shared parental leave (calendar days),SH.PAR.LEVE,0.0
"Egypt, Arab Rep.",EGY,2011,Length of paid shared parental leave (calendar days),SH.PAR.LEVE,0.0
"Egypt, Arab Rep.",EGY,2010,Length of paid shared parental leave (calendar days),SH.PAR.LEVE,0.0
"Egypt, Arab Rep.",EGY,2009,Length of paid shared parental leave (calendar days),SH.PAR.LEVE,0.0
"Egypt, Arab Rep.",EGY,2008,Length of paid shared parental leave (calendar days),SH.PAR.LEVE,0.0
"Egypt, Arab Rep.",EGY,2007,Length of paid shared parental leave (calendar days),SH.PAR.LEVE,0.0
"Egypt, Arab Rep.",EGY,2006,Length of paid shared parental leave (calendar days),SH.PAR.LEVE,0.0
"Egypt, Arab Rep.",EGY,2005,Length of paid shared parental leave (calendar days),SH.PAR.LEVE,0.0
"Egypt, Arab Rep.",EGY,2004,Length of paid shared parental leave (calendar days),SH.PAR.LEVE,0.0
"Egypt, Arab Rep.",EGY,2003,Length of paid shared parental leave (calendar days),SH.PAR.LEVE,0.0
"Egypt, Arab Rep.",EGY,2002,Length of paid shared parental leave (calendar days),SH.PAR.LEVE,0.0
"Egypt, Arab Rep.",EGY,2001,Length of paid shared parental leave (calendar days),SH.PAR.LEVE,0.0
"Egypt, Arab Rep.",EGY,2000,Length of paid shared parental leave (calendar days),SH.PAR.LEVE,0.0
"Egypt, Arab Rep.",EGY,1999,Length of paid shared parental leave (calendar days),SH.PAR.LEVE,0.0
"Egypt, Arab Rep.",EGY,1998,Length of paid shared parental leave (calendar days),SH.PAR.LEVE,0.0
"Egypt, Arab Rep.",EGY,1997,Length of paid shared parental leave (calendar days),SH.PAR.LEVE,0.0
"Egypt, Arab Rep.",EGY,1996,Length of paid shared parental leave (calendar days),SH.PAR.LEVE,0.0
"Egypt, Arab Rep.",EGY,1995,Length of paid shared parental leave (calendar days),SH.PAR.LEVE,0.0
"Egypt, Arab Rep.",EGY,1994,Length of paid shared parental leave (calendar days),SH.PAR.LEVE,0.0
"Egypt, Arab Rep.",EGY,1993,Length of paid shared parental leave (calendar days),SH.PAR.LEVE,0.0
"Egypt, Arab Rep.",EGY,1992,Length of paid shared parental leave (calendar days),SH.PAR.LEVE,0.0
"Egypt, Arab Rep.",EGY,1991,Length of paid shared parental leave (calendar days),SH.PAR.LEVE,0.0
"Egypt, Arab Rep.",EGY,1990,Length of paid shared parental leave (calendar days),SH.PAR.LEVE,0.0
"Egypt, Arab Rep.",EGY,1989,Length of paid shared parental leave (calendar days),SH.PAR.LEVE,0.0
"Egypt, Arab Rep.",EGY,1988,Length of paid shared parental leave (calendar days),SH.PAR.LEVE,0.0
"Egypt, Arab Rep.",EGY,1987,Length of paid shared parental leave (calendar days),SH.PAR.LEVE,0.0
"Egypt, Arab Rep.",EGY,1986,Length of paid shared parental leave (calendar days),SH.PAR.LEVE,0.0
"Egypt, Arab Rep.",EGY,1985,Length of paid shared parental leave (calendar days),SH.PAR.LEVE,0.0
"Egypt, Arab Rep.",EGY,1984,Length of paid shared parental leave (calendar days),SH.PAR.LEVE,0.0
"Egypt, Arab Rep.",EGY,1983,Length of paid shared parental leave (calendar days),SH.PAR.LEVE,0.0
"Egypt, Arab Rep.",EGY,1982,Length of paid shared parental leave (calendar days),SH.PAR.LEVE,0.0
"Egypt, Arab Rep.",EGY,1981,Length of paid shared parental leave (calendar days),SH.PAR.LEVE,0.0
"Egypt, Arab Rep.",EGY,1980,Length of paid shared parental leave (calendar days),SH.PAR.LEVE,0.0
"Egypt, Arab Rep.",EGY,1979,Length of paid shared parental leave (calendar days),SH.PAR.LEVE,0.0
"Egypt, Arab Rep.",EGY,1978,Length of paid shared parental leave (calendar days),SH.PAR.LEVE,0.0
"Egypt, Arab Rep.",EGY,1977,Length of paid shared parental leave (calendar days),SH.PAR.LEVE,0.0
"Egypt, Arab Rep.",EGY,1976,Length of paid shared parental leave (calendar days),SH.PAR.LEVE,0.0
"Egypt, Arab Rep.",EGY,1975,Length of paid shared parental leave (calendar days),SH.PAR.LEVE,0.0
"Egypt, Arab Rep.",EGY,1974,Length of paid shared parental leave (calendar days),SH.PAR.LEVE,0.0
"Egypt, Arab Rep.",EGY,1973,Length of paid shared parental leave (calendar days),SH.PAR.LEVE,0.0
"Egypt, Arab Rep.",EGY,1972,Length of paid shared parental leave (calendar days),SH.PAR.LEVE,0.0
"Egypt, Arab Rep.",EGY,1971,Length of paid shared parental leave (calendar days),SH.PAR.LEVE,0.0
"Egypt, Arab Rep.",EGY,1970,Length of paid shared parental leave (calendar days),SH.PAR.LEVE,0.0
"Egypt, Arab Rep.",EGY,2022,There is paid parental leave (1=yes; 0=no),SH.PAR.LEVE.AL,0.0
"Egypt, Arab Rep.",EGY,2021,There is paid parental leave (1=yes; 0=no),SH.PAR.LEVE.AL,0.0
"Egypt, Arab Rep.",EGY,2020,There is paid parental leave (1=yes; 0=no),SH.PAR.LEVE.AL,0.0
"Egypt, Arab Rep.",EGY,2019,There is paid parental leave (1=yes; 0=no),SH.PAR.LEVE.AL,0.0
"Egypt, Arab Rep.",EGY,2018,There is paid parental leave (1=yes; 0=no),SH.PAR.LEVE.AL,0.0
"Egypt, Arab Rep.",EGY,2017,There is paid parental leave (1=yes; 0=no),SH.PAR.LEVE.AL,0.0
"Egypt, Arab Rep.",EGY,2016,There is paid parental leave (1=yes; 0=no),SH.PAR.LEVE.AL,0.0
"Egypt, Arab Rep.",EGY,2015,There is paid parental leave (1=yes; 0=no),SH.PAR.LEVE.AL,0.0
"Egypt, Arab Rep.",EGY,2014,There is paid parental leave (1=yes; 0=no),SH.PAR.LEVE.AL,0.0
"Egypt, Arab Rep.",EGY,2013,There is paid parental leave (1=yes; 0=no),SH.PAR.LEVE.AL,0.0
"Egypt, Arab Rep.",EGY,2012,There is paid parental leave (1=yes; 0=no),SH.PAR.LEVE.AL,0.0
"Egypt, Arab Rep.",EGY,2011,There is paid parental leave (1=yes; 0=no),SH.PAR.LEVE.AL,0.0
"Egypt, Arab Rep.",EGY,2010,There is paid parental leave (1=yes; 0=no),SH.PAR.LEVE.AL,0.0
"Egypt, Arab Rep.",EGY,2009,There is paid parental leave (1=yes; 0=no),SH.PAR.LEVE.AL,0.0
"Egypt, Arab Rep.",EGY,2008,There is paid parental leave (1=yes; 0=no),SH.PAR.LEVE.AL,0.0
"Egypt, Arab Rep.",EGY,2007,There is paid parental leave (1=yes; 0=no),SH.PAR.LEVE.AL,0.0
"Egypt, Arab Rep.",EGY,2006,There is paid parental leave (1=yes; 0=no),SH.PAR.LEVE.AL,0.0
"Egypt, Arab Rep.",EGY,2005,There is paid parental leave (1=yes; 0=no),SH.PAR.LEVE.AL,0.0
"Egypt, Arab Rep.",EGY,2004,There is paid parental leave (1=yes; 0=no),SH.PAR.LEVE.AL,0.0
"Egypt, Arab Rep.",EGY,2003,There is paid parental leave (1=yes; 0=no),SH.PAR.LEVE.AL,0.0
"Egypt, Arab Rep.",EGY,2002,There is paid parental leave (1=yes; 0=no),SH.PAR.LEVE.AL,0.0
"Egypt, Arab Rep.",EGY,2001,There is paid parental leave (1=yes; 0=no),SH.PAR.LEVE.AL,0.0
"Egypt, Arab Rep.",EGY,2000,There is paid parental leave (1=yes; 0=no),SH.PAR.LEVE.AL,0.0
"Egypt, Arab Rep.",EGY,1999,There is paid parental leave (1=yes; 0=no),SH.PAR.LEVE.AL,0.0
"Egypt, Arab Rep.",EGY,1998,There is paid parental leave (1=yes; 0=no),SH.PAR.LEVE.AL,0.0
"Egypt, Arab Rep.",EGY,1997,There is paid parental leave (1=yes; 0=no),SH.PAR.LEVE.AL,0.0
"Egypt, Arab Rep.",EGY,1996,There is paid parental leave (1=yes; 0=no),SH.PAR.LEVE.AL,0.0
"Egypt, Arab Rep.",EGY,1995,There is paid parental leave (1=yes; 0=no),SH.PAR.LEVE.AL,0.0
"Egypt, Arab Rep.",EGY,1994,There is paid parental leave (1=yes; 0=no),SH.PAR.LEVE.AL,0.0
"Egypt, Arab Rep.",EGY,1993,There is paid parental leave (1=yes; 0=no),SH.PAR.LEVE.AL,0.0
"Egypt, Arab Rep.",EGY,1992,There is paid parental leave (1=yes; 0=no),SH.PAR.LEVE.AL,0.0
"Egypt, Arab Rep.",EGY,1991,There is paid parental leave (1=yes; 0=no),SH.PAR.LEVE.AL,0.0
"Egypt, Arab Rep.",EGY,1990,There is paid parental leave (1=yes; 0=no),SH.PAR.LEVE.AL,0.0
"Egypt, Arab Rep.",EGY,1989,There is paid parental leave (1=yes; 0=no),SH.PAR.LEVE.AL,0.0
"Egypt, Arab Rep.",EGY,1988,There is paid parental leave (1=yes; 0=no),SH.PAR.LEVE.AL,0.0
"Egypt, Arab Rep.",EGY,1987,There is paid parental leave (1=yes; 0=no),SH.PAR.LEVE.AL,0.0
"Egypt, Arab Rep.",EGY,1986,There is paid parental leave (1=yes; 0=no),SH.PAR.LEVE.AL,0.0
"Egypt, Arab Rep.",EGY,1985,There is paid parental leave (1=yes; 0=no),SH.PAR.LEVE.AL,0.0
"Egypt, Arab Rep.",EGY,1984,There is paid parental leave (1=yes; 0=no),SH.PAR.LEVE.AL,0.0
"Egypt, Arab Rep.",EGY,1983,There is paid parental leave (1=yes; 0=no),SH.PAR.LEVE.AL,0.0
"Egypt, Arab Rep.",EGY,1982,There is paid parental leave (1=yes; 0=no),SH.PAR.LEVE.AL,0.0
"Egypt, Arab Rep.",EGY,1981,There is paid parental leave (1=yes; 0=no),SH.PAR.LEVE.AL,0.0
"Egypt, Arab Rep.",EGY,1980,There is paid parental leave (1=yes; 0=no),SH.PAR.LEVE.AL,0.0
"Egypt, Arab Rep.",EGY,1979,There is paid parental leave (1=yes; 0=no),SH.PAR.LEVE.AL,0.0
"Egypt, Arab Rep.",EGY,1978,There is paid parental leave (1=yes; 0=no),SH.PAR.LEVE.AL,0.0
"Egypt, Arab Rep.",EGY,1977,There is paid parental leave (1=yes; 0=no),SH.PAR.LEVE.AL,0.0
"Egypt, Arab Rep.",EGY,1976,There is paid parental leave (1=yes; 0=no),SH.PAR.LEVE.AL,0.0
"Egypt, Arab Rep.",EGY,1975,There is paid parental leave (1=yes; 0=no),SH.PAR.LEVE.AL,0.0
"Egypt, Arab Rep.",EGY,1974,There is paid parental leave (1=yes; 0=no),SH.PAR.LEVE.AL,0.0
"Egypt, Arab Rep.",EGY,1973,There is paid parental leave (1=yes; 0=no),SH.PAR.LEVE.AL,0.0
"Egypt, Arab Rep.",EGY,1972,There is paid parental leave (1=yes; 0=no),SH.PAR.LEVE.AL,0.0
"Egypt, Arab Rep.",EGY,1971,There is paid parental leave (1=yes; 0=no),SH.PAR.LEVE.AL,0.0
"Egypt, Arab Rep.",EGY,1970,There is paid parental leave (1=yes; 0=no),SH.PAR.LEVE.AL,0.0
"Egypt, Arab Rep.",EGY,2022,Length of paid parental leave for mother (calendar days),SH.PAR.LEVE.FE,0.0
"Egypt, Arab Rep.",EGY,2021,Length of paid parental leave for mother (calendar days),SH.PAR.LEVE.FE,0.0
"Egypt, Arab Rep.",EGY,2020,Length of paid parental leave for mother (calendar days),SH.PAR.LEVE.FE,0.0
"Egypt, Arab Rep.",EGY,2019,Length of paid parental leave for mother (calendar days),SH.PAR.LEVE.FE,0.0
"Egypt, Arab Rep.",EGY,2018,Length of paid parental leave for mother (calendar days),SH.PAR.LEVE.FE,0.0
"Egypt, Arab Rep.",EGY,2017,Length of paid parental leave for mother (calendar days),SH.PAR.LEVE.FE,0.0
"Egypt, Arab Rep.",EGY,2016,Length of paid parental leave for mother (calendar days),SH.PAR.LEVE.FE,0.0
"Egypt, Arab Rep.",EGY,2015,Length of paid parental leave for mother (calendar days),SH.PAR.LEVE.FE,0.0
"Egypt, Arab Rep.",EGY,2014,Length of paid parental leave for mother (calendar days),SH.PAR.LEVE.FE,0.0
"Egypt, Arab Rep.",EGY,2013,Length of paid parental leave for mother (calendar days),SH.PAR.LEVE.FE,0.0
"Egypt, Arab Rep.",EGY,2012,Length of paid parental leave for mother (calendar days),SH.PAR.LEVE.FE,0.0
"Egypt, Arab Rep.",EGY,2011,Length of paid parental leave for mother (calendar days),SH.PAR.LEVE.FE,0.0
"Egypt, Arab Rep.",EGY,2010,Length of paid parental leave for mother (calendar days),SH.PAR.LEVE.FE,0.0
"Egypt, Arab Rep.",EGY,2009,Length of paid parental leave for mother (calendar days),SH.PAR.LEVE.FE,0.0
"Egypt, Arab Rep.",EGY,2008,Length of paid parental leave for mother (calendar days),SH.PAR.LEVE.FE,0.0
"Egypt, Arab Rep.",EGY,2007,Length of paid parental leave for mother (calendar days),SH.PAR.LEVE.FE,0.0
"Egypt, Arab Rep.",EGY,2006,Length of paid parental leave for mother (calendar days),SH.PAR.LEVE.FE,0.0
"Egypt, Arab Rep.",EGY,2005,Length of paid parental leave for mother (calendar days),SH.PAR.LEVE.FE,0.0
"Egypt, Arab Rep.",EGY,2004,Length of paid parental leave for mother (calendar days),SH.PAR.LEVE.FE,0.0
"Egypt, Arab Rep.",EGY,2003,Length of paid parental leave for mother (calendar days),SH.PAR.LEVE.FE,0.0
"Egypt, Arab Rep.",EGY,2002,Length of paid parental leave for mother (calendar days),SH.PAR.LEVE.FE,0.0
"Egypt, Arab Rep.",EGY,2001,Length of paid parental leave for mother (calendar days),SH.PAR.LEVE.FE,0.0
"Egypt, Arab Rep.",EGY,2000,Length of paid parental leave for mother (calendar days),SH.PAR.LEVE.FE,0.0
"Egypt, Arab Rep.",EGY,1999,Length of paid parental leave for mother (calendar days),SH.PAR.LEVE.FE,0.0
"Egypt, Arab Rep.",EGY,1998,Length of paid parental leave for mother (calendar days),SH.PAR.LEVE.FE,0.0
"Egypt, Arab Rep.",EGY,1997,Length of paid parental leave for mother (calendar days),SH.PAR.LEVE.FE,0.0
"Egypt, Arab Rep.",EGY,1996,Length of paid parental leave for mother (calendar days),SH.PAR.LEVE.FE,0.0
"Egypt, Arab Rep.",EGY,1995,Length of paid parental leave for mother (calendar days),SH.PAR.LEVE.FE,0.0
"Egypt, Arab Rep.",EGY,1994,Length of paid parental leave for mother (calendar days),SH.PAR.LEVE.FE,0.0
"Egypt, Arab Rep.",EGY,1993,Length of paid parental leave for mother (calendar days),SH.PAR.LEVE.FE,0.0
"Egypt, Arab Rep.",EGY,1992,Length of paid parental leave for mother (calendar days),SH.PAR.LEVE.FE,0.0
"Egypt, Arab Rep.",EGY,1991,Length of paid parental leave for mother (calendar days),SH.PAR.LEVE.FE,0.0
"Egypt, Arab Rep.",EGY,1990,Length of paid parental leave for mother (calendar days),SH.PAR.LEVE.FE,0.0
"Egypt, Arab Rep.",EGY,1989,Length of paid parental leave for mother (calendar days),SH.PAR.LEVE.FE,0.0
"Egypt, Arab Rep.",EGY,1988,Length of paid parental leave for mother (calendar days),SH.PAR.LEVE.FE,0.0
"Egypt, Arab Rep.",EGY,1987,Length of paid parental leave for mother (calendar days),SH.PAR.LEVE.FE,0.0
"Egypt, Arab Rep.",EGY,1986,Length of paid parental leave for mother (calendar days),SH.PAR.LEVE.FE,0.0
"Egypt, Arab Rep.",EGY,1985,Length of paid parental leave for mother (calendar days),SH.PAR.LEVE.FE,0.0
"Egypt, Arab Rep.",EGY,1984,Length of paid parental leave for mother (calendar days),SH.PAR.LEVE.FE,0.0
"Egypt, Arab Rep.",EGY,1983,Length of paid parental leave for mother (calendar days),SH.PAR.LEVE.FE,0.0
"Egypt, Arab Rep.",EGY,1982,Length of paid parental leave for mother (calendar days),SH.PAR.LEVE.FE,0.0
"Egypt, Arab Rep.",EGY,1981,Length of paid parental leave for mother (calendar days),SH.PAR.LEVE.FE,0.0
"Egypt, Arab Rep.",EGY,1980,Length of paid parental leave for mother (calendar days),SH.PAR.LEVE.FE,0.0
"Egypt, Arab Rep.",EGY,1979,Length of paid parental leave for mother (calendar days),SH.PAR.LEVE.FE,0.0
"Egypt, Arab Rep.",EGY,1978,Length of paid parental leave for mother (calendar days),SH.PAR.LEVE.FE,0.0
"Egypt, Arab Rep.",EGY,1977,Length of paid parental leave for mother (calendar days),SH.PAR.LEVE.FE,0.0
"Egypt, Arab Rep.",EGY,1976,Length of paid parental leave for mother (calendar days),SH.PAR.LEVE.FE,0.0
"Egypt, Arab Rep.",EGY,1975,Length of paid parental leave for mother (calendar days),SH.PAR.LEVE.FE,0.0
"Egypt, Arab Rep.",EGY,1974,Length of paid parental leave for mother (calendar days),SH.PAR.LEVE.FE,0.0
"Egypt, Arab Rep.",EGY,1973,Length of paid parental leave for mother (calendar days),SH.PAR.LEVE.FE,0.0
"Egypt, Arab Rep.",EGY,1972,Length of paid parental leave for mother (calendar days),SH.PAR.LEVE.FE,0.0
"Egypt, Arab Rep.",EGY,1971,Length of paid parental leave for mother (calendar days),SH.PAR.LEVE.FE,0.0
"Egypt, Arab Rep.",EGY,1970,Length of paid parental leave for mother (calendar days),SH.PAR.LEVE.FE,0.0
"Egypt, Arab Rep.",EGY,2022,Length of paid parental leave for father (calendar days),SH.PAR.LEVE.MA,0.0
"Egypt, Arab Rep.",EGY,2021,Length of paid parental leave for father (calendar days),SH.PAR.LEVE.MA,0.0
"Egypt, Arab Rep.",EGY,2020,Length of paid parental leave for father (calendar days),SH.PAR.LEVE.MA,0.0
"Egypt, Arab Rep.",EGY,2019,Length of paid parental leave for father (calendar days),SH.PAR.LEVE.MA,0.0
"Egypt, Arab Rep.",EGY,2018,Length of paid parental leave for father (calendar days),SH.PAR.LEVE.MA,0.0
"Egypt, Arab Rep.",EGY,2017,Length of paid parental leave for father (calendar days),SH.PAR.LEVE.MA,0.0
"Egypt, Arab Rep.",EGY,2016,Length of paid parental leave for father (calendar days),SH.PAR.LEVE.MA,0.0
"Egypt, Arab Rep.",EGY,2015,Length of paid parental leave for father (calendar days),SH.PAR.LEVE.MA,0.0
"Egypt, Arab Rep.",EGY,2014,Length of paid parental leave for father (calendar days),SH.PAR.LEVE.MA,0.0
"Egypt, Arab Rep.",EGY,2013,Length of paid parental leave for father (calendar days),SH.PAR.LEVE.MA,0.0
"Egypt, Arab Rep.",EGY,2012,Length of paid parental leave for father (calendar days),SH.PAR.LEVE.MA,0.0
"Egypt, Arab Rep.",EGY,2011,Length of paid parental leave for father (calendar days),SH.PAR.LEVE.MA,0.0
"Egypt, Arab Rep.",EGY,2010,Length of paid parental leave for father (calendar days),SH.PAR.LEVE.MA,0.0
"Egypt, Arab Rep.",EGY,2009,Length of paid parental leave for father (calendar days),SH.PAR.LEVE.MA,0.0
"Egypt, Arab Rep.",EGY,2008,Length of paid parental leave for father (calendar days),SH.PAR.LEVE.MA,0.0
"Egypt, Arab Rep.",EGY,2007,Length of paid parental leave for father (calendar days),SH.PAR.LEVE.MA,0.0
"Egypt, Arab Rep.",EGY,2006,Length of paid parental leave for father (calendar days),SH.PAR.LEVE.MA,0.0
"Egypt, Arab Rep.",EGY,2005,Length of paid parental leave for father (calendar days),SH.PAR.LEVE.MA,0.0
"Egypt, Arab Rep.",EGY,2004,Length of paid parental leave for father (calendar days),SH.PAR.LEVE.MA,0.0
"Egypt, Arab Rep.",EGY,2003,Length of paid parental leave for father (calendar days),SH.PAR.LEVE.MA,0.0
"Egypt, Arab Rep.",EGY,2002,Length of paid parental leave for father (calendar days),SH.PAR.LEVE.MA,0.0
"Egypt, Arab Rep.",EGY,2001,Length of paid parental leave for father (calendar days),SH.PAR.LEVE.MA,0.0
"Egypt, Arab Rep.",EGY,2000,Length of paid parental leave for father (calendar days),SH.PAR.LEVE.MA,0.0
"Egypt, Arab Rep.",EGY,1999,Length of paid parental leave for father (calendar days),SH.PAR.LEVE.MA,0.0
"Egypt, Arab Rep.",EGY,1998,Length of paid parental leave for father (calendar days),SH.PAR.LEVE.MA,0.0
"Egypt, Arab Rep.",EGY,1997,Length of paid parental leave for father (calendar days),SH.PAR.LEVE.MA,0.0
"Egypt, Arab Rep.",EGY,1996,Length of paid parental leave for father (calendar days),SH.PAR.LEVE.MA,0.0
"Egypt, Arab Rep.",EGY,1995,Length of paid parental leave for father (calendar days),SH.PAR.LEVE.MA,0.0
"Egypt, Arab Rep.",EGY,1994,Length of paid parental leave for father (calendar days),SH.PAR.LEVE.MA,0.0
"Egypt, Arab Rep.",EGY,1993,Length of paid parental leave for father (calendar days),SH.PAR.LEVE.MA,0.0
"Egypt, Arab Rep.",EGY,1992,Length of paid parental leave for father (calendar days),SH.PAR.LEVE.MA,0.0
"Egypt, Arab Rep.",EGY,1991,Length of paid parental leave for father (calendar days),SH.PAR.LEVE.MA,0.0
"Egypt, Arab Rep.",EGY,1990,Length of paid parental leave for father (calendar days),SH.PAR.LEVE.MA,0.0
"Egypt, Arab Rep.",EGY,1989,Length of paid parental leave for father (calendar days),SH.PAR.LEVE.MA,0.0
"Egypt, Arab Rep.",EGY,1988,Length of paid parental leave for father (calendar days),SH.PAR.LEVE.MA,0.0
"Egypt, Arab Rep.",EGY,1987,Length of paid parental leave for father (calendar days),SH.PAR.LEVE.MA,0.0
"Egypt, Arab Rep.",EGY,1986,Length of paid parental leave for father (calendar days),SH.PAR.LEVE.MA,0.0
"Egypt, Arab Rep.",EGY,1985,Length of paid parental leave for father (calendar days),SH.PAR.LEVE.MA,0.0
"Egypt, Arab Rep.",EGY,1984,Length of paid parental leave for father (calendar days),SH.PAR.LEVE.MA,0.0
"Egypt, Arab Rep.",EGY,1983,Length of paid parental leave for father (calendar days),SH.PAR.LEVE.MA,0.0
"Egypt, Arab Rep.",EGY,1982,Length of paid parental leave for father (calendar days),SH.PAR.LEVE.MA,0.0
"Egypt, Arab Rep.",EGY,1981,Length of paid parental leave for father (calendar days),SH.PAR.LEVE.MA,0.0
"Egypt, Arab Rep.",EGY,1980,Length of paid parental leave for father (calendar days),SH.PAR.LEVE.MA,0.0
"Egypt, Arab Rep.",EGY,1979,Length of paid parental leave for father (calendar days),SH.PAR.LEVE.MA,0.0
"Egypt, Arab Rep.",EGY,1978,Length of paid parental leave for father (calendar days),SH.PAR.LEVE.MA,0.0
"Egypt, Arab Rep.",EGY,1977,Length of paid parental leave for father (calendar days),SH.PAR.LEVE.MA,0.0
"Egypt, Arab Rep.",EGY,1976,Length of paid parental leave for father (calendar days),SH.PAR.LEVE.MA,0.0
"Egypt, Arab Rep.",EGY,1975,Length of paid parental leave for father (calendar days),SH.PAR.LEVE.MA,0.0
"Egypt, Arab Rep.",EGY,1974,Length of paid parental leave for father (calendar days),SH.PAR.LEVE.MA,0.0
"Egypt, Arab Rep.",EGY,1973,Length of paid parental leave for father (calendar days),SH.PAR.LEVE.MA,0.0
"Egypt, Arab Rep.",EGY,1972,Length of paid parental leave for father (calendar days),SH.PAR.LEVE.MA,0.0
"Egypt, Arab Rep.",EGY,1971,Length of paid parental leave for father (calendar days),SH.PAR.LEVE.MA,0.0
"Egypt, Arab Rep.",EGY,1970,Length of paid parental leave for father (calendar days),SH.PAR.LEVE.MA,0.0
"Egypt, Arab Rep.",EGY,2022,Length of paid paternity leave (calendar days),SH.PTR.LEVE,0.0
"Egypt, Arab Rep.",EGY,2021,Length of paid paternity leave (calendar days),SH.PTR.LEVE,0.0
"Egypt, Arab Rep.",EGY,2020,Length of paid paternity leave (calendar days),SH.PTR.LEVE,0.0
"Egypt, Arab Rep.",EGY,2019,Length of paid paternity leave (calendar days),SH.PTR.LEVE,0.0
"Egypt, Arab Rep.",EGY,2018,Length of paid paternity leave (calendar days),SH.PTR.LEVE,0.0
"Egypt, Arab Rep.",EGY,2017,Length of paid paternity leave (calendar days),SH.PTR.LEVE,0.0
"Egypt, Arab Rep.",EGY,2016,Length of paid paternity leave (calendar days),SH.PTR.LEVE,0.0
"Egypt, Arab Rep.",EGY,2015,Length of paid paternity leave (calendar days),SH.PTR.LEVE,0.0
"Egypt, Arab Rep.",EGY,2014,Length of paid paternity leave (calendar days),SH.PTR.LEVE,0.0
"Egypt, Arab Rep.",EGY,2013,Length of paid paternity leave (calendar days),SH.PTR.LEVE,0.0
"Egypt, Arab Rep.",EGY,2012,Length of paid paternity leave (calendar days),SH.PTR.LEVE,0.0
"Egypt, Arab Rep.",EGY,2011,Length of paid paternity leave (calendar days),SH.PTR.LEVE,0.0
"Egypt, Arab Rep.",EGY,2010,Length of paid paternity leave (calendar days),SH.PTR.LEVE,0.0
"Egypt, Arab Rep.",EGY,2009,Length of paid paternity leave (calendar days),SH.PTR.LEVE,0.0
"Egypt, Arab Rep.",EGY,2008,Length of paid paternity leave (calendar days),SH.PTR.LEVE,0.0
"Egypt, Arab Rep.",EGY,2007,Length of paid paternity leave (calendar days),SH.PTR.LEVE,0.0
"Egypt, Arab Rep.",EGY,2006,Length of paid paternity leave (calendar days),SH.PTR.LEVE,0.0
"Egypt, Arab Rep.",EGY,2005,Length of paid paternity leave (calendar days),SH.PTR.LEVE,0.0
"Egypt, Arab Rep.",EGY,2004,Length of paid paternity leave (calendar days),SH.PTR.LEVE,0.0
"Egypt, Arab Rep.",EGY,2003,Length of paid paternity leave (calendar days),SH.PTR.LEVE,0.0
"Egypt, Arab Rep.",EGY,2002,Length of paid paternity leave (calendar days),SH.PTR.LEVE,0.0
"Egypt, Arab Rep.",EGY,2001,Length of paid paternity leave (calendar days),SH.PTR.LEVE,0.0
"Egypt, Arab Rep.",EGY,2000,Length of paid paternity leave (calendar days),SH.PTR.LEVE,0.0
"Egypt, Arab Rep.",EGY,1999,Length of paid paternity leave (calendar days),SH.PTR.LEVE,0.0
"Egypt, Arab Rep.",EGY,1998,Length of paid paternity leave (calendar days),SH.PTR.LEVE,0.0
"Egypt, Arab Rep.",EGY,1997,Length of paid paternity leave (calendar days),SH.PTR.LEVE,0.0
"Egypt, Arab Rep.",EGY,1996,Length of paid paternity leave (calendar days),SH.PTR.LEVE,0.0
"Egypt, Arab Rep.",EGY,1995,Length of paid paternity leave (calendar days),SH.PTR.LEVE,0.0
"Egypt, Arab Rep.",EGY,1994,Length of paid paternity leave (calendar days),SH.PTR.LEVE,0.0
"Egypt, Arab Rep.",EGY,1993,Length of paid paternity leave (calendar days),SH.PTR.LEVE,0.0
"Egypt, Arab Rep.",EGY,1992,Length of paid paternity leave (calendar days),SH.PTR.LEVE,0.0
"Egypt, Arab Rep.",EGY,1991,Length of paid paternity leave (calendar days),SH.PTR.LEVE,0.0
"Egypt, Arab Rep.",EGY,1990,Length of paid paternity leave (calendar days),SH.PTR.LEVE,0.0
"Egypt, Arab Rep.",EGY,1989,Length of paid paternity leave (calendar days),SH.PTR.LEVE,0.0
"Egypt, Arab Rep.",EGY,1988,Length of paid paternity leave (calendar days),SH.PTR.LEVE,0.0
"Egypt, Arab Rep.",EGY,1987,Length of paid paternity leave (calendar days),SH.PTR.LEVE,0.0
"Egypt, Arab Rep.",EGY,1986,Length of paid paternity leave (calendar days),SH.PTR.LEVE,0.0
"Egypt, Arab Rep.",EGY,1985,Length of paid paternity leave (calendar days),SH.PTR.LEVE,0.0
"Egypt, Arab Rep.",EGY,1984,Length of paid paternity leave (calendar days),SH.PTR.LEVE,0.0
"Egypt, Arab Rep.",EGY,1983,Length of paid paternity leave (calendar days),SH.PTR.LEVE,0.0
"Egypt, Arab Rep.",EGY,1982,Length of paid paternity leave (calendar days),SH.PTR.LEVE,0.0
"Egypt, Arab Rep.",EGY,1981,Length of paid paternity leave (calendar days),SH.PTR.LEVE,0.0
"Egypt, Arab Rep.",EGY,1980,Length of paid paternity leave (calendar days),SH.PTR.LEVE,0.0
"Egypt, Arab Rep.",EGY,1979,Length of paid paternity leave (calendar days),SH.PTR.LEVE,0.0
"Egypt, Arab Rep.",EGY,1978,Length of paid paternity leave (calendar days),SH.PTR.LEVE,0.0
"Egypt, Arab Rep.",EGY,1977,Length of paid paternity leave (calendar days),SH.PTR.LEVE,0.0
"Egypt, Arab Rep.",EGY,1976,Length of paid paternity leave (calendar days),SH.PTR.LEVE,0.0
"Egypt, Arab Rep.",EGY,1975,Length of paid paternity leave (calendar days),SH.PTR.LEVE,0.0
"Egypt, Arab Rep.",EGY,1974,Length of paid paternity leave (calendar days),SH.PTR.LEVE,0.0
"Egypt, Arab Rep.",EGY,1973,Length of paid paternity leave (calendar days),SH.PTR.LEVE,0.0
"Egypt, Arab Rep.",EGY,1972,Length of paid paternity leave (calendar days),SH.PTR.LEVE,0.0
"Egypt, Arab Rep.",EGY,1971,Length of paid paternity leave (calendar days),SH.PTR.LEVE,0.0
"Egypt, Arab Rep.",EGY,1970,Length of paid paternity leave (calendar days),SH.PTR.LEVE,0.0
"Egypt, Arab Rep.",EGY,2022,Paid leave is available to fathers (1=yes; 0=no),SH.PTR.LEVE.AL,0.0
"Egypt, Arab Rep.",EGY,2021,Paid leave is available to fathers (1=yes; 0=no),SH.PTR.LEVE.AL,0.0
"Egypt, Arab Rep.",EGY,2020,Paid leave is available to fathers (1=yes; 0=no),SH.PTR.LEVE.AL,0.0
"Egypt, Arab Rep.",EGY,2019,Paid leave is available to fathers (1=yes; 0=no),SH.PTR.LEVE.AL,0.0
"Egypt, Arab Rep.",EGY,2018,Paid leave is available to fathers (1=yes; 0=no),SH.PTR.LEVE.AL,0.0
"Egypt, Arab Rep.",EGY,2017,Paid leave is available to fathers (1=yes; 0=no),SH.PTR.LEVE.AL,0.0
"Egypt, Arab Rep.",EGY,2016,Paid leave is available to fathers (1=yes; 0=no),SH.PTR.LEVE.AL,0.0
"Egypt, Arab Rep.",EGY,2015,Paid leave is available to fathers (1=yes; 0=no),SH.PTR.LEVE.AL,0.0
"Egypt, Arab Rep.",EGY,2014,Paid leave is available to fathers (1=yes; 0=no),SH.PTR.LEVE.AL,0.0
"Egypt, Arab Rep.",EGY,2013,Paid leave is available to fathers (1=yes; 0=no),SH.PTR.LEVE.AL,0.0
"Egypt, Arab Rep.",EGY,2012,Paid leave is available to fathers (1=yes; 0=no),SH.PTR.LEVE.AL,0.0
"Egypt, Arab Rep.",EGY,2011,Paid leave is available to fathers (1=yes; 0=no),SH.PTR.LEVE.AL,0.0
"Egypt, Arab Rep.",EGY,2010,Paid leave is available to fathers (1=yes; 0=no),SH.PTR.LEVE.AL,0.0
"Egypt, Arab Rep.",EGY,2009,Paid leave is available to fathers (1=yes; 0=no),SH.PTR.LEVE.AL,0.0
"Egypt, Arab Rep.",EGY,2008,Paid leave is available to fathers (1=yes; 0=no),SH.PTR.LEVE.AL,0.0
"Egypt, Arab Rep.",EGY,2007,Paid leave is available to fathers (1=yes; 0=no),SH.PTR.LEVE.AL,0.0
"Egypt, Arab Rep.",EGY,2006,Paid leave is available to fathers (1=yes; 0=no),SH.PTR.LEVE.AL,0.0
"Egypt, Arab Rep.",EGY,2005,Paid leave is available to fathers (1=yes; 0=no),SH.PTR.LEVE.AL,0.0
"Egypt, Arab Rep.",EGY,2004,Paid leave is available to fathers (1=yes; 0=no),SH.PTR.LEVE.AL,0.0
"Egypt, Arab Rep.",EGY,2003,Paid leave is available to fathers (1=yes; 0=no),SH.PTR.LEVE.AL,0.0
"Egypt, Arab Rep.",EGY,2002,Paid leave is available to fathers (1=yes; 0=no),SH.PTR.LEVE.AL,0.0
"Egypt, Arab Rep.",EGY,2001,Paid leave is available to fathers (1=yes; 0=no),SH.PTR.LEVE.AL,0.0
"Egypt, Arab Rep.",EGY,2000,Paid leave is available to fathers (1=yes; 0=no),SH.PTR.LEVE.AL,0.0
"Egypt, Arab Rep.",EGY,1999,Paid leave is available to fathers (1=yes; 0=no),SH.PTR.LEVE.AL,0.0
"Egypt, Arab Rep.",EGY,1998,Paid leave is available to fathers (1=yes; 0=no),SH.PTR.LEVE.AL,0.0
"Egypt, Arab Rep.",EGY,1997,Paid leave is available to fathers (1=yes; 0=no),SH.PTR.LEVE.AL,0.0
"Egypt, Arab Rep.",EGY,1996,Paid leave is available to fathers (1=yes; 0=no),SH.PTR.LEVE.AL,0.0
"Egypt, Arab Rep.",EGY,1995,Paid leave is available to fathers (1=yes; 0=no),SH.PTR.LEVE.AL,0.0
"Egypt, Arab Rep.",EGY,1994,Paid leave is available to fathers (1=yes; 0=no),SH.PTR.LEVE.AL,0.0
"Egypt, Arab Rep.",EGY,1993,Paid leave is available to fathers (1=yes; 0=no),SH.PTR.LEVE.AL,0.0
"Egypt, Arab Rep.",EGY,1992,Paid leave is available to fathers (1=yes; 0=no),SH.PTR.LEVE.AL,0.0
"Egypt, Arab Rep.",EGY,1991,Paid leave is available to fathers (1=yes; 0=no),SH.PTR.LEVE.AL,0.0
"Egypt, Arab Rep.",EGY,1990,Paid leave is available to fathers (1=yes; 0=no),SH.PTR.LEVE.AL,0.0
"Egypt, Arab Rep.",EGY,1989,Paid leave is available to fathers (1=yes; 0=no),SH.PTR.LEVE.AL,0.0
"Egypt, Arab Rep.",EGY,1988,Paid leave is available to fathers (1=yes; 0=no),SH.PTR.LEVE.AL,0.0
"Egypt, Arab Rep.",EGY,1987,Paid leave is available to fathers (1=yes; 0=no),SH.PTR.LEVE.AL,0.0
"Egypt, Arab Rep.",EGY,1986,Paid leave is available to fathers (1=yes; 0=no),SH.PTR.LEVE.AL,0.0
"Egypt, Arab Rep.",EGY,1985,Paid leave is available to fathers (1=yes; 0=no),SH.PTR.LEVE.AL,0.0
"Egypt, Arab Rep.",EGY,1984,Paid leave is available to fathers (1=yes; 0=no),SH.PTR.LEVE.AL,0.0
"Egypt, Arab Rep.",EGY,1983,Paid leave is available to fathers (1=yes; 0=no),SH.PTR.LEVE.AL,0.0
"Egypt, Arab Rep.",EGY,1982,Paid leave is available to fathers (1=yes; 0=no),SH.PTR.LEVE.AL,0.0
"Egypt, Arab Rep.",EGY,1981,Paid leave is available to fathers (1=yes; 0=no),SH.PTR.LEVE.AL,0.0
"Egypt, Arab Rep.",EGY,1980,Paid leave is available to fathers (1=yes; 0=no),SH.PTR.LEVE.AL,0.0
"Egypt, Arab Rep.",EGY,1979,Paid leave is available to fathers (1=yes; 0=no),SH.PTR.LEVE.AL,0.0
"Egypt, Arab Rep.",EGY,1978,Paid leave is available to fathers (1=yes; 0=no),SH.PTR.LEVE.AL,0.0
"Egypt, Arab Rep.",EGY,1977,Paid leave is available to fathers (1=yes; 0=no),SH.PTR.LEVE.AL,0.0
"Egypt, Arab Rep.",EGY,1976,Paid leave is available to fathers (1=yes; 0=no),SH.PTR.LEVE.AL,0.0
"Egypt, Arab Rep.",EGY,1975,Paid leave is available to fathers (1=yes; 0=no),SH.PTR.LEVE.AL,0.0
"Egypt, Arab Rep.",EGY,1974,Paid leave is available to fathers (1=yes; 0=no),SH.PTR.LEVE.AL,0.0
"Egypt, Arab Rep.",EGY,1973,Paid leave is available to fathers (1=yes; 0=no),SH.PTR.LEVE.AL,0.0
"Egypt, Arab Rep.",EGY,1972,Paid leave is available to fathers (1=yes; 0=no),SH.PTR.LEVE.AL,0.0
"Egypt, Arab Rep.",EGY,1971,Paid leave is available to fathers (1=yes; 0=no),SH.PTR.LEVE.AL,0.0
"Egypt, Arab Rep.",EGY,1970,Paid leave is available to fathers (1=yes; 0=no),SH.PTR.LEVE.AL,0.0
"Egypt, Arab Rep.",EGY,2016,"Prevalence of obesity, female (% of female population ages 18+)",SH.STA.OB18.FE.ZS,41.1
"Egypt, Arab Rep.",EGY,2015,"Prevalence of obesity, female (% of female population ages 18+)",SH.STA.OB18.FE.ZS,40.4
"Egypt, Arab Rep.",EGY,2014,"Prevalence of obesity, female (% of female population ages 18+)",SH.STA.OB18.FE.ZS,39.7
"Egypt, Arab Rep.",EGY,2013,"Prevalence of obesity, female (% of female population ages 18+)",SH.STA.OB18.FE.ZS,39.0
"Egypt, Arab Rep.",EGY,2012,"Prevalence of obesity, female (% of female population ages 18+)",SH.STA.OB18.FE.ZS,38.3
"Egypt, Arab Rep.",EGY,2011,"Prevalence of obesity, female (% of female population ages 18+)",SH.STA.OB18.FE.ZS,37.6
"Egypt, Arab Rep.",EGY,2010,"Prevalence of obesity, female (% of female population ages 18+)",SH.STA.OB18.FE.ZS,37.0
"Egypt, Arab Rep.",EGY,2009,"Prevalence of obesity, female (% of female population ages 18+)",SH.STA.OB18.FE.ZS,36.3
"Egypt, Arab Rep.",EGY,2008,"Prevalence of obesity, female (% of female population ages 18+)",SH.STA.OB18.FE.ZS,35.6
"Egypt, Arab Rep.",EGY,2007,"Prevalence of obesity, female (% of female population ages 18+)",SH.STA.OB18.FE.ZS,35.0
"Egypt, Arab Rep.",EGY,2006,"Prevalence of obesity, female (% of female population ages 18+)",SH.STA.OB18.FE.ZS,34.3
"Egypt, Arab Rep.",EGY,2005,"Prevalence of obesity, female (% of female population ages 18+)",SH.STA.OB18.FE.ZS,33.7
"Egypt, Arab Rep.",EGY,2004,"Prevalence of obesity, female (% of female population ages 18+)",SH.STA.OB18.FE.ZS,33.0
"Egypt, Arab Rep.",EGY,2003,"Prevalence of obesity, female (% of female population ages 18+)",SH.STA.OB18.FE.ZS,32.4
"Egypt, Arab Rep.",EGY,2002,"Prevalence of obesity, female (% of female population ages 18+)",SH.STA.OB18.FE.ZS,31.8
"Egypt, Arab Rep.",EGY,2001,"Prevalence of obesity, female (% of female population ages 18+)",SH.STA.OB18.FE.ZS,31.2
"Egypt, Arab Rep.",EGY,2000,"Prevalence of obesity, female (% of female population ages 18+)",SH.STA.OB18.FE.ZS,30.6
"Egypt, Arab Rep.",EGY,1999,"Prevalence of obesity, female (% of female population ages 18+)",SH.STA.OB18.FE.ZS,30.0
"Egypt, Arab Rep.",EGY,1998,"Prevalence of obesity, female (% of female population ages 18+)",SH.STA.OB18.FE.ZS,29.4
"Egypt, Arab Rep.",EGY,1997,"Prevalence of obesity, female (% of female population ages 18+)",SH.STA.OB18.FE.ZS,28.8
"Egypt, Arab Rep.",EGY,1996,"Prevalence of obesity, female (% of female population ages 18+)",SH.STA.OB18.FE.ZS,28.3
"Egypt, Arab Rep.",EGY,1995,"Prevalence of obesity, female (% of female population ages 18+)",SH.STA.OB18.FE.ZS,27.8
"Egypt, Arab Rep.",EGY,1994,"Prevalence of obesity, female (% of female population ages 18+)",SH.STA.OB18.FE.ZS,27.2
"Egypt, Arab Rep.",EGY,1993,"Prevalence of obesity, female (% of female population ages 18+)",SH.STA.OB18.FE.ZS,26.7
"Egypt, Arab Rep.",EGY,1992,"Prevalence of obesity, female (% of female population ages 18+)",SH.STA.OB18.FE.ZS,26.2
"Egypt, Arab Rep.",EGY,1991,"Prevalence of obesity, female (% of female population ages 18+)",SH.STA.OB18.FE.ZS,25.7
"Egypt, Arab Rep.",EGY,1990,"Prevalence of obesity, female (% of female population ages 18+)",SH.STA.OB18.FE.ZS,25.2
"Egypt, Arab Rep.",EGY,1989,"Prevalence of obesity, female (% of female population ages 18+)",SH.STA.OB18.FE.ZS,24.7
"Egypt, Arab Rep.",EGY,1988,"Prevalence of obesity, female (% of female population ages 18+)",SH.STA.OB18.FE.ZS,24.2
"Egypt, Arab Rep.",EGY,1987,"Prevalence of obesity, female (% of female population ages 18+)",SH.STA.OB18.FE.ZS,23.7
"Egypt, Arab Rep.",EGY,1986,"Prevalence of obesity, female (% of female population ages 18+)",SH.STA.OB18.FE.ZS,23.2
"Egypt, Arab Rep.",EGY,1985,"Prevalence of obesity, female (% of female population ages 18+)",SH.STA.OB18.FE.ZS,22.7
"Egypt, Arab Rep.",EGY,1984,"Prevalence of obesity, female (% of female population ages 18+)",SH.STA.OB18.FE.ZS,22.3
"Egypt, Arab Rep.",EGY,1983,"Prevalence of obesity, female (% of female population ages 18+)",SH.STA.OB18.FE.ZS,21.8
"Egypt, Arab Rep.",EGY,1982,"Prevalence of obesity, female (% of female population ages 18+)",SH.STA.OB18.FE.ZS,21.3
"Egypt, Arab Rep.",EGY,1981,"Prevalence of obesity, female (% of female population ages 18+)",SH.STA.OB18.FE.ZS,20.8
"Egypt, Arab Rep.",EGY,1980,"Prevalence of obesity, female (% of female population ages 18+)",SH.STA.OB18.FE.ZS,20.3
"Egypt, Arab Rep.",EGY,1979,"Prevalence of obesity, female (% of female population ages 18+)",SH.STA.OB18.FE.ZS,19.8
"Egypt, Arab Rep.",EGY,1978,"Prevalence of obesity, female (% of female population ages 18+)",SH.STA.OB18.FE.ZS,19.3
"Egypt, Arab Rep.",EGY,1977,"Prevalence of obesity, female (% of female population ages 18+)",SH.STA.OB18.FE.ZS,18.9
"Egypt, Arab Rep.",EGY,1976,"Prevalence of obesity, female (% of female population ages 18+)",SH.STA.OB18.FE.ZS,18.4
"Egypt, Arab Rep.",EGY,1975,"Prevalence of obesity, female (% of female population ages 18+)",SH.STA.OB18.FE.ZS,17.9
"Egypt, Arab Rep.",EGY,2016,"Prevalence of obesity, male (% of male population ages 18+)",SH.STA.OB18.MA.ZS,22.7
"Egypt, Arab Rep.",EGY,2015,"Prevalence of obesity, male (% of male population ages 18+)",SH.STA.OB18.MA.ZS,22.0
"Egypt, Arab Rep.",EGY,2014,"Prevalence of obesity, male (% of male population ages 18+)",SH.STA.OB18.MA.ZS,21.3
"Egypt, Arab Rep.",EGY,2013,"Prevalence of obesity, male (% of male population ages 18+)",SH.STA.OB18.MA.ZS,20.6
"Egypt, Arab Rep.",EGY,2012,"Prevalence of obesity, male (% of male population ages 18+)",SH.STA.OB18.MA.ZS,20.0
"Egypt, Arab Rep.",EGY,2011,"Prevalence of obesity, male (% of male population ages 18+)",SH.STA.OB18.MA.ZS,19.4
"Egypt, Arab Rep.",EGY,2010,"Prevalence of obesity, male (% of male population ages 18+)",SH.STA.OB18.MA.ZS,18.7
"Egypt, Arab Rep.",EGY,2009,"Prevalence of obesity, male (% of male population ages 18+)",SH.STA.OB18.MA.ZS,18.1
"Egypt, Arab Rep.",EGY,2008,"Prevalence of obesity, male (% of male population ages 18+)",SH.STA.OB18.MA.ZS,17.6
"Egypt, Arab Rep.",EGY,2007,"Prevalence of obesity, male (% of male population ages 18+)",SH.STA.OB18.MA.ZS,17.0
"Egypt, Arab Rep.",EGY,2006,"Prevalence of obesity, male (% of male population ages 18+)",SH.STA.OB18.MA.ZS,16.4
"Egypt, Arab Rep.",EGY,2005,"Prevalence of obesity, male (% of male population ages 18+)",SH.STA.OB18.MA.ZS,15.9
"Egypt, Arab Rep.",EGY,2004,"Prevalence of obesity, male (% of male population ages 18+)",SH.STA.OB18.MA.ZS,15.4
"Egypt, Arab Rep.",EGY,2003,"Prevalence of obesity, male (% of male population ages 18+)",SH.STA.OB18.MA.ZS,14.9
"Egypt, Arab Rep.",EGY,2002,"Prevalence of obesity, male (% of male population ages 18+)",SH.STA.OB18.MA.ZS,14.4
"Egypt, Arab Rep.",EGY,2001,"Prevalence of obesity, male (% of male population ages 18+)",SH.STA.OB18.MA.ZS,13.9
"Egypt, Arab Rep.",EGY,2000,"Prevalence of obesity, male (% of male population ages 18+)",SH.STA.OB18.MA.ZS,13.5
"Egypt, Arab Rep.",EGY,1999,"Prevalence of obesity, male (% of male population ages 18+)",SH.STA.OB18.MA.ZS,13.0
"Egypt, Arab Rep.",EGY,1998,"Prevalence of obesity, male (% of male population ages 18+)",SH.STA.OB18.MA.ZS,12.6
"Egypt, Arab Rep.",EGY,1997,"Prevalence of obesity, male (% of male population ages 18+)",SH.STA.OB18.MA.ZS,12.2
"Egypt, Arab Rep.",EGY,1996,"Prevalence of obesity, male (% of male population ages 18+)",SH.STA.OB18.MA.ZS,11.8
"Egypt, Arab Rep.",EGY,1995,"Prevalence of obesity, male (% of male population ages 18+)",SH.STA.OB18.MA.ZS,11.4
"Egypt, Arab Rep.",EGY,1994,"Prevalence of obesity, male (% of male population ages 18+)",SH.STA.OB18.MA.ZS,11.1
"Egypt, Arab Rep.",EGY,1993,"Prevalence of obesity, male (% of male population ages 18+)",SH.STA.OB18.MA.ZS,10.7
"Egypt, Arab Rep.",EGY,1992,"Prevalence of obesity, male (% of male population ages 18+)",SH.STA.OB18.MA.ZS,10.4
"Egypt, Arab Rep.",EGY,1991,"Prevalence of obesity, male (% of male population ages 18+)",SH.STA.OB18.MA.ZS,10.0
"Egypt, Arab Rep.",EGY,1990,"Prevalence of obesity, male (% of male population ages 18+)",SH.STA.OB18.MA.ZS,9.7
"Egypt, Arab Rep.",EGY,1989,"Prevalence of obesity, male (% of male population ages 18+)",SH.STA.OB18.MA.ZS,9.3
"Egypt, Arab Rep.",EGY,1988,"Prevalence of obesity, male (% of male population ages 18+)",SH.STA.OB18.MA.ZS,9.0
"Egypt, Arab Rep.",EGY,1987,"Prevalence of obesity, male (% of male population ages 18+)",SH.STA.OB18.MA.ZS,8.7
"Egypt, Arab Rep.",EGY,1986,"Prevalence of obesity, male (% of male population ages 18+)",SH.STA.OB18.MA.ZS,8.4
"Egypt, Arab Rep.",EGY,1985,"Prevalence of obesity, male (% of male population ages 18+)",SH.STA.OB18.MA.ZS,8.1
"Egypt, Arab Rep.",EGY,1984,"Prevalence of obesity, male (% of male population ages 18+)",SH.STA.OB18.MA.ZS,7.8
"Egypt, Arab Rep.",EGY,1983,"Prevalence of obesity, male (% of male population ages 18+)",SH.STA.OB18.MA.ZS,7.5
"Egypt, Arab Rep.",EGY,1982,"Prevalence of obesity, male (% of male population ages 18+)",SH.STA.OB18.MA.ZS,7.3
"Egypt, Arab Rep.",EGY,1981,"Prevalence of obesity, male (% of male population ages 18+)",SH.STA.OB18.MA.ZS,7.0
"Egypt, Arab Rep.",EGY,1980,"Prevalence of obesity, male (% of male population ages 18+)",SH.STA.OB18.MA.ZS,6.7
"Egypt, Arab Rep.",EGY,1979,"Prevalence of obesity, male (% of male population ages 18+)",SH.STA.OB18.MA.ZS,6.5
"Egypt, Arab Rep.",EGY,1978,"Prevalence of obesity, male (% of male population ages 18+)",SH.STA.OB18.MA.ZS,6.2
"Egypt, Arab Rep.",EGY,1977,"Prevalence of obesity, male (% of male population ages 18+)",SH.STA.OB18.MA.ZS,5.9
"Egypt, Arab Rep.",EGY,1976,"Prevalence of obesity, male (% of male population ages 18+)",SH.STA.OB18.MA.ZS,5.7
"Egypt, Arab Rep.",EGY,1975,"Prevalence of obesity, male (% of male population ages 18+)",SH.STA.OB18.MA.ZS,5.5
"Egypt, Arab Rep.",EGY,2019,"Time-related underemployment, female (% of employment)",SL.EMP.UNDR.FE.ZS,0.08
"Egypt, Arab Rep.",EGY,2018,"Time-related underemployment, female (% of employment)",SL.EMP.UNDR.FE.ZS,0.15
"Egypt, Arab Rep.",EGY,2017,"Time-related underemployment, female (% of employment)",SL.EMP.UNDR.FE.ZS,0.44
"Egypt, Arab Rep.",EGY,2016,"Time-related underemployment, female (% of employment)",SL.EMP.UNDR.FE.ZS,0.46
"Egypt, Arab Rep.",EGY,2013,"Time-related underemployment, female (% of employment)",SL.EMP.UNDR.FE.ZS,21.57
"Egypt, Arab Rep.",EGY,2012,"Time-related underemployment, female (% of employment)",SL.EMP.UNDR.FE.ZS,24.1
"Egypt, Arab Rep.",EGY,2011,"Time-related underemployment, female (% of employment)",SL.EMP.UNDR.FE.ZS,28.69
"Egypt, Arab Rep.",EGY,2019,"Time-related underemployment, male (% of employment)",SL.EMP.UNDR.MA.ZS,0.18
"Egypt, Arab Rep.",EGY,2018,"Time-related underemployment, male (% of employment)",SL.EMP.UNDR.MA.ZS,0.65
"Egypt, Arab Rep.",EGY,2017,"Time-related underemployment, male (% of employment)",SL.EMP.UNDR.MA.ZS,1.1
"Egypt, Arab Rep.",EGY,2016,"Time-related underemployment, male (% of employment)",SL.EMP.UNDR.MA.ZS,1.35
"Egypt, Arab Rep.",EGY,2013,"Time-related underemployment, male (% of employment)",SL.EMP.UNDR.MA.ZS,3.66
"Egypt, Arab Rep.",EGY,2012,"Time-related underemployment, male (% of employment)",SL.EMP.UNDR.MA.ZS,4.0
"Egypt, Arab Rep.",EGY,2011,"Time-related underemployment, male (% of employment)",SL.EMP.UNDR.MA.ZS,4.56
"Egypt, Arab Rep.",EGY,2022,"Labor force, female",SL.TLF.TOTL.FE.IN,5.605865e+06
"Egypt, Arab Rep.",EGY,2021,"Labor force, female",SL.TLF.TOTL.FE.IN,5.3244e+06
"Egypt, Arab Rep.",EGY,2020,"Labor force, female",SL.TLF.TOTL.FE.IN,5.169061e+06
"Egypt, Arab Rep.",EGY,2019,"Labor force, female",SL.TLF.TOTL.FE.IN,5.540191e+06
"Egypt, Arab Rep.",EGY,2018,"Labor force, female",SL.TLF.TOTL.FE.IN,6.307584e+06
"Egypt, Arab Rep.",EGY,2017,"Labor force, female",SL.TLF.TOTL.FE.IN,7.445994e+06
"Egypt, Arab Rep.",EGY,2016,"Labor force, female",SL.TLF.TOTL.FE.IN,7.58324e+06
"Egypt, Arab Rep.",EGY,2015,"Labor force, female",SL.TLF.TOTL.FE.IN,7.35279e+06
"Egypt, Arab Rep.",EGY,2014,"Labor force, female",SL.TLF.TOTL.FE.IN,7.31642e+06
"Egypt, Arab Rep.",EGY,2013,"Labor force, female",SL.TLF.TOTL.FE.IN,7.108752e+06
"Egypt, Arab Rep.",EGY,2012,"Labor force, female",SL.TLF.TOTL.FE.IN,6.796953e+06
"Egypt, Arab Rep.",EGY,2011,"Labor force, female",SL.TLF.TOTL.FE.IN,6.656256e+06
"Egypt, Arab Rep.",EGY,2010,"Labor force, female",SL.TLF.TOTL.FE.IN,6.700922e+06
"Egypt, Arab Rep.",EGY,2009,"Labor force, female",SL.TLF.TOTL.FE.IN,6.480101e+06
"Egypt, Arab Rep.",EGY,2008,"Labor force, female",SL.TLF.TOTL.FE.IN,6.055224e+06
"Egypt, Arab Rep.",EGY,2007,"Labor force, female",SL.TLF.TOTL.FE.IN,6.306477e+06
"Egypt, Arab Rep.",EGY,2006,"Labor force, female",SL.TLF.TOTL.FE.IN,5.614445e+06
"Egypt, Arab Rep.",EGY,2005,"Labor force, female",SL.TLF.TOTL.FE.IN,5.273243e+06
"Egypt, Arab Rep.",EGY,2004,"Labor force, female",SL.TLF.TOTL.FE.IN,4.944602e+06
"Egypt, Arab Rep.",EGY,2003,"Labor force, female",SL.TLF.TOTL.FE.IN,4.628242e+06
"Egypt, Arab Rep.",EGY,2002,"Labor force, female",SL.TLF.TOTL.FE.IN,4.325364e+06
"Egypt, Arab Rep.",EGY,2001,"Labor force, female",SL.TLF.TOTL.FE.IN,4.698736e+06
"Egypt, Arab Rep.",EGY,2000,"Labor force, female",SL.TLF.TOTL.FE.IN,4.582382e+06
"Egypt, Arab Rep.",EGY,1999,"Labor force, female",SL.TLF.TOTL.FE.IN,4.476652e+06
"Egypt, Arab Rep.",EGY,1998,"Labor force, female",SL.TLF.TOTL.FE.IN,4.17668e+06
"Egypt, Arab Rep.",EGY,1997,"Labor force, female",SL.TLF.TOTL.FE.IN,4.196934e+06
"Egypt, Arab Rep.",EGY,1996,"Labor force, female",SL.TLF.TOTL.FE.IN,4.216603e+06
"Egypt, Arab Rep.",EGY,1995,"Labor force, female",SL.TLF.TOTL.FE.IN,4.236137e+06
"Egypt, Arab Rep.",EGY,1994,"Labor force, female",SL.TLF.TOTL.FE.IN,4.376625e+06
"Egypt, Arab Rep.",EGY,1993,"Labor force, female",SL.TLF.TOTL.FE.IN,4.106009e+06
"Egypt, Arab Rep.",EGY,1992,"Labor force, female",SL.TLF.TOTL.FE.IN,4.118971e+06
"Egypt, Arab Rep.",EGY,1991,"Labor force, female",SL.TLF.TOTL.FE.IN,3.870037e+06
"Egypt, Arab Rep.",EGY,1990,"Labor force, female",SL.TLF.TOTL.FE.IN,3.767909e+06
"Egypt, Arab Rep.",EGY,2021,Ratio of female to male youth unemployment rate (%) (national estimate),SL.UEM.1524.FM.NE.ZS,329.8681
"Egypt, Arab Rep.",EGY,2020,Ratio of female to male youth unemployment rate (%) (national estimate),SL.UEM.1524.FM.NE.ZS,347.44818
"Egypt, Arab Rep.",EGY,2019,Ratio of female to male youth unemployment rate (%) (national estimate),SL.UEM.1524.FM.NE.ZS,405.99344
"Egypt, Arab Rep.",EGY,2018,Ratio of female to male youth unemployment rate (%) (national estimate),SL.UEM.1524.FM.NE.ZS,303.3236
"Egypt, Arab Rep.",EGY,2017,Ratio of female to male youth unemployment rate (%) (national estimate),SL.UEM.1524.FM.NE.ZS,149.26128
"Egypt, Arab Rep.",EGY,2016,Ratio of female to male youth unemployment rate (%) (national estimate),SL.UEM.1524.FM.NE.ZS,141.4652
"Egypt, Arab Rep.",EGY,2015,Ratio of female to male youth unemployment rate (%) (national estimate),SL.UEM.1524.FM.NE.ZS,134.4222
"Egypt, Arab Rep.",EGY,2014,Ratio of female to male youth unemployment rate (%) (national estimate),SL.UEM.1524.FM.NE.ZS,177.92876
"Egypt, Arab Rep.",EGY,2013,Ratio of female to male youth unemployment rate (%) (national estimate),SL.UEM.1524.FM.NE.ZS,181.6626
"Egypt, Arab Rep.",EGY,2012,Ratio of female to male youth unemployment rate (%) (national estimate),SL.UEM.1524.FM.NE.ZS,203.36676
"Egypt, Arab Rep.",EGY,2011,Ratio of female to male youth unemployment rate (%) (national estimate),SL.UEM.1524.FM.NE.ZS,236.80899
"Egypt, Arab Rep.",EGY,2010,Ratio of female to male youth unemployment rate (%) (national estimate),SL.UEM.1524.FM.NE.ZS,372.6257
"Egypt, Arab Rep.",EGY,2009,Ratio of female to male youth unemployment rate (%) (national estimate),SL.UEM.1524.FM.NE.ZS,364.8577
"Egypt, Arab Rep.",EGY,2008,Ratio of female to male youth unemployment rate (%) (national estimate),SL.UEM.1524.FM.NE.ZS,323.46878
"Egypt, Arab Rep.",EGY,2007,Ratio of female to male youth unemployment rate (%) (national estimate),SL.UEM.1524.FM.NE.ZS,279.07925
"Egypt, Arab Rep.",EGY,2006,Ratio of female to male youth unemployment rate (%) (national estimate),SL.UEM.1524.FM.NE.ZS,268.20612
"Egypt, Arab Rep.",EGY,2002,Ratio of female to male youth unemployment rate (%) (national estimate),SL.UEM.1524.FM.NE.ZS,187.23703
"Egypt, Arab Rep.",EGY,2001,Ratio of female to male youth unemployment rate (%) (national estimate),SL.UEM.1524.FM.NE.ZS,266.84073
"Egypt, Arab Rep.",EGY,1999,Ratio of female to male youth unemployment rate (%) (national estimate),SL.UEM.1524.FM.NE.ZS,265.05414
"Egypt, Arab Rep.",EGY,1998,Ratio of female to male youth unemployment rate (%) (national estimate),SL.UEM.1524.FM.NE.ZS,270.525
"Egypt, Arab Rep.",EGY,2022,Ratio of female to male youth unemployment rate (% ages 15-24) (modeled ILO estimate),SL.UEM.1524.FM.ZS,315.71625
"Egypt, Arab Rep.",EGY,2021,Ratio of female to male youth unemployment rate (% ages 15-24) (modeled ILO estimate),SL.UEM.1524.FM.ZS,291.45087
"Egypt, Arab Rep.",EGY,2020,Ratio of female to male youth unemployment rate (% ages 15-24) (modeled ILO estimate),SL.UEM.1524.FM.ZS,352.12442
"Egypt, Arab Rep.",EGY,2019,Ratio of female to male youth unemployment rate (% ages 15-24) (modeled ILO estimate),SL.UEM.1524.FM.ZS,401.85544
"Egypt, Arab Rep.",EGY,2018,Ratio of female to male youth unemployment rate (% ages 15-24) (modeled ILO estimate),SL.UEM.1524.FM.ZS,295.05463
"Egypt, Arab Rep.",EGY,2017,Ratio of female to male youth unemployment rate (% ages 15-24) (modeled ILO estimate),SL.UEM.1524.FM.ZS,137.62979
"Egypt, Arab Rep.",EGY,2016,Ratio of female to male youth unemployment rate (% ages 15-24) (modeled ILO estimate),SL.UEM.1524.FM.ZS,133.51437
"Egypt, Arab Rep.",EGY,2015,Ratio of female to male youth unemployment rate (% ages 15-24) (modeled ILO estimate),SL.UEM.1524.FM.ZS,126.76096
"Egypt, Arab Rep.",EGY,2014,Ratio of female to male youth unemployment rate (% ages 15-24) (modeled ILO estimate),SL.UEM.1524.FM.ZS,166.60406
"Egypt, Arab Rep.",EGY,2013,Ratio of female to male youth unemployment rate (% ages 15-24) (modeled ILO estimate),SL.UEM.1524.FM.ZS,171.08644
"Egypt, Arab Rep.",EGY,2012,Ratio of female to male youth unemployment rate (% ages 15-24) (modeled ILO estimate),SL.UEM.1524.FM.ZS,192.82661
"Egypt, Arab Rep.",EGY,2011,Ratio of female to male youth unemployment rate (% ages 15-24) (modeled ILO estimate),SL.UEM.1524.FM.ZS,227.51501
"Egypt, Arab Rep.",EGY,2010,Ratio of female to male youth unemployment rate (% ages 15-24) (modeled ILO estimate),SL.UEM.1524.FM.ZS,363.89896
"Egypt, Arab Rep.",EGY,2009,Ratio of female to male youth unemployment rate (% ages 15-24) (modeled ILO estimate),SL.UEM.1524.FM.ZS,329.24988
"Egypt, Arab Rep.",EGY,2008,Ratio of female to male youth unemployment rate (% ages 15-24) (modeled ILO estimate),SL.UEM.1524.FM.ZS,290.7583
"Egypt, Arab Rep.",EGY,2007,Ratio of female to male youth unemployment rate (% ages 15-24) (modeled ILO estimate),SL.UEM.1524.FM.ZS,256.9459
"Egypt, Arab Rep.",EGY,2006,Ratio of female to male youth unemployment rate (% ages 15-24) (modeled ILO estimate),SL.UEM.1524.FM.ZS,248.2711
"Egypt, Arab Rep.",EGY,2005,Ratio of female to male youth unemployment rate (% ages 15-24) (modeled ILO estimate),SL.UEM.1524.FM.ZS,213.95288
"Egypt, Arab Rep.",EGY,2004,Ratio of female to male youth unemployment rate (% ages 15-24) (modeled ILO estimate),SL.UEM.1524.FM.ZS,255.743
"Egypt, Arab Rep.",EGY,2003,Ratio of female to male youth unemployment rate (% ages 15-24) (modeled ILO estimate),SL.UEM.1524.FM.ZS,159.1757
"Egypt, Arab Rep.",EGY,2002,Ratio of female to male youth unemployment rate (% ages 15-24) (modeled ILO estimate),SL.UEM.1524.FM.ZS,176.35518
"Egypt, Arab Rep.",EGY,2001,Ratio of female to male youth unemployment rate (% ages 15-24) (modeled ILO estimate),SL.UEM.1524.FM.ZS,247.83023
"Egypt, Arab Rep.",EGY,2000,Ratio of female to male youth unemployment rate (% ages 15-24) (modeled ILO estimate),SL.UEM.1524.FM.ZS,291.52423
"Egypt, Arab Rep.",EGY,1999,Ratio of female to male youth unemployment rate (% ages 15-24) (modeled ILO estimate),SL.UEM.1524.FM.ZS,259.38342
"Egypt, Arab Rep.",EGY,1998,Ratio of female to male youth unemployment rate (% ages 15-24) (modeled ILO estimate),SL.UEM.1524.FM.ZS,264.03
"Egypt, Arab Rep.",EGY,1997,Ratio of female to male youth unemployment rate (% ages 15-24) (modeled ILO estimate),SL.UEM.1524.FM.ZS,253.82372
"Egypt, Arab Rep.",EGY,1996,Ratio of female to male youth unemployment rate (% ages 15-24) (modeled ILO estimate),SL.UEM.1524.FM.ZS,198.97371
"Egypt, Arab Rep.",EGY,1995,Ratio of female to male youth unemployment rate (% ages 15-24) (modeled ILO estimate),SL.UEM.1524.FM.ZS,220.49129
"Egypt, Arab Rep.",EGY,1994,Ratio of female to male youth unemployment rate (% ages 15-24) (modeled ILO estimate),SL.UEM.1524.FM.ZS,211.34814
"Egypt, Arab Rep.",EGY,1993,Ratio of female to male youth unemployment rate (% ages 15-24) (modeled ILO estimate),SL.UEM.1524.FM.ZS,201.89796
"Egypt, Arab Rep.",EGY,1992,Ratio of female to male youth unemployment rate (% ages 15-24) (modeled ILO estimate),SL.UEM.1524.FM.ZS,179.22585
"Egypt, Arab Rep.",EGY,1991,Ratio of female to male youth unemployment rate (% ages 15-24) (modeled ILO estimate),SL.UEM.1524.FM.ZS,233.18405
"Egypt, Arab Rep.",EGY,2017,"Life expectancy at age 60, female (years)",SP.DYN.LE60.FE.IN,18.805334
"Egypt, Arab Rep.",EGY,2012,"Life expectancy at age 60, female (years)",SP.DYN.LE60.FE.IN,18.394842
"Egypt, Arab Rep.",EGY,2007,"Life expectancy at age 60, female (years)",SP.DYN.LE60.FE.IN,18.393908
"Egypt, Arab Rep.",EGY,2002,"Life expectancy at age 60, female (years)",SP.DYN.LE60.FE.IN,18.393847
"Egypt, Arab Rep.",EGY,1997,"Life expectancy at age 60, female (years)",SP.DYN.LE60.FE.IN,18.395542
"Egypt, Arab Rep.",EGY,1992,"Life expectancy at age 60, female (years)",SP.DYN.LE60.FE.IN,18.337345
"Egypt, Arab Rep.",EGY,1987,"Life expectancy at age 60, female (years)",SP.DYN.LE60.FE.IN,18.22356
"Egypt, Arab Rep.",EGY,1982,"Life expectancy at age 60, female (years)",SP.DYN.LE60.FE.IN,18.211254
"Egypt, Arab Rep.",EGY,1977,"Life expectancy at age 60, female (years)",SP.DYN.LE60.FE.IN,18.068361
"Egypt, Arab Rep.",EGY,1972,"Life expectancy at age 60, female (years)",SP.DYN.LE60.FE.IN,17.943054
"Egypt, Arab Rep.",EGY,1967,"Life expectancy at age 60, female (years)",SP.DYN.LE60.FE.IN,17.815872
"Egypt, Arab Rep.",EGY,1962,"Life expectancy at age 60, female (years)",SP.DYN.LE60.FE.IN,17.583345
"Egypt, Arab Rep.",EGY,2017,"Life expectancy at age 60, male (years)",SP.DYN.LE60.MA.IN,16.253683
"Egypt, Arab Rep.",EGY,2012,"Life expectancy at age 60, male (years)",SP.DYN.LE60.MA.IN,16.048769
"Egypt, Arab Rep.",EGY,2007,"Life expectancy at age 60, male (years)",SP.DYN.LE60.MA.IN,15.782605
"Egypt, Arab Rep.",EGY,2002,"Life expectancy at age 60, male (years)",SP.DYN.LE60.MA.IN,15.694097
"Egypt, Arab Rep.",EGY,1997,"Life expectancy at age 60, male (years)",SP.DYN.LE60.MA.IN,15.642871
"Egypt, Arab Rep.",EGY,1992,"Life expectancy at age 60, male (years)",SP.DYN.LE60.MA.IN,15.622957
"Egypt, Arab Rep.",EGY,1987,"Life expectancy at age 60, male (years)",SP.DYN.LE60.MA.IN,15.513002
"Egypt, Arab Rep.",EGY,1982,"Life expectancy at age 60, male (years)",SP.DYN.LE60.MA.IN,15.373649
"Egypt, Arab Rep.",EGY,1977,"Life expectancy at age 60, male (years)",SP.DYN.LE60.MA.IN,15.313152
"Egypt, Arab Rep.",EGY,1972,"Life expectancy at age 60, male (years)",SP.DYN.LE60.MA.IN,15.138616
"Egypt, Arab Rep.",EGY,1967,"Life expectancy at age 60, male (years)",SP.DYN.LE60.MA.IN,14.865744
"Egypt, Arab Rep.",EGY,1962,"Life expectancy at age 60, male (years)",SP.DYN.LE60.MA.IN,14.800106
"Egypt, Arab Rep.",EGY,2017,"Age at first marriage, female",SP.DYN.SMAM.FE,22.3
"Egypt, Arab Rep.",EGY,2014,"Age at first marriage, female",SP.DYN.SMAM.FE,22.0
"Egypt, Arab Rep.",EGY,2008,"Age at first marriage, female",SP.DYN.SMAM.FE,22.7
"Egypt, Arab Rep.",EGY,2005,"Age at first marriage, female",SP.DYN.SMAM.FE,23.0
"Egypt, Arab Rep.",EGY,2003,"Age at first marriage, female",SP.DYN.SMAM.FE,22.7
"Egypt, Arab Rep.",EGY,2000,"Age at first marriage, female",SP.DYN.SMAM.FE,22.7
"Egypt, Arab Rep.",EGY,1996,"Age at first marriage, female",SP.DYN.SMAM.FE,22.3
"Egypt, Arab Rep.",EGY,1992,"Age at first marriage, female",SP.DYN.SMAM.FE,22.4
"Egypt, Arab Rep.",EGY,1988,"Age at first marriage, female",SP.DYN.SMAM.FE,22.1
"Egypt, Arab Rep.",EGY,1980,"Age at first marriage, female",SP.DYN.SMAM.FE,21.4
"Egypt, Arab Rep.",EGY,1976,"Age at first marriage, female",SP.DYN.SMAM.FE,21.4
"Egypt, Arab Rep.",EGY,2015,"Rural population, female (% of total)",SP.RUR.TOTL.FE.ZS,28.016905
"Egypt, Arab Rep.",EGY,2010,"Rural population, female (% of total)",SP.RUR.TOTL.FE.ZS,28.064962
"Egypt, Arab Rep.",EGY,2005,"Rural population, female (% of total)",SP.RUR.TOTL.FE.ZS,28.067488
"Egypt, Arab Rep.",EGY,2000,"Rural population, female (% of total)",SP.RUR.TOTL.FE.ZS,28.335123
"Egypt, Arab Rep.",EGY,1995,"Rural population, female (% of total)",SP.RUR.TOTL.FE.ZS,28.483849
"Egypt, Arab Rep.",EGY,1990,"Rural population, female (% of total)",SP.RUR.TOTL.FE.ZS,28.144913
"Egypt, Arab Rep.",EGY,1985,"Rural population, female (% of total)",SP.RUR.TOTL.FE.ZS,27.944624
"Egypt, Arab Rep.",EGY,1980,"Rural population, female (% of total)",SP.RUR.TOTL.FE.ZS,28.006765
"Egypt, Arab Rep.",EGY,2015,"Rural population, male (% of total)",SP.RUR.TOTL.MA.ZS,28.848015
"Egypt, Arab Rep.",EGY,2010,"Rural population, male (% of total)",SP.RUR.TOTL.MA.ZS,28.915415
"Egypt, Arab Rep.",EGY,2005,"Rural population, male (% of total)",SP.RUR.TOTL.MA.ZS,28.906195
"Egypt, Arab Rep.",EGY,2000,"Rural population, male (% of total)",SP.RUR.TOTL.MA.ZS,28.868864
"Egypt, Arab Rep.",EGY,1995,"Rural population, male (% of total)",SP.RUR.TOTL.MA.ZS,28.702917
"Egypt, Arab Rep.",EGY,1990,"Rural population, male (% of total)",SP.RUR.TOTL.MA.ZS,28.377443
"Egypt, Arab Rep.",EGY,1985,"Rural population, male (% of total)",SP.RUR.TOTL.MA.ZS,28.117428
"Egypt, Arab Rep.",EGY,1980,"Rural population, male (% of total)",SP.RUR.TOTL.MA.ZS,28.135849
"Egypt, Arab Rep.",EGY,2015,"Urban population, female (% of total)",SP.URB.TOTL.FE.ZS,21.767054
"Egypt, Arab Rep.",EGY,2010,"Urban population, female (% of total)",SP.URB.TOTL.FE.ZS,21.718582
"Egypt, Arab Rep.",EGY,2005,"Urban population, female (% of total)",SP.URB.TOTL.FE.ZS,21.664322
"Egypt, Arab Rep.",EGY,2000,"Urban population, female (% of total)",SP.URB.TOTL.FE.ZS,21.360207
"Egypt, Arab Rep.",EGY,1995,"Urban population, female (% of total)",SP.URB.TOTL.FE.ZS,21.275831
"Egypt, Arab Rep.",EGY,1990,"Urban population, female (% of total)",SP.URB.TOTL.FE.ZS,21.619894
"Egypt, Arab Rep.",EGY,1985,"Urban population, female (% of total)",SP.URB.TOTL.FE.ZS,21.88853
"Egypt, Arab Rep.",EGY,1980,"Urban population, female (% of total)",SP.URB.TOTL.FE.ZS,21.881954
"Egypt, Arab Rep.",EGY,2015,"Urban population, male (% of total)",SP.URB.TOTL.MA.ZS,21.368027
"Egypt, Arab Rep.",EGY,2010,"Urban population, male (% of total)",SP.URB.TOTL.MA.ZS,21.30104
"Egypt, Arab Rep.",EGY,2005,"Urban population, male (% of total)",SP.URB.TOTL.MA.ZS,21.361996
"Egypt, Arab Rep.",EGY,2000,"Urban population, male (% of total)",SP.URB.TOTL.MA.ZS,21.435808
"Egypt, Arab Rep.",EGY,1995,"Urban population, male (% of total)",SP.URB.TOTL.MA.ZS,21.537405
"Egypt, Arab Rep.",EGY,1990,"Urban population, male (% of total)",SP.URB.TOTL.MA.ZS,21.857748
"Egypt, Arab Rep.",EGY,1985,"Urban population, male (% of total)",SP.URB.TOTL.MA.ZS,22.049417
"Egypt, Arab Rep.",EGY,1980,"Urban population, male (% of total)",SP.URB.TOTL.MA.ZS,21.97543
"Egypt, Arab Rep.",EGY,2008,"Mortality rate, female child (per 1,000 female children age one)",SH.DYN.CHLD.FE,4.7
"Egypt, Arab Rep.",EGY,2005,"Mortality rate, female child (per 1,000 female children age one)",SH.DYN.CHLD.FE,10.4
"Egypt, Arab Rep.",EGY,2000,"Mortality rate, female child (per 1,000 female children age one)",SH.DYN.CHLD.FE,16.1
"Egypt, Arab Rep.",EGY,1998,"Mortality rate, female child (per 1,000 female children age one)",SH.DYN.CHLD.FE,15.2
"Egypt, Arab Rep.",EGY,1995,"Mortality rate, female child (per 1,000 female children age one)",SH.DYN.CHLD.FE,28.1
"Egypt, Arab Rep.",EGY,1992,"Mortality rate, female child (per 1,000 female children age one)",SH.DYN.CHLD.FE,36.1
"Egypt, Arab Rep.",EGY,1988,"Mortality rate, female child (per 1,000 female children age one)",SH.DYN.CHLD.FE,46.2
"Egypt, Arab Rep.",EGY,2008,"Mortality rate, male child (per 1,000 male children age one)",SH.DYN.CHLD.MA,5.1
"Egypt, Arab Rep.",EGY,2005,"Mortality rate, male child (per 1,000 male children age one)",SH.DYN.CHLD.MA,9.6
"Egypt, Arab Rep.",EGY,2000,"Mortality rate, male child (per 1,000 male children age one)",SH.DYN.CHLD.MA,14.6
"Egypt, Arab Rep.",EGY,1998,"Mortality rate, male child (per 1,000 male children age one)",SH.DYN.CHLD.MA,15.2
"Egypt, Arab Rep.",EGY,1995,"Mortality rate, male child (per 1,000 male children age one)",SH.DYN.CHLD.MA,21.7
"Egypt, Arab Rep.",EGY,1992,"Mortality rate, male child (per 1,000 male children age one)",SH.DYN.CHLD.MA,24.6
"Egypt, Arab Rep.",EGY,1988,"Mortality rate, male child (per 1,000 male children age one)",SH.DYN.CHLD.MA,38.1
"Egypt, Arab Rep.",EGY,2014,Demand for family planning satisfied by any methods (% of married women with demand for family planning),SH.FPL.SATI.ZS,82.3
"Egypt, Arab Rep.",EGY,2008,Demand for family planning satisfied by any methods (% of married women with demand for family planning),SH.FPL.SATI.ZS,83.9
"Egypt, Arab Rep.",EGY,2005,Demand for family planning satisfied by any methods (% of married women with demand for family planning),SH.FPL.SATI.ZS,82.8
"Egypt, Arab Rep.",EGY,2003,Demand for family planning satisfied by any methods (% of married women with demand for family planning),SH.FPL.SATI.ZS,83.6
"Egypt, Arab Rep.",EGY,2000,Demand for family planning satisfied by any methods (% of married women with demand for family planning),SH.FPL.SATI.ZS,80.4
"Egypt, Arab Rep.",EGY,1995,Demand for family planning satisfied by any methods (% of married women with demand for family planning),SH.FPL.SATI.ZS,70.3
"Egypt, Arab Rep.",EGY,1992,Demand for family planning satisfied by any methods (% of married women with demand for family planning),SH.FPL.SATI.ZS,67.3
"Egypt, Arab Rep.",EGY,2017,Maternal leave benefits (% of wages paid in covered period),SH.MMR.WAGE.ZS,100.0
"Egypt, Arab Rep.",EGY,2015,Maternal leave benefits (% of wages paid in covered period),SH.MMR.WAGE.ZS,100.0
"Egypt, Arab Rep.",EGY,2013,Maternal leave benefits (% of wages paid in covered period),SH.MMR.WAGE.ZS,100.0
"Egypt, Arab Rep.",EGY,2011,Maternal leave benefits (% of wages paid in covered period),SH.MMR.WAGE.ZS,100.0
"Egypt, Arab Rep.",EGY,2009,Maternal leave benefits (% of wages paid in covered period),SH.MMR.WAGE.ZS,100.0
"Egypt, Arab Rep.",EGY,2017,"Age at first marriage, male",SP.DYN.SMAM.MA,28.1
"Egypt, Arab Rep.",EGY,2014,"Age at first marriage, male",SP.DYN.SMAM.MA,27.5
"Egypt, Arab Rep.",EGY,2008,"Age at first marriage, male",SP.DYN.SMAM.MA,27.7
"Egypt, Arab Rep.",EGY,2005,"Age at first marriage, male",SP.DYN.SMAM.MA,28.0
"Egypt, Arab Rep.",EGY,2003,"Age at first marriage, male",SP.DYN.SMAM.MA,28.3
"Egypt, Arab Rep.",EGY,2000,"Age at first marriage, male",SP.DYN.SMAM.MA,28.2
"Egypt, Arab Rep.",EGY,1995,"Age at first marriage, male",SP.DYN.SMAM.MA,28.1
"Egypt, Arab Rep.",EGY,1992,"Age at first marriage, male",SP.DYN.SMAM.MA,28.0
"Egypt, Arab Rep.",EGY,1980,"Age at first marriage, male",SP.DYN.SMAM.MA,27.0
"Egypt, Arab Rep.",EGY,1976,"Age at first marriage, male",SP.DYN.SMAM.MA,26.7
"Egypt, Arab Rep.",EGY,2021,"Age population, age 00, female, interpolated",SP.POP.AG00.FE.IN,1.187184e+06
"Egypt, Arab Rep.",EGY,2020,"Age population, age 00, female, interpolated",SP.POP.AG00.FE.IN,1.1927515e+06
"Egypt, Arab Rep.",EGY,2019,"Age population, age 00, female, interpolated",SP.POP.AG00.FE.IN,1.209537e+06
"Egypt, Arab Rep.",EGY,2018,"Age population, age 00, female, interpolated",SP.POP.AG00.FE.IN,1.2284825e+06
"Egypt, Arab Rep.",EGY,2017,"Age population, age 00, female, interpolated",SP.POP.AG00.FE.IN,1.2370705e+06
"Egypt, Arab Rep.",EGY,2016,"Age population, age 00, female, interpolated",SP.POP.AG00.FE.IN,1.278908e+06
"Egypt, Arab Rep.",EGY,2015,"Age population, age 00, female, interpolated",SP.POP.AG00.FE.IN,1.3099375e+06
"Egypt, Arab Rep.",EGY,2014,"Age population, age 00, female, interpolated",SP.POP.AG00.FE.IN,1.288475e+06
"Egypt, Arab Rep.",EGY,2013,"Age population, age 00, female, interpolated",SP.POP.AG00.FE.IN,1.248296e+06
"Egypt, Arab Rep.",EGY,2012,"Age population, age 00, female, interpolated",SP.POP.AG00.FE.IN,1.1947885e+06
"Egypt, Arab Rep.",EGY,2011,"Age population, age 00, female, interpolated",SP.POP.AG00.FE.IN,1.1490805e+06
"Egypt, Arab Rep.",EGY,2010,"Age population, age 00, female, interpolated",SP.POP.AG00.FE.IN,1.101048e+06
"Egypt, Arab Rep.",EGY,2009,"Age population, age 00, female, interpolated",SP.POP.AG00.FE.IN,1.0576875e+06
"Egypt, Arab Rep.",EGY,2008,"Age population, age 00, female, interpolated",SP.POP.AG00.FE.IN,1.0346985e+06
"Egypt, Arab Rep.",EGY,2007,"Age population, age 00, female, interpolated",SP.POP.AG00.FE.IN,1.0098765e+06
"Egypt, Arab Rep.",EGY,2006,"Age population, age 00, female, interpolated",SP.POP.AG00.FE.IN,987249.0
"Egypt, Arab Rep.",EGY,2005,"Age population, age 00, female, interpolated",SP.POP.AG00.FE.IN,969905.5
"Egypt, Arab Rep.",EGY,2004,"Age population, age 00, female, interpolated",SP.POP.AG00.FE.IN,956416.5
"Egypt, Arab Rep.",EGY,2003,"Age population, age 00, female, interpolated",SP.POP.AG00.FE.IN,943666.0
"Egypt, Arab Rep.",EGY,2002,"Age population, age 00, female, interpolated",SP.POP.AG00.FE.IN,929396.0
"Egypt, Arab Rep.",EGY,2001,"Age population, age 00, female, interpolated",SP.POP.AG00.FE.IN,916063.5
"Egypt, Arab Rep.",EGY,2000,"Age population, age 00, female, interpolated",SP.POP.AG00.FE.IN,903834.0
"Egypt, Arab Rep.",EGY,1999,"Age population, age 00, female, interpolated",SP.POP.AG00.FE.IN,896577.0
"Egypt, Arab Rep.",EGY,1998,"Age population, age 00, female, interpolated",SP.POP.AG00.FE.IN,885159.0
"Egypt, Arab Rep.",EGY,1997,"Age population, age 00, female, interpolated",SP.POP.AG00.FE.IN,872413.0
"Egypt, Arab Rep.",EGY,1996,"Age population, age 00, female, interpolated",SP.POP.AG00.FE.IN,867268.5
"Egypt, Arab Rep.",EGY,1995,"Age population, age 00, female, interpolated",SP.POP.AG00.FE.IN,867566.0
"Egypt, Arab Rep.",EGY,1994,"Age population, age 00, female, interpolated",SP.POP.AG00.FE.IN,870580.5
"Egypt, Arab Rep.",EGY,1993,"Age population, age 00, female, interpolated",SP.POP.AG00.FE.IN,876848.5
"Egypt, Arab Rep.",EGY,1992,"Age population, age 00, female, interpolated",SP.POP.AG00.FE.IN,874812.5
"Egypt, Arab Rep.",EGY,1991,"Age population, age 00, female, interpolated",SP.POP.AG00.FE.IN,873930.5
"Egypt, Arab Rep.",EGY,1990,"Age population, age 00, female, interpolated",SP.POP.AG00.FE.IN,886006.5
"Egypt, Arab Rep.",EGY,1989,"Age population, age 00, female, interpolated",SP.POP.AG00.FE.IN,896945.0
"Egypt, Arab Rep.",EGY,1988,"Age population, age 00, female, interpolated",SP.POP.AG00.FE.IN,899038.5
"Egypt, Arab Rep.",EGY,1987,"Age population, age 00, female, interpolated",SP.POP.AG00.FE.IN,890719.0
"Egypt, Arab Rep.",EGY,1986,"Age population, age 00, female, interpolated",SP.POP.AG00.FE.IN,877925.5
"Egypt, Arab Rep.",EGY,1985,"Age population, age 00, female, interpolated",SP.POP.AG00.FE.IN,861469.5
"Egypt, Arab Rep.",EGY,1984,"Age population, age 00, female, interpolated",SP.POP.AG00.FE.IN,844751.5
"Egypt, Arab Rep.",EGY,1983,"Age population, age 00, female, interpolated",SP.POP.AG00.FE.IN,825616.0
"Egypt, Arab Rep.",EGY,1982,"Age population, age 00, female, interpolated",SP.POP.AG00.FE.IN,803682.0
"Egypt, Arab Rep.",EGY,1981,"Age population, age 00, female, interpolated",SP.POP.AG00.FE.IN,788808.0
"Egypt, Arab Rep.",EGY,1980,"Age population, age 00, female, interpolated",SP.POP.AG00.FE.IN,777415.5
"Egypt, Arab Rep.",EGY,1979,"Age population, age 00, female, interpolated",SP.POP.AG00.FE.IN,758970.0
"Egypt, Arab Rep.",EGY,1978,"Age population, age 00, female, interpolated",SP.POP.AG00.FE.IN,734839.5
"Egypt, Arab Rep.",EGY,1977,"Age population, age 00, female, interpolated",SP.POP.AG00.FE.IN,713799.0
"Egypt, Arab Rep.",EGY,1976,"Age population, age 00, female, interpolated",SP.POP.AG00.FE.IN,696059.5
"Egypt, Arab Rep.",EGY,1975,"Age population, age 00, female, interpolated",SP.POP.AG00.FE.IN,678123.5
"Egypt, Arab Rep.",EGY,1974,"Age population, age 00, female, interpolated",SP.POP.AG00.FE.IN,660674.5
"Egypt, Arab Rep.",EGY,1973,"Age population, age 00, female, interpolated",SP.POP.AG00.FE.IN,648664.0
"Egypt, Arab Rep.",EGY,1972,"Age population, age 00, female, interpolated",SP.POP.AG00.FE.IN,638599.0
"Egypt, Arab Rep.",EGY,1971,"Age population, age 00, female, interpolated",SP.POP.AG00.FE.IN,627047.0
"Egypt, Arab Rep.",EGY,1970,"Age population, age 00, female, interpolated",SP.POP.AG00.FE.IN,617654.0
"Egypt, Arab Rep.",EGY,1969,"Age population, age 00, female, interpolated",SP.POP.AG00.FE.IN,609444.0
"Egypt, Arab Rep.",EGY,1968,"Age population, age 00, female, interpolated",SP.POP.AG00.FE.IN,601013.0
"Egypt, Arab Rep.",EGY,1967,"Age population, age 00, female, interpolated",SP.POP.AG00.FE.IN,592780.5
"Egypt, Arab Rep.",EGY,1966,"Age population, age 00, female, interpolated",SP.POP.AG00.FE.IN,582949.0
"Egypt, Arab Rep.",EGY,1965,"Age population, age 00, female, interpolated",SP.POP.AG00.FE.IN,574824.5
"Egypt, Arab Rep.",EGY,1964,"Age population, age 00, female, interpolated",SP.POP.AG00.FE.IN,568159.0
"Egypt, Arab Rep.",EGY,1963,"Age population, age 00, female, interpolated",SP.POP.AG00.FE.IN,558262.5
"Egypt, Arab Rep.",EGY,1962,"Age population, age 00, female, interpolated",SP.POP.AG00.FE.IN,547947.5
"Egypt, Arab Rep.",EGY,1961,"Age population, age 00, female, interpolated",SP.POP.AG00.FE.IN,538561.0
"Egypt, Arab Rep.",EGY,1960,"Age population, age 00, female, interpolated",SP.POP.AG00.FE.IN,530457.0
"Egypt, Arab Rep.",EGY,2021,"Age population, age 00, male, interpolated",SP.POP.AG00.MA.IN,1.248338e+06
"Egypt, Arab Rep.",EGY,2020,"Age population, age 00, male, interpolated",SP.POP.AG00.MA.IN,1.2533975e+06
"Egypt, Arab Rep.",EGY,2019,"Age population, age 00, male, interpolated",SP.POP.AG00.MA.IN,1.270135e+06
"Egypt, Arab Rep.",EGY,2018,"Age population, age 00, male, interpolated",SP.POP.AG00.MA.IN,1.288881e+06
"Egypt, Arab Rep.",EGY,2017,"Age population, age 00, male, interpolated",SP.POP.AG00.MA.IN,1.2966745e+06
"Egypt, Arab Rep.",EGY,2016,"Age population, age 00, male, interpolated",SP.POP.AG00.MA.IN,1.3397395e+06
"Egypt, Arab Rep.",EGY,2015,"Age population, age 00, male, interpolated",SP.POP.AG00.MA.IN,1.3723275e+06
"Egypt, Arab Rep.",EGY,2014,"Age population, age 00, male, interpolated",SP.POP.AG00.MA.IN,1.34998e+06
"Egypt, Arab Rep.",EGY,2013,"Age population, age 00, male, interpolated",SP.POP.AG00.MA.IN,1.3082865e+06
"Egypt, Arab Rep.",EGY,2012,"Age population, age 00, male, interpolated",SP.POP.AG00.MA.IN,1.2541e+06
"Egypt, Arab Rep.",EGY,2011,"Age population, age 00, male, interpolated",SP.POP.AG00.MA.IN,1.2083905e+06
"Egypt, Arab Rep.",EGY,2010,"Age population, age 00, male, interpolated",SP.POP.AG00.MA.IN,1.1596785e+06
"Egypt, Arab Rep.",EGY,2009,"Age population, age 00, male, interpolated",SP.POP.AG00.MA.IN,1.1139765e+06
"Egypt, Arab Rep.",EGY,2008,"Age population, age 00, male, interpolated",SP.POP.AG00.MA.IN,1.0877415e+06
"Egypt, Arab Rep.",EGY,2007,"Age population, age 00, male, interpolated",SP.POP.AG00.MA.IN,1.059244e+06
"Egypt, Arab Rep.",EGY,2006,"Age population, age 00, male, interpolated",SP.POP.AG00.MA.IN,1.032679e+06
"Egypt, Arab Rep.",EGY,2005,"Age population, age 00, male, interpolated",SP.POP.AG00.MA.IN,1.012073e+06
"Egypt, Arab Rep.",EGY,2004,"Age population, age 00, male, interpolated",SP.POP.AG00.MA.IN,997322.0
"Egypt, Arab Rep.",EGY,2003,"Age population, age 00, male, interpolated",SP.POP.AG00.MA.IN,986641.5
"Egypt, Arab Rep.",EGY,2002,"Age population, age 00, male, interpolated",SP.POP.AG00.MA.IN,976335.0
"Egypt, Arab Rep.",EGY,2001,"Age population, age 00, male, interpolated",SP.POP.AG00.MA.IN,965969.5
"Egypt, Arab Rep.",EGY,2000,"Age population, age 00, male, interpolated",SP.POP.AG00.MA.IN,954766.5
"Egypt, Arab Rep.",EGY,1999,"Age population, age 00, male, interpolated",SP.POP.AG00.MA.IN,947891.0
"Egypt, Arab Rep.",EGY,1998,"Age population, age 00, male, interpolated",SP.POP.AG00.MA.IN,936475.0
"Egypt, Arab Rep.",EGY,1997,"Age population, age 00, male, interpolated",SP.POP.AG00.MA.IN,924269.0
"Egypt, Arab Rep.",EGY,1996,"Age population, age 00, male, interpolated",SP.POP.AG00.MA.IN,921340.5
"Egypt, Arab Rep.",EGY,1995,"Age population, age 00, male, interpolated",SP.POP.AG00.MA.IN,923537.0
"Egypt, Arab Rep.",EGY,1994,"Age population, age 00, male, interpolated",SP.POP.AG00.MA.IN,928419.5
"Egypt, Arab Rep.",EGY,1993,"Age population, age 00, male, interpolated",SP.POP.AG00.MA.IN,935481.5
"Egypt, Arab Rep.",EGY,1992,"Age population, age 00, male, interpolated",SP.POP.AG00.MA.IN,931356.5
"Egypt, Arab Rep.",EGY,1991,"Age population, age 00, male, interpolated",SP.POP.AG00.MA.IN,927663.0
"Egypt, Arab Rep.",EGY,1990,"Age population, age 00, male, interpolated",SP.POP.AG00.MA.IN,937530.5
"Egypt, Arab Rep.",EGY,1989,"Age population, age 00, male, interpolated",SP.POP.AG00.MA.IN,946854.5
"Egypt, Arab Rep.",EGY,1988,"Age population, age 00, male, interpolated",SP.POP.AG00.MA.IN,946863.0
"Egypt, Arab Rep.",EGY,1987,"Age population, age 00, male, interpolated",SP.POP.AG00.MA.IN,936230.5
"Egypt, Arab Rep.",EGY,1986,"Age population, age 00, male, interpolated",SP.POP.AG00.MA.IN,922963.5
"Egypt, Arab Rep.",EGY,1985,"Age population, age 00, male, interpolated",SP.POP.AG00.MA.IN,908944.5
"Egypt, Arab Rep.",EGY,1984,"Age population, age 00, male, interpolated",SP.POP.AG00.MA.IN,894312.0
"Egypt, Arab Rep.",EGY,1983,"Age population, age 00, male, interpolated",SP.POP.AG00.MA.IN,874753.0
"Egypt, Arab Rep.",EGY,1982,"Age population, age 00, male, interpolated",SP.POP.AG00.MA.IN,852002.0
"Egypt, Arab Rep.",EGY,1981,"Age population, age 00, male, interpolated",SP.POP.AG00.MA.IN,837133.0
"Egypt, Arab Rep.",EGY,1980,"Age population, age 00, male, interpolated",SP.POP.AG00.MA.IN,825890.0
"Egypt, Arab Rep.",EGY,1979,"Age population, age 00, male, interpolated",SP.POP.AG00.MA.IN,807293.5
"Egypt, Arab Rep.",EGY,1978,"Age population, age 00, male, interpolated",SP.POP.AG00.MA.IN,783436.5
"Egypt, Arab Rep.",EGY,1977,"Age population, age 00, male, interpolated",SP.POP.AG00.MA.IN,762160.5
"Egypt, Arab Rep.",EGY,1976,"Age population, age 00, male, interpolated",SP.POP.AG00.MA.IN,743355.0
"Egypt, Arab Rep.",EGY,1975,"Age population, age 00, male, interpolated",SP.POP.AG00.MA.IN,724228.5
"Egypt, Arab Rep.",EGY,1974,"Age population, age 00, male, interpolated",SP.POP.AG00.MA.IN,705697.0
"Egypt, Arab Rep.",EGY,1973,"Age population, age 00, male, interpolated",SP.POP.AG00.MA.IN,693022.5
"Egypt, Arab Rep.",EGY,1972,"Age population, age 00, male, interpolated",SP.POP.AG00.MA.IN,682473.0
"Egypt, Arab Rep.",EGY,1971,"Age population, age 00, male, interpolated",SP.POP.AG00.MA.IN,670099.5
"Egypt, Arab Rep.",EGY,1970,"Age population, age 00, male, interpolated",SP.POP.AG00.MA.IN,659688.0
"Egypt, Arab Rep.",EGY,1969,"Age population, age 00, male, interpolated",SP.POP.AG00.MA.IN,650337.0
"Egypt, Arab Rep.",EGY,1968,"Age population, age 00, male, interpolated",SP.POP.AG00.MA.IN,640586.0
"Egypt, Arab Rep.",EGY,1967,"Age population, age 00, male, interpolated",SP.POP.AG00.MA.IN,631117.0
"Egypt, Arab Rep.",EGY,1966,"Age population, age 00, male, interpolated",SP.POP.AG00.MA.IN,620158.0
"Egypt, Arab Rep.",EGY,1965,"Age population, age 00, male, interpolated",SP.POP.AG00.MA.IN,611069.5
"Egypt, Arab Rep.",EGY,1964,"Age population, age 00, male, interpolated",SP.POP.AG00.MA.IN,603414.5
"Egypt, Arab Rep.",EGY,1963,"Age population, age 00, male, interpolated",SP.POP.AG00.MA.IN,592407.0
"Egypt, Arab Rep.",EGY,1962,"Age population, age 00, male, interpolated",SP.POP.AG00.MA.IN,581142.5
"Egypt, Arab Rep.",EGY,1961,"Age population, age 00, male, interpolated",SP.POP.AG00.MA.IN,570907.0
"Egypt, Arab Rep.",EGY,1960,"Age population, age 00, male, interpolated",SP.POP.AG00.MA.IN,562015.0
"Egypt, Arab Rep.",EGY,2021,"Age population, age 01, female, interpolated",SP.POP.AG01.FE.IN,1.1896175e+06
"Egypt, Arab Rep.",EGY,2020,"Age population, age 01, female, interpolated",SP.POP.AG01.FE.IN,1.206233e+06
"Egypt, Arab Rep.",EGY,2019,"Age population, age 01, female, interpolated",SP.POP.AG01.FE.IN,1.224868e+06
"Egypt, Arab Rep.",EGY,2018,"Age population, age 01, female, interpolated",SP.POP.AG01.FE.IN,1.2333995e+06
"Egypt, Arab Rep.",EGY,2017,"Age population, age 01, female, interpolated",SP.POP.AG01.FE.IN,1.2751195e+06
"Egypt, Arab Rep.",EGY,2016,"Age population, age 01, female, interpolated",SP.POP.AG01.FE.IN,1.3056235e+06
"Egypt, Arab Rep.",EGY,2015,"Age population, age 01, female, interpolated",SP.POP.AG01.FE.IN,1.283997e+06
"Egypt, Arab Rep.",EGY,2014,"Age population, age 01, female, interpolated",SP.POP.AG01.FE.IN,1.2445245e+06
"Egypt, Arab Rep.",EGY,2013,"Age population, age 01, female, interpolated",SP.POP.AG01.FE.IN,1.1909175e+06
"Egypt, Arab Rep.",EGY,2012,"Age population, age 01, female, interpolated",SP.POP.AG01.FE.IN,1.144917e+06
"Egypt, Arab Rep.",EGY,2011,"Age population, age 01, female, interpolated",SP.POP.AG01.FE.IN,1.0967385e+06
"Egypt, Arab Rep.",EGY,2010,"Age population, age 01, female, interpolated",SP.POP.AG01.FE.IN,1.052755e+06
"Egypt, Arab Rep.",EGY,2009,"Age population, age 01, female, interpolated",SP.POP.AG01.FE.IN,1.0294725e+06
"Egypt, Arab Rep.",EGY,2008,"Age population, age 01, female, interpolated",SP.POP.AG01.FE.IN,1.004471e+06
"Egypt, Arab Rep.",EGY,2007,"Age population, age 01, female, interpolated",SP.POP.AG01.FE.IN,981624.5
"Egypt, Arab Rep.",EGY,2006,"Age population, age 01, female, interpolated",SP.POP.AG01.FE.IN,964015.5
"Egypt, Arab Rep.",EGY,2005,"Age population, age 01, female, interpolated",SP.POP.AG01.FE.IN,950323.5
"Egypt, Arab Rep.",EGY,2004,"Age population, age 01, female, interpolated",SP.POP.AG01.FE.IN,937300.0
"Egypt, Arab Rep.",EGY,2003,"Age population, age 01, female, interpolated",SP.POP.AG01.FE.IN,922659.0
"Egypt, Arab Rep.",EGY,2002,"Age population, age 01, female, interpolated",SP.POP.AG01.FE.IN,908708.0
"Egypt, Arab Rep.",EGY,2001,"Age population, age 01, female, interpolated",SP.POP.AG01.FE.IN,895669.0
"Egypt, Arab Rep.",EGY,2000,"Age population, age 01, female, interpolated",SP.POP.AG01.FE.IN,887609.5
"Egypt, Arab Rep.",EGY,1999,"Age population, age 01, female, interpolated",SP.POP.AG01.FE.IN,875326.0
"Egypt, Arab Rep.",EGY,1998,"Age population, age 01, female, interpolated",SP.POP.AG01.FE.IN,861598.0
"Egypt, Arab Rep.",EGY,1997,"Age population, age 01, female, interpolated",SP.POP.AG01.FE.IN,855179.0
"Egypt, Arab Rep.",EGY,1996,"Age population, age 01, female, interpolated",SP.POP.AG01.FE.IN,853851.0
"Egypt, Arab Rep.",EGY,1995,"Age population, age 01, female, interpolated",SP.POP.AG01.FE.IN,855074.0
"Egypt, Arab Rep.",EGY,1994,"Age population, age 01, female, interpolated",SP.POP.AG01.FE.IN,859416.5
"Egypt, Arab Rep.",EGY,1993,"Age population, age 01, female, interpolated",SP.POP.AG01.FE.IN,855541.5
"Egypt, Arab Rep.",EGY,1992,"Age population, age 01, female, interpolated",SP.POP.AG01.FE.IN,852788.5
"Egypt, Arab Rep.",EGY,1991,"Age population, age 01, female, interpolated",SP.POP.AG01.FE.IN,862860.0
"Egypt, Arab Rep.",EGY,1990,"Age population, age 01, female, interpolated",SP.POP.AG01.FE.IN,871957.5
"Egypt, Arab Rep.",EGY,1989,"Age population, age 01, female, interpolated",SP.POP.AG01.FE.IN,872435.5
"Egypt, Arab Rep.",EGY,1988,"Age population, age 01, female, interpolated",SP.POP.AG01.FE.IN,862604.0
"Egypt, Arab Rep.",EGY,1987,"Age population, age 01, female, interpolated",SP.POP.AG01.FE.IN,848084.0
"Egypt, Arab Rep.",EGY,1986,"Age population, age 01, female, interpolated",SP.POP.AG01.FE.IN,829779.5
"Egypt, Arab Rep.",EGY,1985,"Age population, age 01, female, interpolated",SP.POP.AG01.FE.IN,810922.5
"Egypt, Arab Rep.",EGY,1984,"Age population, age 01, female, interpolated",SP.POP.AG01.FE.IN,789645.5
"Egypt, Arab Rep.",EGY,1983,"Age population, age 01, female, interpolated",SP.POP.AG01.FE.IN,765771.0
"Egypt, Arab Rep.",EGY,1982,"Age population, age 01, female, interpolated",SP.POP.AG01.FE.IN,748672.0
"Egypt, Arab Rep.",EGY,1981,"Age population, age 01, female, interpolated",SP.POP.AG01.FE.IN,735057.0
"Egypt, Arab Rep.",EGY,1980,"Age population, age 01, female, interpolated",SP.POP.AG01.FE.IN,714883.5
"Egypt, Arab Rep.",EGY,1979,"Age population, age 01, female, interpolated",SP.POP.AG01.FE.IN,689412.5
"Egypt, Arab Rep.",EGY,1978,"Age population, age 01, female, interpolated",SP.POP.AG01.FE.IN,666951.5
"Egypt, Arab Rep.",EGY,1977,"Age population, age 01, female, interpolated",SP.POP.AG01.FE.IN,647536.5
"Egypt, Arab Rep.",EGY,1976,"Age population, age 01, female, interpolated",SP.POP.AG01.FE.IN,628179.5
"Egypt, Arab Rep.",EGY,1975,"Age population, age 01, female, interpolated",SP.POP.AG01.FE.IN,609682.0
"Egypt, Arab Rep.",EGY,1974,"Age population, age 01, female, interpolated",SP.POP.AG01.FE.IN,596574.0
"Egypt, Arab Rep.",EGY,1973,"Age population, age 01, female, interpolated",SP.POP.AG01.FE.IN,585747.5
"Egypt, Arab Rep.",EGY,1972,"Age population, age 01, female, interpolated",SP.POP.AG01.FE.IN,573966.0
"Egypt, Arab Rep.",EGY,1971,"Age population, age 01, female, interpolated",SP.POP.AG01.FE.IN,564574.0
"Egypt, Arab Rep.",EGY,1970,"Age population, age 01, female, interpolated",SP.POP.AG01.FE.IN,556478.5
"Egypt, Arab Rep.",EGY,1969,"Age population, age 01, female, interpolated",SP.POP.AG01.FE.IN,548076.5
"Egypt, Arab Rep.",EGY,1968,"Age population, age 01, female, interpolated",SP.POP.AG01.FE.IN,539677.0
"Egypt, Arab Rep.",EGY,1967,"Age population, age 01, female, interpolated",SP.POP.AG01.FE.IN,529571.0
"Egypt, Arab Rep.",EGY,1966,"Age population, age 01, female, interpolated",SP.POP.AG01.FE.IN,520788.0
"Egypt, Arab Rep.",EGY,1965,"Age population, age 01, female, interpolated",SP.POP.AG01.FE.IN,513157.0
"Egypt, Arab Rep.",EGY,1964,"Age population, age 01, female, interpolated",SP.POP.AG01.FE.IN,502440.5
"Egypt, Arab Rep.",EGY,1963,"Age population, age 01, female, interpolated",SP.POP.AG01.FE.IN,491224.5
"Egypt, Arab Rep.",EGY,1962,"Age population, age 01, female, interpolated",SP.POP.AG01.FE.IN,480650.5
"Egypt, Arab Rep.",EGY,1961,"Age population, age 01, female, interpolated",SP.POP.AG01.FE.IN,471228.0
"Egypt, Arab Rep.",EGY,1960,"Age population, age 01, female, interpolated",SP.POP.AG01.FE.IN,463204.0
"Egypt, Arab Rep.",EGY,2021,"Age population, age 01, male, interpolated",SP.POP.AG01.MA.IN,1.2497365e+06
"Egypt, Arab Rep.",EGY,2020,"Age population, age 01, male, interpolated",SP.POP.AG01.MA.IN,1.266289e+06
"Egypt, Arab Rep.",EGY,2019,"Age population, age 01, male, interpolated",SP.POP.AG01.MA.IN,1.284716e+06
"Egypt, Arab Rep.",EGY,2018,"Age population, age 01, male, interpolated",SP.POP.AG01.MA.IN,1.2924555e+06
"Egypt, Arab Rep.",EGY,2017,"Age population, age 01, male, interpolated",SP.POP.AG01.MA.IN,1.3354255e+06
"Egypt, Arab Rep.",EGY,2016,"Age population, age 01, male, interpolated",SP.POP.AG01.MA.IN,1.367564e+06
"Egypt, Arab Rep.",EGY,2015,"Age population, age 01, male, interpolated",SP.POP.AG01.MA.IN,1.34517e+06
"Egypt, Arab Rep.",EGY,2014,"Age population, age 01, male, interpolated",SP.POP.AG01.MA.IN,1.3043035e+06
"Egypt, Arab Rep.",EGY,2013,"Age population, age 01, male, interpolated",SP.POP.AG01.MA.IN,1.2500945e+06
"Egypt, Arab Rep.",EGY,2012,"Age population, age 01, male, interpolated",SP.POP.AG01.MA.IN,1.2041e+06
"Egypt, Arab Rep.",EGY,2011,"Age population, age 01, male, interpolated",SP.POP.AG01.MA.IN,1.1552425e+06
"Egypt, Arab Rep.",EGY,2010,"Age population, age 01, male, interpolated",SP.POP.AG01.MA.IN,1.108936e+06
"Egypt, Arab Rep.",EGY,2009,"Age population, age 01, male, interpolated",SP.POP.AG01.MA.IN,1.08243e+06
"Egypt, Arab Rep.",EGY,2008,"Age population, age 01, male, interpolated",SP.POP.AG01.MA.IN,1.05379e+06
"Egypt, Arab Rep.",EGY,2007,"Age population, age 01, male, interpolated",SP.POP.AG01.MA.IN,1.027048e+06
"Egypt, Arab Rep.",EGY,2006,"Age population, age 01, male, interpolated",SP.POP.AG01.MA.IN,1.0062085e+06
"Egypt, Arab Rep.",EGY,2005,"Age population, age 01, male, interpolated",SP.POP.AG01.MA.IN,991271.5
"Egypt, Arab Rep.",EGY,2004,"Age population, age 01, male, interpolated",SP.POP.AG01.MA.IN,980319.0
"Egypt, Arab Rep.",EGY,2003,"Age population, age 01, male, interpolated",SP.POP.AG01.MA.IN,969630.5
"Egypt, Arab Rep.",EGY,2002,"Age population, age 01, male, interpolated",SP.POP.AG01.MA.IN,958647.0
"Egypt, Arab Rep.",EGY,2001,"Age population, age 01, male, interpolated",SP.POP.AG01.MA.IN,946658.5
"Egypt, Arab Rep.",EGY,2000,"Age population, age 01, male, interpolated",SP.POP.AG01.MA.IN,939043.0
"Egypt, Arab Rep.",EGY,1999,"Age population, age 01, male, interpolated",SP.POP.AG01.MA.IN,926885.5
"Egypt, Arab Rep.",EGY,1998,"Age population, age 01, male, interpolated",SP.POP.AG01.MA.IN,913842.0
"Egypt, Arab Rep.",EGY,1997,"Age population, age 01, male, interpolated",SP.POP.AG01.MA.IN,909824.5
"Egypt, Arab Rep.",EGY,1996,"Age population, age 01, male, interpolated",SP.POP.AG01.MA.IN,910671.5
"Egypt, Arab Rep.",EGY,1995,"Age population, age 01, male, interpolated",SP.POP.AG01.MA.IN,914077.0
"Egypt, Arab Rep.",EGY,1994,"Age population, age 01, male, interpolated",SP.POP.AG01.MA.IN,919569.0
"Egypt, Arab Rep.",EGY,1993,"Age population, age 01, male, interpolated",SP.POP.AG01.MA.IN,914000.0
"Egypt, Arab Rep.",EGY,1992,"Age population, age 01, male, interpolated",SP.POP.AG01.MA.IN,908796.0
"Egypt, Arab Rep.",EGY,1991,"Age population, age 01, male, interpolated",SP.POP.AG01.MA.IN,916936.5
"Egypt, Arab Rep.",EGY,1990,"Age population, age 01, male, interpolated",SP.POP.AG01.MA.IN,924398.5
"Egypt, Arab Rep.",EGY,1989,"Age population, age 01, male, interpolated",SP.POP.AG01.MA.IN,922323.5
"Egypt, Arab Rep.",EGY,1988,"Age population, age 01, male, interpolated",SP.POP.AG01.MA.IN,909400.5
"Egypt, Arab Rep.",EGY,1987,"Age population, age 01, male, interpolated",SP.POP.AG01.MA.IN,893573.5
"Egypt, Arab Rep.",EGY,1986,"Age population, age 01, male, interpolated",SP.POP.AG01.MA.IN,877252.0
"Egypt, Arab Rep.",EGY,1985,"Age population, age 01, male, interpolated",SP.POP.AG01.MA.IN,860499.5
"Egypt, Arab Rep.",EGY,1984,"Age population, age 01, male, interpolated",SP.POP.AG01.MA.IN,838932.0
"Egypt, Arab Rep.",EGY,1983,"Age population, age 01, male, interpolated",SP.POP.AG01.MA.IN,814298.0
"Egypt, Arab Rep.",EGY,1982,"Age population, age 01, male, interpolated",SP.POP.AG01.MA.IN,797245.5
"Egypt, Arab Rep.",EGY,1981,"Age population, age 01, male, interpolated",SP.POP.AG01.MA.IN,783865.5
"Egypt, Arab Rep.",EGY,1980,"Age population, age 01, male, interpolated",SP.POP.AG01.MA.IN,763625.5
"Egypt, Arab Rep.",EGY,1979,"Age population, age 01, male, interpolated",SP.POP.AG01.MA.IN,738470.0
"Egypt, Arab Rep.",EGY,1978,"Age population, age 01, male, interpolated",SP.POP.AG01.MA.IN,715879.5
"Egypt, Arab Rep.",EGY,1977,"Age population, age 01, male, interpolated",SP.POP.AG01.MA.IN,695587.5
"Egypt, Arab Rep.",EGY,1976,"Age population, age 01, male, interpolated",SP.POP.AG01.MA.IN,675203.0
"Egypt, Arab Rep.",EGY,1975,"Age population, age 01, male, interpolated",SP.POP.AG01.MA.IN,655808.0
"Egypt, Arab Rep.",EGY,1974,"Age population, age 01, male, interpolated",SP.POP.AG01.MA.IN,642200.5
"Egypt, Arab Rep.",EGY,1973,"Age population, age 01, male, interpolated",SP.POP.AG01.MA.IN,630956.0
"Egypt, Arab Rep.",EGY,1972,"Age population, age 01, male, interpolated",SP.POP.AG01.MA.IN,618390.5
"Egypt, Arab Rep.",EGY,1971,"Age population, age 01, male, interpolated",SP.POP.AG01.MA.IN,607979.0
"Egypt, Arab Rep.",EGY,1970,"Age population, age 01, male, interpolated",SP.POP.AG01.MA.IN,598663.5
"Egypt, Arab Rep.",EGY,1969,"Age population, age 01, male, interpolated",SP.POP.AG01.MA.IN,588879.5
"Egypt, Arab Rep.",EGY,1968,"Age population, age 01, male, interpolated",SP.POP.AG01.MA.IN,579238.0
"Egypt, Arab Rep.",EGY,1967,"Age population, age 01, male, interpolated",SP.POP.AG01.MA.IN,567940.5
"Egypt, Arab Rep.",EGY,1966,"Age population, age 01, male, interpolated",SP.POP.AG01.MA.IN,558152.0
"Egypt, Arab Rep.",EGY,1965,"Age population, age 01, male, interpolated",SP.POP.AG01.MA.IN,549499.5
"Egypt, Arab Rep.",EGY,1964,"Age population, age 01, male, interpolated",SP.POP.AG01.MA.IN,537574.0
"Egypt, Arab Rep.",EGY,1963,"Age population, age 01, male, interpolated",SP.POP.AG01.MA.IN,525282.5
"Egypt, Arab Rep.",EGY,1962,"Age population, age 01, male, interpolated",SP.POP.AG01.MA.IN,513814.0
"Egypt, Arab Rep.",EGY,1961,"Age population, age 01, male, interpolated",SP.POP.AG01.MA.IN,503560.0
"Egypt, Arab Rep.",EGY,1960,"Age population, age 01, male, interpolated",SP.POP.AG01.MA.IN,494763.0
"Egypt, Arab Rep.",EGY,2021,"Age population, age 02, female, interpolated",SP.POP.AG02.FE.IN,1.2048295e+06
"Egypt, Arab Rep.",EGY,2020,"Age population, age 02, female, interpolated",SP.POP.AG02.FE.IN,1.223341e+06
"Egypt, Arab Rep.",EGY,2019,"Age population, age 02, female, interpolated",SP.POP.AG02.FE.IN,1.231662e+06
"Egypt, Arab Rep.",EGY,2018,"Age population, age 02, female, interpolated",SP.POP.AG02.FE.IN,1.273334e+06
"Egypt, Arab Rep.",EGY,2017,"Age population, age 02, female, interpolated",SP.POP.AG02.FE.IN,1.303862e+06
"Egypt, Arab Rep.",EGY,2016,"Age population, age 02, female, interpolated",SP.POP.AG02.FE.IN,1.281995e+06
"Egypt, Arab Rep.",EGY,2015,"Age population, age 02, female, interpolated",SP.POP.AG02.FE.IN,1.2425005e+06
"Egypt, Arab Rep.",EGY,2014,"Age population, age 02, female, interpolated",SP.POP.AG02.FE.IN,1.189578e+06
"Egypt, Arab Rep.",EGY,2013,"Age population, age 02, female, interpolated",SP.POP.AG02.FE.IN,1.1435345e+06
"Egypt, Arab Rep.",EGY,2012,"Age population, age 02, female, interpolated",SP.POP.AG02.FE.IN,1.095188e+06
"Egypt, Arab Rep.",EGY,2011,"Age population, age 02, female, interpolated",SP.POP.AG02.FE.IN,1.051142e+06
"Egypt, Arab Rep.",EGY,2010,"Age population, age 02, female, interpolated",SP.POP.AG02.FE.IN,1.0273735e+06
"Egypt, Arab Rep.",EGY,2009,"Age population, age 02, female, interpolated",SP.POP.AG02.FE.IN,1.0022485e+06
"Egypt, Arab Rep.",EGY,2008,"Age population, age 02, female, interpolated",SP.POP.AG02.FE.IN,979371.0
"Egypt, Arab Rep.",EGY,2007,"Age population, age 02, female, interpolated",SP.POP.AG02.FE.IN,961708.5
"Egypt, Arab Rep.",EGY,2006,"Age population, age 02, female, interpolated",SP.POP.AG02.FE.IN,947945.5
"Egypt, Arab Rep.",EGY,2005,"Age population, age 02, female, interpolated",SP.POP.AG02.FE.IN,934931.5
"Egypt, Arab Rep.",EGY,2004,"Age population, age 02, female, interpolated",SP.POP.AG02.FE.IN,920273.5
"Egypt, Arab Rep.",EGY,2003,"Age population, age 02, female, interpolated",SP.POP.AG02.FE.IN,906256.0
"Egypt, Arab Rep.",EGY,2002,"Age population, age 02, female, interpolated",SP.POP.AG02.FE.IN,892979.5
"Egypt, Arab Rep.",EGY,2001,"Age population, age 02, female, interpolated",SP.POP.AG02.FE.IN,884562.5
"Egypt, Arab Rep.",EGY,2000,"Age population, age 02, female, interpolated",SP.POP.AG02.FE.IN,872043.0
"Egypt, Arab Rep.",EGY,1999,"Age population, age 02, female, interpolated",SP.POP.AG02.FE.IN,858073.0
"Egypt, Arab Rep.",EGY,1998,"Age population, age 02, female, interpolated",SP.POP.AG02.FE.IN,851343.5
"Egypt, Arab Rep.",EGY,1997,"Age population, age 02, female, interpolated",SP.POP.AG02.FE.IN,849599.0
"Egypt, Arab Rep.",EGY,1996,"Age population, age 02, female, interpolated",SP.POP.AG02.FE.IN,850267.0
"Egypt, Arab Rep.",EGY,1995,"Age population, age 02, female, interpolated",SP.POP.AG02.FE.IN,854033.5
"Egypt, Arab Rep.",EGY,1994,"Age population, age 02, female, interpolated",SP.POP.AG02.FE.IN,849629.5
"Egypt, Arab Rep.",EGY,1993,"Age population, age 02, female, interpolated",SP.POP.AG02.FE.IN,846296.5
"Egypt, Arab Rep.",EGY,1992,"Age population, age 02, female, interpolated",SP.POP.AG02.FE.IN,855722.0
"Egypt, Arab Rep.",EGY,1991,"Age population, age 02, female, interpolated",SP.POP.AG02.FE.IN,864326.0
"Egypt, Arab Rep.",EGY,1990,"Age population, age 02, female, interpolated",SP.POP.AG02.FE.IN,864379.5
"Egypt, Arab Rep.",EGY,1989,"Age population, age 02, female, interpolated",SP.POP.AG02.FE.IN,854018.5
"Egypt, Arab Rep.",EGY,1988,"Age population, age 02, female, interpolated",SP.POP.AG02.FE.IN,838859.5
"Egypt, Arab Rep.",EGY,1987,"Age population, age 02, female, interpolated",SP.POP.AG02.FE.IN,819764.5
"Egypt, Arab Rep.",EGY,1986,"Age population, age 02, female, interpolated",SP.POP.AG02.FE.IN,799999.5
"Egypt, Arab Rep.",EGY,1985,"Age population, age 02, female, interpolated",SP.POP.AG02.FE.IN,777704.0
"Egypt, Arab Rep.",EGY,1984,"Age population, age 02, female, interpolated",SP.POP.AG02.FE.IN,752793.5
"Egypt, Arab Rep.",EGY,1983,"Age population, age 02, female, interpolated",SP.POP.AG02.FE.IN,734503.5
"Egypt, Arab Rep.",EGY,1982,"Age population, age 02, female, interpolated",SP.POP.AG02.FE.IN,719576.5
"Egypt, Arab Rep.",EGY,1981,"Age population, age 02, female, interpolated",SP.POP.AG02.FE.IN,698362.5
"Egypt, Arab Rep.",EGY,1980,"Age population, age 02, female, interpolated",SP.POP.AG02.FE.IN,672021.0
"Egypt, Arab Rep.",EGY,1979,"Age population, age 02, female, interpolated",SP.POP.AG02.FE.IN,648606.0
"Egypt, Arab Rep.",EGY,1978,"Age population, age 02, female, interpolated",SP.POP.AG02.FE.IN,628211.0
"Egypt, Arab Rep.",EGY,1977,"Age population, age 02, female, interpolated",SP.POP.AG02.FE.IN,607819.5
"Egypt, Arab Rep.",EGY,1976,"Age population, age 02, female, interpolated",SP.POP.AG02.FE.IN,588396.0
"Egypt, Arab Rep.",EGY,1975,"Age population, age 02, female, interpolated",SP.POP.AG02.FE.IN,574430.0
"Egypt, Arab Rep.",EGY,1974,"Age population, age 02, female, interpolated",SP.POP.AG02.FE.IN,562857.5
"Egypt, Arab Rep.",EGY,1973,"Age population, age 02, female, interpolated",SP.POP.AG02.FE.IN,550642.5
"Egypt, Arab Rep.",EGY,1972,"Age population, age 02, female, interpolated",SP.POP.AG02.FE.IN,540954.5
"Egypt, Arab Rep.",EGY,1971,"Age population, age 02, female, interpolated",SP.POP.AG02.FE.IN,532769.0
"Egypt, Arab Rep.",EGY,1970,"Age population, age 02, female, interpolated",SP.POP.AG02.FE.IN,524408.5
"Egypt, Arab Rep.",EGY,1969,"Age population, age 02, female, interpolated",SP.POP.AG02.FE.IN,515956.5
"Egypt, Arab Rep.",EGY,1968,"Age population, age 02, female, interpolated",SP.POP.AG02.FE.IN,505761.0
"Egypt, Arab Rep.",EGY,1967,"Age population, age 02, female, interpolated",SP.POP.AG02.FE.IN,496673.0
"Egypt, Arab Rep.",EGY,1966,"Age population, age 02, female, interpolated",SP.POP.AG02.FE.IN,488576.5
"Egypt, Arab Rep.",EGY,1965,"Age population, age 02, female, interpolated",SP.POP.AG02.FE.IN,477458.0
"Egypt, Arab Rep.",EGY,1964,"Age population, age 02, female, interpolated",SP.POP.AG02.FE.IN,465760.0
"Egypt, Arab Rep.",EGY,1963,"Age population, age 02, female, interpolated",SP.POP.AG02.FE.IN,454555.0
"Egypt, Arab Rep.",EGY,1962,"Age population, age 02, female, interpolated",SP.POP.AG02.FE.IN,444315.0
"Egypt, Arab Rep.",EGY,1961,"Age population, age 02, female, interpolated",SP.POP.AG02.FE.IN,435409.5
"Egypt, Arab Rep.",EGY,1960,"Age population, age 02, female, interpolated",SP.POP.AG02.FE.IN,427085.0
"Egypt, Arab Rep.",EGY,2021,"Age population, age 02, male, interpolated",SP.POP.AG02.MA.IN,1.264604e+06
"Egypt, Arab Rep.",EGY,2020,"Age population, age 02, male, interpolated",SP.POP.AG02.MA.IN,1.2828975e+06
"Egypt, Arab Rep.",EGY,2019,"Age population, age 02, male, interpolated",SP.POP.AG02.MA.IN,1.29042e+06
"Egypt, Arab Rep.",EGY,2018,"Age population, age 02, male, interpolated",SP.POP.AG02.MA.IN,1.333319e+06
"Egypt, Arab Rep.",EGY,2017,"Age population, age 02, male, interpolated",SP.POP.AG02.MA.IN,1.3654575e+06
"Egypt, Arab Rep.",EGY,2016,"Age population, age 02, male, interpolated",SP.POP.AG02.MA.IN,1.3428195e+06
"Egypt, Arab Rep.",EGY,2015,"Age population, age 02, male, interpolated",SP.POP.AG02.MA.IN,1.301932e+06
"Egypt, Arab Rep.",EGY,2014,"Age population, age 02, male, interpolated",SP.POP.AG02.MA.IN,1.248404e+06
"Egypt, Arab Rep.",EGY,2013,"Age population, age 02, male, interpolated",SP.POP.AG02.MA.IN,1.20236e+06
"Egypt, Arab Rep.",EGY,2012,"Age population, age 02, male, interpolated",SP.POP.AG02.MA.IN,1.1533225e+06
"Egypt, Arab Rep.",EGY,2011,"Age population, age 02, male, interpolated",SP.POP.AG02.MA.IN,1.106954e+06
"Egypt, Arab Rep.",EGY,2010,"Age population, age 02, male, interpolated",SP.POP.AG02.MA.IN,1.0799715e+06
"Egypt, Arab Rep.",EGY,2009,"Age population, age 02, male, interpolated",SP.POP.AG02.MA.IN,1.0512125e+06
"Egypt, Arab Rep.",EGY,2008,"Age population, age 02, male, interpolated",SP.POP.AG02.MA.IN,1.024448e+06
"Egypt, Arab Rep.",EGY,2007,"Age population, age 02, male, interpolated",SP.POP.AG02.MA.IN,1.003559e+06
"Egypt, Arab Rep.",EGY,2006,"Age population, age 02, male, interpolated",SP.POP.AG02.MA.IN,988545.0
"Egypt, Arab Rep.",EGY,2005,"Age population, age 02, male, interpolated",SP.POP.AG02.MA.IN,977582.5
"Egypt, Arab Rep.",EGY,2004,"Age population, age 02, male, interpolated",SP.POP.AG02.MA.IN,966849.0
"Egypt, Arab Rep.",EGY,2003,"Age population, age 02, male, interpolated",SP.POP.AG02.MA.IN,955775.5
"Egypt, Arab Rep.",EGY,2002,"Age population, age 02, male, interpolated",SP.POP.AG02.MA.IN,943526.5
"Egypt, Arab Rep.",EGY,2001,"Age population, age 02, male, interpolated",SP.POP.AG02.MA.IN,935523.5
"Egypt, Arab Rep.",EGY,2000,"Age population, age 02, male, interpolated",SP.POP.AG02.MA.IN,923115.5
"Egypt, Arab Rep.",EGY,1999,"Age population, age 02, male, interpolated",SP.POP.AG02.MA.IN,909835.0
"Egypt, Arab Rep.",EGY,1998,"Age population, age 02, male, interpolated",SP.POP.AG02.MA.IN,905507.0
"Egypt, Arab Rep.",EGY,1997,"Age population, age 02, male, interpolated",SP.POP.AG02.MA.IN,905948.5
"Egypt, Arab Rep.",EGY,1996,"Age population, age 02, male, interpolated",SP.POP.AG02.MA.IN,908818.0
"Egypt, Arab Rep.",EGY,1995,"Age population, age 02, male, interpolated",SP.POP.AG02.MA.IN,913759.5
"Egypt, Arab Rep.",EGY,1994,"Age population, age 02, male, interpolated",SP.POP.AG02.MA.IN,907713.5
"Egypt, Arab Rep.",EGY,1993,"Age population, age 02, male, interpolated",SP.POP.AG02.MA.IN,901997.0
"Egypt, Arab Rep.",EGY,1992,"Age population, age 02, male, interpolated",SP.POP.AG02.MA.IN,909525.5
"Egypt, Arab Rep.",EGY,1991,"Age population, age 02, male, interpolated",SP.POP.AG02.MA.IN,916488.0
"Egypt, Arab Rep.",EGY,1990,"Age population, age 02, male, interpolated",SP.POP.AG02.MA.IN,913996.0
"Egypt, Arab Rep.",EGY,1989,"Age population, age 02, male, interpolated",SP.POP.AG02.MA.IN,900560.5
"Egypt, Arab Rep.",EGY,1988,"Age population, age 02, male, interpolated",SP.POP.AG02.MA.IN,884101.5
"Egypt, Arab Rep.",EGY,1987,"Age population, age 02, male, interpolated",SP.POP.AG02.MA.IN,866954.0
"Egypt, Arab Rep.",EGY,1986,"Age population, age 02, male, interpolated",SP.POP.AG02.MA.IN,849259.5
"Egypt, Arab Rep.",EGY,1985,"Age population, age 02, male, interpolated",SP.POP.AG02.MA.IN,826709.0
"Egypt, Arab Rep.",EGY,1984,"Age population, age 02, male, interpolated",SP.POP.AG02.MA.IN,801057.5
"Egypt, Arab Rep.",EGY,1983,"Age population, age 02, male, interpolated",SP.POP.AG02.MA.IN,782799.0
"Egypt, Arab Rep.",EGY,1982,"Age population, age 02, male, interpolated",SP.POP.AG02.MA.IN,768126.0
"Egypt, Arab Rep.",EGY,1981,"Age population, age 02, male, interpolated",SP.POP.AG02.MA.IN,746868.0
"Egypt, Arab Rep.",EGY,1980,"Age population, age 02, male, interpolated",SP.POP.AG02.MA.IN,720857.5
"Egypt, Arab Rep.",EGY,1979,"Age population, age 02, male, interpolated",SP.POP.AG02.MA.IN,697366.0
"Egypt, Arab Rep.",EGY,1978,"Age population, age 02, male, interpolated",SP.POP.AG02.MA.IN,676177.5
"Egypt, Arab Rep.",EGY,1977,"Age population, age 02, male, interpolated",SP.POP.AG02.MA.IN,654843.0
"Egypt, Arab Rep.",EGY,1976,"Age population, age 02, male, interpolated",SP.POP.AG02.MA.IN,634595.5
"Egypt, Arab Rep.",EGY,1975,"Age population, age 02, male, interpolated",SP.POP.AG02.MA.IN,620220.0
"Egypt, Arab Rep.",EGY,1974,"Age population, age 02, male, interpolated",SP.POP.AG02.MA.IN,608313.5
"Egypt, Arab Rep.",EGY,1973,"Age population, age 02, male, interpolated",SP.POP.AG02.MA.IN,595360.5
"Egypt, Arab Rep.",EGY,1972,"Age population, age 02, male, interpolated",SP.POP.AG02.MA.IN,584685.0
"Egypt, Arab Rep.",EGY,1971,"Age population, age 02, male, interpolated",SP.POP.AG02.MA.IN,575284.5
"Egypt, Arab Rep.",EGY,1970,"Age population, age 02, male, interpolated",SP.POP.AG02.MA.IN,565502.0
"Egypt, Arab Rep.",EGY,1969,"Age population, age 02, male, interpolated",SP.POP.AG02.MA.IN,555769.0
"Egypt, Arab Rep.",EGY,1968,"Age population, age 02, male, interpolated",SP.POP.AG02.MA.IN,544349.5
"Egypt, Arab Rep.",EGY,1967,"Age population, age 02, male, interpolated",SP.POP.AG02.MA.IN,534206.5
"Egypt, Arab Rep.",EGY,1966,"Age population, age 02, male, interpolated",SP.POP.AG02.MA.IN,525063.5
"Egypt, Arab Rep.",EGY,1965,"Age population, age 02, male, interpolated",SP.POP.AG02.MA.IN,512686.5
"Egypt, Arab Rep.",EGY,1964,"Age population, age 02, male, interpolated",SP.POP.AG02.MA.IN,499822.5
"Egypt, Arab Rep.",EGY,1963,"Age population, age 02, male, interpolated",SP.POP.AG02.MA.IN,487651.5
"Egypt, Arab Rep.",EGY,1962,"Age population, age 02, male, interpolated",SP.POP.AG02.MA.IN,476542.5
"Egypt, Arab Rep.",EGY,1961,"Age population, age 02, male, interpolated",SP.POP.AG02.MA.IN,466800.5
"Egypt, Arab Rep.",EGY,1960,"Age population, age 02, male, interpolated",SP.POP.AG02.MA.IN,457763.5
"Egypt, Arab Rep.",EGY,2021,"Age population, age 03, female, interpolated",SP.POP.AG03.FE.IN,1.222649e+06
"Egypt, Arab Rep.",EGY,2020,"Age population, age 03, female, interpolated",SP.POP.AG03.FE.IN,1.230862e+06
"Egypt, Arab Rep.",EGY,2019,"Age population, age 03, female, interpolated",SP.POP.AG03.FE.IN,1.272371e+06
"Egypt, Arab Rep.",EGY,2018,"Age population, age 03, female, interpolated",SP.POP.AG03.FE.IN,1.3029175e+06
"Egypt, Arab Rep.",EGY,2017,"Age population, age 03, female, interpolated",SP.POP.AG03.FE.IN,1.281133e+06
"Egypt, Arab Rep.",EGY,2016,"Age population, age 03, female, interpolated",SP.POP.AG03.FE.IN,1.2414635e+06
"Egypt, Arab Rep.",EGY,2015,"Age population, age 03, female, interpolated",SP.POP.AG03.FE.IN,1.188546e+06
"Egypt, Arab Rep.",EGY,2014,"Age population, age 03, female, interpolated",SP.POP.AG03.FE.IN,1.143081e+06
"Egypt, Arab Rep.",EGY,2013,"Age population, age 03, female, interpolated",SP.POP.AG03.FE.IN,1.094713e+06
"Egypt, Arab Rep.",EGY,2012,"Age population, age 03, female, interpolated",SP.POP.AG03.FE.IN,1.05053e+06
"Egypt, Arab Rep.",EGY,2011,"Age population, age 03, female, interpolated",SP.POP.AG03.FE.IN,1.0267e+06
"Egypt, Arab Rep.",EGY,2010,"Age population, age 03, female, interpolated",SP.POP.AG03.FE.IN,1.0011855e+06
"Egypt, Arab Rep.",EGY,2009,"Age population, age 03, female, interpolated",SP.POP.AG03.FE.IN,978225.0
"Egypt, Arab Rep.",EGY,2008,"Age population, age 03, female, interpolated",SP.POP.AG03.FE.IN,960560.0
"Egypt, Arab Rep.",EGY,2007,"Age population, age 03, female, interpolated",SP.POP.AG03.FE.IN,946781.5
"Egypt, Arab Rep.",EGY,2006,"Age population, age 03, female, interpolated",SP.POP.AG03.FE.IN,933737.0
"Egypt, Arab Rep.",EGY,2005,"Age population, age 03, female, interpolated",SP.POP.AG03.FE.IN,919116.0
"Egypt, Arab Rep.",EGY,2004,"Age population, age 03, female, interpolated",SP.POP.AG03.FE.IN,905132.5
"Egypt, Arab Rep.",EGY,2003,"Age population, age 03, female, interpolated",SP.POP.AG03.FE.IN,891864.5
"Egypt, Arab Rep.",EGY,2002,"Age population, age 03, female, interpolated",SP.POP.AG03.FE.IN,883298.5
"Egypt, Arab Rep.",EGY,2001,"Age population, age 03, female, interpolated",SP.POP.AG03.FE.IN,870545.0
"Egypt, Arab Rep.",EGY,2000,"Age population, age 03, female, interpolated",SP.POP.AG03.FE.IN,856451.5
"Egypt, Arab Rep.",EGY,1999,"Age population, age 03, female, interpolated",SP.POP.AG03.FE.IN,849605.0
"Egypt, Arab Rep.",EGY,1998,"Age population, age 03, female, interpolated",SP.POP.AG03.FE.IN,847713.5
"Egypt, Arab Rep.",EGY,1997,"Age population, age 03, female, interpolated",SP.POP.AG03.FE.IN,848178.5
"Egypt, Arab Rep.",EGY,1996,"Age population, age 03, female, interpolated",SP.POP.AG03.FE.IN,851638.5
"Egypt, Arab Rep.",EGY,1995,"Age population, age 03, female, interpolated",SP.POP.AG03.FE.IN,846954.0
"Egypt, Arab Rep.",EGY,1994,"Age population, age 03, female, interpolated",SP.POP.AG03.FE.IN,843346.0
"Egypt, Arab Rep.",EGY,1993,"Age population, age 03, female, interpolated",SP.POP.AG03.FE.IN,852446.0
"Egypt, Arab Rep.",EGY,1992,"Age population, age 03, female, interpolated",SP.POP.AG03.FE.IN,860739.0
"Egypt, Arab Rep.",EGY,1991,"Age population, age 03, female, interpolated",SP.POP.AG03.FE.IN,860611.5
"Egypt, Arab Rep.",EGY,1990,"Age population, age 03, female, interpolated",SP.POP.AG03.FE.IN,850145.0
"Egypt, Arab Rep.",EGY,1989,"Age population, age 03, female, interpolated",SP.POP.AG03.FE.IN,834741.0
"Egypt, Arab Rep.",EGY,1988,"Age population, age 03, female, interpolated",SP.POP.AG03.FE.IN,815293.5
"Egypt, Arab Rep.",EGY,1987,"Age population, age 03, female, interpolated",SP.POP.AG03.FE.IN,795091.5
"Egypt, Arab Rep.",EGY,1986,"Age population, age 03, female, interpolated",SP.POP.AG03.FE.IN,772385.0
"Egypt, Arab Rep.",EGY,1985,"Age population, age 03, female, interpolated",SP.POP.AG03.FE.IN,747064.0
"Egypt, Arab Rep.",EGY,1984,"Age population, age 03, female, interpolated",SP.POP.AG03.FE.IN,728257.5
"Egypt, Arab Rep.",EGY,1983,"Age population, age 03, female, interpolated",SP.POP.AG03.FE.IN,712668.5
"Egypt, Arab Rep.",EGY,1982,"Age population, age 03, female, interpolated",SP.POP.AG03.FE.IN,690882.5
"Egypt, Arab Rep.",EGY,1981,"Age population, age 03, female, interpolated",SP.POP.AG03.FE.IN,664180.5
"Egypt, Arab Rep.",EGY,1980,"Age population, age 03, female, interpolated",SP.POP.AG03.FE.IN,640352.0
"Egypt, Arab Rep.",EGY,1979,"Age population, age 03, female, interpolated",SP.POP.AG03.FE.IN,619487.0
"Egypt, Arab Rep.",EGY,1978,"Age population, age 03, female, interpolated",SP.POP.AG03.FE.IN,598730.0
"Egypt, Arab Rep.",EGY,1977,"Age population, age 03, female, interpolated",SP.POP.AG03.FE.IN,578898.0
"Egypt, Arab Rep.",EGY,1976,"Age population, age 03, female, interpolated",SP.POP.AG03.FE.IN,564488.0
"Egypt, Arab Rep.",EGY,1975,"Age population, age 03, female, interpolated",SP.POP.AG03.FE.IN,552580.0
"Egypt, Arab Rep.",EGY,1974,"Age population, age 03, female, interpolated",SP.POP.AG03.FE.IN,540097.0
"Egypt, Arab Rep.",EGY,1973,"Age population, age 03, female, interpolated",SP.POP.AG03.FE.IN,530193.0
"Egypt, Arab Rep.",EGY,1972,"Age population, age 03, female, interpolated",SP.POP.AG03.FE.IN,521824.0
"Egypt, Arab Rep.",EGY,1971,"Age population, age 03, female, interpolated",SP.POP.AG03.FE.IN,513408.5
"Egypt, Arab Rep.",EGY,1970,"Age population, age 03, female, interpolated",SP.POP.AG03.FE.IN,504970.5
"Egypt, Arab Rep.",EGY,1969,"Age population, age 03, female, interpolated",SP.POP.AG03.FE.IN,494792.5
"Egypt, Arab Rep.",EGY,1968,"Age population, age 03, female, interpolated",SP.POP.AG03.FE.IN,485699.5
"Egypt, Arab Rep.",EGY,1967,"Age population, age 03, female, interpolated",SP.POP.AG03.FE.IN,477549.5
"Egypt, Arab Rep.",EGY,1966,"Age population, age 03, female, interpolated",SP.POP.AG03.FE.IN,466411.5
"Egypt, Arab Rep.",EGY,1965,"Age population, age 03, female, interpolated",SP.POP.AG03.FE.IN,454621.0
"Egypt, Arab Rep.",EGY,1964,"Age population, age 03, female, interpolated",SP.POP.AG03.FE.IN,443179.0
"Egypt, Arab Rep.",EGY,1963,"Age population, age 03, female, interpolated",SP.POP.AG03.FE.IN,432597.0
"Egypt, Arab Rep.",EGY,1962,"Age population, age 03, female, interpolated",SP.POP.AG03.FE.IN,423345.5
"Egypt, Arab Rep.",EGY,1961,"Age population, age 03, female, interpolated",SP.POP.AG03.FE.IN,414681.0
"Egypt, Arab Rep.",EGY,1960,"Age population, age 03, female, interpolated",SP.POP.AG03.FE.IN,406517.5
"Egypt, Arab Rep.",EGY,2021,"Age population, age 03, male, interpolated",SP.POP.AG03.MA.IN,1.2820465e+06
"Egypt, Arab Rep.",EGY,2020,"Age population, age 03, male, interpolated",SP.POP.AG03.MA.IN,1.2894525e+06
"Egypt, Arab Rep.",EGY,2019,"Age population, age 03, male, interpolated",SP.POP.AG03.MA.IN,1.3321705e+06
"Egypt, Arab Rep.",EGY,2018,"Age population, age 03, male, interpolated",SP.POP.AG03.MA.IN,1.364306e+06
"Egypt, Arab Rep.",EGY,2017,"Age population, age 03, male, interpolated",SP.POP.AG03.MA.IN,1.3417465e+06
"Egypt, Arab Rep.",EGY,2016,"Age population, age 03, male, interpolated",SP.POP.AG03.MA.IN,1.3006835e+06
"Egypt, Arab Rep.",EGY,2015,"Age population, age 03, male, interpolated",SP.POP.AG03.MA.IN,1.247154e+06
"Egypt, Arab Rep.",EGY,2014,"Age population, age 03, male, interpolated",SP.POP.AG03.MA.IN,1.2016875e+06
"Egypt, Arab Rep.",EGY,2013,"Age population, age 03, male, interpolated",SP.POP.AG03.MA.IN,1.152624e+06
"Egypt, Arab Rep.",EGY,2012,"Age population, age 03, male, interpolated",SP.POP.AG03.MA.IN,1.1061065e+06
"Egypt, Arab Rep.",EGY,2011,"Age population, age 03, male, interpolated",SP.POP.AG03.MA.IN,1.079063e+06
"Egypt, Arab Rep.",EGY,2010,"Age population, age 03, male, interpolated",SP.POP.AG03.MA.IN,1.04992e+06
"Egypt, Arab Rep.",EGY,2009,"Age population, age 03, male, interpolated",SP.POP.AG03.MA.IN,1.023069e+06
"Egypt, Arab Rep.",EGY,2008,"Age population, age 03, male, interpolated",SP.POP.AG03.MA.IN,1.002174e+06
"Egypt, Arab Rep.",EGY,2007,"Age population, age 03, male, interpolated",SP.POP.AG03.MA.IN,987136.0
"Egypt, Arab Rep.",EGY,2006,"Age population, age 03, male, interpolated",SP.POP.AG03.MA.IN,976132.0
"Egypt, Arab Rep.",EGY,2005,"Age population, age 03, male, interpolated",SP.POP.AG03.MA.IN,965421.5
"Egypt, Arab Rep.",EGY,2004,"Age population, age 03, male, interpolated",SP.POP.AG03.MA.IN,954368.0
"Egypt, Arab Rep.",EGY,2003,"Age population, age 03, male, interpolated",SP.POP.AG03.MA.IN,942114.5
"Egypt, Arab Rep.",EGY,2002,"Age population, age 03, male, interpolated",SP.POP.AG03.MA.IN,933943.0
"Egypt, Arab Rep.",EGY,2001,"Age population, age 03, male, interpolated",SP.POP.AG03.MA.IN,921298.0
"Egypt, Arab Rep.",EGY,2000,"Age population, age 03, male, interpolated",SP.POP.AG03.MA.IN,907904.5
"Egypt, Arab Rep.",EGY,1999,"Age population, age 03, male, interpolated",SP.POP.AG03.MA.IN,903454.5
"Egypt, Arab Rep.",EGY,1998,"Age population, age 03, male, interpolated",SP.POP.AG03.MA.IN,903736.0
"Egypt, Arab Rep.",EGY,1997,"Age population, age 03, male, interpolated",SP.POP.AG03.MA.IN,906387.0
"Egypt, Arab Rep.",EGY,1996,"Age population, age 03, male, interpolated",SP.POP.AG03.MA.IN,911014.5
"Egypt, Arab Rep.",EGY,1995,"Age population, age 03, male, interpolated",SP.POP.AG03.MA.IN,904719.5
"Egypt, Arab Rep.",EGY,1994,"Age population, age 03, male, interpolated",SP.POP.AG03.MA.IN,898766.0
"Egypt, Arab Rep.",EGY,1993,"Age population, age 03, male, interpolated",SP.POP.AG03.MA.IN,905982.5
"Egypt, Arab Rep.",EGY,1992,"Age population, age 03, male, interpolated",SP.POP.AG03.MA.IN,912626.5
"Egypt, Arab Rep.",EGY,1991,"Age population, age 03, male, interpolated",SP.POP.AG03.MA.IN,909963.0
"Egypt, Arab Rep.",EGY,1990,"Age population, age 03, male, interpolated",SP.POP.AG03.MA.IN,896416.5
"Egypt, Arab Rep.",EGY,1989,"Age population, age 03, male, interpolated",SP.POP.AG03.MA.IN,879694.5
"Egypt, Arab Rep.",EGY,1988,"Age population, age 03, male, interpolated",SP.POP.AG03.MA.IN,862189.0
"Egypt, Arab Rep.",EGY,1987,"Age population, age 03, male, interpolated",SP.POP.AG03.MA.IN,844039.5
"Egypt, Arab Rep.",EGY,1986,"Age population, age 03, male, interpolated",SP.POP.AG03.MA.IN,821077.5
"Egypt, Arab Rep.",EGY,1985,"Age population, age 03, male, interpolated",SP.POP.AG03.MA.IN,794993.0
"Egypt, Arab Rep.",EGY,1984,"Age population, age 03, male, interpolated",SP.POP.AG03.MA.IN,776184.5
"Egypt, Arab Rep.",EGY,1983,"Age population, age 03, male, interpolated",SP.POP.AG03.MA.IN,760897.5
"Egypt, Arab Rep.",EGY,1982,"Age population, age 03, male, interpolated",SP.POP.AG03.MA.IN,739103.0
"Egypt, Arab Rep.",EGY,1981,"Age population, age 03, male, interpolated",SP.POP.AG03.MA.IN,712694.5
"Egypt, Arab Rep.",EGY,1980,"Age population, age 03, male, interpolated",SP.POP.AG03.MA.IN,688780.5
"Egypt, Arab Rep.",EGY,1979,"Age population, age 03, male, interpolated",SP.POP.AG03.MA.IN,667125.0
"Egypt, Arab Rep.",EGY,1978,"Age population, age 03, male, interpolated",SP.POP.AG03.MA.IN,645389.5
"Egypt, Arab Rep.",EGY,1977,"Age population, age 03, male, interpolated",SP.POP.AG03.MA.IN,624701.0
"Egypt, Arab Rep.",EGY,1976,"Age population, age 03, male, interpolated",SP.POP.AG03.MA.IN,609877.0
"Egypt, Arab Rep.",EGY,1975,"Age population, age 03, male, interpolated",SP.POP.AG03.MA.IN,597636.5
"Egypt, Arab Rep.",EGY,1974,"Age population, age 03, male, interpolated",SP.POP.AG03.MA.IN,584433.0
"Egypt, Arab Rep.",EGY,1973,"Age population, age 03, male, interpolated",SP.POP.AG03.MA.IN,573542.0
"Egypt, Arab Rep.",EGY,1972,"Age population, age 03, male, interpolated",SP.POP.AG03.MA.IN,563950.5
"Egypt, Arab Rep.",EGY,1971,"Age population, age 03, male, interpolated",SP.POP.AG03.MA.IN,554113.0
"Egypt, Arab Rep.",EGY,1970,"Age population, age 03, male, interpolated",SP.POP.AG03.MA.IN,544374.0
"Egypt, Arab Rep.",EGY,1969,"Age population, age 03, male, interpolated",SP.POP.AG03.MA.IN,532943.5
"Egypt, Arab Rep.",EGY,1968,"Age population, age 03, male, interpolated",SP.POP.AG03.MA.IN,522762.0
"Egypt, Arab Rep.",EGY,1967,"Age population, age 03, male, interpolated",SP.POP.AG03.MA.IN,513556.5
"Egypt, Arab Rep.",EGY,1966,"Age population, age 03, male, interpolated",SP.POP.AG03.MA.IN,501146.0
"Egypt, Arab Rep.",EGY,1965,"Age population, age 03, male, interpolated",SP.POP.AG03.MA.IN,488154.5
"Egypt, Arab Rep.",EGY,1964,"Age population, age 03, male, interpolated",SP.POP.AG03.MA.IN,475729.5
"Egypt, Arab Rep.",EGY,1963,"Age population, age 03, male, interpolated",SP.POP.AG03.MA.IN,464274.5
"Egypt, Arab Rep.",EGY,1962,"Age population, age 03, male, interpolated",SP.POP.AG03.MA.IN,454123.5
"Egypt, Arab Rep.",EGY,1961,"Age population, age 03, male, interpolated",SP.POP.AG03.MA.IN,444686.5
"Egypt, Arab Rep.",EGY,1960,"Age population, age 03, male, interpolated",SP.POP.AG03.MA.IN,435956.0
"Egypt, Arab Rep.",EGY,2021,"Age population, age 04, female, interpolated",SP.POP.AG04.FE.IN,1.2304785e+06
"Egypt, Arab Rep.",EGY,2020,"Age population, age 04, female, interpolated",SP.POP.AG04.FE.IN,1.271909e+06
"Egypt, Arab Rep.",EGY,2019,"Age population, age 04, female, interpolated",SP.POP.AG04.FE.IN,1.3023405e+06
"Egypt, Arab Rep.",EGY,2018,"Age population, age 04, female, interpolated",SP.POP.AG04.FE.IN,1.2805975e+06
"Egypt, Arab Rep.",EGY,2017,"Age population, age 04, female, interpolated",SP.POP.AG04.FE.IN,1.241013e+06
"Egypt, Arab Rep.",EGY,2016,"Age population, age 04, female, interpolated",SP.POP.AG04.FE.IN,1.187959e+06
"Egypt, Arab Rep.",EGY,2015,"Age population, age 04, female, interpolated",SP.POP.AG04.FE.IN,1.142496e+06
"Egypt, Arab Rep.",EGY,2014,"Age population, age 04, female, interpolated",SP.POP.AG04.FE.IN,1.0946275e+06
"Egypt, Arab Rep.",EGY,2013,"Age population, age 04, female, interpolated",SP.POP.AG04.FE.IN,1.0504275e+06
"Egypt, Arab Rep.",EGY,2012,"Age population, age 04, female, interpolated",SP.POP.AG04.FE.IN,1.0264745e+06
"Egypt, Arab Rep.",EGY,2011,"Age population, age 04, female, interpolated",SP.POP.AG04.FE.IN,1.0009185e+06
"Egypt, Arab Rep.",EGY,2010,"Age population, age 04, female, interpolated",SP.POP.AG04.FE.IN,977636.0
"Egypt, Arab Rep.",EGY,2009,"Age population, age 04, female, interpolated",SP.POP.AG04.FE.IN,959909.5
"Egypt, Arab Rep.",EGY,2008,"Age population, age 04, female, interpolated",SP.POP.AG04.FE.IN,946141.5
"Egypt, Arab Rep.",EGY,2007,"Age population, age 04, female, interpolated",SP.POP.AG04.FE.IN,933095.5
"Egypt, Arab Rep.",EGY,2006,"Age population, age 04, female, interpolated",SP.POP.AG04.FE.IN,918460.5
"Egypt, Arab Rep.",EGY,2005,"Age population, age 04, female, interpolated",SP.POP.AG04.FE.IN,904532.0
"Egypt, Arab Rep.",EGY,2004,"Age population, age 04, female, interpolated",SP.POP.AG04.FE.IN,891318.5
"Egypt, Arab Rep.",EGY,2003,"Age population, age 04, female, interpolated",SP.POP.AG04.FE.IN,882776.0
"Egypt, Arab Rep.",EGY,2002,"Age population, age 04, female, interpolated",SP.POP.AG04.FE.IN,869922.5
"Egypt, Arab Rep.",EGY,2001,"Age population, age 04, female, interpolated",SP.POP.AG04.FE.IN,855661.0
"Egypt, Arab Rep.",EGY,2000,"Age population, age 04, female, interpolated",SP.POP.AG04.FE.IN,848744.0
"Egypt, Arab Rep.",EGY,1999,"Age population, age 04, female, interpolated",SP.POP.AG04.FE.IN,846796.5
"Egypt, Arab Rep.",EGY,1998,"Age population, age 04, female, interpolated",SP.POP.AG04.FE.IN,847195.0
"Egypt, Arab Rep.",EGY,1997,"Age population, age 04, female, interpolated",SP.POP.AG04.FE.IN,850545.0
"Egypt, Arab Rep.",EGY,1996,"Age population, age 04, female, interpolated",SP.POP.AG04.FE.IN,845680.5
"Egypt, Arab Rep.",EGY,1995,"Age population, age 04, female, interpolated",SP.POP.AG04.FE.IN,841910.5
"Egypt, Arab Rep.",EGY,1994,"Age population, age 04, female, interpolated",SP.POP.AG04.FE.IN,850852.0
"Egypt, Arab Rep.",EGY,1993,"Age population, age 04, female, interpolated",SP.POP.AG04.FE.IN,858966.5
"Egypt, Arab Rep.",EGY,1992,"Age population, age 04, female, interpolated",SP.POP.AG04.FE.IN,858674.5
"Egypt, Arab Rep.",EGY,1991,"Age population, age 04, female, interpolated",SP.POP.AG04.FE.IN,848166.5
"Egypt, Arab Rep.",EGY,1990,"Age population, age 04, female, interpolated",SP.POP.AG04.FE.IN,832751.5
"Egypt, Arab Rep.",EGY,1989,"Age population, age 04, female, interpolated",SP.POP.AG04.FE.IN,813161.5
"Egypt, Arab Rep.",EGY,1988,"Age population, age 04, female, interpolated",SP.POP.AG04.FE.IN,792751.5
"Egypt, Arab Rep.",EGY,1987,"Age population, age 04, female, interpolated",SP.POP.AG04.FE.IN,769813.0
"Egypt, Arab Rep.",EGY,1986,"Age population, age 04, female, interpolated",SP.POP.AG04.FE.IN,744316.0
"Egypt, Arab Rep.",EGY,1985,"Age population, age 04, female, interpolated",SP.POP.AG04.FE.IN,725292.0
"Egypt, Arab Rep.",EGY,1984,"Age population, age 04, female, interpolated",SP.POP.AG04.FE.IN,709399.5
"Egypt, Arab Rep.",EGY,1983,"Age population, age 04, female, interpolated",SP.POP.AG04.FE.IN,687300.0
"Egypt, Arab Rep.",EGY,1982,"Age population, age 04, female, interpolated",SP.POP.AG04.FE.IN,660341.0
"Egypt, Arab Rep.",EGY,1981,"Age population, age 04, female, interpolated",SP.POP.AG04.FE.IN,636324.0
"Egypt, Arab Rep.",EGY,1980,"Age population, age 04, female, interpolated",SP.POP.AG04.FE.IN,615235.5
"Egypt, Arab Rep.",EGY,1979,"Age population, age 04, female, interpolated",SP.POP.AG04.FE.IN,594260.0
"Egypt, Arab Rep.",EGY,1978,"Age population, age 04, female, interpolated",SP.POP.AG04.FE.IN,574285.5
"Egypt, Arab Rep.",EGY,1977,"Age population, age 04, female, interpolated",SP.POP.AG04.FE.IN,559637.5
"Egypt, Arab Rep.",EGY,1976,"Age population, age 04, female, interpolated",SP.POP.AG04.FE.IN,547502.0
"Egypt, Arab Rep.",EGY,1975,"Age population, age 04, female, interpolated",SP.POP.AG04.FE.IN,534892.0
"Egypt, Arab Rep.",EGY,1974,"Age population, age 04, female, interpolated",SP.POP.AG04.FE.IN,524845.0
"Egypt, Arab Rep.",EGY,1973,"Age population, age 04, female, interpolated",SP.POP.AG04.FE.IN,516348.0
"Egypt, Arab Rep.",EGY,1972,"Age population, age 04, female, interpolated",SP.POP.AG04.FE.IN,507816.0
"Egypt, Arab Rep.",EGY,1971,"Age population, age 04, female, interpolated",SP.POP.AG04.FE.IN,499350.5
"Egypt, Arab Rep.",EGY,1970,"Age population, age 04, female, interpolated",SP.POP.AG04.FE.IN,489221.5
"Egypt, Arab Rep.",EGY,1969,"Age population, age 04, female, interpolated",SP.POP.AG04.FE.IN,480157.5
"Egypt, Arab Rep.",EGY,1968,"Age population, age 04, female, interpolated",SP.POP.AG04.FE.IN,472053.0
"Egypt, Arab Rep.",EGY,1967,"Age population, age 04, female, interpolated",SP.POP.AG04.FE.IN,460977.5
"Egypt, Arab Rep.",EGY,1966,"Age population, age 04, female, interpolated",SP.POP.AG04.FE.IN,449220.5
"Egypt, Arab Rep.",EGY,1965,"Age population, age 04, female, interpolated",SP.POP.AG04.FE.IN,437728.5
"Egypt, Arab Rep.",EGY,1964,"Age population, age 04, female, interpolated",SP.POP.AG04.FE.IN,426999.0
"Egypt, Arab Rep.",EGY,1963,"Age population, age 04, female, interpolated",SP.POP.AG04.FE.IN,417584.5
"Egypt, Arab Rep.",EGY,1962,"Age population, age 04, female, interpolated",SP.POP.AG04.FE.IN,408768.5
"Egypt, Arab Rep.",EGY,1961,"Age population, age 04, female, interpolated",SP.POP.AG04.FE.IN,400445.5
"Egypt, Arab Rep.",EGY,1960,"Age population, age 04, female, interpolated",SP.POP.AG04.FE.IN,391932.5
"Egypt, Arab Rep.",EGY,2021,"Age population, age 04, male, interpolated",SP.POP.AG04.MA.IN,1.2889725e+06
"Egypt, Arab Rep.",EGY,2020,"Age population, age 04, male, interpolated",SP.POP.AG04.MA.IN,1.3315985e+06
"Egypt, Arab Rep.",EGY,2019,"Age population, age 04, male, interpolated",SP.POP.AG04.MA.IN,1.3636055e+06
"Egypt, Arab Rep.",EGY,2018,"Age population, age 04, male, interpolated",SP.POP.AG04.MA.IN,1.341082e+06
"Egypt, Arab Rep.",EGY,2017,"Age population, age 04, male, interpolated",SP.POP.AG04.MA.IN,1.3001025e+06
"Egypt, Arab Rep.",EGY,2016,"Age population, age 04, male, interpolated",SP.POP.AG04.MA.IN,1.246431e+06
"Egypt, Arab Rep.",EGY,2015,"Age population, age 04, male, interpolated",SP.POP.AG04.MA.IN,1.2009615e+06
"Egypt, Arab Rep.",EGY,2014,"Age population, age 04, male, interpolated",SP.POP.AG04.MA.IN,1.1523985e+06
"Egypt, Arab Rep.",EGY,2013,"Age population, age 04, male, interpolated",SP.POP.AG04.MA.IN,1.1058605e+06
"Egypt, Arab Rep.",EGY,2012,"Age population, age 04, male, interpolated",SP.POP.AG04.MA.IN,1.078685e+06
"Egypt, Arab Rep.",EGY,2011,"Age population, age 04, male, interpolated",SP.POP.AG04.MA.IN,1.0495e+06
"Egypt, Arab Rep.",EGY,2010,"Age population, age 04, male, interpolated",SP.POP.AG04.MA.IN,1.022328e+06
"Egypt, Arab Rep.",EGY,2009,"Age population, age 04, male, interpolated",SP.POP.AG04.MA.IN,1.001366e+06
"Egypt, Arab Rep.",EGY,2008,"Age population, age 04, male, interpolated",SP.POP.AG04.MA.IN,986330.5
"Egypt, Arab Rep.",EGY,2007,"Age population, age 04, male, interpolated",SP.POP.AG04.MA.IN,975316.5
"Egypt, Arab Rep.",EGY,2006,"Age population, age 04, male, interpolated",SP.POP.AG04.MA.IN,964584.0
"Egypt, Arab Rep.",EGY,2005,"Age population, age 04, male, interpolated",SP.POP.AG04.MA.IN,953576.5
"Egypt, Arab Rep.",EGY,2004,"Age population, age 04, male, interpolated",SP.POP.AG04.MA.IN,941370.0
"Egypt, Arab Rep.",EGY,2003,"Age population, age 04, male, interpolated",SP.POP.AG04.MA.IN,933211.5
"Egypt, Arab Rep.",EGY,2002,"Age population, age 04, male, interpolated",SP.POP.AG04.MA.IN,920462.0
"Egypt, Arab Rep.",EGY,2001,"Age population, age 04, male, interpolated",SP.POP.AG04.MA.IN,906909.0
"Egypt, Arab Rep.",EGY,2000,"Age population, age 04, male, interpolated",SP.POP.AG04.MA.IN,902391.5
"Egypt, Arab Rep.",EGY,1999,"Age population, age 04, male, interpolated",SP.POP.AG04.MA.IN,902607.5
"Egypt, Arab Rep.",EGY,1998,"Age population, age 04, male, interpolated",SP.POP.AG04.MA.IN,905173.0
"Egypt, Arab Rep.",EGY,1997,"Age population, age 04, male, interpolated",SP.POP.AG04.MA.IN,909673.5
"Egypt, Arab Rep.",EGY,1996,"Age population, age 04, male, interpolated",SP.POP.AG04.MA.IN,903204.0
"Egypt, Arab Rep.",EGY,1995,"Age population, age 04, male, interpolated",SP.POP.AG04.MA.IN,897111.0
"Egypt, Arab Rep.",EGY,1994,"Age population, age 04, male, interpolated",SP.POP.AG04.MA.IN,904179.0
"Egypt, Arab Rep.",EGY,1993,"Age population, age 04, male, interpolated",SP.POP.AG04.MA.IN,910640.0
"Egypt, Arab Rep.",EGY,1992,"Age population, age 04, male, interpolated",SP.POP.AG04.MA.IN,907815.0
"Egypt, Arab Rep.",EGY,1991,"Age population, age 04, male, interpolated",SP.POP.AG04.MA.IN,894228.5
"Egypt, Arab Rep.",EGY,1990,"Age population, age 04, male, interpolated",SP.POP.AG04.MA.IN,877480.0
"Egypt, Arab Rep.",EGY,1989,"Age population, age 04, male, interpolated",SP.POP.AG04.MA.IN,859816.5
"Egypt, Arab Rep.",EGY,1988,"Age population, age 04, male, interpolated",SP.POP.AG04.MA.IN,841454.5
"Egypt, Arab Rep.",EGY,1987,"Age population, age 04, male, interpolated",SP.POP.AG04.MA.IN,818261.0
"Egypt, Arab Rep.",EGY,1986,"Age population, age 04, male, interpolated",SP.POP.AG04.MA.IN,791983.0
"Egypt, Arab Rep.",EGY,1985,"Age population, age 04, male, interpolated",SP.POP.AG04.MA.IN,772925.0
"Egypt, Arab Rep.",EGY,1984,"Age population, age 04, male, interpolated",SP.POP.AG04.MA.IN,757343.0
"Egypt, Arab Rep.",EGY,1983,"Age population, age 04, male, interpolated",SP.POP.AG04.MA.IN,735272.0
"Egypt, Arab Rep.",EGY,1982,"Age population, age 04, male, interpolated",SP.POP.AG04.MA.IN,708602.5
"Egypt, Arab Rep.",EGY,1981,"Age population, age 04, male, interpolated",SP.POP.AG04.MA.IN,684473.0
"Egypt, Arab Rep.",EGY,1980,"Age population, age 04, male, interpolated",SP.POP.AG04.MA.IN,662579.0
"Egypt, Arab Rep.",EGY,1979,"Age population, age 04, male, interpolated",SP.POP.AG04.MA.IN,640592.0
"Egypt, Arab Rep.",EGY,1978,"Age population, age 04, male, interpolated",SP.POP.AG04.MA.IN,619711.5
"Egypt, Arab Rep.",EGY,1977,"Age population, age 04, male, interpolated",SP.POP.AG04.MA.IN,604616.0
"Egypt, Arab Rep.",EGY,1976,"Age population, age 04, male, interpolated",SP.POP.AG04.MA.IN,592126.0
"Egypt, Arab Rep.",EGY,1975,"Age population, age 04, male, interpolated",SP.POP.AG04.MA.IN,578786.0
"Egypt, Arab Rep.",EGY,1974,"Age population, age 04, male, interpolated",SP.POP.AG04.MA.IN,567749.5
"Egypt, Arab Rep.",EGY,1973,"Age population, age 04, male, interpolated",SP.POP.AG04.MA.IN,558017.0
"Egypt, Arab Rep.",EGY,1972,"Age population, age 04, male, interpolated",SP.POP.AG04.MA.IN,548054.5
"Egypt, Arab Rep.",EGY,1971,"Age population, age 04, male, interpolated",SP.POP.AG04.MA.IN,538283.5
"Egypt, Arab Rep.",EGY,1970,"Age population, age 04, male, interpolated",SP.POP.AG04.MA.IN,526885.5
"Egypt, Arab Rep.",EGY,1969,"Age population, age 04, male, interpolated",SP.POP.AG04.MA.IN,516710.5
"Egypt, Arab Rep.",EGY,1968,"Age population, age 04, male, interpolated",SP.POP.AG04.MA.IN,507545.0
"Egypt, Arab Rep.",EGY,1967,"Age population, age 04, male, interpolated",SP.POP.AG04.MA.IN,495198.5
"Egypt, Arab Rep.",EGY,1966,"Age population, age 04, male, interpolated",SP.POP.AG04.MA.IN,482232.0
"Egypt, Arab Rep.",EGY,1965,"Age population, age 04, male, interpolated",SP.POP.AG04.MA.IN,469753.5
"Egypt, Arab Rep.",EGY,1964,"Age population, age 04, male, interpolated",SP.POP.AG04.MA.IN,458155.0
"Egypt, Arab Rep.",EGY,1963,"Age population, age 04, male, interpolated",SP.POP.AG04.MA.IN,447817.5
"Egypt, Arab Rep.",EGY,1962,"Age population, age 04, male, interpolated",SP.POP.AG04.MA.IN,438184.5
"Egypt, Arab Rep.",EGY,1961,"Age population, age 04, male, interpolated",SP.POP.AG04.MA.IN,429268.5
"Egypt, Arab Rep.",EGY,1960,"Age population, age 04, male, interpolated",SP.POP.AG04.MA.IN,420052.0
"Egypt, Arab Rep.",EGY,2021,"Age population, age 05, female, interpolated",SP.POP.AG05.FE.IN,1.2716675e+06
"Egypt, Arab Rep.",EGY,2020,"Age population, age 05, female, interpolated",SP.POP.AG05.FE.IN,1.3020525e+06
"Egypt, Arab Rep.",EGY,2019,"Age population, age 05, female, interpolated",SP.POP.AG05.FE.IN,1.2802225e+06
"Egypt, Arab Rep.",EGY,2018,"Age population, age 05, female, interpolated",SP.POP.AG05.FE.IN,1.24068e+06
"Egypt, Arab Rep.",EGY,2017,"Age population, age 05, female, interpolated",SP.POP.AG05.FE.IN,1.187707e+06
"Egypt, Arab Rep.",EGY,2016,"Age population, age 05, female, interpolated",SP.POP.AG05.FE.IN,1.1421245e+06
"Egypt, Arab Rep.",EGY,2015,"Age population, age 05, female, interpolated",SP.POP.AG05.FE.IN,1.094261e+06
"Egypt, Arab Rep.",EGY,2014,"Age population, age 05, female, interpolated",SP.POP.AG05.FE.IN,1.050488e+06
"Egypt, Arab Rep.",EGY,2013,"Age population, age 05, female, interpolated",SP.POP.AG05.FE.IN,1.0265165e+06
"Egypt, Arab Rep.",EGY,2012,"Age population, age 05, female, interpolated",SP.POP.AG05.FE.IN,1.0008595e+06
"Egypt, Arab Rep.",EGY,2011,"Age population, age 05, female, interpolated",SP.POP.AG05.FE.IN,977546.0
"Egypt, Arab Rep.",EGY,2010,"Age population, age 05, female, interpolated",SP.POP.AG05.FE.IN,959549.0
"Egypt, Arab Rep.",EGY,2009,"Age population, age 05, female, interpolated",SP.POP.AG05.FE.IN,945734.0
"Egypt, Arab Rep.",EGY,2008,"Age population, age 05, female, interpolated",SP.POP.AG05.FE.IN,932702.5
"Egypt, Arab Rep.",EGY,2007,"Age population, age 05, female, interpolated",SP.POP.AG05.FE.IN,918069.5
"Egypt, Arab Rep.",EGY,2006,"Age population, age 05, female, interpolated",SP.POP.AG05.FE.IN,904139.5
"Egypt, Arab Rep.",EGY,2005,"Age population, age 05, female, interpolated",SP.POP.AG05.FE.IN,890986.0
"Egypt, Arab Rep.",EGY,2004,"Age population, age 05, female, interpolated",SP.POP.AG05.FE.IN,882495.5
"Egypt, Arab Rep.",EGY,2003,"Age population, age 05, female, interpolated",SP.POP.AG05.FE.IN,869672.5
"Egypt, Arab Rep.",EGY,2002,"Age population, age 05, female, interpolated",SP.POP.AG05.FE.IN,855336.5
"Egypt, Arab Rep.",EGY,2001,"Age population, age 05, female, interpolated",SP.POP.AG05.FE.IN,848292.0
"Egypt, Arab Rep.",EGY,2000,"Age population, age 05, female, interpolated",SP.POP.AG05.FE.IN,846302.5
"Egypt, Arab Rep.",EGY,1999,"Age population, age 05, female, interpolated",SP.POP.AG05.FE.IN,846677.5
"Egypt, Arab Rep.",EGY,1998,"Age population, age 05, female, interpolated",SP.POP.AG05.FE.IN,849999.0
"Egypt, Arab Rep.",EGY,1997,"Age population, age 05, female, interpolated",SP.POP.AG05.FE.IN,845073.5
"Egypt, Arab Rep.",EGY,1996,"Age population, age 05, female, interpolated",SP.POP.AG05.FE.IN,841180.0
"Egypt, Arab Rep.",EGY,1995,"Age population, age 05, female, interpolated",SP.POP.AG05.FE.IN,850020.5
"Egypt, Arab Rep.",EGY,1994,"Age population, age 05, female, interpolated",SP.POP.AG05.FE.IN,858051.5
"Egypt, Arab Rep.",EGY,1993,"Age population, age 05, female, interpolated",SP.POP.AG05.FE.IN,857646.0
"Egypt, Arab Rep.",EGY,1992,"Age population, age 05, female, interpolated",SP.POP.AG05.FE.IN,847052.0
"Egypt, Arab Rep.",EGY,1991,"Age population, age 05, female, interpolated",SP.POP.AG05.FE.IN,831644.5
"Egypt, Arab Rep.",EGY,1990,"Age population, age 05, female, interpolated",SP.POP.AG05.FE.IN,812064.0
"Egypt, Arab Rep.",EGY,1989,"Age population, age 05, female, interpolated",SP.POP.AG05.FE.IN,791566.0
"Egypt, Arab Rep.",EGY,1988,"Age population, age 05, female, interpolated",SP.POP.AG05.FE.IN,768508.5
"Egypt, Arab Rep.",EGY,1987,"Age population, age 05, female, interpolated",SP.POP.AG05.FE.IN,742889.0
"Egypt, Arab Rep.",EGY,1986,"Age population, age 05, female, interpolated",SP.POP.AG05.FE.IN,723777.5
"Egypt, Arab Rep.",EGY,1985,"Age population, age 05, female, interpolated",SP.POP.AG05.FE.IN,707739.5
"Egypt, Arab Rep.",EGY,1984,"Age population, age 05, female, interpolated",SP.POP.AG05.FE.IN,685494.5
"Egypt, Arab Rep.",EGY,1983,"Age population, age 05, female, interpolated",SP.POP.AG05.FE.IN,658397.5
"Egypt, Arab Rep.",EGY,1982,"Age population, age 05, female, interpolated",SP.POP.AG05.FE.IN,634218.5
"Egypt, Arab Rep.",EGY,1981,"Age population, age 05, female, interpolated",SP.POP.AG05.FE.IN,613019.5
"Egypt, Arab Rep.",EGY,1980,"Age population, age 05, female, interpolated",SP.POP.AG05.FE.IN,591937.5
"Egypt, Arab Rep.",EGY,1979,"Age population, age 05, female, interpolated",SP.POP.AG05.FE.IN,571860.5
"Egypt, Arab Rep.",EGY,1978,"Age population, age 05, female, interpolated",SP.POP.AG05.FE.IN,557131.0
"Egypt, Arab Rep.",EGY,1977,"Age population, age 05, female, interpolated",SP.POP.AG05.FE.IN,544854.5
"Egypt, Arab Rep.",EGY,1976,"Age population, age 05, female, interpolated",SP.POP.AG05.FE.IN,532122.0
"Egypt, Arab Rep.",EGY,1975,"Age population, age 05, female, interpolated",SP.POP.AG05.FE.IN,522013.0
"Egypt, Arab Rep.",EGY,1974,"Age population, age 05, female, interpolated",SP.POP.AG05.FE.IN,513434.5
"Egypt, Arab Rep.",EGY,1973,"Age population, age 05, female, interpolated",SP.POP.AG05.FE.IN,504826.0
"Egypt, Arab Rep.",EGY,1972,"Age population, age 05, female, interpolated",SP.POP.AG05.FE.IN,496283.0
"Egypt, Arab Rep.",EGY,1971,"Age population, age 05, female, interpolated",SP.POP.AG05.FE.IN,486160.0
"Egypt, Arab Rep.",EGY,1970,"Age population, age 05, female, interpolated",SP.POP.AG05.FE.IN,477145.5
"Egypt, Arab Rep.",EGY,1969,"Age population, age 05, female, interpolated",SP.POP.AG05.FE.IN,469084.5
"Egypt, Arab Rep.",EGY,1968,"Age population, age 05, female, interpolated",SP.POP.AG05.FE.IN,458093.0
"Egypt, Arab Rep.",EGY,1967,"Age population, age 05, female, interpolated",SP.POP.AG05.FE.IN,446394.0
"Egypt, Arab Rep.",EGY,1966,"Age population, age 05, female, interpolated",SP.POP.AG05.FE.IN,434925.0
"Egypt, Arab Rep.",EGY,1965,"Age population, age 05, female, interpolated",SP.POP.AG05.FE.IN,424148.5
"Egypt, Arab Rep.",EGY,1964,"Age population, age 05, female, interpolated",SP.POP.AG05.FE.IN,414665.5
"Egypt, Arab Rep.",EGY,1963,"Age population, age 05, female, interpolated",SP.POP.AG05.FE.IN,405777.5
"Egypt, Arab Rep.",EGY,1962,"Age population, age 05, female, interpolated",SP.POP.AG05.FE.IN,397374.0
"Egypt, Arab Rep.",EGY,1961,"Age population, age 05, female, interpolated",SP.POP.AG05.FE.IN,388795.0
"Egypt, Arab Rep.",EGY,1960,"Age population, age 05, female, interpolated",SP.POP.AG05.FE.IN,379419.0
"Egypt, Arab Rep.",EGY,2021,"Age population, age 05, male, interpolated",SP.POP.AG05.MA.IN,1.331295e+06
"Egypt, Arab Rep.",EGY,2020,"Age population, age 05, male, interpolated",SP.POP.AG05.MA.IN,1.363239e+06
"Egypt, Arab Rep.",EGY,2019,"Age population, age 05, male, interpolated",SP.POP.AG05.MA.IN,1.340622e+06
"Egypt, Arab Rep.",EGY,2018,"Age population, age 05, male, interpolated",SP.POP.AG05.MA.IN,1.299683e+06
"Egypt, Arab Rep.",EGY,2017,"Age population, age 05, male, interpolated",SP.POP.AG05.MA.IN,1.2460875e+06
"Egypt, Arab Rep.",EGY,2016,"Age population, age 05, male, interpolated",SP.POP.AG05.MA.IN,1.2004955e+06
"Egypt, Arab Rep.",EGY,2015,"Age population, age 05, male, interpolated",SP.POP.AG05.MA.IN,1.1519345e+06
"Egypt, Arab Rep.",EGY,2014,"Age population, age 05, male, interpolated",SP.POP.AG05.MA.IN,1.105823e+06
"Egypt, Arab Rep.",EGY,2013,"Age population, age 05, male, interpolated",SP.POP.AG05.MA.IN,1.078627e+06
"Egypt, Arab Rep.",EGY,2012,"Age population, age 05, male, interpolated",SP.POP.AG05.MA.IN,1.049334e+06
"Egypt, Arab Rep.",EGY,2011,"Age population, age 05, male, interpolated",SP.POP.AG05.MA.IN,1.0221275e+06
"Egypt, Arab Rep.",EGY,2010,"Age population, age 05, male, interpolated",SP.POP.AG05.MA.IN,1.0008935e+06
"Egypt, Arab Rep.",EGY,2009,"Age population, age 05, male, interpolated",SP.POP.AG05.MA.IN,985804.0
"Egypt, Arab Rep.",EGY,2008,"Age population, age 05, male, interpolated",SP.POP.AG05.MA.IN,974798.0
"Egypt, Arab Rep.",EGY,2007,"Age population, age 05, male, interpolated",SP.POP.AG05.MA.IN,964060.5
"Egypt, Arab Rep.",EGY,2006,"Age population, age 05, male, interpolated",SP.POP.AG05.MA.IN,953045.0
"Egypt, Arab Rep.",EGY,2005,"Age population, age 05, male, interpolated",SP.POP.AG05.MA.IN,940896.0
"Egypt, Arab Rep.",EGY,2004,"Age population, age 05, male, interpolated",SP.POP.AG05.MA.IN,932781.0
"Egypt, Arab Rep.",EGY,2003,"Age population, age 05, male, interpolated",SP.POP.AG05.MA.IN,920058.0
"Egypt, Arab Rep.",EGY,2002,"Age population, age 05, male, interpolated",SP.POP.AG05.MA.IN,906437.0
"Egypt, Arab Rep.",EGY,2001,"Age population, age 05, male, interpolated",SP.POP.AG05.MA.IN,901794.0
"Egypt, Arab Rep.",EGY,2000,"Age population, age 05, male, interpolated",SP.POP.AG05.MA.IN,901965.5
"Egypt, Arab Rep.",EGY,1999,"Age population, age 05, male, interpolated",SP.POP.AG05.MA.IN,904498.5
"Egypt, Arab Rep.",EGY,1998,"Age population, age 05, male, interpolated",SP.POP.AG05.MA.IN,908951.0
"Egypt, Arab Rep.",EGY,1997,"Age population, age 05, male, interpolated",SP.POP.AG05.MA.IN,902418.0
"Egypt, Arab Rep.",EGY,1996,"Age population, age 05, male, interpolated",SP.POP.AG05.MA.IN,896209.0
"Egypt, Arab Rep.",EGY,1995,"Age population, age 05, male, interpolated",SP.POP.AG05.MA.IN,903183.5
"Egypt, Arab Rep.",EGY,1994,"Age population, age 05, male, interpolated",SP.POP.AG05.MA.IN,909553.5
"Egypt, Arab Rep.",EGY,1993,"Age population, age 05, male, interpolated",SP.POP.AG05.MA.IN,906622.0
"Egypt, Arab Rep.",EGY,1992,"Age population, age 05, male, interpolated",SP.POP.AG05.MA.IN,892951.0
"Egypt, Arab Rep.",EGY,1991,"Age population, age 05, male, interpolated",SP.POP.AG05.MA.IN,876197.0
"Egypt, Arab Rep.",EGY,1990,"Age population, age 05, male, interpolated",SP.POP.AG05.MA.IN,858536.5
"Egypt, Arab Rep.",EGY,1989,"Age population, age 05, male, interpolated",SP.POP.AG05.MA.IN,840071.5
"Egypt, Arab Rep.",EGY,1988,"Age population, age 05, male, interpolated",SP.POP.AG05.MA.IN,816768.0
"Egypt, Arab Rep.",EGY,1987,"Age population, age 05, male, interpolated",SP.POP.AG05.MA.IN,790362.0
"Egypt, Arab Rep.",EGY,1986,"Age population, age 05, male, interpolated",SP.POP.AG05.MA.IN,771183.5
"Egypt, Arab Rep.",EGY,1985,"Age population, age 05, male, interpolated",SP.POP.AG05.MA.IN,755460.0
"Egypt, Arab Rep.",EGY,1984,"Age population, age 05, male, interpolated",SP.POP.AG05.MA.IN,733260.5
"Egypt, Arab Rep.",EGY,1983,"Age population, age 05, male, interpolated",SP.POP.AG05.MA.IN,706454.0
"Egypt, Arab Rep.",EGY,1982,"Age population, age 05, male, interpolated",SP.POP.AG05.MA.IN,682160.0
"Egypt, Arab Rep.",EGY,1981,"Age population, age 05, male, interpolated",SP.POP.AG05.MA.IN,660139.0
"Egypt, Arab Rep.",EGY,1980,"Age population, age 05, male, interpolated",SP.POP.AG05.MA.IN,638015.0
"Egypt, Arab Rep.",EGY,1979,"Age population, age 05, male, interpolated",SP.POP.AG05.MA.IN,616990.5
"Egypt, Arab Rep.",EGY,1978,"Age population, age 05, male, interpolated",SP.POP.AG05.MA.IN,601780.0
"Egypt, Arab Rep.",EGY,1977,"Age population, age 05, male, interpolated",SP.POP.AG05.MA.IN,589117.0
"Egypt, Arab Rep.",EGY,1976,"Age population, age 05, male, interpolated",SP.POP.AG05.MA.IN,575640.0
"Egypt, Arab Rep.",EGY,1975,"Age population, age 05, male, interpolated",SP.POP.AG05.MA.IN,564528.5
"Egypt, Arab Rep.",EGY,1974,"Age population, age 05, male, interpolated",SP.POP.AG05.MA.IN,554698.0
"Egypt, Arab Rep.",EGY,1973,"Age population, age 05, male, interpolated",SP.POP.AG05.MA.IN,544648.5
"Egypt, Arab Rep.",EGY,1972,"Age population, age 05, male, interpolated",SP.POP.AG05.MA.IN,534789.0
"Egypt, Arab Rep.",EGY,1971,"Age population, age 05, male, interpolated",SP.POP.AG05.MA.IN,523393.5
"Egypt, Arab Rep.",EGY,1970,"Age population, age 05, male, interpolated",SP.POP.AG05.MA.IN,513246.5
"Egypt, Arab Rep.",EGY,1969,"Age population, age 05, male, interpolated",SP.POP.AG05.MA.IN,504125.0
"Egypt, Arab Rep.",EGY,1968,"Age population, age 05, male, interpolated",SP.POP.AG05.MA.IN,491867.5
"Egypt, Arab Rep.",EGY,1967,"Age population, age 05, male, interpolated",SP.POP.AG05.MA.IN,478958.0
"Egypt, Arab Rep.",EGY,1966,"Age population, age 05, male, interpolated",SP.POP.AG05.MA.IN,466507.5
"Egypt, Arab Rep.",EGY,1965,"Age population, age 05, male, interpolated",SP.POP.AG05.MA.IN,454878.5
"Egypt, Arab Rep.",EGY,1964,"Age population, age 05, male, interpolated",SP.POP.AG05.MA.IN,444456.5
"Egypt, Arab Rep.",EGY,1963,"Age population, age 05, male, interpolated",SP.POP.AG05.MA.IN,434724.5
"Egypt, Arab Rep.",EGY,1962,"Age population, age 05, male, interpolated",SP.POP.AG05.MA.IN,425720.0
"Egypt, Arab Rep.",EGY,1961,"Age population, age 05, male, interpolated",SP.POP.AG05.MA.IN,416406.0
"Egypt, Arab Rep.",EGY,1960,"Age population, age 05, male, interpolated",SP.POP.AG05.MA.IN,406138.0
"Egypt, Arab Rep.",EGY,2016,"Own-account workers, female (% of female employment) (modeled ILO estimate)",SL.EMP.OWAC.FE.ZS,8.387
"Egypt, Arab Rep.",EGY,2015,"Own-account workers, female (% of female employment) (modeled ILO estimate)",SL.EMP.OWAC.FE.ZS,6.367
"Egypt, Arab Rep.",EGY,2014,"Own-account workers, female (% of female employment) (modeled ILO estimate)",SL.EMP.OWAC.FE.ZS,9.961
"Egypt, Arab Rep.",EGY,2013,"Own-account workers, female (% of female employment) (modeled ILO estimate)",SL.EMP.OWAC.FE.ZS,11.184
"Egypt, Arab Rep.",EGY,2012,"Own-account workers, female (% of female employment) (modeled ILO estimate)",SL.EMP.OWAC.FE.ZS,13.436
"Egypt, Arab Rep.",EGY,2011,"Own-account workers, female (% of female employment) (modeled ILO estimate)",SL.EMP.OWAC.FE.ZS,13.938
"Egypt, Arab Rep.",EGY,2010,"Own-account workers, female (% of female employment) (modeled ILO estimate)",SL.EMP.OWAC.FE.ZS,13.555
"Egypt, Arab Rep.",EGY,2009,"Own-account workers, female (% of female employment) (modeled ILO estimate)",SL.EMP.OWAC.FE.ZS,12.742
"Egypt, Arab Rep.",EGY,2008,"Own-account workers, female (% of female employment) (modeled ILO estimate)",SL.EMP.OWAC.FE.ZS,10.581
"Egypt, Arab Rep.",EGY,2007,"Own-account workers, female (% of female employment) (modeled ILO estimate)",SL.EMP.OWAC.FE.ZS,14.775
"Egypt, Arab Rep.",EGY,2006,"Own-account workers, female (% of female employment) (modeled ILO estimate)",SL.EMP.OWAC.FE.ZS,10.878
"Egypt, Arab Rep.",EGY,2005,"Own-account workers, female (% of female employment) (modeled ILO estimate)",SL.EMP.OWAC.FE.ZS,13.904
"Egypt, Arab Rep.",EGY,2004,"Own-account workers, female (% of female employment) (modeled ILO estimate)",SL.EMP.OWAC.FE.ZS,13.869
"Egypt, Arab Rep.",EGY,2003,"Own-account workers, female (% of female employment) (modeled ILO estimate)",SL.EMP.OWAC.FE.ZS,13.4
"Egypt, Arab Rep.",EGY,2002,"Own-account workers, female (% of female employment) (modeled ILO estimate)",SL.EMP.OWAC.FE.ZS,6.853
"Egypt, Arab Rep.",EGY,2001,"Own-account workers, female (% of female employment) (modeled ILO estimate)",SL.EMP.OWAC.FE.ZS,11.787
"Egypt, Arab Rep.",EGY,2000,"Own-account workers, female (% of female employment) (modeled ILO estimate)",SL.EMP.OWAC.FE.ZS,12.274
"Egypt, Arab Rep.",EGY,1999,"Own-account workers, female (% of female employment) (modeled ILO estimate)",SL.EMP.OWAC.FE.ZS,7.751
"Egypt, Arab Rep.",EGY,1998,"Own-account workers, female (% of female employment) (modeled ILO estimate)",SL.EMP.OWAC.FE.ZS,10.366
"Egypt, Arab Rep.",EGY,1997,"Own-account workers, female (% of female employment) (modeled ILO estimate)",SL.EMP.OWAC.FE.ZS,9.957
"Egypt, Arab Rep.",EGY,1996,"Own-account workers, female (% of female employment) (modeled ILO estimate)",SL.EMP.OWAC.FE.ZS,9.987
"Egypt, Arab Rep.",EGY,1995,"Own-account workers, female (% of female employment) (modeled ILO estimate)",SL.EMP.OWAC.FE.ZS,11.656
"Egypt, Arab Rep.",EGY,1994,"Own-account workers, female (% of female employment) (modeled ILO estimate)",SL.EMP.OWAC.FE.ZS,12.863
"Egypt, Arab Rep.",EGY,1993,"Own-account workers, female (% of female employment) (modeled ILO estimate)",SL.EMP.OWAC.FE.ZS,13.608
"Egypt, Arab Rep.",EGY,1992,"Own-account workers, female (% of female employment) (modeled ILO estimate)",SL.EMP.OWAC.FE.ZS,13.329
"Egypt, Arab Rep.",EGY,1991,"Own-account workers, female (% of female employment) (modeled ILO estimate)",SL.EMP.OWAC.FE.ZS,14.055
"Egypt, Arab Rep.",EGY,2016,"Own-account workers, male (% of male employment) (modeled ILO estimate)",SL.EMP.OWAC.MA.ZS,12.972
"Egypt, Arab Rep.",EGY,2015,"Own-account workers, male (% of male employment) (modeled ILO estimate)",SL.EMP.OWAC.MA.ZS,14.492
"Egypt, Arab Rep.",EGY,2014,"Own-account workers, male (% of male employment) (modeled ILO estimate)",SL.EMP.OWAC.MA.ZS,14.594
"Egypt, Arab Rep.",EGY,2013,"Own-account workers, male (% of male employment) (modeled ILO estimate)",SL.EMP.OWAC.MA.ZS,15.841
"Egypt, Arab Rep.",EGY,2012,"Own-account workers, male (% of male employment) (modeled ILO estimate)",SL.EMP.OWAC.MA.ZS,11.719
"Egypt, Arab Rep.",EGY,2011,"Own-account workers, male (% of male employment) (modeled ILO estimate)",SL.EMP.OWAC.MA.ZS,11.764
"Egypt, Arab Rep.",EGY,2010,"Own-account workers, male (% of male employment) (modeled ILO estimate)",SL.EMP.OWAC.MA.ZS,12.005
"Egypt, Arab Rep.",EGY,2009,"Own-account workers, male (% of male employment) (modeled ILO estimate)",SL.EMP.OWAC.MA.ZS,10.653
"Egypt, Arab Rep.",EGY,2008,"Own-account workers, male (% of male employment) (modeled ILO estimate)",SL.EMP.OWAC.MA.ZS,10.894
"Egypt, Arab Rep.",EGY,2007,"Own-account workers, male (% of male employment) (modeled ILO estimate)",SL.EMP.OWAC.MA.ZS,12.879
"Egypt, Arab Rep.",EGY,2006,"Own-account workers, male (% of male employment) (modeled ILO estimate)",SL.EMP.OWAC.MA.ZS,11.877
"Egypt, Arab Rep.",EGY,2005,"Own-account workers, male (% of male employment) (modeled ILO estimate)",SL.EMP.OWAC.MA.ZS,11.945
"Egypt, Arab Rep.",EGY,2004,"Own-account workers, male (% of male employment) (modeled ILO estimate)",SL.EMP.OWAC.MA.ZS,11.847
"Egypt, Arab Rep.",EGY,2003,"Own-account workers, male (% of male employment) (modeled ILO estimate)",SL.EMP.OWAC.MA.ZS,11.794
"Egypt, Arab Rep.",EGY,2002,"Own-account workers, male (% of male employment) (modeled ILO estimate)",SL.EMP.OWAC.MA.ZS,13.085
"Egypt, Arab Rep.",EGY,2001,"Own-account workers, male (% of male employment) (modeled ILO estimate)",SL.EMP.OWAC.MA.ZS,11.222
"Egypt, Arab Rep.",EGY,2000,"Own-account workers, male (% of male employment) (modeled ILO estimate)",SL.EMP.OWAC.MA.ZS,11.221
"Egypt, Arab Rep.",EGY,1999,"Own-account workers, male (% of male employment) (modeled ILO estimate)",SL.EMP.OWAC.MA.ZS,12.411
"Egypt, Arab Rep.",EGY,1998,"Own-account workers, male (% of male employment) (modeled ILO estimate)",SL.EMP.OWAC.MA.ZS,12.476
"Egypt, Arab Rep.",EGY,1997,"Own-account workers, male (% of male employment) (modeled ILO estimate)",SL.EMP.OWAC.MA.ZS,12.957
"Egypt, Arab Rep.",EGY,1996,"Own-account workers, male (% of male employment) (modeled ILO estimate)",SL.EMP.OWAC.MA.ZS,13.023
"Egypt, Arab Rep.",EGY,1995,"Own-account workers, male (% of male employment) (modeled ILO estimate)",SL.EMP.OWAC.MA.ZS,12.988
"Egypt, Arab Rep.",EGY,1994,"Own-account workers, male (% of male employment) (modeled ILO estimate)",SL.EMP.OWAC.MA.ZS,13.094
"Egypt, Arab Rep.",EGY,1993,"Own-account workers, male (% of male employment) (modeled ILO estimate)",SL.EMP.OWAC.MA.ZS,14.155
"Egypt, Arab Rep.",EGY,1992,"Own-account workers, male (% of male employment) (modeled ILO estimate)",SL.EMP.OWAC.MA.ZS,14.014
"Egypt, Arab Rep.",EGY,1991,"Own-account workers, male (% of male employment) (modeled ILO estimate)",SL.EMP.OWAC.MA.ZS,14.44
